lat,lon,builtup_pct,n_px
22.4422,113.7222,0.0,2862
22.4422,113.7267,0.0,2862
22.4422,113.7312,0.0,2862
22.4422,113.7357,0.0,2862
22.4422,113.7402,0.0,2862
22.4422,113.7447,0.0,2862
22.4422,113.7492,0.0,2862
22.4422,113.7537,0.0,2862
22.4422,113.7582,0.0,2862
22.4422,113.7627,0.0,2809
22.4422,113.7672,0.0,2862
22.4422,113.7717,0.0,2862
22.4422,113.7761,0.0,2862
22.4422,113.7806,0.0,2862
22.4422,113.7851,0.0,2862
22.4422,113.7896,0.0,2862
22.4422,113.7941,0.0,2862
22.4422,113.7986,0.0,2862
22.4422,113.8031,0.0,2862
22.4422,113.8076,0.0,2809
22.4422,113.8121,0.0,2862
22.4422,113.8166,0.0,2862
22.4422,113.8211,0.0,2862
22.4422,113.8256,0.0,2862
22.4422,113.83,0.0,2862
22.4422,113.8345,0.0,2862
22.4422,113.839,0.0,2862
22.4422,113.8435,0.0,2862
22.4422,113.848,0.0,2862
22.4422,113.8525,0.0,2809
22.4422,113.857,0.0,2862
22.4422,113.8615,0.0,2862
22.4422,113.866,0.0,2862
22.4422,113.8705,0.0,2862
22.4422,113.875,0.0,2862
22.4422,113.8795,0.0,2862
22.4422,113.8839,0.0,2862
22.4422,113.8884,0.0,2862
22.4422,113.8929,0.0,2862
22.4422,113.8974,0.0,2809
22.4422,113.9019,0.0,2862
22.4422,113.9064,0.0,2862
22.4422,113.9109,0.0,2862
22.4422,113.9154,0.0,2862
22.4422,113.9199,0.0,2862
22.4422,113.9244,0.0,2862
22.4422,113.9289,0.0,2862
22.4422,113.9333,0.0,2862
22.4422,113.9378,0.0,2862
22.4422,113.9423,0.0,2809
22.4422,113.9468,0.0,2862
22.4422,113.9513,2.9,2862
22.4422,113.9558,10.6,2862
22.4422,113.9603,6.0,2862
22.4422,113.9648,1.4,2862
22.4422,113.9693,0.0,2862
22.4422,113.9738,0.0,2862
22.4422,113.9783,0.9,2862
22.4422,113.9828,8.5,2862
22.4422,113.9872,67.0,2809
22.4422,113.9917,79.8,2862
22.4422,113.9962,77.1,2862
22.4422,114.0007,75.9,2915
22.4422,114.0052,79.2,2862
22.4422,114.0097,76.0,2862
22.4422,114.0142,62.9,2862
22.4422,114.0187,61.6,2862
22.4422,114.0232,92.6,2862
22.4422,114.0277,94.0,2862
22.4422,114.0322,96.6,2809
22.4422,114.0367,88.7,2862
22.4422,114.0411,47.4,2862
22.4422,114.0456,42.7,2862
22.4422,114.0501,36.2,2862
22.4422,114.0546,58.9,2862
22.4422,114.0591,40.5,2862
22.4422,114.0636,50.5,2862
22.4422,114.0681,39.8,2862
22.4422,114.0726,60.1,2809
22.4422,114.0771,47.3,2862
22.4422,114.0816,48.7,2862
22.4422,114.0861,70.8,2862
22.4422,114.0906,78.8,2862
22.4422,114.095,95.3,2862
22.4422,114.0995,43.3,2862
22.4422,114.104,0.6,2862
22.4422,114.1085,0.0,2862
22.4422,114.113,0.0,2862
22.4422,114.1175,0.0,2809
22.4422,114.122,5.1,2862
22.4422,114.1265,26.2,2862
22.4422,114.131,34.0,2862
22.4422,114.1355,10.0,2862
22.4422,114.14,0.1,2862
22.4422,114.1445,0.2,2862
22.4422,114.1489,2.9,2862
22.4422,114.1534,0.0,2862
22.4422,114.1579,18.1,2862
22.4422,114.1624,29.1,2809
22.4422,114.1669,55.1,2862
22.4422,114.1714,43.0,2862
22.4422,114.1759,44.3,2862
22.4422,114.1804,31.8,2862
22.4422,114.1849,11.9,2862
22.4422,114.1894,0.0,2862
22.4422,114.1939,0.0,2862
22.4422,114.1984,0.0,2862
22.4422,114.2028,0.0,2862
22.4422,114.2073,0.0,2809
22.4422,114.2118,0.0,2862
22.4422,114.2163,0.0,2862
22.4422,114.2208,0.0,2862
22.4422,114.2253,0.0,2862
22.4422,114.2298,0.0,2862
22.4422,114.2343,0.0,2862
22.4422,114.2388,0.0,2862
22.4422,114.2433,0.0,2862
22.4422,114.2478,0.0,2862
22.4422,114.2522,0.0,2809
22.4422,114.2567,0.0,2862
22.4422,114.2612,0.0,2862
22.4422,114.2657,0.0,2862
22.4422,114.2702,0.0,2862
22.4422,114.2747,0.0,2862
22.4422,114.2792,0.0,2862
22.4422,114.2837,0.0,2862
22.4422,114.2882,0.0,2862
22.4422,114.2927,0.0,2862
22.4422,114.2972,0.0,2809
22.4422,114.3017,0.0,2862
22.4422,114.3061,0.0,2862
22.4422,114.3106,0.0,2862
22.4422,114.3151,0.0,2862
22.4422,114.3196,0.0,2862
22.4422,114.3241,0.0,2862
22.4422,114.3286,0.6,2862
22.4422,114.3331,0.1,2862
22.4422,114.3376,0.0,2862
22.4422,114.3421,0.0,2809
22.4422,114.3466,0.0,2862
22.4422,114.3511,0.0,2862
22.4422,114.3556,0.6,2862
22.4422,114.36,0.0,2862
22.4422,114.3645,0.0,2862
22.4422,114.369,0.0,2862
22.4422,114.3735,0.0,2862
22.4422,114.378,0.0,2862
22.4422,114.3825,0.0,2862
22.4422,114.387,0.0,2809
22.4422,114.3915,0.0,2862
22.4422,114.396,0.0,2862
22.4422,114.4005,0.0,2862
22.4422,114.405,0.0,2862
22.4422,114.4095,0.0,2862
22.4422,114.4139,0.0,2862
22.4422,114.4184,0.0,2862
22.4422,114.4229,0.0,2862
22.4422,114.4274,0.0,2809
22.4422,114.4319,0.0,2862
22.4422,114.4364,0.0,2862
22.4422,114.4409,0.0,2862
22.4422,114.4454,0.0,2862
22.4422,114.4499,0.0,2862
22.4422,114.4544,0.0,2862
22.4422,114.4589,0.0,2862
22.4422,114.4634,0.0,2862
22.4422,114.4678,0.0,2862
22.4422,114.4723,0.0,2809
22.4422,114.4768,0.0,2862
22.4422,114.4813,0.0,2862
22.4422,114.4858,0.0,2862
22.4422,114.4903,0.0,2862
22.4422,114.4948,0.0,2862
22.4422,114.4993,0.0,2862
22.4422,114.5038,0.0,2862
22.4422,114.5083,0.0,2862
22.4422,114.5128,0.0,2862
22.4422,114.5173,0.0,2809
22.4422,114.5217,0.0,2862
22.4422,114.5262,0.0,2862
22.4422,114.5307,0.0,2862
22.4422,114.5352,0.0,2862
22.4422,114.5397,0.0,2862
22.4422,114.5442,0.0,2862
22.4422,114.5487,0.0,2862
22.4422,114.5532,0.0,2862
22.4422,114.5577,0.0,2862
22.4422,114.5622,0.0,2809
22.4422,114.5667,0.0,2862
22.4422,114.5711,0.0,2862
22.4422,114.5756,0.0,2862
22.4422,114.5801,0.0,2862
22.4422,114.5846,0.0,2862
22.4422,114.5891,0.0,2862
22.4422,114.5936,0.0,2862
22.4422,114.5981,0.0,2862
22.4422,114.6026,0.0,2862
22.4422,114.6071,0.0,2809
22.4422,114.6116,0.0,2862
22.4422,114.6161,0.0,2862
22.4422,114.6206,0.0,2862
22.4422,114.625,0.0,2862
22.4422,114.6295,0.0,2862
22.4422,114.634,0.0,2862
22.4422,114.6385,0.0,2862
22.4422,114.643,0.0,2862
22.4422,114.6475,3.3,2862
22.4422,114.652,0.0,106
22.4467,113.7222,0.0,2916
22.4467,113.7267,0.0,2916
22.4467,113.7312,0.0,2916
22.4467,113.7357,0.0,2916
22.4467,113.7402,0.0,2916
22.4467,113.7447,0.0,2916
22.4467,113.7492,0.0,2916
22.4467,113.7537,0.0,2916
22.4467,113.7582,0.0,2916
22.4467,113.7627,0.0,2862
22.4467,113.7672,0.0,2916
22.4467,113.7717,0.0,2916
22.4467,113.7761,0.0,2916
22.4467,113.7806,0.0,2916
22.4467,113.7851,0.0,2916
22.4467,113.7896,0.0,2916
22.4467,113.7941,0.0,2916
22.4467,113.7986,0.0,2916
22.4467,113.8031,0.0,2916
22.4467,113.8076,0.0,2862
22.4467,113.8121,0.0,2916
22.4467,113.8166,0.0,2916
22.4467,113.8211,0.0,2916
22.4467,113.8256,0.0,2916
22.4467,113.83,0.0,2916
22.4467,113.8345,0.0,2916
22.4467,113.839,0.0,2916
22.4467,113.8435,0.0,2916
22.4467,113.848,0.0,2916
22.4467,113.8525,0.0,2862
22.4467,113.857,0.0,2916
22.4467,113.8615,0.0,2916
22.4467,113.866,0.0,2916
22.4467,113.8705,0.0,2916
22.4467,113.875,0.0,2916
22.4467,113.8795,0.0,2916
22.4467,113.8839,3.1,2916
22.4467,113.8884,20.8,2916
22.4467,113.8929,0.0,2916
22.4467,113.8974,0.0,2862
22.4467,113.9019,0.0,2916
22.4467,113.9064,0.0,2916
22.4467,113.9109,0.0,2916
22.4467,113.9154,0.0,2916
22.4467,113.9199,0.0,2916
22.4467,113.9244,0.0,2916
22.4467,113.9289,0.0,2916
22.4467,113.9333,0.0,2916
22.4467,113.9378,0.0,2916
22.4467,113.9423,0.0,2862
22.4467,113.9468,0.0,2916
22.4467,113.9513,0.0,2916
22.4467,113.9558,6.6,2916
22.4467,113.9603,8.4,2916
22.4467,113.9648,5.3,2916
22.4467,113.9693,0.0,2916
22.4467,113.9738,0.0,2916
22.4467,113.9783,17.2,2916
22.4467,113.9828,62.5,2916
22.4467,113.9872,91.5,2862
22.4467,113.9917,94.8,2916
22.4467,113.9962,84.5,2916
22.4467,114.0007,75.1,2970
22.4467,114.0052,88.4,2916
22.4467,114.0097,57.9,2916
22.4467,114.0142,63.9,2916
22.4467,114.0187,79.4,2916
22.4467,114.0232,89.7,2916
22.4467,114.0277,91.4,2916
22.4467,114.0322,93.5,2862
22.4467,114.0367,85.2,2916
22.4467,114.0411,57.3,2916
22.4467,114.0456,29.8,2916
22.4467,114.0501,42.6,2916
22.4467,114.0546,11.0,2916
22.4467,114.0591,31.7,2916
22.4467,114.0636,50.7,2916
22.4467,114.0681,12.4,2916
22.4467,114.0726,36.9,2862
22.4467,114.0771,56.7,2916
22.4467,114.0816,38.9,2916
22.4467,114.0861,9.1,2916
22.4467,114.0906,53.5,2916
22.4467,114.095,80.6,2916
22.4467,114.0995,14.9,2916
22.4467,114.104,0.0,2916
22.4467,114.1085,0.0,2916
22.4467,114.113,0.0,2916
22.4467,114.1175,0.0,2862
22.4467,114.122,0.0,2916
22.4467,114.1265,12.0,2916
22.4467,114.131,24.6,2916
22.4467,114.1355,31.2,2916
22.4467,114.14,19.8,2916
22.4467,114.1445,0.0,2916
22.4467,114.1489,30.8,2916
22.4467,114.1534,18.1,2916
22.4467,114.1579,40.2,2916
22.4467,114.1624,23.1,2862
22.4467,114.1669,86.6,2916
22.4467,114.1714,49.7,2916
22.4467,114.1759,58.0,2916
22.4467,114.1804,1.6,2916
22.4467,114.1849,0.0,2916
22.4467,114.1894,0.0,2916
22.4467,114.1939,0.0,2916
22.4467,114.1984,0.0,2916
22.4467,114.2028,0.0,2916
22.4467,114.2073,0.0,2862
22.4467,114.2118,0.0,2916
22.4467,114.2163,0.0,2916
22.4467,114.2208,0.0,2916
22.4467,114.2253,0.0,2916
22.4467,114.2298,0.0,2916
22.4467,114.2343,0.0,2916
22.4467,114.2388,0.0,2916
22.4467,114.2433,0.0,2916
22.4467,114.2478,0.0,2916
22.4467,114.2522,0.0,2862
22.4467,114.2567,0.0,2916
22.4467,114.2612,0.0,2916
22.4467,114.2657,0.0,2916
22.4467,114.2702,0.0,2916
22.4467,114.2747,0.0,2916
22.4467,114.2792,0.0,2916
22.4467,114.2837,0.0,2916
22.4467,114.2882,0.0,2916
22.4467,114.2927,0.0,2916
22.4467,114.2972,0.0,2862
22.4467,114.3017,0.0,2916
22.4467,114.3061,0.0,2916
22.4467,114.3106,0.0,2916
22.4467,114.3151,0.0,2916
22.4467,114.3196,0.5,2916
22.4467,114.3241,0.0,2916
22.4467,114.3286,0.0,2916
22.4467,114.3331,0.0,2916
22.4467,114.3376,0.0,2916
22.4467,114.3421,0.0,2862
22.4467,114.3466,0.0,2916
22.4467,114.3511,0.0,2916
22.4467,114.3556,0.0,2916
22.4467,114.36,0.0,2916
22.4467,114.3645,0.0,2916
22.4467,114.369,0.0,2916
22.4467,114.3735,0.0,2916
22.4467,114.378,0.0,2916
22.4467,114.3825,0.0,2916
22.4467,114.387,0.0,2862
22.4467,114.3915,0.0,2916
22.4467,114.396,0.1,2916
22.4467,114.4005,0.0,2916
22.4467,114.405,0.0,2916
22.4467,114.4095,0.0,2916
22.4467,114.4139,0.0,2916
22.4467,114.4184,0.0,2916
22.4467,114.4229,0.0,2916
22.4467,114.4274,0.0,2862
22.4467,114.4319,0.0,2916
22.4467,114.4364,0.0,2916
22.4467,114.4409,0.0,2916
22.4467,114.4454,0.0,2916
22.4467,114.4499,0.0,2916
22.4467,114.4544,0.0,2916
22.4467,114.4589,0.0,2916
22.4467,114.4634,0.0,2916
22.4467,114.4678,0.0,2916
22.4467,114.4723,0.0,2862
22.4467,114.4768,0.0,2916
22.4467,114.4813,0.0,2916
22.4467,114.4858,0.0,2916
22.4467,114.4903,0.0,2916
22.4467,114.4948,0.0,2916
22.4467,114.4993,0.0,2916
22.4467,114.5038,0.0,2916
22.4467,114.5083,0.0,2916
22.4467,114.5128,0.0,2916
22.4467,114.5173,0.0,2862
22.4467,114.5217,0.0,2916
22.4467,114.5262,0.0,2916
22.4467,114.5307,0.0,2916
22.4467,114.5352,0.0,2916
22.4467,114.5397,0.0,2916
22.4467,114.5442,0.0,2916
22.4467,114.5487,0.0,2916
22.4467,114.5532,0.0,2916
22.4467,114.5577,0.0,2916
22.4467,114.5622,0.0,2862
22.4467,114.5667,0.0,2916
22.4467,114.5711,0.0,2916
22.4467,114.5756,0.0,2916
22.4467,114.5801,0.0,2916
22.4467,114.5846,0.0,2916
22.4467,114.5891,0.0,2916
22.4467,114.5936,0.0,2916
22.4467,114.5981,0.0,2916
22.4467,114.6026,0.0,2916
22.4467,114.6071,0.0,2862
22.4467,114.6116,0.0,2916
22.4467,114.6161,0.0,2916
22.4467,114.6206,0.0,2916
22.4467,114.625,0.0,2916
22.4467,114.6295,0.0,2916
22.4467,114.634,0.0,2916
22.4467,114.6385,0.0,2916
22.4467,114.643,0.0,2916
22.4467,114.6475,0.0,2916
22.4467,114.652,0.0,108
22.4512,113.7222,0.0,2916
22.4512,113.7267,0.0,2916
22.4512,113.7312,0.0,2916
22.4512,113.7357,0.0,2916
22.4512,113.7402,0.0,2916
22.4512,113.7447,0.0,2916
22.4512,113.7492,0.0,2916
22.4512,113.7537,0.0,2916
22.4512,113.7582,0.0,2916
22.4512,113.7627,0.0,2862
22.4512,113.7672,0.0,2916
22.4512,113.7717,0.0,2916
22.4512,113.7761,0.0,2916
22.4512,113.7806,0.0,2916
22.4512,113.7851,0.0,2916
22.4512,113.7896,0.0,2916
22.4512,113.7941,0.0,2916
22.4512,113.7986,0.0,2916
22.4512,113.8031,0.0,2916
22.4512,113.8076,0.0,2862
22.4512,113.8121,0.0,2916
22.4512,113.8166,0.0,2916
22.4512,113.8211,0.0,2916
22.4512,113.8256,0.0,2916
22.4512,113.83,0.0,2916
22.4512,113.8345,0.0,2916
22.4512,113.839,0.0,2916
22.4512,113.8435,0.0,2916
22.4512,113.848,0.0,2916
22.4512,113.8525,0.0,2862
22.4512,113.857,0.0,2916
22.4512,113.8615,0.0,2916
22.4512,113.866,0.0,2916
22.4512,113.8705,0.0,2916
22.4512,113.875,0.0,2916
22.4512,113.8795,0.0,2916
22.4512,113.8839,13.1,2916
22.4512,113.8884,90.6,2916
22.4512,113.8929,12.1,2916
22.4512,113.8974,0.0,2862
22.4512,113.9019,0.0,2916
22.4512,113.9064,0.0,2916
22.4512,113.9109,0.0,2916
22.4512,113.9154,0.0,2916
22.4512,113.9199,0.0,2916
22.4512,113.9244,0.0,2916
22.4512,113.9289,0.0,2916
22.4512,113.9333,0.0,2916
22.4512,113.9378,0.0,2916
22.4512,113.9423,0.0,2862
22.4512,113.9468,0.0,2916
22.4512,113.9513,0.0,2916
22.4512,113.9558,0.0,2916
22.4512,113.9603,3.3,2916
22.4512,113.9648,12.0,2916
22.4512,113.9693,17.8,2916
22.4512,113.9738,9.3,2916
22.4512,113.9783,18.1,2916
22.4512,113.9828,80.2,2916
22.4512,113.9872,85.0,2862
22.4512,113.9917,79.6,2916
22.4512,113.9962,61.5,2916
22.4512,114.0007,65.2,2970
22.4512,114.0052,90.3,2916
22.4512,114.0097,67.4,2916
22.4512,114.0142,30.4,2916
22.4512,114.0187,22.8,2916
22.4512,114.0232,66.2,2916
22.4512,114.0277,76.1,2916
22.4512,114.0322,67.6,2862
22.4512,114.0367,24.4,2916
22.4512,114.0411,8.3,2916
22.4512,114.0456,5.4,2916
22.4512,114.0501,32.4,2916
22.4512,114.0546,63.7,2916
22.4512,114.0591,37.7,2916
22.4512,114.0636,19.9,2916
22.4512,114.0681,0.8,2916
22.4512,114.0726,13.5,2862
22.4512,114.0771,19.7,2916
22.4512,114.0816,6.9,2916
22.4512,114.0861,0.0,2916
22.4512,114.0906,14.2,2916
22.4512,114.095,57.8,2916
22.4512,114.0995,37.3,2916
22.4512,114.104,0.0,2916
22.4512,114.1085,0.0,2916
22.4512,114.113,0.0,2916
22.4512,114.1175,0.0,2862
22.4512,114.122,0.0,2916
22.4512,114.1265,0.0,2916
22.4512,114.131,3.2,2916
22.4512,114.1355,22.5,2916
22.4512,114.14,35.7,2916
22.4512,114.1445,14.0,2916
22.4512,114.1489,6.0,2916
22.4512,114.1534,30.5,2916
22.4512,114.1579,53.6,2916
22.4512,114.1624,75.5,2862
22.4512,114.1669,70.7,2916
22.4512,114.1714,63.5,2916
22.4512,114.1759,41.3,2916
22.4512,114.1804,21.6,2916
22.4512,114.1849,9.6,2916
22.4512,114.1894,24.4,2916
22.4512,114.1939,12.3,2916
22.4512,114.1984,0.0,2916
22.4512,114.2028,0.0,2916
22.4512,114.2073,0.0,2862
22.4512,114.2118,0.2,2916
22.4512,114.2163,7.8,2916
22.4512,114.2208,1.4,2916
22.4512,114.2253,0.0,2916
22.4512,114.2298,0.0,2916
22.4512,114.2343,0.0,2916
22.4512,114.2388,0.0,2916
22.4512,114.2433,0.0,2916
22.4512,114.2478,0.0,2916
22.4512,114.2522,0.0,2862
22.4512,114.2567,0.0,2916
22.4512,114.2612,0.0,2916
22.4512,114.2657,0.0,2916
22.4512,114.2702,0.0,2916
22.4512,114.2747,0.0,2916
22.4512,114.2792,0.0,2916
22.4512,114.2837,0.0,2916
22.4512,114.2882,0.0,2916
22.4512,114.2927,0.0,2916
22.4512,114.2972,0.0,2862
22.4512,114.3017,0.0,2916
22.4512,114.3061,0.0,2916
22.4512,114.3106,0.0,2916
22.4512,114.3151,0.0,2916
22.4512,114.3196,0.0,2916
22.4512,114.3241,0.0,2916
22.4512,114.3286,0.0,2916
22.4512,114.3331,0.0,2916
22.4512,114.3376,0.0,2916
22.4512,114.3421,0.0,2862
22.4512,114.3466,0.0,2916
22.4512,114.3511,0.0,2916
22.4512,114.3556,0.0,2916
22.4512,114.36,0.9,2916
22.4512,114.3645,0.0,2916
22.4512,114.369,0.0,2916
22.4512,114.3735,0.0,2916
22.4512,114.378,0.0,2916
22.4512,114.3825,0.0,2916
22.4512,114.387,0.0,2862
22.4512,114.3915,0.0,2916
22.4512,114.396,0.1,2916
22.4512,114.4005,0.0,2916
22.4512,114.405,0.0,2916
22.4512,114.4095,0.0,2916
22.4512,114.4139,0.0,2916
22.4512,114.4184,0.0,2916
22.4512,114.4229,0.0,2916
22.4512,114.4274,0.0,2862
22.4512,114.4319,0.0,2916
22.4512,114.4364,0.0,2916
22.4512,114.4409,0.0,2916
22.4512,114.4454,0.0,2916
22.4512,114.4499,0.0,2916
22.4512,114.4544,0.0,2916
22.4512,114.4589,0.0,2916
22.4512,114.4634,0.0,2916
22.4512,114.4678,0.0,2916
22.4512,114.4723,0.0,2862
22.4512,114.4768,0.0,2916
22.4512,114.4813,0.0,2916
22.4512,114.4858,0.0,2916
22.4512,114.4903,0.0,2916
22.4512,114.4948,0.0,2916
22.4512,114.4993,0.0,2916
22.4512,114.5038,0.0,2916
22.4512,114.5083,0.0,2916
22.4512,114.5128,0.0,2916
22.4512,114.5173,0.0,2862
22.4512,114.5217,0.0,2916
22.4512,114.5262,0.0,2916
22.4512,114.5307,0.0,2916
22.4512,114.5352,0.0,2916
22.4512,114.5397,0.0,2916
22.4512,114.5442,0.0,2916
22.4512,114.5487,0.0,2916
22.4512,114.5532,0.0,2916
22.4512,114.5577,0.0,2916
22.4512,114.5622,0.0,2862
22.4512,114.5667,0.0,2916
22.4512,114.5711,0.0,2916
22.4512,114.5756,0.0,2916
22.4512,114.5801,0.0,2916
22.4512,114.5846,0.0,2916
22.4512,114.5891,0.0,2916
22.4512,114.5936,0.0,2916
22.4512,114.5981,0.0,2916
22.4512,114.6026,0.0,2916
22.4512,114.6071,0.0,2862
22.4512,114.6116,0.0,2916
22.4512,114.6161,0.0,2916
22.4512,114.6206,0.0,2916
22.4512,114.625,0.1,2916
22.4512,114.6295,0.0,2916
22.4512,114.634,0.0,2916
22.4512,114.6385,0.0,2916
22.4512,114.643,1.3,2916
22.4512,114.6475,0.0,2916
22.4512,114.652,0.0,108
22.4557,113.7222,0.0,2916
22.4557,113.7267,0.0,2916
22.4557,113.7312,0.0,2916
22.4557,113.7357,0.0,2916
22.4557,113.7402,0.0,2916
22.4557,113.7447,0.0,2916
22.4557,113.7492,0.0,2916
22.4557,113.7537,0.0,2916
22.4557,113.7582,0.0,2916
22.4557,113.7627,0.0,2862
22.4557,113.7672,0.0,2916
22.4557,113.7717,0.0,2916
22.4557,113.7761,0.0,2916
22.4557,113.7806,0.0,2916
22.4557,113.7851,0.0,2916
22.4557,113.7896,0.0,2916
22.4557,113.7941,0.0,2916
22.4557,113.7986,0.0,2916
22.4557,113.8031,0.0,2916
22.4557,113.8076,0.0,2862
22.4557,113.8121,0.0,2916
22.4557,113.8166,0.0,2916
22.4557,113.8211,0.0,2916
22.4557,113.8256,0.0,2916
22.4557,113.83,0.0,2916
22.4557,113.8345,0.0,2916
22.4557,113.839,0.0,2916
22.4557,113.8435,0.0,2916
22.4557,113.848,0.0,2916
22.4557,113.8525,0.0,2862
22.4557,113.857,0.0,2916
22.4557,113.8615,0.0,2916
22.4557,113.866,0.0,2916
22.4557,113.8705,0.0,2916
22.4557,113.875,0.0,2916
22.4557,113.8795,0.3,2916
22.4557,113.8839,8.1,2916
22.4557,113.8884,92.6,2916
22.4557,113.8929,80.1,2916
22.4557,113.8974,3.0,2862
22.4557,113.9019,0.0,2916
22.4557,113.9064,0.0,2916
22.4557,113.9109,0.0,2916
22.4557,113.9154,0.0,2916
22.4557,113.9199,0.0,2916
22.4557,113.9244,0.0,2916
22.4557,113.9289,0.0,2916
22.4557,113.9333,0.0,2916
22.4557,113.9378,0.0,2916
22.4557,113.9423,0.0,2862
22.4557,113.9468,0.0,2916
22.4557,113.9513,0.0,2916
22.4557,113.9558,0.0,2916
22.4557,113.9603,0.0,2916
22.4557,113.9648,0.0,2916
22.4557,113.9693,2.6,2916
22.4557,113.9738,14.0,2916
22.4557,113.9783,6.3,2916
22.4557,113.9828,20.4,2916
22.4557,113.9872,73.5,2862
22.4557,113.9917,72.6,2916
22.4557,113.9962,60.0,2916
22.4557,114.0007,46.9,2970
22.4557,114.0052,66.9,2916
22.4557,114.0097,63.8,2916
22.4557,114.0142,8.6,2916
22.4557,114.0187,25.1,2916
22.4557,114.0232,85.5,2916
22.4557,114.0277,65.0,2916
22.4557,114.0322,33.8,2862
22.4557,114.0367,2.8,2916
22.4557,114.0411,2.1,2916
22.4557,114.0456,3.3,2916
22.4557,114.0501,39.7,2916
22.4557,114.0546,72.6,2916
22.4557,114.0591,68.7,2916
22.4557,114.0636,23.7,2916
22.4557,114.0681,7.3,2916
22.4557,114.0726,0.0,2862
22.4557,114.0771,0.0,2916
22.4557,114.0816,0.0,2916
22.4557,114.0861,0.0,2916
22.4557,114.0906,0.0,2916
22.4557,114.095,11.7,2916
22.4557,114.0995,20.7,2916
22.4557,114.104,0.0,2916
22.4557,114.1085,0.1,2916
22.4557,114.113,0.0,2916
22.4557,114.1175,0.0,2862
22.4557,114.122,0.0,2916
22.4557,114.1265,0.0,2916
22.4557,114.131,0.0,2916
22.4557,114.1355,1.5,2916
22.4557,114.14,47.9,2916
22.4557,114.1445,34.2,2916
22.4557,114.1489,11.9,2916
22.4557,114.1534,27.7,2916
22.4557,114.1579,51.7,2916
22.4557,114.1624,56.2,2862
22.4557,114.1669,66.0,2916
22.4557,114.1714,70.7,2916
22.4557,114.1759,60.9,2916
22.4557,114.1804,90.7,2916
22.4557,114.1849,97.4,2916
22.4557,114.1894,93.2,2916
22.4557,114.1939,30.3,2916
22.4557,114.1984,1.0,2916
22.4557,114.2028,0.1,2916
22.4557,114.2073,17.7,2862
22.4557,114.2118,13.4,2916
22.4557,114.2163,12.3,2916
22.4557,114.2208,0.0,2916
22.4557,114.2253,0.0,2916
22.4557,114.2298,0.0,2916
22.4557,114.2343,0.0,2916
22.4557,114.2388,0.0,2916
22.4557,114.2433,1.8,2916
22.4557,114.2478,9.1,2916
22.4557,114.2522,0.1,2862
22.4557,114.2567,14.8,2916
22.4557,114.2612,2.1,2916
22.4557,114.2657,0.0,2916
22.4557,114.2702,0.0,2916
22.4557,114.2747,0.0,2916
22.4557,114.2792,0.0,2916
22.4557,114.2837,0.0,2916
22.4557,114.2882,0.0,2916
22.4557,114.2927,0.0,2916
22.4557,114.2972,0.0,2862
22.4557,114.3017,0.0,2916
22.4557,114.3061,0.0,2916
22.4557,114.3106,0.0,2916
22.4557,114.3151,0.0,2916
22.4557,114.3196,0.0,2916
22.4557,114.3241,0.0,2916
22.4557,114.3286,0.0,2916
22.4557,114.3331,0.0,2916
22.4557,114.3376,0.0,2916
22.4557,114.3421,0.0,2862
22.4557,114.3466,0.0,2916
22.4557,114.3511,0.0,2916
22.4557,114.3556,0.0,2916
22.4557,114.36,0.2,2916
22.4557,114.3645,0.0,2916
22.4557,114.369,0.0,2916
22.4557,114.3735,0.0,2916
22.4557,114.378,0.0,2916
22.4557,114.3825,0.0,2916
22.4557,114.387,0.0,2862
22.4557,114.3915,0.0,2916
22.4557,114.396,0.0,2916
22.4557,114.4005,0.0,2916
22.4557,114.405,0.0,2916
22.4557,114.4095,0.0,2916
22.4557,114.4139,0.0,2916
22.4557,114.4184,0.0,2916
22.4557,114.4229,0.0,2916
22.4557,114.4274,0.0,2862
22.4557,114.4319,0.0,2916
22.4557,114.4364,0.0,2916
22.4557,114.4409,0.0,2916
22.4557,114.4454,0.0,2916
22.4557,114.4499,0.0,2916
22.4557,114.4544,0.0,2916
22.4557,114.4589,0.0,2916
22.4557,114.4634,0.0,2916
22.4557,114.4678,0.0,2916
22.4557,114.4723,0.0,2862
22.4557,114.4768,0.0,2916
22.4557,114.4813,0.0,2916
22.4557,114.4858,0.0,2916
22.4557,114.4903,0.0,2916
22.4557,114.4948,0.0,2916
22.4557,114.4993,0.0,2916
22.4557,114.5038,0.0,2916
22.4557,114.5083,0.0,2916
22.4557,114.5128,0.0,2916
22.4557,114.5173,0.0,2862
22.4557,114.5217,0.0,2916
22.4557,114.5262,0.0,2916
22.4557,114.5307,0.0,2916
22.4557,114.5352,0.0,2916
22.4557,114.5397,0.0,2916
22.4557,114.5442,0.0,2916
22.4557,114.5487,0.0,2916
22.4557,114.5532,0.0,2916
22.4557,114.5577,0.0,2916
22.4557,114.5622,0.0,2862
22.4557,114.5667,0.0,2916
22.4557,114.5711,0.0,2916
22.4557,114.5756,0.0,2916
22.4557,114.5801,0.0,2916
22.4557,114.5846,0.0,2916
22.4557,114.5891,0.0,2916
22.4557,114.5936,0.0,2916
22.4557,114.5981,0.0,2916
22.4557,114.6026,0.0,2916
22.4557,114.6071,0.0,2862
22.4557,114.6116,0.0,2916
22.4557,114.6161,0.0,2916
22.4557,114.6206,0.0,2916
22.4557,114.625,0.0,2916
22.4557,114.6295,0.0,2916
22.4557,114.634,0.0,2916
22.4557,114.6385,0.0,2916
22.4557,114.643,0.0,2916
22.4557,114.6475,0.0,2916
22.4557,114.652,0.0,108
22.4602,113.7222,0.0,2916
22.4602,113.7267,0.0,2916
22.4602,113.7312,0.0,2916
22.4602,113.7357,0.0,2916
22.4602,113.7402,0.0,2916
22.4602,113.7447,0.0,2916
22.4602,113.7492,0.0,2916
22.4602,113.7537,0.0,2916
22.4602,113.7582,0.0,2916
22.4602,113.7627,0.0,2862
22.4602,113.7672,0.0,2916
22.4602,113.7717,0.0,2916
22.4602,113.7761,0.0,2916
22.4602,113.7806,0.0,2916
22.4602,113.7851,0.0,2916
22.4602,113.7896,0.0,2916
22.4602,113.7941,0.0,2916
22.4602,113.7986,0.0,2916
22.4602,113.8031,0.0,2916
22.4602,113.8076,0.0,2862
22.4602,113.8121,0.0,2916
22.4602,113.8166,0.0,2916
22.4602,113.8211,0.0,2916
22.4602,113.8256,0.0,2916
22.4602,113.83,0.0,2916
22.4602,113.8345,0.0,2916
22.4602,113.839,0.0,2916
22.4602,113.8435,0.0,2916
22.4602,113.848,0.0,2916
22.4602,113.8525,0.0,2862
22.4602,113.857,0.0,2916
22.4602,113.8615,0.0,2916
22.4602,113.866,0.0,2916
22.4602,113.8705,0.0,2916
22.4602,113.875,0.0,2916
22.4602,113.8795,52.7,2916
22.4602,113.8839,0.3,2916
22.4602,113.8884,78.4,2916
22.4602,113.8929,95.6,2916
22.4602,113.8974,8.9,2862
22.4602,113.9019,0.0,2916
22.4602,113.9064,0.0,2916
22.4602,113.9109,0.0,2916
22.4602,113.9154,0.0,2916
22.4602,113.9199,0.0,2916
22.4602,113.9244,0.0,2916
22.4602,113.9289,0.0,2916
22.4602,113.9333,0.0,2916
22.4602,113.9378,0.0,2916
22.4602,113.9423,0.0,2862
22.4602,113.9468,0.0,2916
22.4602,113.9513,0.0,2916
22.4602,113.9558,0.0,2916
22.4602,113.9603,0.0,2916
22.4602,113.9648,0.0,2916
22.4602,113.9693,8.2,2916
22.4602,113.9738,0.0,2916
22.4602,113.9783,35.2,2916
22.4602,113.9828,57.5,2916
22.4602,113.9872,85.3,2862
22.4602,113.9917,59.1,2916
22.4602,113.9962,76.0,2916
22.4602,114.0007,86.6,2970
22.4602,114.0052,90.3,2916
22.4602,114.0097,35.7,2916
22.4602,114.0142,5.1,2916
22.4602,114.0187,22.3,2916
22.4602,114.0232,98.6,2916
22.4602,114.0277,78.4,2916
22.4602,114.0322,35.5,2862
22.4602,114.0367,0.0,2916
22.4602,114.0411,0.0,2916
22.4602,114.0456,3.7,2916
22.4602,114.0501,19.3,2916
22.4602,114.0546,55.6,2916
22.4602,114.0591,2.1,2916
22.4602,114.0636,0.1,2916
22.4602,114.0681,0.0,2916
22.4602,114.0726,0.0,2862
22.4602,114.0771,0.0,2916
22.4602,114.0816,0.0,2916
22.4602,114.0861,0.0,2916
22.4602,114.0906,0.0,2916
22.4602,114.095,0.0,2916
22.4602,114.0995,1.8,2916
22.4602,114.104,12.5,2916
22.4602,114.1085,2.0,2916
22.4602,114.113,0.0,2916
22.4602,114.1175,0.0,2862
22.4602,114.122,0.0,2916
22.4602,114.1265,0.0,2916
22.4602,114.131,0.0,2916
22.4602,114.1355,0.0,2916
22.4602,114.14,9.1,2916
22.4602,114.1445,41.1,2916
22.4602,114.1489,35.0,2916
22.4602,114.1534,57.7,2916
22.4602,114.1579,26.3,2916
22.4602,114.1624,1.9,2862
22.4602,114.1669,10.0,2916
22.4602,114.1714,46.0,2916
22.4602,114.1759,37.8,2916
22.4602,114.1804,32.1,2916
22.4602,114.1849,75.0,2916
22.4602,114.1894,76.9,2916
22.4602,114.1939,6.8,2916
22.4602,114.1984,21.6,2916
22.4602,114.2028,30.2,2916
22.4602,114.2073,58.7,2862
22.4602,114.2118,0.3,2916
22.4602,114.2163,0.0,2916
22.4602,114.2208,0.0,2916
22.4602,114.2253,0.0,2916
22.4602,114.2298,0.0,2916
22.4602,114.2343,0.0,2916
22.4602,114.2388,1.9,2916
22.4602,114.2433,14.1,2916
22.4602,114.2478,0.0,2916
22.4602,114.2522,0.0,2862
22.4602,114.2567,0.0,2916
22.4602,114.2612,4.5,2916
22.4602,114.2657,0.0,2916
22.4602,114.2702,0.0,2916
22.4602,114.2747,0.0,2916
22.4602,114.2792,0.0,2916
22.4602,114.2837,0.0,2916
22.4602,114.2882,0.0,2916
22.4602,114.2927,0.0,2916
22.4602,114.2972,0.0,2862
22.4602,114.3017,0.0,2916
22.4602,114.3061,0.0,2916
22.4602,114.3106,0.0,2916
22.4602,114.3151,0.0,2916
22.4602,114.3196,0.0,2916
22.4602,114.3241,0.3,2916
22.4602,114.3286,1.9,2916
22.4602,114.3331,0.0,2916
22.4602,114.3376,0.0,2916
22.4602,114.3421,0.0,2862
22.4602,114.3466,0.0,2916
22.4602,114.3511,0.0,2916
22.4602,114.3556,0.0,2916
22.4602,114.36,5.9,2916
22.4602,114.3645,0.3,2916
22.4602,114.369,0.0,2916
22.4602,114.3735,0.0,2916
22.4602,114.378,0.0,2916
22.4602,114.3825,0.0,2916
22.4602,114.387,0.0,2862
22.4602,114.3915,0.0,2916
22.4602,114.396,0.0,2916
22.4602,114.4005,0.0,2916
22.4602,114.405,0.0,2916
22.4602,114.4095,0.0,2916
22.4602,114.4139,0.0,2916
22.4602,114.4184,0.0,2916
22.4602,114.4229,0.0,2916
22.4602,114.4274,0.0,2862
22.4602,114.4319,0.0,2916
22.4602,114.4364,0.0,2916
22.4602,114.4409,0.0,2916
22.4602,114.4454,0.0,2916
22.4602,114.4499,0.0,2916
22.4602,114.4544,0.0,2916
22.4602,114.4589,0.0,2916
22.4602,114.4634,0.0,2916
22.4602,114.4678,0.0,2916
22.4602,114.4723,0.0,2862
22.4602,114.4768,0.0,2916
22.4602,114.4813,0.0,2916
22.4602,114.4858,0.0,2916
22.4602,114.4903,0.0,2916
22.4602,114.4948,0.0,2916
22.4602,114.4993,0.0,2916
22.4602,114.5038,0.0,2916
22.4602,114.5083,0.0,2916
22.4602,114.5128,1.6,2916
22.4602,114.5173,4.4,2862
22.4602,114.5217,0.6,2916
22.4602,114.5262,0.0,2916
22.4602,114.5307,0.0,2916
22.4602,114.5352,0.0,2916
22.4602,114.5397,0.0,2916
22.4602,114.5442,0.0,2916
22.4602,114.5487,0.0,2916
22.4602,114.5532,0.0,2916
22.4602,114.5577,0.0,2916
22.4602,114.5622,0.0,2862
22.4602,114.5667,0.0,2916
22.4602,114.5711,0.0,2916
22.4602,114.5756,0.0,2916
22.4602,114.5801,0.0,2916
22.4602,114.5846,0.0,2916
22.4602,114.5891,0.0,2916
22.4602,114.5936,0.0,2916
22.4602,114.5981,0.0,2916
22.4602,114.6026,0.0,2916
22.4602,114.6071,0.0,2862
22.4602,114.6116,0.0,2916
22.4602,114.6161,0.0,2916
22.4602,114.6206,0.2,2916
22.4602,114.625,0.0,2916
22.4602,114.6295,0.0,2916
22.4602,114.634,0.3,2916
22.4602,114.6385,0.0,2916
22.4602,114.643,0.0,2916
22.4602,114.6475,0.0,2916
22.4602,114.652,0.0,108
22.4647,113.7222,0.0,2916
22.4647,113.7267,0.0,2916
22.4647,113.7312,0.0,2916
22.4647,113.7357,0.0,2916
22.4647,113.7402,0.0,2916
22.4647,113.7447,0.0,2916
22.4647,113.7492,0.0,2916
22.4647,113.7537,0.0,2916
22.4647,113.7582,0.0,2916
22.4647,113.7627,0.0,2862
22.4647,113.7672,0.0,2916
22.4647,113.7717,0.0,2916
22.4647,113.7761,0.0,2916
22.4647,113.7806,0.0,2916
22.4647,113.7851,0.0,2916
22.4647,113.7896,0.0,2916
22.4647,113.7941,0.0,2916
22.4647,113.7986,0.0,2916
22.4647,113.8031,0.0,2916
22.4647,113.8076,0.0,2862
22.4647,113.8121,0.0,2916
22.4647,113.8166,0.0,2916
22.4647,113.8211,0.0,2916
22.4647,113.8256,0.0,2916
22.4647,113.83,0.0,2916
22.4647,113.8345,0.0,2916
22.4647,113.839,0.0,2916
22.4647,113.8435,0.0,2916
22.4647,113.848,0.0,2916
22.4647,113.8525,0.0,2862
22.4647,113.857,0.0,2916
22.4647,113.8615,0.0,2916
22.4647,113.866,0.0,2916
22.4647,113.8705,0.0,2916
22.4647,113.875,10.3,2916
22.4647,113.8795,84.6,2916
22.4647,113.8839,0.0,2916
22.4647,113.8884,61.5,2916
22.4647,113.8929,82.2,2916
22.4647,113.8974,5.3,2862
22.4647,113.9019,2.4,2916
22.4647,113.9064,0.0,2916
22.4647,113.9109,0.0,2916
22.4647,113.9154,0.0,2916
22.4647,113.9199,0.0,2916
22.4647,113.9244,0.0,2916
22.4647,113.9289,0.0,2916
22.4647,113.9333,0.0,2916
22.4647,113.9378,0.0,2916
22.4647,113.9423,0.0,2862
22.4647,113.9468,0.0,2916
22.4647,113.9513,0.0,2916
22.4647,113.9558,0.0,2916
22.4647,113.9603,0.0,2916
22.4647,113.9648,7.5,2916
22.4647,113.9693,1.7,2916
22.4647,113.9738,0.0,2916
22.4647,113.9783,6.8,2916
22.4647,113.9828,59.9,2916
22.4647,113.9872,81.6,2862
22.4647,113.9917,60.9,2916
22.4647,113.9962,60.9,2916
22.4647,114.0007,83.8,2970
22.4647,114.0052,84.1,2916
22.4647,114.0097,11.7,2916
22.4647,114.0142,1.1,2916
22.4647,114.0187,38.7,2916
22.4647,114.0232,59.3,2916
22.4647,114.0277,62.7,2916
22.4647,114.0322,0.1,2862
22.4647,114.0367,0.3,2916
22.4647,114.0411,0.3,2916
22.4647,114.0456,5.0,2916
22.4647,114.0501,44.0,2916
22.4647,114.0546,36.6,2916
22.4647,114.0591,0.9,2916
22.4647,114.0636,0.0,2916
22.4647,114.0681,0.0,2916
22.4647,114.0726,0.0,2862
22.4647,114.0771,0.0,2916
22.4647,114.0816,0.0,2916
22.4647,114.0861,0.0,2916
22.4647,114.0906,0.0,2916
22.4647,114.095,0.0,2916
22.4647,114.0995,0.0,2916
22.4647,114.104,3.3,2916
22.4647,114.1085,22.6,2916
22.4647,114.113,0.2,2916
22.4647,114.1175,0.0,2862
22.4647,114.122,0.0,2916
22.4647,114.1265,0.0,2916
22.4647,114.131,0.0,2916
22.4647,114.1355,0.0,2916
22.4647,114.14,0.5,2916
22.4647,114.1445,31.5,2916
22.4647,114.1489,72.6,2916
22.4647,114.1534,66.6,2916
22.4647,114.1579,58.2,2916
22.4647,114.1624,15.4,2862
22.4647,114.1669,0.0,2916
22.4647,114.1714,5.4,2916
22.4647,114.1759,12.3,2916
22.4647,114.1804,31.9,2916
22.4647,114.1849,9.0,2916
22.4647,114.1894,11.0,2916
22.4647,114.1939,37.2,2916
22.4647,114.1984,12.4,2916
22.4647,114.2028,4.8,2916
22.4647,114.2073,30.4,2862
22.4647,114.2118,0.0,2916
22.4647,114.2163,0.0,2916
22.4647,114.2208,0.0,2916
22.4647,114.2253,0.0,2916
22.4647,114.2298,0.0,2916
22.4647,114.2343,2.1,2916
22.4647,114.2388,13.7,2916
22.4647,114.2433,0.0,2916
22.4647,114.2478,0.0,2916
22.4647,114.2522,0.0,2862
22.4647,114.2567,0.0,2916
22.4647,114.2612,0.0,2916
22.4647,114.2657,0.0,2916
22.4647,114.2702,0.0,2916
22.4647,114.2747,0.0,2916
22.4647,114.2792,0.0,2916
22.4647,114.2837,0.0,2916
22.4647,114.2882,0.0,2916
22.4647,114.2927,0.0,2916
22.4647,114.2972,0.0,2862
22.4647,114.3017,0.0,2916
22.4647,114.3061,0.0,2916
22.4647,114.3106,0.0,2916
22.4647,114.3151,0.0,2916
22.4647,114.3196,0.0,2916
22.4647,114.3241,0.0,2916
22.4647,114.3286,0.0,2916
22.4647,114.3331,0.5,2916
22.4647,114.3376,0.0,2916
22.4647,114.3421,0.0,2862
22.4647,114.3466,0.0,2916
22.4647,114.3511,0.0,2916
22.4647,114.3556,0.0,2916
22.4647,114.36,0.3,2916
22.4647,114.3645,0.0,2916
22.4647,114.369,0.0,2916
22.4647,114.3735,0.0,2916
22.4647,114.378,0.0,2916
22.4647,114.3825,0.0,2916
22.4647,114.387,0.0,2862
22.4647,114.3915,0.0,2916
22.4647,114.396,0.0,2916
22.4647,114.4005,0.0,2916
22.4647,114.405,0.0,2916
22.4647,114.4095,0.0,2916
22.4647,114.4139,0.0,2916
22.4647,114.4184,0.0,2916
22.4647,114.4229,0.0,2916
22.4647,114.4274,0.6,2862
22.4647,114.4319,0.0,2916
22.4647,114.4364,0.0,2916
22.4647,114.4409,0.0,2916
22.4647,114.4454,0.0,2916
22.4647,114.4499,0.0,2916
22.4647,114.4544,0.0,2916
22.4647,114.4589,0.0,2916
22.4647,114.4634,0.0,2916
22.4647,114.4678,0.0,2916
22.4647,114.4723,0.0,2862
22.4647,114.4768,0.0,2916
22.4647,114.4813,0.0,2916
22.4647,114.4858,0.0,2916
22.4647,114.4903,0.0,2916
22.4647,114.4948,0.0,2916
22.4647,114.4993,0.0,2916
22.4647,114.5038,0.0,2916
22.4647,114.5083,0.0,2916
22.4647,114.5128,0.0,2916
22.4647,114.5173,0.0,2862
22.4647,114.5217,0.1,2916
22.4647,114.5262,0.7,2916
22.4647,114.5307,0.0,2916
22.4647,114.5352,0.1,2916
22.4647,114.5397,0.0,2916
22.4647,114.5442,0.0,2916
22.4647,114.5487,0.0,2916
22.4647,114.5532,0.0,2916
22.4647,114.5577,0.0,2916
22.4647,114.5622,0.0,2862
22.4647,114.5667,0.0,2916
22.4647,114.5711,0.0,2916
22.4647,114.5756,0.0,2916
22.4647,114.5801,0.0,2916
22.4647,114.5846,0.0,2916
22.4647,114.5891,0.0,2916
22.4647,114.5936,0.0,2916
22.4647,114.5981,0.0,2916
22.4647,114.6026,0.0,2916
22.4647,114.6071,0.9,2862
22.4647,114.6116,0.0,2916
22.4647,114.6161,2.4,2916
22.4647,114.6206,2.6,2916
22.4647,114.625,0.8,2916
22.4647,114.6295,1.6,2916
22.4647,114.634,4.6,2916
22.4647,114.6385,2.0,2916
22.4647,114.643,0.0,2916
22.4647,114.6475,0.0,2916
22.4647,114.652,0.0,108
22.4692,113.7222,0.0,2916
22.4692,113.7267,0.0,2916
22.4692,113.7312,0.0,2916
22.4692,113.7357,0.0,2916
22.4692,113.7402,0.0,2916
22.4692,113.7447,0.0,2916
22.4692,113.7492,0.0,2916
22.4692,113.7537,0.0,2916
22.4692,113.7582,0.0,2916
22.4692,113.7627,0.0,2862
22.4692,113.7672,0.0,2916
22.4692,113.7717,0.0,2916
22.4692,113.7761,0.0,2916
22.4692,113.7806,0.0,2916
22.4692,113.7851,0.0,2916
22.4692,113.7896,0.0,2916
22.4692,113.7941,0.0,2916
22.4692,113.7986,0.0,2916
22.4692,113.8031,0.0,2916
22.4692,113.8076,0.0,2862
22.4692,113.8121,0.0,2916
22.4692,113.8166,0.0,2916
22.4692,113.8211,0.0,2916
22.4692,113.8256,0.0,2916
22.4692,113.83,0.0,2916
22.4692,113.8345,0.0,2916
22.4692,113.839,0.0,2916
22.4692,113.8435,0.0,2916
22.4692,113.848,0.0,2916
22.4692,113.8525,0.0,2862
22.4692,113.857,0.0,2916
22.4692,113.8615,0.0,2916
22.4692,113.866,0.0,2916
22.4692,113.8705,0.0,2916
22.4692,113.875,58.8,2916
22.4692,113.8795,70.1,2916
22.4692,113.8839,26.5,2916
22.4692,113.8884,62.1,2916
22.4692,113.8929,97.7,2916
22.4692,113.8974,91.7,2862
22.4692,113.9019,68.8,2916
22.4692,113.9064,5.0,2916
22.4692,113.9109,8.9,2916
22.4692,113.9154,0.0,2916
22.4692,113.9199,0.0,2916
22.4692,113.9244,0.0,2916
22.4692,113.9289,0.0,2916
22.4692,113.9333,0.0,2916
22.4692,113.9378,0.0,2916
22.4692,113.9423,0.0,2862
22.4692,113.9468,0.0,2916
22.4692,113.9513,0.0,2916
22.4692,113.9558,0.0,2916
22.4692,113.9603,4.7,2916
22.4692,113.9648,5.1,2916
22.4692,113.9693,0.0,2916
22.4692,113.9738,0.0,2916
22.4692,113.9783,0.0,2916
22.4692,113.9828,34.0,2916
22.4692,113.9872,80.8,2862
22.4692,113.9917,41.2,2916
22.4692,113.9962,17.8,2916
22.4692,114.0007,83.3,2970
22.4692,114.0052,31.6,2916
22.4692,114.0097,0.6,2916
22.4692,114.0142,0.7,2916
22.4692,114.0187,1.2,2916
22.4692,114.0232,1.0,2916
22.4692,114.0277,25.1,2916
22.4692,114.0322,0.3,2862
22.4692,114.0367,0.4,2916
22.4692,114.0411,4.5,2916
22.4692,114.0456,39.6,2916
22.4692,114.0501,58.4,2916
22.4692,114.0546,50.6,2916
22.4692,114.0591,24.3,2916
22.4692,114.0636,14.1,2916
22.4692,114.0681,16.2,2916
22.4692,114.0726,1.6,2862
22.4692,114.0771,0.0,2916
22.4692,114.0816,0.0,2916
22.4692,114.0861,0.0,2916
22.4692,114.0906,0.0,2916
22.4692,114.095,0.0,2916
22.4692,114.0995,0.0,2916
22.4692,114.104,0.0,2916
22.4692,114.1085,18.7,2916
22.4692,114.113,13.8,2916
22.4692,114.1175,0.0,2862
22.4692,114.122,0.0,2916
22.4692,114.1265,0.0,2916
22.4692,114.131,0.6,2916
22.4692,114.1355,10.9,2916
22.4692,114.14,0.0,2916
22.4692,114.1445,2.3,2916
22.4692,114.1489,66.6,2916
22.4692,114.1534,48.3,2916
22.4692,114.1579,0.7,2916
22.4692,114.1624,0.0,2862
22.4692,114.1669,0.0,2916
22.4692,114.1714,0.0,2916
22.4692,114.1759,0.0,2916
22.4692,114.1804,0.0,2916
22.4692,114.1849,0.0,2916
22.4692,114.1894,0.0,2916
22.4692,114.1939,31.7,2916
22.4692,114.1984,24.3,2916
22.4692,114.2028,13.3,2916
22.4692,114.2073,48.7,2862
22.4692,114.2118,13.7,2916
22.4692,114.2163,1.7,2916
22.4692,114.2208,29.3,2916
22.4692,114.2253,1.1,2916
22.4692,114.2298,0.0,2916
22.4692,114.2343,13.9,2916
22.4692,114.2388,0.0,2916
22.4692,114.2433,0.0,2916
22.4692,114.2478,0.0,2916
22.4692,114.2522,0.0,2862
22.4692,114.2567,0.0,2916
22.4692,114.2612,0.0,2916
22.4692,114.2657,0.0,2916
22.4692,114.2702,0.0,2916
22.4692,114.2747,0.1,2916
22.4692,114.2792,0.0,2916
22.4692,114.2837,0.0,2916
22.4692,114.2882,0.0,2916
22.4692,114.2927,0.0,2916
22.4692,114.2972,0.0,2862
22.4692,114.3017,0.0,2916
22.4692,114.3061,0.0,2916
22.4692,114.3106,0.0,2916
22.4692,114.3151,0.0,2916
22.4692,114.3196,0.0,2916
22.4692,114.3241,0.0,2916
22.4692,114.3286,0.0,2916
22.4692,114.3331,0.0,2916
22.4692,114.3376,0.0,2916
22.4692,114.3421,0.0,2862
22.4692,114.3466,0.0,2916
22.4692,114.3511,0.0,2916
22.4692,114.3556,0.0,2916
22.4692,114.36,5.6,2916
22.4692,114.3645,0.0,2916
22.4692,114.369,0.0,2916
22.4692,114.3735,0.0,2916
22.4692,114.378,0.0,2916
22.4692,114.3825,0.0,2916
22.4692,114.387,0.0,2862
22.4692,114.3915,0.0,2916
22.4692,114.396,0.0,2916
22.4692,114.4005,0.0,2916
22.4692,114.405,0.0,2916
22.4692,114.4095,0.0,2916
22.4692,114.4139,0.0,2916
22.4692,114.4184,0.0,2916
22.4692,114.4229,0.0,2916
22.4692,114.4274,0.0,2862
22.4692,114.4319,0.0,2916
22.4692,114.4364,0.0,2916
22.4692,114.4409,0.0,2916
22.4692,114.4454,0.0,2916
22.4692,114.4499,0.0,2916
22.4692,114.4544,0.0,2916
22.4692,114.4589,0.0,2916
22.4692,114.4634,0.0,2916
22.4692,114.4678,0.0,2916
22.4692,114.4723,0.0,2862
22.4692,114.4768,0.0,2916
22.4692,114.4813,0.0,2916
22.4692,114.4858,0.0,2916
22.4692,114.4903,0.0,2916
22.4692,114.4948,0.0,2916
22.4692,114.4993,0.0,2916
22.4692,114.5038,0.0,2916
22.4692,114.5083,0.0,2916
22.4692,114.5128,0.0,2916
22.4692,114.5173,0.0,2862
22.4692,114.5217,0.0,2916
22.4692,114.5262,2.3,2916
22.4692,114.5307,0.0,2916
22.4692,114.5352,0.0,2916
22.4692,114.5397,0.0,2916
22.4692,114.5442,0.0,2916
22.4692,114.5487,0.0,2916
22.4692,114.5532,0.0,2916
22.4692,114.5577,0.0,2916
22.4692,114.5622,0.0,2862
22.4692,114.5667,0.0,2916
22.4692,114.5711,0.0,2916
22.4692,114.5756,0.0,2916
22.4692,114.5801,0.0,2916
22.4692,114.5846,0.0,2916
22.4692,114.5891,0.0,2916
22.4692,114.5936,0.0,2916
22.4692,114.5981,0.0,2916
22.4692,114.6026,0.0,2916
22.4692,114.6071,0.0,2862
22.4692,114.6116,0.1,2916
22.4692,114.6161,0.0,2916
22.4692,114.6206,0.0,2916
22.4692,114.625,0.0,2916
22.4692,114.6295,0.0,2916
22.4692,114.634,6.3,2916
22.4692,114.6385,1.4,2916
22.4692,114.643,0.0,2916
22.4692,114.6475,0.2,2916
22.4692,114.652,0.0,108
22.4737,113.7222,0.0,2916
22.4737,113.7267,0.0,2916
22.4737,113.7312,0.0,2916
22.4737,113.7357,0.0,2916
22.4737,113.7402,0.0,2916
22.4737,113.7447,0.0,2916
22.4737,113.7492,0.0,2916
22.4737,113.7537,0.0,2916
22.4737,113.7582,0.0,2916
22.4737,113.7627,0.0,2862
22.4737,113.7672,0.0,2916
22.4737,113.7717,0.0,2916
22.4737,113.7761,0.0,2916
22.4737,113.7806,0.0,2916
22.4737,113.7851,0.0,2916
22.4737,113.7896,0.0,2916
22.4737,113.7941,0.0,2916
22.4737,113.7986,0.0,2916
22.4737,113.8031,0.0,2916
22.4737,113.8076,0.0,2862
22.4737,113.8121,0.0,2916
22.4737,113.8166,0.0,2916
22.4737,113.8211,0.0,2916
22.4737,113.8256,0.0,2916
22.4737,113.83,0.0,2916
22.4737,113.8345,0.0,2916
22.4737,113.839,0.0,2916
22.4737,113.8435,0.0,2916
22.4737,113.848,0.0,2916
22.4737,113.8525,0.0,2862
22.4737,113.857,0.0,2916
22.4737,113.8615,0.0,2916
22.4737,113.866,0.0,2916
22.4737,113.8705,11.5,2916
22.4737,113.875,94.0,2916
22.4737,113.8795,25.8,2916
22.4737,113.8839,32.0,2916
22.4737,113.8884,68.4,2916
22.4737,113.8929,64.5,2916
22.4737,113.8974,82.4,2862
22.4737,113.9019,64.8,2916
22.4737,113.9064,55.6,2916
22.4737,113.9109,36.5,2916
22.4737,113.9154,0.0,2916
22.4737,113.9199,0.0,2916
22.4737,113.9244,0.0,2916
22.4737,113.9289,0.0,2916
22.4737,113.9333,0.0,2916
22.4737,113.9378,0.0,2916
22.4737,113.9423,0.0,2862
22.4737,113.9468,0.0,2916
22.4737,113.9513,0.0,2916
22.4737,113.9558,6.8,2916
22.4737,113.9603,5.7,2916
22.4737,113.9648,0.0,2916
22.4737,113.9693,0.0,2916
22.4737,113.9738,0.0,2916
22.4737,113.9783,0.0,2916
22.4737,113.9828,0.0,2916
22.4737,113.9872,21.5,2862
22.4737,113.9917,19.4,2916
22.4737,113.9962,4.8,2916
22.4737,114.0007,19.4,2970
22.4737,114.0052,5.9,2916
22.4737,114.0097,0.0,2916
22.4737,114.0142,0.0,2916
22.4737,114.0187,0.2,2916
22.4737,114.0232,1.7,2916
22.4737,114.0277,0.2,2916
22.4737,114.0322,1.9,2862
22.4737,114.0367,1.1,2916
22.4737,114.0411,15.8,2916
22.4737,114.0456,92.2,2916
22.4737,114.0501,64.8,2916
22.4737,114.0546,64.3,2916
22.4737,114.0591,73.8,2916
22.4737,114.0636,47.2,2916
22.4737,114.0681,28.1,2916
22.4737,114.0726,17.7,2862
22.4737,114.0771,20.2,2916
22.4737,114.0816,2.6,2916
22.4737,114.0861,0.1,2916
22.4737,114.0906,0.0,2916
22.4737,114.095,0.0,2916
22.4737,114.0995,1.5,2916
22.4737,114.104,8.0,2916
22.4737,114.1085,12.4,2916
22.4737,114.113,39.3,2916
22.4737,114.1175,7.3,2862
22.4737,114.122,0.0,2916
22.4737,114.1265,0.0,2916
22.4737,114.131,0.7,2916
22.4737,114.1355,16.5,2916
22.4737,114.14,39.6,2916
22.4737,114.1445,12.0,2916
22.4737,114.1489,27.2,2916
22.4737,114.1534,72.9,2916
22.4737,114.1579,27.3,2916
22.4737,114.1624,0.0,2862
22.4737,114.1669,0.0,2916
22.4737,114.1714,0.0,2916
22.4737,114.1759,0.0,2916
22.4737,114.1804,0.0,2916
22.4737,114.1849,0.0,2916
22.4737,114.1894,0.0,2916
22.4737,114.1939,0.7,2916
22.4737,114.1984,21.0,2916
22.4737,114.2028,1.2,2916
22.4737,114.2073,12.9,2862
22.4737,114.2118,14.8,2916
22.4737,114.2163,2.4,2916
22.4737,114.2208,47.5,2916
22.4737,114.2253,36.8,2916
22.4737,114.2298,41.2,2916
22.4737,114.2343,41.6,2916
22.4737,114.2388,1.9,2916
22.4737,114.2433,0.0,2916
22.4737,114.2478,0.0,2916
22.4737,114.2522,0.0,2862
22.4737,114.2567,0.0,2916
22.4737,114.2612,0.0,2916
22.4737,114.2657,0.0,2916
22.4737,114.2702,0.0,2916
22.4737,114.2747,0.0,2916
22.4737,114.2792,0.0,2916
22.4737,114.2837,0.0,2916
22.4737,114.2882,0.0,2916
22.4737,114.2927,0.0,2916
22.4737,114.2972,0.0,2862
22.4737,114.3017,0.0,2916
22.4737,114.3061,0.0,2916
22.4737,114.3106,0.0,2916
22.4737,114.3151,0.0,2916
22.4737,114.3196,0.0,2916
22.4737,114.3241,0.0,2916
22.4737,114.3286,0.0,2916
22.4737,114.3331,0.0,2916
22.4737,114.3376,0.0,2916
22.4737,114.3421,0.0,2862
22.4737,114.3466,0.0,2916
22.4737,114.3511,0.0,2916
22.4737,114.3556,0.0,2916
22.4737,114.36,2.3,2916
22.4737,114.3645,0.3,2916
22.4737,114.369,0.0,2916
22.4737,114.3735,0.0,2916
22.4737,114.378,0.0,2916
22.4737,114.3825,0.0,2916
22.4737,114.387,0.0,2862
22.4737,114.3915,0.0,2916
22.4737,114.396,0.0,2916
22.4737,114.4005,0.0,2916
22.4737,114.405,0.0,2916
22.4737,114.4095,0.0,2916
22.4737,114.4139,0.0,2916
22.4737,114.4184,0.0,2916
22.4737,114.4229,0.0,2916
22.4737,114.4274,0.0,2862
22.4737,114.4319,0.0,2916
22.4737,114.4364,0.0,2916
22.4737,114.4409,0.0,2916
22.4737,114.4454,0.0,2916
22.4737,114.4499,0.0,2916
22.4737,114.4544,0.0,2916
22.4737,114.4589,0.0,2916
22.4737,114.4634,0.0,2916
22.4737,114.4678,0.0,2916
22.4737,114.4723,0.0,2862
22.4737,114.4768,0.0,2916
22.4737,114.4813,0.0,2916
22.4737,114.4858,0.0,2916
22.4737,114.4903,0.0,2916
22.4737,114.4948,0.0,2916
22.4737,114.4993,0.0,2916
22.4737,114.5038,0.0,2916
22.4737,114.5083,0.0,2916
22.4737,114.5128,0.2,2916
22.4737,114.5173,14.9,2862
22.4737,114.5217,1.7,2916
22.4737,114.5262,0.1,2916
22.4737,114.5307,0.0,2916
22.4737,114.5352,0.0,2916
22.4737,114.5397,0.0,2916
22.4737,114.5442,0.0,2916
22.4737,114.5487,0.0,2916
22.4737,114.5532,0.0,2916
22.4737,114.5577,0.0,2916
22.4737,114.5622,0.0,2862
22.4737,114.5667,0.0,2916
22.4737,114.5711,0.0,2916
22.4737,114.5756,0.0,2916
22.4737,114.5801,0.0,2916
22.4737,114.5846,0.0,2916
22.4737,114.5891,0.0,2916
22.4737,114.5936,0.0,2916
22.4737,114.5981,0.0,2916
22.4737,114.6026,0.0,2916
22.4737,114.6071,0.0,2862
22.4737,114.6116,0.0,2916
22.4737,114.6161,0.0,2916
22.4737,114.6206,0.0,2916
22.4737,114.625,0.0,2916
22.4737,114.6295,0.0,2916
22.4737,114.634,0.0,2916
22.4737,114.6385,0.0,2916
22.4737,114.643,0.0,2916
22.4737,114.6475,0.0,2916
22.4737,114.652,0.0,108
22.4782,113.7222,0.0,2916
22.4782,113.7267,0.0,2916
22.4782,113.7312,0.0,2916
22.4782,113.7357,0.0,2916
22.4782,113.7402,0.0,2916
22.4782,113.7447,0.0,2916
22.4782,113.7492,0.0,2916
22.4782,113.7537,0.0,2916
22.4782,113.7582,0.0,2916
22.4782,113.7627,0.0,2862
22.4782,113.7672,0.0,2916
22.4782,113.7717,0.0,2916
22.4782,113.7761,0.0,2916
22.4782,113.7806,0.0,2916
22.4782,113.7851,0.0,2916
22.4782,113.7896,0.0,2916
22.4782,113.7941,0.0,2916
22.4782,113.7986,0.0,2916
22.4782,113.8031,0.0,2916
22.4782,113.8076,0.0,2862
22.4782,113.8121,0.0,2916
22.4782,113.8166,0.0,2916
22.4782,113.8211,0.0,2916
22.4782,113.8256,0.0,2916
22.4782,113.83,0.0,2916
22.4782,113.8345,0.0,2916
22.4782,113.839,0.0,2916
22.4782,113.8435,0.0,2916
22.4782,113.848,0.0,2916
22.4782,113.8525,0.0,2862
22.4782,113.857,0.0,2916
22.4782,113.8615,0.0,2916
22.4782,113.866,0.0,2916
22.4782,113.8705,30.9,2916
22.4782,113.875,89.6,2916
22.4782,113.8795,52.7,2916
22.4782,113.8839,72.4,2916
22.4782,113.8884,90.8,2916
22.4782,113.8929,27.4,2916
22.4782,113.8974,18.3,2862
22.4782,113.9019,84.4,2916
22.4782,113.9064,69.8,2916
22.4782,113.9109,21.1,2916
22.4782,113.9154,2.2,2916
22.4782,113.9199,0.0,2916
22.4782,113.9244,0.0,2916
22.4782,113.9289,1.1,2916
22.4782,113.9333,0.2,2916
22.4782,113.9378,0.0,2916
22.4782,113.9423,0.0,2862
22.4782,113.9468,0.0,2916
22.4782,113.9513,4.6,2916
22.4782,113.9558,6.4,2916
22.4782,113.9603,0.0,2916
22.4782,113.9648,0.0,2916
22.4782,113.9693,0.0,2916
22.4782,113.9738,0.0,2916
22.4782,113.9783,0.0,2916
22.4782,113.9828,0.0,2916
22.4782,113.9872,0.0,2862
22.4782,113.9917,5.3,2916
22.4782,113.9962,21.8,2916
22.4782,114.0007,30.2,2970
22.4782,114.0052,20.7,2916
22.4782,114.0097,0.6,2916
22.4782,114.0142,0.0,2916
22.4782,114.0187,0.2,2916
22.4782,114.0232,0.3,2916
22.4782,114.0277,0.0,2916
22.4782,114.0322,0.9,2862
22.4782,114.0367,0.4,2916
22.4782,114.0411,41.0,2916
22.4782,114.0456,91.5,2916
22.4782,114.0501,63.9,2916
22.4782,114.0546,21.8,2916
22.4782,114.0591,42.9,2916
22.4782,114.0636,30.5,2916
22.4782,114.0681,24.3,2916
22.4782,114.0726,32.4,2862
22.4782,114.0771,22.6,2916
22.4782,114.0816,16.3,2916
22.4782,114.0861,2.4,2916
22.4782,114.0906,0.0,2916
22.4782,114.095,0.5,2916
22.4782,114.0995,0.4,2916
22.4782,114.104,14.5,2916
22.4782,114.1085,29.3,2916
22.4782,114.113,60.8,2916
22.4782,114.1175,12.3,2862
22.4782,114.122,0.7,2916
22.4782,114.1265,0.0,2916
22.4782,114.131,0.0,2916
22.4782,114.1355,5.7,2916
22.4782,114.14,14.3,2916
22.4782,114.1445,3.8,2916
22.4782,114.1489,1.1,2916
22.4782,114.1534,58.1,2916
22.4782,114.1579,50.1,2916
22.4782,114.1624,0.4,2862
22.4782,114.1669,0.0,2916
22.4782,114.1714,0.1,2916
22.4782,114.1759,0.0,2916
22.4782,114.1804,0.1,2916
22.4782,114.1849,0.0,2916
22.4782,114.1894,0.0,2916
22.4782,114.1939,0.0,2916
22.4782,114.1984,0.0,2916
22.4782,114.2028,0.0,2916
22.4782,114.2073,0.0,2862
22.4782,114.2118,0.4,2916
22.4782,114.2163,1.1,2916
22.4782,114.2208,0.0,2916
22.4782,114.2253,0.1,2916
22.4782,114.2298,0.0,2916
22.4782,114.2343,1.2,2916
22.4782,114.2388,3.4,2916
22.4782,114.2433,0.0,2916
22.4782,114.2478,0.0,2916
22.4782,114.2522,0.0,2862
22.4782,114.2567,0.0,2916
22.4782,114.2612,0.0,2916
22.4782,114.2657,0.0,2916
22.4782,114.2702,0.0,2916
22.4782,114.2747,0.0,2916
22.4782,114.2792,0.0,2916
22.4782,114.2837,0.0,2916
22.4782,114.2882,0.0,2916
22.4782,114.2927,0.0,2916
22.4782,114.2972,0.0,2862
22.4782,114.3017,0.0,2916
22.4782,114.3061,0.0,2916
22.4782,114.3106,0.0,2916
22.4782,114.3151,0.0,2916
22.4782,114.3196,0.0,2916
22.4782,114.3241,0.0,2916
22.4782,114.3286,0.0,2916
22.4782,114.3331,0.0,2916
22.4782,114.3376,0.0,2916
22.4782,114.3421,0.0,2862
22.4782,114.3466,0.0,2916
22.4782,114.3511,0.0,2916
22.4782,114.3556,0.0,2916
22.4782,114.36,0.0,2916
22.4782,114.3645,0.0,2916
22.4782,114.369,0.0,2916
22.4782,114.3735,0.0,2916
22.4782,114.378,0.0,2916
22.4782,114.3825,0.0,2916
22.4782,114.387,0.0,2862
22.4782,114.3915,0.0,2916
22.4782,114.396,0.0,2916
22.4782,114.4005,0.0,2916
22.4782,114.405,0.0,2916
22.4782,114.4095,0.0,2916
22.4782,114.4139,0.0,2916
22.4782,114.4184,0.0,2916
22.4782,114.4229,0.0,2916
22.4782,114.4274,0.0,2862
22.4782,114.4319,0.0,2916
22.4782,114.4364,0.0,2916
22.4782,114.4409,0.0,2916
22.4782,114.4454,0.0,2916
22.4782,114.4499,0.0,2916
22.4782,114.4544,0.0,2916
22.4782,114.4589,0.0,2916
22.4782,114.4634,0.0,2916
22.4782,114.4678,0.0,2916
22.4782,114.4723,0.0,2862
22.4782,114.4768,0.0,2916
22.4782,114.4813,0.0,2916
22.4782,114.4858,0.3,2916
22.4782,114.4903,0.0,2916
22.4782,114.4948,0.0,2916
22.4782,114.4993,0.0,2916
22.4782,114.5038,0.0,2916
22.4782,114.5083,0.0,2916
22.4782,114.5128,0.0,2916
22.4782,114.5173,0.2,2862
22.4782,114.5217,6.1,2916
22.4782,114.5262,4.2,2916
22.4782,114.5307,0.0,2916
22.4782,114.5352,0.0,2916
22.4782,114.5397,0.0,2916
22.4782,114.5442,0.0,2916
22.4782,114.5487,0.0,2916
22.4782,114.5532,0.0,2916
22.4782,114.5577,0.0,2916
22.4782,114.5622,0.0,2862
22.4782,114.5667,0.0,2916
22.4782,114.5711,0.0,2916
22.4782,114.5756,0.0,2916
22.4782,114.5801,0.0,2916
22.4782,114.5846,0.0,2916
22.4782,114.5891,0.0,2916
22.4782,114.5936,0.0,2916
22.4782,114.5981,0.0,2916
22.4782,114.6026,0.0,2916
22.4782,114.6071,0.0,2862
22.4782,114.6116,0.0,2916
22.4782,114.6161,0.0,2916
22.4782,114.6206,0.0,2916
22.4782,114.625,0.0,2916
22.4782,114.6295,0.0,2916
22.4782,114.634,0.0,2916
22.4782,114.6385,0.0,2916
22.4782,114.643,0.0,2916
22.4782,114.6475,0.0,2916
22.4782,114.652,0.0,108
22.4827,113.7222,0.0,2862
22.4827,113.7267,0.0,2862
22.4827,113.7312,0.0,2862
22.4827,113.7357,0.0,2862
22.4827,113.7402,0.0,2862
22.4827,113.7447,0.0,2862
22.4827,113.7492,0.0,2862
22.4827,113.7537,0.0,2862
22.4827,113.7582,0.0,2862
22.4827,113.7627,0.0,2809
22.4827,113.7672,0.0,2862
22.4827,113.7717,0.0,2862
22.4827,113.7761,0.0,2862
22.4827,113.7806,0.0,2862
22.4827,113.7851,0.0,2862
22.4827,113.7896,0.0,2862
22.4827,113.7941,0.0,2862
22.4827,113.7986,0.0,2862
22.4827,113.8031,0.0,2862
22.4827,113.8076,0.0,2809
22.4827,113.8121,0.0,2862
22.4827,113.8166,0.0,2862
22.4827,113.8211,0.0,2862
22.4827,113.8256,0.0,2862
22.4827,113.83,0.0,2862
22.4827,113.8345,0.0,2862
22.4827,113.839,0.0,2862
22.4827,113.8435,0.0,2862
22.4827,113.848,0.0,2862
22.4827,113.8525,0.0,2809
22.4827,113.857,0.0,2862
22.4827,113.8615,0.0,2862
22.4827,113.866,0.0,2862
22.4827,113.8705,79.8,2862
22.4827,113.875,50.0,2862
22.4827,113.8795,33.2,2862
22.4827,113.8839,70.4,2862
22.4827,113.8884,57.2,2862
22.4827,113.8929,50.7,2862
22.4827,113.8974,72.6,2809
22.4827,113.9019,49.0,2862
22.4827,113.9064,43.3,2862
22.4827,113.9109,58.9,2862
22.4827,113.9154,31.9,2862
22.4827,113.9199,4.2,2862
22.4827,113.9244,38.4,2862
22.4827,113.9289,82.9,2862
22.4827,113.9333,16.7,2862
22.4827,113.9378,7.8,2862
22.4827,113.9423,0.0,2809
22.4827,113.9468,1.2,2862
22.4827,113.9513,6.7,2862
22.4827,113.9558,0.0,2862
22.4827,113.9603,0.0,2862
22.4827,113.9648,0.0,2862
22.4827,113.9693,0.0,2862
22.4827,113.9738,0.0,2862
22.4827,113.9783,0.0,2862
22.4827,113.9828,0.0,2862
22.4827,113.9872,0.0,2809
22.4827,113.9917,0.0,2862
22.4827,113.9962,10.6,2862
22.4827,114.0007,1.6,2915
22.4827,114.0052,9.7,2862
22.4827,114.0097,1.5,2862
22.4827,114.0142,0.0,2862
22.4827,114.0187,0.0,2862
22.4827,114.0232,0.0,2862
22.4827,114.0277,0.0,2862
22.4827,114.0322,0.5,2809
22.4827,114.0367,0.0,2862
22.4827,114.0411,33.0,2862
22.4827,114.0456,78.1,2862
22.4827,114.0501,47.0,2862
22.4827,114.0546,38.0,2862
22.4827,114.0591,43.6,2862
22.4827,114.0636,12.6,2862
22.4827,114.0681,1.4,2862
22.4827,114.0726,31.8,2809
22.4827,114.0771,3.7,2862
22.4827,114.0816,0.6,2862
22.4827,114.0861,0.0,2862
22.4827,114.0906,0.0,2862
22.4827,114.095,0.5,2862
22.4827,114.0995,6.6,2862
22.4827,114.104,10.8,2862
22.4827,114.1085,45.6,2862
22.4827,114.113,19.1,2862
22.4827,114.1175,25.7,2809
22.4827,114.122,5.4,2862
22.4827,114.1265,0.0,2862
22.4827,114.131,0.0,2862
22.4827,114.1355,10.3,2862
22.4827,114.14,61.0,2862
22.4827,114.1445,34.4,2862
22.4827,114.1489,26.5,2862
22.4827,114.1534,45.7,2862
22.4827,114.1579,12.2,2862
22.4827,114.1624,3.6,2809
22.4827,114.1669,0.0,2862
22.4827,114.1714,0.0,2862
22.4827,114.1759,0.0,2862
22.4827,114.1804,0.0,2862
22.4827,114.1849,0.0,2862
22.4827,114.1894,0.0,2862
22.4827,114.1939,0.0,2862
22.4827,114.1984,0.0,2862
22.4827,114.2028,0.0,2862
22.4827,114.2073,0.0,2809
22.4827,114.2118,0.0,2862
22.4827,114.2163,0.0,2862
22.4827,114.2208,0.0,2862
22.4827,114.2253,0.0,2862
22.4827,114.2298,0.0,2862
22.4827,114.2343,0.0,2862
22.4827,114.2388,0.0,2862
22.4827,114.2433,0.3,2862
22.4827,114.2478,0.0,2862
22.4827,114.2522,0.0,2809
22.4827,114.2567,0.0,2862
22.4827,114.2612,0.0,2862
22.4827,114.2657,0.0,2862
22.4827,114.2702,0.0,2862
22.4827,114.2747,0.0,2862
22.4827,114.2792,0.0,2862
22.4827,114.2837,0.0,2862
22.4827,114.2882,0.0,2862
22.4827,114.2927,0.0,2862
22.4827,114.2972,0.0,2809
22.4827,114.3017,0.0,2862
22.4827,114.3061,0.0,2862
22.4827,114.3106,0.0,2862
22.4827,114.3151,0.0,2862
22.4827,114.3196,0.0,2862
22.4827,114.3241,0.0,2862
22.4827,114.3286,0.0,2862
22.4827,114.3331,0.0,2862
22.4827,114.3376,0.0,2862
22.4827,114.3421,0.0,2809
22.4827,114.3466,0.0,2862
22.4827,114.3511,0.0,2862
22.4827,114.3556,0.0,2862
22.4827,114.36,0.0,2862
22.4827,114.3645,0.0,2862
22.4827,114.369,0.0,2862
22.4827,114.3735,0.0,2862
22.4827,114.378,0.0,2862
22.4827,114.3825,0.0,2862
22.4827,114.387,0.0,2809
22.4827,114.3915,0.0,2862
22.4827,114.396,0.0,2862
22.4827,114.4005,0.0,2862
22.4827,114.405,0.0,2862
22.4827,114.4095,0.0,2862
22.4827,114.4139,0.0,2862
22.4827,114.4184,0.0,2862
22.4827,114.4229,0.0,2862
22.4827,114.4274,0.0,2809
22.4827,114.4319,0.0,2862
22.4827,114.4364,0.0,2862
22.4827,114.4409,0.0,2862
22.4827,114.4454,0.0,2862
22.4827,114.4499,0.0,2862
22.4827,114.4544,0.0,2862
22.4827,114.4589,0.0,2862
22.4827,114.4634,0.0,2862
22.4827,114.4678,0.0,2862
22.4827,114.4723,0.0,2809
22.4827,114.4768,0.0,2862
22.4827,114.4813,0.0,2862
22.4827,114.4858,0.1,2862
22.4827,114.4903,0.0,2862
22.4827,114.4948,0.0,2862
22.4827,114.4993,0.0,2862
22.4827,114.5038,0.0,2862
22.4827,114.5083,0.0,2862
22.4827,114.5128,0.0,2862
22.4827,114.5173,9.0,2809
22.4827,114.5217,0.0,2862
22.4827,114.5262,24.2,2862
22.4827,114.5307,0.0,2862
22.4827,114.5352,0.5,2862
22.4827,114.5397,1.7,2862
22.4827,114.5442,0.3,2862
22.4827,114.5487,0.0,2862
22.4827,114.5532,1.0,2862
22.4827,114.5577,2.7,2862
22.4827,114.5622,0.0,2809
22.4827,114.5667,0.0,2862
22.4827,114.5711,0.0,2862
22.4827,114.5756,0.0,2862
22.4827,114.5801,0.0,2862
22.4827,114.5846,0.0,2862
22.4827,114.5891,0.0,2862
22.4827,114.5936,0.0,2862
22.4827,114.5981,0.0,2862
22.4827,114.6026,0.0,2862
22.4827,114.6071,0.0,2809
22.4827,114.6116,0.0,2862
22.4827,114.6161,0.0,2862
22.4827,114.6206,0.0,2862
22.4827,114.625,0.0,2862
22.4827,114.6295,0.0,2862
22.4827,114.634,0.0,2862
22.4827,114.6385,0.0,2862
22.4827,114.643,0.0,2862
22.4827,114.6475,0.0,2862
22.4827,114.652,0.0,106
22.4872,113.7222,0.0,2916
22.4872,113.7267,0.0,2916
22.4872,113.7312,0.0,2916
22.4872,113.7357,0.0,2916
22.4872,113.7402,0.0,2916
22.4872,113.7447,0.0,2916
22.4872,113.7492,0.0,2916
22.4872,113.7537,0.0,2916
22.4872,113.7582,0.0,2916
22.4872,113.7627,0.0,2862
22.4872,113.7672,0.0,2916
22.4872,113.7717,0.0,2916
22.4872,113.7761,0.0,2916
22.4872,113.7806,0.0,2916
22.4872,113.7851,0.0,2916
22.4872,113.7896,0.0,2916
22.4872,113.7941,0.0,2916
22.4872,113.7986,0.0,2916
22.4872,113.8031,0.0,2916
22.4872,113.8076,0.0,2862
22.4872,113.8121,0.0,2916
22.4872,113.8166,0.0,2916
22.4872,113.8211,0.0,2916
22.4872,113.8256,0.0,2916
22.4872,113.83,0.0,2916
22.4872,113.8345,0.0,2916
22.4872,113.839,0.0,2916
22.4872,113.8435,0.0,2916
22.4872,113.848,0.0,2916
22.4872,113.8525,0.0,2862
22.4872,113.857,0.0,2916
22.4872,113.8615,0.0,2916
22.4872,113.866,16.1,2916
22.4872,113.8705,97.5,2916
22.4872,113.875,29.4,2916
22.4872,113.8795,3.2,2916
22.4872,113.8839,2.3,2916
22.4872,113.8884,58.3,2916
22.4872,113.8929,19.4,2916
22.4872,113.8974,10.7,2862
22.4872,113.9019,6.9,2916
22.4872,113.9064,46.1,2916
22.4872,113.9109,85.5,2916
22.4872,113.9154,80.5,2916
22.4872,113.9199,41.1,2916
22.4872,113.9244,70.9,2916
22.4872,113.9289,47.1,2916
22.4872,113.9333,50.4,2916
22.4872,113.9378,26.4,2916
22.4872,113.9423,1.8,2862
22.4872,113.9468,9.4,2916
22.4872,113.9513,0.0,2916
22.4872,113.9558,0.0,2916
22.4872,113.9603,0.0,2916
22.4872,113.9648,0.0,2916
22.4872,113.9693,0.0,2916
22.4872,113.9738,0.0,2916
22.4872,113.9783,0.0,2916
22.4872,113.9828,0.0,2916
22.4872,113.9872,0.0,2862
22.4872,113.9917,0.0,2916
22.4872,113.9962,12.8,2916
22.4872,114.0007,19.8,2970
22.4872,114.0052,23.5,2916
22.4872,114.0097,0.9,2916
22.4872,114.0142,0.0,2916
22.4872,114.0187,0.0,2916
22.4872,114.0232,0.0,2916
22.4872,114.0277,0.0,2916
22.4872,114.0322,0.0,2862
22.4872,114.0367,0.0,2916
22.4872,114.0411,2.0,2916
22.4872,114.0456,16.4,2916
22.4872,114.0501,34.6,2916
22.4872,114.0546,48.3,2916
22.4872,114.0591,67.6,2916
22.4872,114.0636,18.7,2916
22.4872,114.0681,0.9,2916
22.4872,114.0726,52.2,2862
22.4872,114.0771,41.0,2916
22.4872,114.0816,17.7,2916
22.4872,114.0861,1.1,2916
22.4872,114.0906,2.7,2916
22.4872,114.095,5.1,2916
22.4872,114.0995,17.1,2916
22.4872,114.104,10.6,2916
22.4872,114.1085,29.3,2916
22.4872,114.113,0.0,2916
22.4872,114.1175,8.1,2862
22.4872,114.122,9.3,2916
22.4872,114.1265,1.9,2916
22.4872,114.131,7.0,2916
22.4872,114.1355,1.2,2916
22.4872,114.14,49.1,2916
22.4872,114.1445,55.9,2916
22.4872,114.1489,59.5,2916
22.4872,114.1534,21.2,2916
22.4872,114.1579,0.1,2916
22.4872,114.1624,0.0,2862
22.4872,114.1669,0.0,2916
22.4872,114.1714,0.0,2916
22.4872,114.1759,0.0,2916
22.4872,114.1804,0.0,2916
22.4872,114.1849,0.0,2916
22.4872,114.1894,0.0,2916
22.4872,114.1939,0.0,2916
22.4872,114.1984,0.0,2916
22.4872,114.2028,0.0,2916
22.4872,114.2073,0.0,2862
22.4872,114.2118,0.0,2916
22.4872,114.2163,0.0,2916
22.4872,114.2208,0.0,2916
22.4872,114.2253,0.0,2916
22.4872,114.2298,0.0,2916
22.4872,114.2343,0.0,2916
22.4872,114.2388,0.0,2916
22.4872,114.2433,0.4,2916
22.4872,114.2478,0.0,2916
22.4872,114.2522,0.0,2862
22.4872,114.2567,0.0,2916
22.4872,114.2612,0.0,2916
22.4872,114.2657,0.0,2916
22.4872,114.2702,0.0,2916
22.4872,114.2747,0.0,2916
22.4872,114.2792,0.0,2916
22.4872,114.2837,0.0,2916
22.4872,114.2882,0.0,2916
22.4872,114.2927,0.0,2916
22.4872,114.2972,0.0,2862
22.4872,114.3017,0.0,2916
22.4872,114.3061,0.0,2916
22.4872,114.3106,0.0,2916
22.4872,114.3151,0.0,2916
22.4872,114.3196,0.0,2916
22.4872,114.3241,0.0,2916
22.4872,114.3286,0.0,2916
22.4872,114.3331,0.0,2916
22.4872,114.3376,0.0,2916
22.4872,114.3421,0.0,2862
22.4872,114.3466,0.0,2916
22.4872,114.3511,0.0,2916
22.4872,114.3556,0.0,2916
22.4872,114.36,0.0,2916
22.4872,114.3645,0.0,2916
22.4872,114.369,0.0,2916
22.4872,114.3735,0.0,2916
22.4872,114.378,0.0,2916
22.4872,114.3825,0.0,2916
22.4872,114.387,0.0,2862
22.4872,114.3915,0.0,2916
22.4872,114.396,0.0,2916
22.4872,114.4005,0.0,2916
22.4872,114.405,0.0,2916
22.4872,114.4095,0.0,2916
22.4872,114.4139,0.0,2916
22.4872,114.4184,0.0,2916
22.4872,114.4229,0.0,2916
22.4872,114.4274,0.0,2862
22.4872,114.4319,0.0,2916
22.4872,114.4364,0.0,2916
22.4872,114.4409,0.0,2916
22.4872,114.4454,0.0,2916
22.4872,114.4499,0.0,2916
22.4872,114.4544,0.0,2916
22.4872,114.4589,0.0,2916
22.4872,114.4634,0.0,2916
22.4872,114.4678,0.0,2916
22.4872,114.4723,0.0,2862
22.4872,114.4768,0.0,2916
22.4872,114.4813,0.0,2916
22.4872,114.4858,0.4,2916
22.4872,114.4903,0.0,2916
22.4872,114.4948,0.3,2916
22.4872,114.4993,0.0,2916
22.4872,114.5038,0.0,2916
22.4872,114.5083,0.0,2916
22.4872,114.5128,0.0,2916
22.4872,114.5173,3.9,2862
22.4872,114.5217,7.3,2916
22.4872,114.5262,0.0,2916
22.4872,114.5307,10.1,2916
22.4872,114.5352,28.3,2916
22.4872,114.5397,1.3,2916
22.4872,114.5442,8.4,2916
22.4872,114.5487,2.2,2916
22.4872,114.5532,0.0,2916
22.4872,114.5577,0.0,2916
22.4872,114.5622,0.0,2862
22.4872,114.5667,0.0,2916
22.4872,114.5711,0.0,2916
22.4872,114.5756,0.6,2916
22.4872,114.5801,0.2,2916
22.4872,114.5846,0.0,2916
22.4872,114.5891,0.0,2916
22.4872,114.5936,0.0,2916
22.4872,114.5981,0.0,2916
22.4872,114.6026,0.0,2916
22.4872,114.6071,0.0,2862
22.4872,114.6116,0.0,2916
22.4872,114.6161,0.0,2916
22.4872,114.6206,0.0,2916
22.4872,114.625,0.0,2916
22.4872,114.6295,0.0,2916
22.4872,114.634,0.0,2916
22.4872,114.6385,0.0,2916
22.4872,114.643,0.0,2916
22.4872,114.6475,0.0,2916
22.4872,114.652,0.0,108
22.4917,113.7222,0.0,2916
22.4917,113.7267,0.0,2916
22.4917,113.7312,0.0,2916
22.4917,113.7357,0.0,2916
22.4917,113.7402,0.0,2916
22.4917,113.7447,0.0,2916
22.4917,113.7492,0.0,2916
22.4917,113.7537,0.0,2916
22.4917,113.7582,0.0,2916
22.4917,113.7627,0.0,2862
22.4917,113.7672,0.0,2916
22.4917,113.7717,0.0,2916
22.4917,113.7761,0.0,2916
22.4917,113.7806,0.0,2916
22.4917,113.7851,0.0,2916
22.4917,113.7896,0.0,2916
22.4917,113.7941,0.0,2916
22.4917,113.7986,0.0,2916
22.4917,113.8031,0.0,2916
22.4917,113.8076,0.0,2862
22.4917,113.8121,0.0,2916
22.4917,113.8166,0.0,2916
22.4917,113.8211,0.0,2916
22.4917,113.8256,0.0,2916
22.4917,113.83,0.0,2916
22.4917,113.8345,0.0,2916
22.4917,113.839,0.0,2916
22.4917,113.8435,0.0,2916
22.4917,113.848,0.0,2916
22.4917,113.8525,0.0,2862
22.4917,113.857,0.0,2916
22.4917,113.8615,0.0,2916
22.4917,113.866,46.2,2916
22.4917,113.8705,80.1,2916
22.4917,113.875,5.4,2916
22.4917,113.8795,4.6,2916
22.4917,113.8839,37.2,2916
22.4917,113.8884,43.9,2916
22.4917,113.8929,0.0,2916
22.4917,113.8974,0.0,2862
22.4917,113.9019,1.5,2916
22.4917,113.9064,38.6,2916
22.4917,113.9109,64.7,2916
22.4917,113.9154,90.5,2916
22.4917,113.9199,89.3,2916
22.4917,113.9244,87.9,2916
22.4917,113.9289,93.0,2916
22.4917,113.9333,78.3,2916
22.4917,113.9378,54.9,2916
22.4917,113.9423,76.1,2862
22.4917,113.9468,34.6,2916
22.4917,113.9513,0.0,2916
22.4917,113.9558,0.0,2916
22.4917,113.9603,0.0,2916
22.4917,113.9648,0.0,2916
22.4917,113.9693,0.0,2916
22.4917,113.9738,0.0,2916
22.4917,113.9783,0.0,2916
22.4917,113.9828,0.0,2916
22.4917,113.9872,0.0,2862
22.4917,113.9917,0.0,2916
22.4917,113.9962,0.0,2916
22.4917,114.0007,0.0,2970
22.4917,114.0052,0.0,2916
22.4917,114.0097,0.0,2916
22.4917,114.0142,0.0,2916
22.4917,114.0187,0.0,2916
22.4917,114.0232,0.0,2916
22.4917,114.0277,0.0,2916
22.4917,114.0322,0.2,2862
22.4917,114.0367,0.2,2916
22.4917,114.0411,0.0,2916
22.4917,114.0456,8.0,2916
22.4917,114.0501,3.2,2916
22.4917,114.0546,0.5,2916
22.4917,114.0591,43.5,2916
22.4917,114.0636,18.9,2916
22.4917,114.0681,35.5,2916
22.4917,114.0726,29.3,2862
22.4917,114.0771,27.2,2916
22.4917,114.0816,42.5,2916
22.4917,114.0861,23.9,2916
22.4917,114.0906,13.1,2916
22.4917,114.095,9.9,2916
22.4917,114.0995,30.2,2916
22.4917,114.104,44.6,2916
22.4917,114.1085,0.7,2916
22.4917,114.113,0.0,2916
22.4917,114.1175,7.3,2862
22.4917,114.122,28.8,2916
22.4917,114.1265,25.2,2916
22.4917,114.131,32.9,2916
22.4917,114.1355,43.1,2916
22.4917,114.14,74.7,2916
22.4917,114.1445,57.9,2916
22.4917,114.1489,35.2,2916
22.4917,114.1534,1.1,2916
22.4917,114.1579,0.2,2916
22.4917,114.1624,0.0,2862
22.4917,114.1669,0.0,2916
22.4917,114.1714,0.0,2916
22.4917,114.1759,0.0,2916
22.4917,114.1804,0.0,2916
22.4917,114.1849,0.0,2916
22.4917,114.1894,0.0,2916
22.4917,114.1939,0.0,2916
22.4917,114.1984,0.0,2916
22.4917,114.2028,0.0,2916
22.4917,114.2073,0.0,2862
22.4917,114.2118,0.0,2916
22.4917,114.2163,0.0,2916
22.4917,114.2208,0.0,2916
22.4917,114.2253,0.0,2916
22.4917,114.2298,0.0,2916
22.4917,114.2343,0.0,2916
22.4917,114.2388,0.0,2916
22.4917,114.2433,0.0,2916
22.4917,114.2478,0.0,2916
22.4917,114.2522,0.0,2862
22.4917,114.2567,0.0,2916
22.4917,114.2612,0.0,2916
22.4917,114.2657,0.0,2916
22.4917,114.2702,0.0,2916
22.4917,114.2747,0.0,2916
22.4917,114.2792,0.0,2916
22.4917,114.2837,0.0,2916
22.4917,114.2882,0.0,2916
22.4917,114.2927,0.0,2916
22.4917,114.2972,0.0,2862
22.4917,114.3017,0.0,2916
22.4917,114.3061,0.0,2916
22.4917,114.3106,0.0,2916
22.4917,114.3151,0.0,2916
22.4917,114.3196,0.0,2916
22.4917,114.3241,0.0,2916
22.4917,114.3286,0.0,2916
22.4917,114.3331,0.0,2916
22.4917,114.3376,0.0,2916
22.4917,114.3421,0.0,2862
22.4917,114.3466,0.0,2916
22.4917,114.3511,0.0,2916
22.4917,114.3556,0.0,2916
22.4917,114.36,0.0,2916
22.4917,114.3645,0.0,2916
22.4917,114.369,0.0,2916
22.4917,114.3735,0.0,2916
22.4917,114.378,0.0,2916
22.4917,114.3825,0.0,2916
22.4917,114.387,0.0,2862
22.4917,114.3915,0.0,2916
22.4917,114.396,0.0,2916
22.4917,114.4005,0.0,2916
22.4917,114.405,0.0,2916
22.4917,114.4095,0.0,2916
22.4917,114.4139,0.0,2916
22.4917,114.4184,0.0,2916
22.4917,114.4229,0.0,2916
22.4917,114.4274,0.0,2862
22.4917,114.4319,0.0,2916
22.4917,114.4364,0.0,2916
22.4917,114.4409,0.0,2916
22.4917,114.4454,0.0,2916
22.4917,114.4499,0.0,2916
22.4917,114.4544,0.0,2916
22.4917,114.4589,0.0,2916
22.4917,114.4634,0.0,2916
22.4917,114.4678,0.0,2916
22.4917,114.4723,0.0,2862
22.4917,114.4768,0.0,2916
22.4917,114.4813,0.0,2916
22.4917,114.4858,1.3,2916
22.4917,114.4903,0.0,2916
22.4917,114.4948,0.0,2916
22.4917,114.4993,0.0,2916
22.4917,114.5038,0.0,2916
22.4917,114.5083,0.0,2916
22.4917,114.5128,0.0,2916
22.4917,114.5173,0.0,2862
22.4917,114.5217,0.0,2916
22.4917,114.5262,0.0,2916
22.4917,114.5307,0.8,2916
22.4917,114.5352,3.8,2916
22.4917,114.5397,6.7,2916
22.4917,114.5442,2.0,2916
22.4917,114.5487,0.0,2916
22.4917,114.5532,0.0,2916
22.4917,114.5577,0.0,2916
22.4917,114.5622,0.0,2862
22.4917,114.5667,0.0,2916
22.4917,114.5711,0.0,2916
22.4917,114.5756,10.8,2916
22.4917,114.5801,19.4,2916
22.4917,114.5846,0.1,2916
22.4917,114.5891,0.0,2916
22.4917,114.5936,0.0,2916
22.4917,114.5981,0.0,2916
22.4917,114.6026,0.0,2916
22.4917,114.6071,0.0,2862
22.4917,114.6116,0.0,2916
22.4917,114.6161,0.0,2916
22.4917,114.6206,0.0,2916
22.4917,114.625,0.0,2916
22.4917,114.6295,0.0,2916
22.4917,114.634,0.0,2916
22.4917,114.6385,0.0,2916
22.4917,114.643,0.0,2916
22.4917,114.6475,0.0,2916
22.4917,114.652,0.0,108
22.4961,113.7222,0.0,2916
22.4961,113.7267,0.0,2916
22.4961,113.7312,0.0,2916
22.4961,113.7357,0.0,2916
22.4961,113.7402,0.0,2916
22.4961,113.7447,0.0,2916
22.4961,113.7492,0.0,2916
22.4961,113.7537,0.0,2916
22.4961,113.7582,0.0,2916
22.4961,113.7627,0.0,2862
22.4961,113.7672,0.0,2916
22.4961,113.7717,0.0,2916
22.4961,113.7761,0.0,2916
22.4961,113.7806,0.0,2916
22.4961,113.7851,0.0,2916
22.4961,113.7896,0.0,2916
22.4961,113.7941,0.0,2916
22.4961,113.7986,0.0,2916
22.4961,113.8031,0.0,2916
22.4961,113.8076,0.0,2862
22.4961,113.8121,0.0,2916
22.4961,113.8166,0.0,2916
22.4961,113.8211,0.0,2916
22.4961,113.8256,0.0,2916
22.4961,113.83,0.0,2916
22.4961,113.8345,0.0,2916
22.4961,113.839,3.9,2916
22.4961,113.8435,40.4,2916
22.4961,113.848,0.4,2916
22.4961,113.8525,0.0,2862
22.4961,113.857,0.0,2916
22.4961,113.8615,0.1,2916
22.4961,113.866,36.7,2916
22.4961,113.8705,95.2,2916
22.4961,113.875,60.4,2916
22.4961,113.8795,53.9,2916
22.4961,113.8839,66.9,2916
22.4961,113.8884,70.5,2916
22.4961,113.8929,10.6,2916
22.4961,113.8974,0.0,2862
22.4961,113.9019,0.1,2916
22.4961,113.9064,15.2,2916
22.4961,113.9109,78.2,2916
22.4961,113.9154,77.4,2916
22.4961,113.9199,66.7,2916
22.4961,113.9244,77.9,2916
22.4961,113.9289,86.0,2916
22.4961,113.9333,62.6,2916
22.4961,113.9378,74.6,2916
22.4961,113.9423,77.5,2862
22.4961,113.9468,45.1,2916
22.4961,113.9513,0.0,2916
22.4961,113.9558,0.0,2916
22.4961,113.9603,0.0,2916
22.4961,113.9648,0.0,2916
22.4961,113.9693,0.0,2916
22.4961,113.9738,0.0,2916
22.4961,113.9783,0.0,2916
22.4961,113.9828,0.0,2916
22.4961,113.9872,0.0,2862
22.4961,113.9917,0.0,2916
22.4961,113.9962,0.0,2916
22.4961,114.0007,0.0,2970
22.4961,114.0052,0.0,2916
22.4961,114.0097,0.0,2916
22.4961,114.0142,0.0,2916
22.4961,114.0187,0.0,2916
22.4961,114.0232,0.0,2916
22.4961,114.0277,0.0,2916
22.4961,114.0322,0.0,2862
22.4961,114.0367,0.1,2916
22.4961,114.0411,0.0,2916
22.4961,114.0456,2.4,2916
22.4961,114.0501,2.8,2916
22.4961,114.0546,3.2,2916
22.4961,114.0591,16.3,2916
22.4961,114.0636,42.1,2916
22.4961,114.0681,42.2,2916
22.4961,114.0726,51.0,2862
22.4961,114.0771,58.6,2916
22.4961,114.0816,51.7,2916
22.4961,114.0861,25.4,2916
22.4961,114.0906,0.0,2916
22.4961,114.095,0.0,2916
22.4961,114.0995,35.8,2916
22.4961,114.104,38.4,2916
22.4961,114.1085,40.1,2916
22.4961,114.113,13.1,2916
22.4961,114.1175,1.7,2862
22.4961,114.122,28.9,2916
22.4961,114.1265,66.7,2916
22.4961,114.131,73.4,2916
22.4961,114.1355,75.9,2916
22.4961,114.14,74.2,2916
22.4961,114.1445,74.3,2916
22.4961,114.1489,16.4,2916
22.4961,114.1534,16.3,2916
22.4961,114.1579,1.9,2916
22.4961,114.1624,0.0,2862
22.4961,114.1669,0.5,2916
22.4961,114.1714,0.0,2916
22.4961,114.1759,0.0,2916
22.4961,114.1804,0.0,2916
22.4961,114.1849,0.0,2916
22.4961,114.1894,0.0,2916
22.4961,114.1939,0.0,2916
22.4961,114.1984,0.0,2916
22.4961,114.2028,0.0,2916
22.4961,114.2073,0.0,2862
22.4961,114.2118,0.0,2916
22.4961,114.2163,0.0,2916
22.4961,114.2208,0.0,2916
22.4961,114.2253,0.0,2916
22.4961,114.2298,0.0,2916
22.4961,114.2343,0.0,2916
22.4961,114.2388,0.0,2916
22.4961,114.2433,0.0,2916
22.4961,114.2478,0.0,2916
22.4961,114.2522,0.0,2862
22.4961,114.2567,0.0,2916
22.4961,114.2612,0.0,2916
22.4961,114.2657,0.0,2916
22.4961,114.2702,0.0,2916
22.4961,114.2747,0.0,2916
22.4961,114.2792,0.0,2916
22.4961,114.2837,0.0,2916
22.4961,114.2882,0.0,2916
22.4961,114.2927,0.0,2916
22.4961,114.2972,0.0,2862
22.4961,114.3017,0.0,2916
22.4961,114.3061,0.0,2916
22.4961,114.3106,0.0,2916
22.4961,114.3151,0.0,2916
22.4961,114.3196,0.0,2916
22.4961,114.3241,0.0,2916
22.4961,114.3286,0.0,2916
22.4961,114.3331,0.0,2916
22.4961,114.3376,0.0,2916
22.4961,114.3421,0.0,2862
22.4961,114.3466,0.0,2916
22.4961,114.3511,0.0,2916
22.4961,114.3556,0.0,2916
22.4961,114.36,0.3,2916
22.4961,114.3645,0.0,2916
22.4961,114.369,0.0,2916
22.4961,114.3735,0.0,2916
22.4961,114.378,0.0,2916
22.4961,114.3825,0.0,2916
22.4961,114.387,0.0,2862
22.4961,114.3915,0.0,2916
22.4961,114.396,0.0,2916
22.4961,114.4005,0.0,2916
22.4961,114.405,0.0,2916
22.4961,114.4095,0.0,2916
22.4961,114.4139,0.0,2916
22.4961,114.4184,0.0,2916
22.4961,114.4229,0.0,2916
22.4961,114.4274,0.0,2862
22.4961,114.4319,0.0,2916
22.4961,114.4364,0.0,2916
22.4961,114.4409,0.0,2916
22.4961,114.4454,0.0,2916
22.4961,114.4499,0.0,2916
22.4961,114.4544,0.0,2916
22.4961,114.4589,0.0,2916
22.4961,114.4634,0.0,2916
22.4961,114.4678,0.0,2916
22.4961,114.4723,0.0,2862
22.4961,114.4768,0.0,2916
22.4961,114.4813,0.0,2916
22.4961,114.4858,0.0,2916
22.4961,114.4903,0.0,2916
22.4961,114.4948,0.0,2916
22.4961,114.4993,0.0,2916
22.4961,114.5038,0.0,2916
22.4961,114.5083,0.0,2916
22.4961,114.5128,0.0,2916
22.4961,114.5173,0.0,2862
22.4961,114.5217,0.0,2916
22.4961,114.5262,0.0,2916
22.4961,114.5307,0.0,2916
22.4961,114.5352,0.5,2916
22.4961,114.5397,13.2,2916
22.4961,114.5442,2.2,2916
22.4961,114.5487,0.0,2916
22.4961,114.5532,0.0,2916
22.4961,114.5577,0.0,2916
22.4961,114.5622,0.0,2862
22.4961,114.5667,8.5,2916
22.4961,114.5711,21.2,2916
22.4961,114.5756,27.6,2916
22.4961,114.5801,7.5,2916
22.4961,114.5846,0.0,2916
22.4961,114.5891,0.0,2916
22.4961,114.5936,1.3,2916
22.4961,114.5981,0.0,2916
22.4961,114.6026,0.0,2916
22.4961,114.6071,0.0,2862
22.4961,114.6116,0.0,2916
22.4961,114.6161,0.0,2916
22.4961,114.6206,0.0,2916
22.4961,114.625,0.0,2916
22.4961,114.6295,0.0,2916
22.4961,114.634,0.0,2916
22.4961,114.6385,0.0,2916
22.4961,114.643,0.0,2916
22.4961,114.6475,0.0,2916
22.4961,114.652,0.0,108
22.5006,113.7222,0.0,2916
22.5006,113.7267,0.0,2916
22.5006,113.7312,0.0,2916
22.5006,113.7357,0.0,2916
22.5006,113.7402,0.0,2916
22.5006,113.7447,0.0,2916
22.5006,113.7492,0.0,2916
22.5006,113.7537,0.0,2916
22.5006,113.7582,0.0,2916
22.5006,113.7627,0.0,2862
22.5006,113.7672,0.0,2916
22.5006,113.7717,0.0,2916
22.5006,113.7761,0.0,2916
22.5006,113.7806,0.0,2916
22.5006,113.7851,0.0,2916
22.5006,113.7896,0.0,2916
22.5006,113.7941,0.0,2916
22.5006,113.7986,0.0,2916
22.5006,113.8031,0.0,2916
22.5006,113.8076,0.0,2862
22.5006,113.8121,0.0,2916
22.5006,113.8166,0.0,2916
22.5006,113.8211,0.0,2916
22.5006,113.8256,0.0,2916
22.5006,113.83,0.0,2916
22.5006,113.8345,8.6,2916
22.5006,113.839,76.8,2916
22.5006,113.8435,72.6,2916
22.5006,113.848,4.8,2916
22.5006,113.8525,0.0,2862
22.5006,113.857,0.0,2916
22.5006,113.8615,1.9,2916
22.5006,113.866,61.9,2916
22.5006,113.8705,73.9,2916
22.5006,113.875,51.6,2916
22.5006,113.8795,78.5,2916
22.5006,113.8839,64.4,2916
22.5006,113.8884,66.9,2916
22.5006,113.8929,20.2,2916
22.5006,113.8974,2.0,2862
22.5006,113.9019,0.0,2916
22.5006,113.9064,0.0,2916
22.5006,113.9109,21.1,2916
22.5006,113.9154,82.7,2916
22.5006,113.9199,55.0,2916
22.5006,113.9244,58.4,2916
22.5006,113.9289,76.0,2916
22.5006,113.9333,52.6,2916
22.5006,113.9378,78.0,2916
22.5006,113.9423,72.3,2862
22.5006,113.9468,43.9,2916
22.5006,113.9513,0.0,2916
22.5006,113.9558,0.0,2916
22.5006,113.9603,0.0,2916
22.5006,113.9648,0.0,2916
22.5006,113.9693,0.0,2916
22.5006,113.9738,0.0,2916
22.5006,113.9783,0.0,2916
22.5006,113.9828,0.0,2916
22.5006,113.9872,0.0,2862
22.5006,113.9917,0.0,2916
22.5006,113.9962,0.0,2916
22.5006,114.0007,0.0,2970
22.5006,114.0052,0.0,2916
22.5006,114.0097,0.0,2916
22.5006,114.0142,0.0,2916
22.5006,114.0187,0.0,2916
22.5006,114.0232,0.0,2916
22.5006,114.0277,0.0,2916
22.5006,114.0322,0.0,2862
22.5006,114.0367,0.0,2916
22.5006,114.0411,0.0,2916
22.5006,114.0456,0.3,2916
22.5006,114.0501,0.0,2916
22.5006,114.0546,0.4,2916
22.5006,114.0591,8.7,2916
22.5006,114.0636,10.8,2916
22.5006,114.0681,22.2,2916
22.5006,114.0726,13.3,2862
22.5006,114.0771,83.3,2916
22.5006,114.0816,65.9,2916
22.5006,114.0861,24.3,2916
22.5006,114.0906,1.3,2916
22.5006,114.095,6.8,2916
22.5006,114.0995,50.0,2916
22.5006,114.104,43.7,2916
22.5006,114.1085,44.9,2916
22.5006,114.113,73.0,2916
22.5006,114.1175,17.7,2862
22.5006,114.122,42.2,2916
22.5006,114.1265,74.4,2916
22.5006,114.131,56.6,2916
22.5006,114.1355,45.6,2916
22.5006,114.14,63.3,2916
22.5006,114.1445,77.1,2916
22.5006,114.1489,65.8,2916
22.5006,114.1534,47.3,2916
22.5006,114.1579,5.2,2916
22.5006,114.1624,24.2,2862
22.5006,114.1669,7.4,2916
22.5006,114.1714,0.6,2916
22.5006,114.1759,7.2,2916
22.5006,114.1804,0.1,2916
22.5006,114.1849,0.0,2916
22.5006,114.1894,0.0,2916
22.5006,114.1939,0.0,2916
22.5006,114.1984,0.0,2916
22.5006,114.2028,0.0,2916
22.5006,114.2073,0.0,2862
22.5006,114.2118,0.0,2916
22.5006,114.2163,0.0,2916
22.5006,114.2208,0.0,2916
22.5006,114.2253,0.0,2916
22.5006,114.2298,0.0,2916
22.5006,114.2343,0.0,2916
22.5006,114.2388,1.7,2916
22.5006,114.2433,0.0,2916
22.5006,114.2478,0.0,2916
22.5006,114.2522,0.0,2862
22.5006,114.2567,0.0,2916
22.5006,114.2612,0.0,2916
22.5006,114.2657,0.0,2916
22.5006,114.2702,0.0,2916
22.5006,114.2747,0.0,2916
22.5006,114.2792,0.0,2916
22.5006,114.2837,0.0,2916
22.5006,114.2882,0.0,2916
22.5006,114.2927,0.0,2916
22.5006,114.2972,0.0,2862
22.5006,114.3017,0.0,2916
22.5006,114.3061,0.0,2916
22.5006,114.3106,0.0,2916
22.5006,114.3151,0.0,2916
22.5006,114.3196,0.0,2916
22.5006,114.3241,0.0,2916
22.5006,114.3286,0.0,2916
22.5006,114.3331,0.0,2916
22.5006,114.3376,0.0,2916
22.5006,114.3421,0.0,2862
22.5006,114.3466,0.0,2916
22.5006,114.3511,0.0,2916
22.5006,114.3556,0.0,2916
22.5006,114.36,0.0,2916
22.5006,114.3645,0.0,2916
22.5006,114.369,0.0,2916
22.5006,114.3735,0.0,2916
22.5006,114.378,0.0,2916
22.5006,114.3825,0.0,2916
22.5006,114.387,0.0,2862
22.5006,114.3915,0.0,2916
22.5006,114.396,0.0,2916
22.5006,114.4005,0.0,2916
22.5006,114.405,0.0,2916
22.5006,114.4095,0.0,2916
22.5006,114.4139,0.0,2916
22.5006,114.4184,0.0,2916
22.5006,114.4229,0.0,2916
22.5006,114.4274,0.0,2862
22.5006,114.4319,0.0,2916
22.5006,114.4364,0.0,2916
22.5006,114.4409,0.0,2916
22.5006,114.4454,0.0,2916
22.5006,114.4499,0.0,2916
22.5006,114.4544,0.0,2916
22.5006,114.4589,0.0,2916
22.5006,114.4634,0.0,2916
22.5006,114.4678,0.0,2916
22.5006,114.4723,0.0,2862
22.5006,114.4768,0.0,2916
22.5006,114.4813,0.0,2916
22.5006,114.4858,0.0,2916
22.5006,114.4903,0.0,2916
22.5006,114.4948,0.0,2916
22.5006,114.4993,0.0,2916
22.5006,114.5038,0.0,2916
22.5006,114.5083,0.0,2916
22.5006,114.5128,0.0,2916
22.5006,114.5173,0.0,2862
22.5006,114.5217,0.0,2916
22.5006,114.5262,0.1,2916
22.5006,114.5307,0.9,2916
22.5006,114.5352,0.0,2916
22.5006,114.5397,0.0,2916
22.5006,114.5442,0.0,2916
22.5006,114.5487,0.9,2916
22.5006,114.5532,0.6,2916
22.5006,114.5577,1.3,2916
22.5006,114.5622,0.6,2862
22.5006,114.5667,1.0,2916
22.5006,114.5711,0.7,2916
22.5006,114.5756,0.0,2916
22.5006,114.5801,0.0,2916
22.5006,114.5846,0.0,2916
22.5006,114.5891,0.0,2916
22.5006,114.5936,0.0,2916
22.5006,114.5981,0.0,2916
22.5006,114.6026,0.0,2916
22.5006,114.6071,0.0,2862
22.5006,114.6116,0.0,2916
22.5006,114.6161,0.0,2916
22.5006,114.6206,0.0,2916
22.5006,114.625,0.0,2916
22.5006,114.6295,0.0,2916
22.5006,114.634,0.0,2916
22.5006,114.6385,0.0,2916
22.5006,114.643,0.0,2916
22.5006,114.6475,0.0,2916
22.5006,114.652,0.0,108
22.5051,113.7222,0.0,2916
22.5051,113.7267,0.0,2916
22.5051,113.7312,0.0,2916
22.5051,113.7357,0.0,2916
22.5051,113.7402,0.0,2916
22.5051,113.7447,0.0,2916
22.5051,113.7492,0.0,2916
22.5051,113.7537,0.0,2916
22.5051,113.7582,0.0,2916
22.5051,113.7627,0.0,2862
22.5051,113.7672,0.0,2916
22.5051,113.7717,0.0,2916
22.5051,113.7761,0.0,2916
22.5051,113.7806,0.0,2916
22.5051,113.7851,0.0,2916
22.5051,113.7896,0.0,2916
22.5051,113.7941,0.0,2916
22.5051,113.7986,0.0,2916
22.5051,113.8031,0.0,2916
22.5051,113.8076,0.0,2862
22.5051,113.8121,0.0,2916
22.5051,113.8166,0.0,2916
22.5051,113.8211,0.0,2916
22.5051,113.8256,0.0,2916
22.5051,113.83,0.0,2916
22.5051,113.8345,5.6,2916
22.5051,113.839,40.0,2916
22.5051,113.8435,2.0,2916
22.5051,113.848,9.5,2916
22.5051,113.8525,6.0,2862
22.5051,113.857,0.0,2916
22.5051,113.8615,0.8,2916
22.5051,113.866,78.2,2916
22.5051,113.8705,86.8,2916
22.5051,113.875,88.1,2916
22.5051,113.8795,85.0,2916
22.5051,113.8839,65.8,2916
22.5051,113.8884,48.0,2916
22.5051,113.8929,26.6,2916
22.5051,113.8974,8.4,2862
22.5051,113.9019,0.0,2916
22.5051,113.9064,0.0,2916
22.5051,113.9109,56.8,2916
22.5051,113.9154,83.6,2916
22.5051,113.9199,78.5,2916
22.5051,113.9244,82.9,2916
22.5051,113.9289,80.5,2916
22.5051,113.9333,54.9,2916
22.5051,113.9378,63.7,2916
22.5051,113.9423,80.3,2862
22.5051,113.9468,47.2,2916
22.5051,113.9513,0.0,2916
22.5051,113.9558,0.0,2916
22.5051,113.9603,0.0,2916
22.5051,113.9648,0.0,2916
22.5051,113.9693,0.0,2916
22.5051,113.9738,0.0,2916
22.5051,113.9783,0.0,2916
22.5051,113.9828,0.0,2916
22.5051,113.9872,0.0,2862
22.5051,113.9917,0.0,2916
22.5051,113.9962,0.0,2916
22.5051,114.0007,0.0,2970
22.5051,114.0052,0.0,2916
22.5051,114.0097,0.0,2916
22.5051,114.0142,0.0,2916
22.5051,114.0187,0.0,2916
22.5051,114.0232,0.0,2916
22.5051,114.0277,0.0,2916
22.5051,114.0322,0.0,2862
22.5051,114.0367,1.9,2916
22.5051,114.0411,18.6,2916
22.5051,114.0456,46.4,2916
22.5051,114.0501,78.5,2916
22.5051,114.0546,49.3,2916
22.5051,114.0591,0.1,2916
22.5051,114.0636,2.4,2916
22.5051,114.0681,0.9,2916
22.5051,114.0726,0.3,2862
22.5051,114.0771,40.0,2916
22.5051,114.0816,38.2,2916
22.5051,114.0861,55.7,2916
22.5051,114.0906,31.5,2916
22.5051,114.095,39.7,2916
22.5051,114.0995,54.4,2916
22.5051,114.104,49.4,2916
22.5051,114.1085,29.2,2916
22.5051,114.113,31.4,2916
22.5051,114.1175,31.0,2862
22.5051,114.122,68.3,2916
22.5051,114.1265,79.8,2916
22.5051,114.131,72.2,2916
22.5051,114.1355,33.4,2916
22.5051,114.14,11.2,2916
22.5051,114.1445,2.7,2916
22.5051,114.1489,55.1,2916
22.5051,114.1534,61.4,2916
22.5051,114.1579,54.0,2916
22.5051,114.1624,29.2,2862
22.5051,114.1669,23.5,2916
22.5051,114.1714,1.3,2916
22.5051,114.1759,7.5,2916
22.5051,114.1804,5.6,2916
22.5051,114.1849,0.0,2916
22.5051,114.1894,0.0,2916
22.5051,114.1939,0.0,2916
22.5051,114.1984,0.0,2916
22.5051,114.2028,0.0,2916
22.5051,114.2073,0.0,2862
22.5051,114.2118,0.0,2916
22.5051,114.2163,0.0,2916
22.5051,114.2208,0.0,2916
22.5051,114.2253,0.0,2916
22.5051,114.2298,0.0,2916
22.5051,114.2343,1.6,2916
22.5051,114.2388,0.8,2916
22.5051,114.2433,4.8,2916
22.5051,114.2478,0.0,2916
22.5051,114.2522,0.0,2862
22.5051,114.2567,0.0,2916
22.5051,114.2612,0.0,2916
22.5051,114.2657,0.0,2916
22.5051,114.2702,0.0,2916
22.5051,114.2747,0.0,2916
22.5051,114.2792,0.0,2916
22.5051,114.2837,0.0,2916
22.5051,114.2882,0.0,2916
22.5051,114.2927,0.0,2916
22.5051,114.2972,0.0,2862
22.5051,114.3017,0.0,2916
22.5051,114.3061,0.0,2916
22.5051,114.3106,0.0,2916
22.5051,114.3151,0.0,2916
22.5051,114.3196,0.0,2916
22.5051,114.3241,0.0,2916
22.5051,114.3286,0.0,2916
22.5051,114.3331,0.0,2916
22.5051,114.3376,0.0,2916
22.5051,114.3421,0.0,2862
22.5051,114.3466,0.0,2916
22.5051,114.3511,0.0,2916
22.5051,114.3556,0.0,2916
22.5051,114.36,0.0,2916
22.5051,114.3645,0.3,2916
22.5051,114.369,0.0,2916
22.5051,114.3735,0.0,2916
22.5051,114.378,0.0,2916
22.5051,114.3825,0.0,2916
22.5051,114.387,0.0,2862
22.5051,114.3915,0.0,2916
22.5051,114.396,0.0,2916
22.5051,114.4005,0.0,2916
22.5051,114.405,0.0,2916
22.5051,114.4095,0.0,2916
22.5051,114.4139,0.0,2916
22.5051,114.4184,0.0,2916
22.5051,114.4229,0.0,2916
22.5051,114.4274,0.0,2862
22.5051,114.4319,0.0,2916
22.5051,114.4364,0.0,2916
22.5051,114.4409,0.0,2916
22.5051,114.4454,0.0,2916
22.5051,114.4499,0.0,2916
22.5051,114.4544,0.0,2916
22.5051,114.4589,0.0,2916
22.5051,114.4634,0.0,2916
22.5051,114.4678,0.0,2916
22.5051,114.4723,0.0,2862
22.5051,114.4768,0.0,2916
22.5051,114.4813,0.0,2916
22.5051,114.4858,0.0,2916
22.5051,114.4903,0.0,2916
22.5051,114.4948,0.0,2916
22.5051,114.4993,0.0,2916
22.5051,114.5038,0.0,2916
22.5051,114.5083,0.0,2916
22.5051,114.5128,0.0,2916
22.5051,114.5173,0.0,2862
22.5051,114.5217,0.0,2916
22.5051,114.5262,2.3,2916
22.5051,114.5307,0.1,2916
22.5051,114.5352,1.8,2916
22.5051,114.5397,0.0,2916
22.5051,114.5442,0.0,2916
22.5051,114.5487,0.0,2916
22.5051,114.5532,0.0,2916
22.5051,114.5577,0.0,2916
22.5051,114.5622,2.6,2862
22.5051,114.5667,0.0,2916
22.5051,114.5711,0.0,2916
22.5051,114.5756,0.0,2916
22.5051,114.5801,0.0,2916
22.5051,114.5846,0.0,2916
22.5051,114.5891,0.1,2916
22.5051,114.5936,0.0,2916
22.5051,114.5981,0.0,2916
22.5051,114.6026,0.0,2916
22.5051,114.6071,0.0,2862
22.5051,114.6116,0.0,2916
22.5051,114.6161,0.0,2916
22.5051,114.6206,0.0,2916
22.5051,114.625,0.0,2916
22.5051,114.6295,0.0,2916
22.5051,114.634,0.0,2916
22.5051,114.6385,0.0,2916
22.5051,114.643,0.0,2916
22.5051,114.6475,0.0,2916
22.5051,114.652,0.0,108
22.5096,113.7222,0.0,2916
22.5096,113.7267,0.0,2916
22.5096,113.7312,0.0,2916
22.5096,113.7357,0.0,2916
22.5096,113.7402,0.0,2916
22.5096,113.7447,0.0,2916
22.5096,113.7492,0.0,2916
22.5096,113.7537,0.0,2916
22.5096,113.7582,0.0,2916
22.5096,113.7627,0.0,2862
22.5096,113.7672,0.0,2916
22.5096,113.7717,0.0,2916
22.5096,113.7761,0.0,2916
22.5096,113.7806,0.0,2916
22.5096,113.7851,0.0,2916
22.5096,113.7896,0.0,2916
22.5096,113.7941,0.0,2916
22.5096,113.7986,0.0,2916
22.5096,113.8031,0.0,2916
22.5096,113.8076,0.0,2862
22.5096,113.8121,0.0,2916
22.5096,113.8166,0.0,2916
22.5096,113.8211,0.0,2916
22.5096,113.8256,0.0,2916
22.5096,113.83,0.0,2916
22.5096,113.8345,0.0,2916
22.5096,113.839,1.3,2916
22.5096,113.8435,8.5,2916
22.5096,113.848,33.4,2916
22.5096,113.8525,12.9,2862
22.5096,113.857,0.0,2916
22.5096,113.8615,6.2,2916
22.5096,113.866,63.9,2916
22.5096,113.8705,65.8,2916
22.5096,113.875,71.0,2916
22.5096,113.8795,66.7,2916
22.5096,113.8839,57.8,2916
22.5096,113.8884,43.3,2916
22.5096,113.8929,59.1,2916
22.5096,113.8974,21.0,2862
22.5096,113.9019,19.1,2916
22.5096,113.9064,13.8,2916
22.5096,113.9109,32.5,2916
22.5096,113.9154,74.1,2916
22.5096,113.9199,82.1,2916
22.5096,113.9244,84.0,2916
22.5096,113.9289,69.3,2916
22.5096,113.9333,63.2,2916
22.5096,113.9378,73.1,2916
22.5096,113.9423,41.5,2862
22.5096,113.9468,28.3,2916
22.5096,113.9513,0.9,2916
22.5096,113.9558,0.0,2916
22.5096,113.9603,0.0,2916
22.5096,113.9648,0.0,2916
22.5096,113.9693,0.0,2916
22.5096,113.9738,0.0,2916
22.5096,113.9783,0.0,2916
22.5096,113.9828,0.0,2916
22.5096,113.9872,0.0,2862
22.5096,113.9917,0.0,2916
22.5096,113.9962,0.0,2916
22.5096,114.0007,0.0,2970
22.5096,114.0052,0.0,2916
22.5096,114.0097,0.0,2916
22.5096,114.0142,0.0,2916
22.5096,114.0187,0.0,2916
22.5096,114.0232,0.0,2916
22.5096,114.0277,0.0,2916
22.5096,114.0322,0.3,2862
22.5096,114.0367,51.5,2916
22.5096,114.0411,90.2,2916
22.5096,114.0456,84.6,2916
22.5096,114.0501,79.8,2916
22.5096,114.0546,84.5,2916
22.5096,114.0591,0.9,2916
22.5096,114.0636,0.6,2916
22.5096,114.0681,1.2,2916
22.5096,114.0726,34.5,2862
22.5096,114.0771,25.9,2916
22.5096,114.0816,11.4,2916
22.5096,114.0861,3.3,2916
22.5096,114.0906,1.8,2916
22.5096,114.095,16.1,2916
22.5096,114.0995,40.0,2916
22.5096,114.104,45.3,2916
22.5096,114.1085,46.0,2916
22.5096,114.113,2.4,2916
22.5096,114.1175,44.3,2862
22.5096,114.122,54.7,2916
22.5096,114.1265,83.5,2916
22.5096,114.131,30.3,2916
22.5096,114.1355,18.4,2916
22.5096,114.14,0.9,2916
22.5096,114.1445,13.9,2916
22.5096,114.1489,11.7,2916
22.5096,114.1534,40.8,2916
22.5096,114.1579,54.5,2916
22.5096,114.1624,57.7,2862
22.5096,114.1669,23.5,2916
22.5096,114.1714,1.9,2916
22.5096,114.1759,5.2,2916
22.5096,114.1804,20.9,2916
22.5096,114.1849,0.0,2916
22.5096,114.1894,0.0,2916
22.5096,114.1939,0.0,2916
22.5096,114.1984,0.0,2916
22.5096,114.2028,0.0,2916
22.5096,114.2073,0.0,2862
22.5096,114.2118,0.0,2916
22.5096,114.2163,0.0,2916
22.5096,114.2208,0.0,2916
22.5096,114.2253,0.0,2916
22.5096,114.2298,0.0,2916
22.5096,114.2343,1.4,2916
22.5096,114.2388,0.2,2916
22.5096,114.2433,2.3,2916
22.5096,114.2478,0.0,2916
22.5096,114.2522,0.0,2862
22.5096,114.2567,0.0,2916
22.5096,114.2612,0.0,2916
22.5096,114.2657,0.0,2916
22.5096,114.2702,0.0,2916
22.5096,114.2747,0.0,2916
22.5096,114.2792,0.0,2916
22.5096,114.2837,0.0,2916
22.5096,114.2882,0.0,2916
22.5096,114.2927,0.0,2916
22.5096,114.2972,0.0,2862
22.5096,114.3017,0.0,2916
22.5096,114.3061,0.1,2916
22.5096,114.3106,0.0,2916
22.5096,114.3151,0.0,2916
22.5096,114.3196,0.0,2916
22.5096,114.3241,0.0,2916
22.5096,114.3286,0.0,2916
22.5096,114.3331,0.0,2916
22.5096,114.3376,0.0,2916
22.5096,114.3421,0.0,2862
22.5096,114.3466,0.0,2916
22.5096,114.3511,0.0,2916
22.5096,114.3556,0.0,2916
22.5096,114.36,0.0,2916
22.5096,114.3645,0.0,2916
22.5096,114.369,0.0,2916
22.5096,114.3735,0.0,2916
22.5096,114.378,0.0,2916
22.5096,114.3825,0.0,2916
22.5096,114.387,0.0,2862
22.5096,114.3915,0.0,2916
22.5096,114.396,0.0,2916
22.5096,114.4005,0.0,2916
22.5096,114.405,0.0,2916
22.5096,114.4095,0.0,2916
22.5096,114.4139,0.0,2916
22.5096,114.4184,0.0,2916
22.5096,114.4229,0.0,2916
22.5096,114.4274,0.0,2862
22.5096,114.4319,0.0,2916
22.5096,114.4364,0.0,2916
22.5096,114.4409,0.0,2916
22.5096,114.4454,0.0,2916
22.5096,114.4499,0.0,2916
22.5096,114.4544,0.0,2916
22.5096,114.4589,0.0,2916
22.5096,114.4634,0.0,2916
22.5096,114.4678,0.0,2916
22.5096,114.4723,0.0,2862
22.5096,114.4768,2.4,2916
22.5096,114.4813,0.0,2916
22.5096,114.4858,0.0,2916
22.5096,114.4903,0.0,2916
22.5096,114.4948,0.0,2916
22.5096,114.4993,0.7,2916
22.5096,114.5038,0.0,2916
22.5096,114.5083,0.0,2916
22.5096,114.5128,0.0,2916
22.5096,114.5173,0.0,2862
22.5096,114.5217,2.1,2916
22.5096,114.5262,0.7,2916
22.5096,114.5307,0.0,2916
22.5096,114.5352,0.0,2916
22.5096,114.5397,0.0,2916
22.5096,114.5442,0.0,2916
22.5096,114.5487,0.0,2916
22.5096,114.5532,0.0,2916
22.5096,114.5577,0.0,2916
22.5096,114.5622,0.0,2862
22.5096,114.5667,0.0,2916
22.5096,114.5711,0.0,2916
22.5096,114.5756,0.0,2916
22.5096,114.5801,0.0,2916
22.5096,114.5846,0.0,2916
22.5096,114.5891,0.0,2916
22.5096,114.5936,0.0,2916
22.5096,114.5981,0.0,2916
22.5096,114.6026,0.0,2916
22.5096,114.6071,0.0,2862
22.5096,114.6116,0.0,2916
22.5096,114.6161,0.0,2916
22.5096,114.6206,0.1,2916
22.5096,114.625,0.0,2916
22.5096,114.6295,0.0,2916
22.5096,114.634,0.0,2916
22.5096,114.6385,0.0,2916
22.5096,114.643,0.0,2916
22.5096,114.6475,0.0,2916
22.5096,114.652,0.0,108
22.5141,113.7222,0.0,2916
22.5141,113.7267,0.0,2916
22.5141,113.7312,0.0,2916
22.5141,113.7357,0.0,2916
22.5141,113.7402,0.0,2916
22.5141,113.7447,0.0,2916
22.5141,113.7492,0.0,2916
22.5141,113.7537,0.0,2916
22.5141,113.7582,0.0,2916
22.5141,113.7627,0.0,2862
22.5141,113.7672,0.0,2916
22.5141,113.7717,0.0,2916
22.5141,113.7761,0.0,2916
22.5141,113.7806,0.0,2916
22.5141,113.7851,0.0,2916
22.5141,113.7896,0.0,2916
22.5141,113.7941,0.0,2916
22.5141,113.7986,0.0,2916
22.5141,113.8031,0.0,2916
22.5141,113.8076,0.0,2862
22.5141,113.8121,0.0,2916
22.5141,113.8166,0.0,2916
22.5141,113.8211,0.0,2916
22.5141,113.8256,0.0,2916
22.5141,113.83,0.0,2916
22.5141,113.8345,0.0,2916
22.5141,113.839,3.8,2916
22.5141,113.8435,9.5,2916
22.5141,113.848,2.3,2916
22.5141,113.8525,0.6,2862
22.5141,113.857,0.0,2916
22.5141,113.8615,9.5,2916
22.5141,113.866,71.6,2916
22.5141,113.8705,43.8,2916
22.5141,113.875,50.1,2916
22.5141,113.8795,41.2,2916
22.5141,113.8839,27.1,2916
22.5141,113.8884,40.3,2916
22.5141,113.8929,84.6,2916
22.5141,113.8974,65.5,2862
22.5141,113.9019,58.8,2916
22.5141,113.9064,59.2,2916
22.5141,113.9109,71.9,2916
22.5141,113.9154,88.3,2916
22.5141,113.9199,87.0,2916
22.5141,113.9244,82.3,2916
22.5141,113.9289,79.8,2916
22.5141,113.9333,68.1,2916
22.5141,113.9378,81.0,2916
22.5141,113.9423,26.2,2862
22.5141,113.9468,8.6,2916
22.5141,113.9513,0.0,2916
22.5141,113.9558,0.0,2916
22.5141,113.9603,0.0,2916
22.5141,113.9648,0.0,2916
22.5141,113.9693,0.0,2916
22.5141,113.9738,0.0,2916
22.5141,113.9783,0.0,2916
22.5141,113.9828,0.0,2916
22.5141,113.9872,0.0,2862
22.5141,113.9917,0.0,2916
22.5141,113.9962,0.0,2916
22.5141,114.0007,0.0,2970
22.5141,114.0052,0.0,2916
22.5141,114.0097,0.0,2916
22.5141,114.0142,0.0,2916
22.5141,114.0187,0.0,2916
22.5141,114.0232,0.0,2916
22.5141,114.0277,0.0,2916
22.5141,114.0322,0.1,2862
22.5141,114.0367,23.2,2916
22.5141,114.0411,61.6,2916
22.5141,114.0456,56.6,2916
22.5141,114.0501,68.3,2916
22.5141,114.0546,78.7,2916
22.5141,114.0591,45.5,2916
22.5141,114.0636,16.5,2916
22.5141,114.0681,18.1,2916
22.5141,114.0726,22.9,2862
22.5141,114.0771,1.0,2916
22.5141,114.0816,4.5,2916
22.5141,114.0861,0.0,2916
22.5141,114.0906,3.7,2916
22.5141,114.095,7.7,2916
22.5141,114.0995,13.0,2916
22.5141,114.104,25.3,2916
22.5141,114.1085,20.4,2916
22.5141,114.113,5.8,2916
22.5141,114.1175,44.8,2862
22.5141,114.122,14.5,2916
22.5141,114.1265,63.4,2916
22.5141,114.131,41.3,2916
22.5141,114.1355,18.3,2916
22.5141,114.14,0.6,2916
22.5141,114.1445,0.1,2916
22.5141,114.1489,0.0,2916
22.5141,114.1534,0.5,2916
22.5141,114.1579,57.3,2916
22.5141,114.1624,45.2,2862
22.5141,114.1669,65.7,2916
22.5141,114.1714,45.1,2916
22.5141,114.1759,35.1,2916
22.5141,114.1804,2.2,2916
22.5141,114.1849,0.0,2916
22.5141,114.1894,0.0,2916
22.5141,114.1939,0.0,2916
22.5141,114.1984,0.0,2916
22.5141,114.2028,0.0,2916
22.5141,114.2073,0.0,2862
22.5141,114.2118,0.2,2916
22.5141,114.2163,0.0,2916
22.5141,114.2208,0.0,2916
22.5141,114.2253,0.0,2916
22.5141,114.2298,0.0,2916
22.5141,114.2343,1.2,2916
22.5141,114.2388,0.0,2916
22.5141,114.2433,0.0,2916
22.5141,114.2478,0.0,2916
22.5141,114.2522,0.0,2862
22.5141,114.2567,0.0,2916
22.5141,114.2612,0.0,2916
22.5141,114.2657,0.0,2916
22.5141,114.2702,0.1,2916
22.5141,114.2747,0.0,2916
22.5141,114.2792,0.0,2916
22.5141,114.2837,0.0,2916
22.5141,114.2882,0.0,2916
22.5141,114.2927,0.0,2916
22.5141,114.2972,0.0,2862
22.5141,114.3017,0.0,2916
22.5141,114.3061,0.0,2916
22.5141,114.3106,0.0,2916
22.5141,114.3151,0.0,2916
22.5141,114.3196,0.0,2916
22.5141,114.3241,0.0,2916
22.5141,114.3286,0.0,2916
22.5141,114.3331,0.0,2916
22.5141,114.3376,0.0,2916
22.5141,114.3421,0.0,2862
22.5141,114.3466,0.0,2916
22.5141,114.3511,0.0,2916
22.5141,114.3556,0.0,2916
22.5141,114.36,0.0,2916
22.5141,114.3645,0.0,2916
22.5141,114.369,0.0,2916
22.5141,114.3735,0.0,2916
22.5141,114.378,0.0,2916
22.5141,114.3825,0.0,2916
22.5141,114.387,0.0,2862
22.5141,114.3915,0.0,2916
22.5141,114.396,0.0,2916
22.5141,114.4005,0.0,2916
22.5141,114.405,0.0,2916
22.5141,114.4095,0.0,2916
22.5141,114.4139,0.0,2916
22.5141,114.4184,0.0,2916
22.5141,114.4229,0.0,2916
22.5141,114.4274,0.0,2862
22.5141,114.4319,0.0,2916
22.5141,114.4364,0.0,2916
22.5141,114.4409,0.0,2916
22.5141,114.4454,0.0,2916
22.5141,114.4499,0.0,2916
22.5141,114.4544,0.0,2916
22.5141,114.4589,0.0,2916
22.5141,114.4634,0.0,2916
22.5141,114.4678,0.0,2916
22.5141,114.4723,0.0,2862
22.5141,114.4768,23.5,2916
22.5141,114.4813,1.6,2916
22.5141,114.4858,3.6,2916
22.5141,114.4903,0.0,2916
22.5141,114.4948,0.5,2916
22.5141,114.4993,0.4,2916
22.5141,114.5038,0.0,2916
22.5141,114.5083,0.0,2916
22.5141,114.5128,0.0,2916
22.5141,114.5173,0.1,2862
22.5141,114.5217,0.0,2916
22.5141,114.5262,0.0,2916
22.5141,114.5307,0.0,2916
22.5141,114.5352,0.0,2916
22.5141,114.5397,0.0,2916
22.5141,114.5442,0.0,2916
22.5141,114.5487,0.0,2916
22.5141,114.5532,0.0,2916
22.5141,114.5577,0.0,2916
22.5141,114.5622,0.0,2862
22.5141,114.5667,0.0,2916
22.5141,114.5711,0.0,2916
22.5141,114.5756,0.0,2916
22.5141,114.5801,0.0,2916
22.5141,114.5846,0.0,2916
22.5141,114.5891,0.0,2916
22.5141,114.5936,0.0,2916
22.5141,114.5981,0.0,2916
22.5141,114.6026,0.0,2916
22.5141,114.6071,0.0,2862
22.5141,114.6116,0.0,2916
22.5141,114.6161,0.0,2916
22.5141,114.6206,0.0,2916
22.5141,114.625,0.0,2916
22.5141,114.6295,0.0,2916
22.5141,114.634,0.0,2916
22.5141,114.6385,0.0,2916
22.5141,114.643,0.0,2916
22.5141,114.6475,0.0,2916
22.5141,114.652,0.0,108
22.5186,113.7222,0.0,2916
22.5186,113.7267,0.0,2916
22.5186,113.7312,0.0,2916
22.5186,113.7357,0.0,2916
22.5186,113.7402,0.0,2916
22.5186,113.7447,0.0,2916
22.5186,113.7492,0.0,2916
22.5186,113.7537,0.0,2916
22.5186,113.7582,0.0,2916
22.5186,113.7627,0.0,2862
22.5186,113.7672,0.0,2916
22.5186,113.7717,0.0,2916
22.5186,113.7761,0.0,2916
22.5186,113.7806,0.0,2916
22.5186,113.7851,0.0,2916
22.5186,113.7896,0.0,2916
22.5186,113.7941,0.0,2916
22.5186,113.7986,0.0,2916
22.5186,113.8031,0.0,2916
22.5186,113.8076,0.0,2862
22.5186,113.8121,0.0,2916
22.5186,113.8166,0.0,2916
22.5186,113.8211,0.0,2916
22.5186,113.8256,0.0,2916
22.5186,113.83,0.0,2916
22.5186,113.8345,0.0,2916
22.5186,113.839,5.0,2916
22.5186,113.8435,4.0,2916
22.5186,113.848,0.0,2916
22.5186,113.8525,0.0,2862
22.5186,113.857,0.0,2916
22.5186,113.8615,0.0,2916
22.5186,113.866,7.6,2916
22.5186,113.8705,51.5,2916
22.5186,113.875,23.5,2916
22.5186,113.8795,29.6,2916
22.5186,113.8839,34.7,2916
22.5186,113.8884,30.2,2916
22.5186,113.8929,48.3,2916
22.5186,113.8974,86.7,2862
22.5186,113.9019,54.8,2916
22.5186,113.9064,69.9,2916
22.5186,113.9109,92.7,2916
22.5186,113.9154,88.8,2916
22.5186,113.9199,77.1,2916
22.5186,113.9244,89.0,2916
22.5186,113.9289,79.0,2916
22.5186,113.9333,81.1,2916
22.5186,113.9378,91.2,2916
22.5186,113.9423,77.4,2862
22.5186,113.9468,50.9,2916
22.5186,113.9513,1.1,2916
22.5186,113.9558,0.0,2916
22.5186,113.9603,0.0,2916
22.5186,113.9648,0.0,2916
22.5186,113.9693,0.0,2916
22.5186,113.9738,0.0,2916
22.5186,113.9783,0.0,2916
22.5186,113.9828,0.0,2916
22.5186,113.9872,0.0,2862
22.5186,113.9917,0.0,2916
22.5186,113.9962,0.0,2916
22.5186,114.0007,0.0,2970
22.5186,114.0052,0.0,2916
22.5186,114.0097,0.0,2916
22.5186,114.0142,0.0,2916
22.5186,114.0187,0.0,2916
22.5186,114.0232,0.0,2916
22.5186,114.0277,6.5,2916
22.5186,114.0322,50.6,2862
22.5186,114.0367,70.3,2916
22.5186,114.0411,67.9,2916
22.5186,114.0456,73.0,2916
22.5186,114.0501,58.4,2916
22.5186,114.0546,44.1,2916
22.5186,114.0591,73.5,2916
22.5186,114.0636,72.5,2916
22.5186,114.0681,63.0,2916
22.5186,114.0726,27.0,2862
22.5186,114.0771,0.8,2916
22.5186,114.0816,0.0,2916
22.5186,114.0861,0.1,2916
22.5186,114.0906,0.0,2916
22.5186,114.095,0.1,2916
22.5186,114.0995,8.0,2916
22.5186,114.104,2.8,2916
22.5186,114.1085,3.8,2916
22.5186,114.113,22.4,2916
22.5186,114.1175,35.1,2862
22.5186,114.122,25.9,2916
22.5186,114.1265,38.0,2916
22.5186,114.131,14.6,2916
22.5186,114.1355,5.1,2916
22.5186,114.14,9.9,2916
22.5186,114.1445,0.0,2916
22.5186,114.1489,0.6,2916
22.5186,114.1534,0.6,2916
22.5186,114.1579,6.5,2916
22.5186,114.1624,60.9,2862
22.5186,114.1669,40.2,2916
22.5186,114.1714,31.4,2916
22.5186,114.1759,30.0,2916
22.5186,114.1804,16.1,2916
22.5186,114.1849,7.9,2916
22.5186,114.1894,0.0,2916
22.5186,114.1939,0.0,2916
22.5186,114.1984,0.0,2916
22.5186,114.2028,0.0,2916
22.5186,114.2073,3.6,2862
22.5186,114.2118,1.6,2916
22.5186,114.2163,1.3,2916
22.5186,114.2208,0.0,2916
22.5186,114.2253,0.5,2916
22.5186,114.2298,0.9,2916
22.5186,114.2343,0.0,2916
22.5186,114.2388,0.0,2916
22.5186,114.2433,0.0,2916
22.5186,114.2478,0.0,2916
22.5186,114.2522,0.0,2862
22.5186,114.2567,0.3,2916
22.5186,114.2612,0.2,2916
22.5186,114.2657,0.0,2916
22.5186,114.2702,0.4,2916
22.5186,114.2747,0.0,2916
22.5186,114.2792,0.0,2916
22.5186,114.2837,0.0,2916
22.5186,114.2882,0.0,2916
22.5186,114.2927,0.0,2916
22.5186,114.2972,0.0,2862
22.5186,114.3017,0.0,2916
22.5186,114.3061,0.0,2916
22.5186,114.3106,0.0,2916
22.5186,114.3151,0.0,2916
22.5186,114.3196,0.0,2916
22.5186,114.3241,0.0,2916
22.5186,114.3286,0.0,2916
22.5186,114.3331,0.0,2916
22.5186,114.3376,0.0,2916
22.5186,114.3421,0.0,2862
22.5186,114.3466,0.0,2916
22.5186,114.3511,0.0,2916
22.5186,114.3556,0.0,2916
22.5186,114.36,0.0,2916
22.5186,114.3645,0.0,2916
22.5186,114.369,0.0,2916
22.5186,114.3735,0.0,2916
22.5186,114.378,0.0,2916
22.5186,114.3825,0.0,2916
22.5186,114.387,0.0,2862
22.5186,114.3915,0.0,2916
22.5186,114.396,0.0,2916
22.5186,114.4005,0.0,2916
22.5186,114.405,0.0,2916
22.5186,114.4095,0.0,2916
22.5186,114.4139,0.0,2916
22.5186,114.4184,0.0,2916
22.5186,114.4229,0.0,2916
22.5186,114.4274,0.0,2862
22.5186,114.4319,0.0,2916
22.5186,114.4364,0.0,2916
22.5186,114.4409,0.0,2916
22.5186,114.4454,0.0,2916
22.5186,114.4499,0.0,2916
22.5186,114.4544,0.0,2916
22.5186,114.4589,0.0,2916
22.5186,114.4634,0.0,2916
22.5186,114.4678,0.0,2916
22.5186,114.4723,0.0,2862
22.5186,114.4768,0.0,2916
22.5186,114.4813,2.1,2916
22.5186,114.4858,0.1,2916
22.5186,114.4903,0.0,2916
22.5186,114.4948,0.0,2916
22.5186,114.4993,0.0,2916
22.5186,114.5038,1.3,2916
22.5186,114.5083,0.1,2916
22.5186,114.5128,0.0,2916
22.5186,114.5173,0.0,2862
22.5186,114.5217,0.0,2916
22.5186,114.5262,0.0,2916
22.5186,114.5307,0.0,2916
22.5186,114.5352,0.0,2916
22.5186,114.5397,0.0,2916
22.5186,114.5442,0.0,2916
22.5186,114.5487,0.0,2916
22.5186,114.5532,0.0,2916
22.5186,114.5577,0.0,2916
22.5186,114.5622,0.0,2862
22.5186,114.5667,0.0,2916
22.5186,114.5711,0.0,2916
22.5186,114.5756,0.0,2916
22.5186,114.5801,0.0,2916
22.5186,114.5846,0.0,2916
22.5186,114.5891,0.0,2916
22.5186,114.5936,0.0,2916
22.5186,114.5981,0.0,2916
22.5186,114.6026,0.0,2916
22.5186,114.6071,0.0,2862
22.5186,114.6116,0.0,2916
22.5186,114.6161,0.0,2916
22.5186,114.6206,0.0,2916
22.5186,114.625,0.0,2916
22.5186,114.6295,0.0,2916
22.5186,114.634,0.0,2916
22.5186,114.6385,0.0,2916
22.5186,114.643,0.0,2916
22.5186,114.6475,0.0,2916
22.5186,114.652,0.0,108
22.5231,113.7222,0.0,2916
22.5231,113.7267,0.0,2916
22.5231,113.7312,0.0,2916
22.5231,113.7357,0.0,2916
22.5231,113.7402,0.0,2916
22.5231,113.7447,0.0,2916
22.5231,113.7492,0.0,2916
22.5231,113.7537,0.0,2916
22.5231,113.7582,0.0,2916
22.5231,113.7627,0.0,2862
22.5231,113.7672,0.0,2916
22.5231,113.7717,0.0,2916
22.5231,113.7761,0.0,2916
22.5231,113.7806,0.0,2916
22.5231,113.7851,0.0,2916
22.5231,113.7896,0.0,2916
22.5231,113.7941,0.0,2916
22.5231,113.7986,0.0,2916
22.5231,113.8031,0.0,2916
22.5231,113.8076,0.0,2862
22.5231,113.8121,0.0,2916
22.5231,113.8166,0.0,2916
22.5231,113.8211,0.0,2916
22.5231,113.8256,0.0,2916
22.5231,113.83,0.0,2916
22.5231,113.8345,0.0,2916
22.5231,113.839,0.0,2916
22.5231,113.8435,0.0,2916
22.5231,113.848,0.0,2916
22.5231,113.8525,0.0,2862
22.5231,113.857,0.4,2916
22.5231,113.8615,0.0,2916
22.5231,113.866,0.0,2916
22.5231,113.8705,0.0,2916
22.5231,113.875,5.2,2916
22.5231,113.8795,45.3,2916
22.5231,113.8839,38.3,2916
22.5231,113.8884,25.9,2916
22.5231,113.8929,50.0,2916
22.5231,113.8974,52.9,2862
22.5231,113.9019,21.9,2916
22.5231,113.9064,41.3,2916
22.5231,113.9109,91.8,2916
22.5231,113.9154,88.4,2916
22.5231,113.9199,90.7,2916
22.5231,113.9244,77.7,2916
22.5231,113.9289,81.0,2916
22.5231,113.9333,80.3,2916
22.5231,113.9378,75.0,2916
22.5231,113.9423,81.1,2862
22.5231,113.9468,60.8,2916
22.5231,113.9513,23.5,2916
22.5231,113.9558,15.6,2916
22.5231,113.9603,37.3,2916
22.5231,113.9648,37.7,2916
22.5231,113.9693,39.0,2916
22.5231,113.9738,32.3,2916
22.5231,113.9783,54.6,2916
22.5231,113.9828,29.1,2916
22.5231,113.9872,32.7,2862
22.5231,113.9917,8.7,2916
22.5231,113.9962,0.0,2916
22.5231,114.0007,0.0,2970
22.5231,114.0052,0.0,2916
22.5231,114.0097,0.0,2916
22.5231,114.0142,0.0,2916
22.5231,114.0187,2.3,2916
22.5231,114.0232,34.5,2916
22.5231,114.0277,77.3,2916
22.5231,114.0322,81.0,2862
22.5231,114.0367,84.2,2916
22.5231,114.0411,77.0,2916
22.5231,114.0456,87.3,2916
22.5231,114.0501,66.7,2916
22.5231,114.0546,63.6,2916
22.5231,114.0591,92.2,2916
22.5231,114.0636,66.8,2916
22.5231,114.0681,85.6,2916
22.5231,114.0726,78.8,2862
22.5231,114.0771,0.2,2916
22.5231,114.0816,0.0,2916
22.5231,114.0861,0.7,2916
22.5231,114.0906,2.3,2916
22.5231,114.095,5.4,2916
22.5231,114.0995,6.9,2916
22.5231,114.104,0.1,2916
22.5231,114.1085,0.1,2916
22.5231,114.113,14.5,2916
22.5231,114.1175,8.9,2862
22.5231,114.122,38.1,2916
22.5231,114.1265,8.8,2916
22.5231,114.131,2.1,2916
22.5231,114.1355,12.6,2916
22.5231,114.14,17.8,2916
22.5231,114.1445,19.7,2916
22.5231,114.1489,7.5,2916
22.5231,114.1534,8.3,2916
22.5231,114.1579,33.1,2916
22.5231,114.1624,71.9,2862
22.5231,114.1669,63.6,2916
22.5231,114.1714,3.6,2916
22.5231,114.1759,18.0,2916
22.5231,114.1804,36.7,2916
22.5231,114.1849,23.2,2916
22.5231,114.1894,11.8,2916
22.5231,114.1939,6.1,2916
22.5231,114.1984,0.0,2916
22.5231,114.2028,0.0,2916
22.5231,114.2073,1.8,2862
22.5231,114.2118,1.9,2916
22.5231,114.2163,5.0,2916
22.5231,114.2208,3.3,2916
22.5231,114.2253,0.1,2916
22.5231,114.2298,0.0,2916
22.5231,114.2343,0.0,2916
22.5231,114.2388,0.0,2916
22.5231,114.2433,0.0,2916
22.5231,114.2478,0.0,2916
22.5231,114.2522,0.0,2862
22.5231,114.2567,0.0,2916
22.5231,114.2612,0.0,2916
22.5231,114.2657,0.0,2916
22.5231,114.2702,0.0,2916
22.5231,114.2747,0.0,2916
22.5231,114.2792,0.0,2916
22.5231,114.2837,0.4,2916
22.5231,114.2882,0.0,2916
22.5231,114.2927,0.0,2916
22.5231,114.2972,0.0,2862
22.5231,114.3017,0.0,2916
22.5231,114.3061,0.0,2916
22.5231,114.3106,0.0,2916
22.5231,114.3151,0.0,2916
22.5231,114.3196,0.0,2916
22.5231,114.3241,0.0,2916
22.5231,114.3286,0.0,2916
22.5231,114.3331,0.0,2916
22.5231,114.3376,0.0,2916
22.5231,114.3421,0.0,2862
22.5231,114.3466,0.0,2916
22.5231,114.3511,0.0,2916
22.5231,114.3556,0.0,2916
22.5231,114.36,0.0,2916
22.5231,114.3645,0.0,2916
22.5231,114.369,0.0,2916
22.5231,114.3735,0.0,2916
22.5231,114.378,0.0,2916
22.5231,114.3825,0.0,2916
22.5231,114.387,0.0,2862
22.5231,114.3915,0.0,2916
22.5231,114.396,0.0,2916
22.5231,114.4005,0.0,2916
22.5231,114.405,0.0,2916
22.5231,114.4095,0.0,2916
22.5231,114.4139,0.0,2916
22.5231,114.4184,0.0,2916
22.5231,114.4229,0.0,2916
22.5231,114.4274,0.0,2862
22.5231,114.4319,0.0,2916
22.5231,114.4364,0.0,2916
22.5231,114.4409,0.0,2916
22.5231,114.4454,0.0,2916
22.5231,114.4499,0.0,2916
22.5231,114.4544,0.0,2916
22.5231,114.4589,0.0,2916
22.5231,114.4634,0.0,2916
22.5231,114.4678,0.0,2916
22.5231,114.4723,0.0,2862
22.5231,114.4768,0.0,2916
22.5231,114.4813,1.9,2916
22.5231,114.4858,23.9,2916
22.5231,114.4903,1.2,2916
22.5231,114.4948,0.0,2916
22.5231,114.4993,0.0,2916
22.5231,114.5038,1.4,2916
22.5231,114.5083,0.0,2916
22.5231,114.5128,0.8,2916
22.5231,114.5173,0.4,2862
22.5231,114.5217,0.0,2916
22.5231,114.5262,0.0,2916
22.5231,114.5307,0.0,2916
22.5231,114.5352,0.0,2916
22.5231,114.5397,0.0,2916
22.5231,114.5442,0.0,2916
22.5231,114.5487,0.0,2916
22.5231,114.5532,0.0,2916
22.5231,114.5577,0.0,2916
22.5231,114.5622,0.0,2862
22.5231,114.5667,0.0,2916
22.5231,114.5711,0.0,2916
22.5231,114.5756,0.0,2916
22.5231,114.5801,0.0,2916
22.5231,114.5846,0.0,2916
22.5231,114.5891,0.0,2916
22.5231,114.5936,0.0,2916
22.5231,114.5981,0.0,2916
22.5231,114.6026,0.0,2916
22.5231,114.6071,0.0,2862
22.5231,114.6116,0.0,2916
22.5231,114.6161,0.0,2916
22.5231,114.6206,0.0,2916
22.5231,114.625,0.0,2916
22.5231,114.6295,0.0,2916
22.5231,114.634,0.0,2916
22.5231,114.6385,0.0,2916
22.5231,114.643,0.0,2916
22.5231,114.6475,0.0,2916
22.5231,114.652,0.0,108
22.5276,113.7222,0.0,2862
22.5276,113.7267,0.0,2862
22.5276,113.7312,0.0,2862
22.5276,113.7357,0.0,2862
22.5276,113.7402,0.0,2862
22.5276,113.7447,0.0,2862
22.5276,113.7492,0.0,2862
22.5276,113.7537,0.0,2862
22.5276,113.7582,0.0,2862
22.5276,113.7627,0.0,2809
22.5276,113.7672,0.0,2862
22.5276,113.7717,0.0,2862
22.5276,113.7761,0.0,2862
22.5276,113.7806,0.0,2862
22.5276,113.7851,0.0,2862
22.5276,113.7896,0.0,2862
22.5276,113.7941,0.0,2862
22.5276,113.7986,0.0,2862
22.5276,113.8031,0.0,2862
22.5276,113.8076,0.0,2809
22.5276,113.8121,0.0,2862
22.5276,113.8166,0.0,2862
22.5276,113.8211,0.0,2862
22.5276,113.8256,0.0,2862
22.5276,113.83,0.0,2862
22.5276,113.8345,0.0,2862
22.5276,113.839,0.0,2862
22.5276,113.8435,0.0,2862
22.5276,113.848,0.0,2862
22.5276,113.8525,0.0,2809
22.5276,113.857,34.9,2862
22.5276,113.8615,58.1,2862
22.5276,113.866,0.0,2862
22.5276,113.8705,0.0,2862
22.5276,113.875,0.0,2862
22.5276,113.8795,11.5,2862
22.5276,113.8839,25.6,2862
22.5276,113.8884,57.5,2862
22.5276,113.8929,29.5,2862
22.5276,113.8974,49.0,2809
22.5276,113.9019,72.9,2862
22.5276,113.9064,58.1,2862
22.5276,113.9109,84.1,2862
22.5276,113.9154,92.6,2862
22.5276,113.9199,91.7,2862
22.5276,113.9244,74.5,2862
22.5276,113.9289,81.6,2862
22.5276,113.9333,90.3,2862
22.5276,113.9378,66.8,2862
22.5276,113.9423,59.6,2809
22.5276,113.9468,59.6,2862
22.5276,113.9513,15.6,2862
22.5276,113.9558,1.0,2862
22.5276,113.9603,61.7,2862
22.5276,113.9648,60.5,2862
22.5276,113.9693,58.2,2862
22.5276,113.9738,50.9,2862
22.5276,113.9783,37.8,2862
22.5276,113.9828,33.3,2862
22.5276,113.9872,71.2,2809
22.5276,113.9917,81.5,2862
22.5276,113.9962,33.1,2862
22.5276,114.0007,3.5,2915
22.5276,114.0052,4.9,2862
22.5276,114.0097,6.9,2862
22.5276,114.0142,12.8,2862
22.5276,114.0187,61.3,2862
22.5276,114.0232,96.2,2862
22.5276,114.0277,84.2,2862
22.5276,114.0322,79.6,2809
22.5276,114.0367,63.7,2862
22.5276,114.0411,85.5,2862
22.5276,114.0456,72.6,2862
22.5276,114.0501,79.4,2862
22.5276,114.0546,89.3,2862
22.5276,114.0591,90.6,2862
22.5276,114.0636,83.8,2862
22.5276,114.0681,62.5,2862
22.5276,114.0726,78.5,2809
22.5276,114.0771,20.6,2862
22.5276,114.0816,0.0,2862
22.5276,114.0861,0.3,2862
22.5276,114.0906,2.8,2862
22.5276,114.095,3.6,2862
22.5276,114.0995,0.1,2862
22.5276,114.104,8.3,2862
22.5276,114.1085,1.4,2862
22.5276,114.113,23.1,2862
22.5276,114.1175,2.6,2809
22.5276,114.122,15.8,2862
22.5276,114.1265,50.3,2862
22.5276,114.131,10.4,2862
22.5276,114.1355,11.3,2862
22.5276,114.14,19.9,2862
22.5276,114.1445,56.9,2862
22.5276,114.1489,23.5,2862
22.5276,114.1534,26.1,2862
22.5276,114.1579,38.3,2862
22.5276,114.1624,41.2,2809
22.5276,114.1669,57.5,2862
22.5276,114.1714,22.5,2862
22.5276,114.1759,0.8,2862
22.5276,114.1804,7.3,2862
22.5276,114.1849,8.5,2862
22.5276,114.1894,1.5,2862
22.5276,114.1939,3.7,2862
22.5276,114.1984,2.3,2862
22.5276,114.2028,0.0,2862
22.5276,114.2073,0.5,2809
22.5276,114.2118,0.4,2862
22.5276,114.2163,0.0,2862
22.5276,114.2208,0.0,2862
22.5276,114.2253,0.2,2862
22.5276,114.2298,0.0,2862
22.5276,114.2343,0.0,2862
22.5276,114.2388,0.2,2862
22.5276,114.2433,0.0,2862
22.5276,114.2478,0.0,2862
22.5276,114.2522,0.0,2809
22.5276,114.2567,0.1,2862
22.5276,114.2612,4.2,2862
22.5276,114.2657,0.0,2862
22.5276,114.2702,0.0,2862
22.5276,114.2747,0.0,2862
22.5276,114.2792,0.0,2862
22.5276,114.2837,0.0,2862
22.5276,114.2882,0.0,2862
22.5276,114.2927,0.0,2862
22.5276,114.2972,0.0,2809
22.5276,114.3017,0.0,2862
22.5276,114.3061,0.0,2862
22.5276,114.3106,0.0,2862
22.5276,114.3151,0.0,2862
22.5276,114.3196,0.0,2862
22.5276,114.3241,0.0,2862
22.5276,114.3286,0.0,2862
22.5276,114.3331,0.0,2862
22.5276,114.3376,0.0,2862
22.5276,114.3421,0.0,2809
22.5276,114.3466,0.0,2862
22.5276,114.3511,0.0,2862
22.5276,114.3556,0.0,2862
22.5276,114.36,0.0,2862
22.5276,114.3645,0.0,2862
22.5276,114.369,0.0,2862
22.5276,114.3735,0.0,2862
22.5276,114.378,0.0,2862
22.5276,114.3825,0.0,2862
22.5276,114.387,0.0,2809
22.5276,114.3915,0.0,2862
22.5276,114.396,0.0,2862
22.5276,114.4005,0.0,2862
22.5276,114.405,0.0,2862
22.5276,114.4095,0.0,2862
22.5276,114.4139,0.0,2862
22.5276,114.4184,0.0,2862
22.5276,114.4229,0.0,2862
22.5276,114.4274,0.0,2809
22.5276,114.4319,0.0,2862
22.5276,114.4364,0.0,2862
22.5276,114.4409,0.0,2862
22.5276,114.4454,0.0,2862
22.5276,114.4499,0.0,2862
22.5276,114.4544,0.0,2862
22.5276,114.4589,0.0,2862
22.5276,114.4634,0.0,2862
22.5276,114.4678,0.0,2862
22.5276,114.4723,0.0,2809
22.5276,114.4768,0.0,2862
22.5276,114.4813,0.0,2862
22.5276,114.4858,7.3,2862
22.5276,114.4903,14.9,2862
22.5276,114.4948,0.0,2862
22.5276,114.4993,0.0,2862
22.5276,114.5038,0.2,2862
22.5276,114.5083,0.0,2862
22.5276,114.5128,4.4,2862
22.5276,114.5173,1.7,2809
22.5276,114.5217,0.0,2862
22.5276,114.5262,0.0,2862
22.5276,114.5307,0.0,2862
22.5276,114.5352,0.0,2862
22.5276,114.5397,0.0,2862
22.5276,114.5442,0.0,2862
22.5276,114.5487,0.0,2862
22.5276,114.5532,0.0,2862
22.5276,114.5577,0.0,2862
22.5276,114.5622,0.0,2809
22.5276,114.5667,0.0,2862
22.5276,114.5711,0.0,2862
22.5276,114.5756,0.0,2862
22.5276,114.5801,0.0,2862
22.5276,114.5846,0.0,2862
22.5276,114.5891,0.0,2862
22.5276,114.5936,0.0,2862
22.5276,114.5981,0.0,2862
22.5276,114.6026,0.0,2862
22.5276,114.6071,0.0,2809
22.5276,114.6116,0.0,2862
22.5276,114.6161,0.0,2862
22.5276,114.6206,0.0,2862
22.5276,114.625,0.0,2862
22.5276,114.6295,0.0,2862
22.5276,114.634,0.0,2862
22.5276,114.6385,0.0,2862
22.5276,114.643,0.0,2862
22.5276,114.6475,0.0,2862
22.5276,114.652,0.0,106
22.5321,113.7222,0.0,2916
22.5321,113.7267,0.0,2916
22.5321,113.7312,0.0,2916
22.5321,113.7357,0.0,2916
22.5321,113.7402,0.0,2916
22.5321,113.7447,0.0,2916
22.5321,113.7492,0.0,2916
22.5321,113.7537,0.0,2916
22.5321,113.7582,0.0,2916
22.5321,113.7627,0.0,2862
22.5321,113.7672,0.0,2916
22.5321,113.7717,0.0,2916
22.5321,113.7761,0.0,2916
22.5321,113.7806,0.0,2916
22.5321,113.7851,0.0,2916
22.5321,113.7896,0.0,2916
22.5321,113.7941,0.0,2916
22.5321,113.7986,0.0,2916
22.5321,113.8031,0.0,2916
22.5321,113.8076,0.0,2862
22.5321,113.8121,0.0,2916
22.5321,113.8166,0.0,2916
22.5321,113.8211,0.0,2916
22.5321,113.8256,0.0,2916
22.5321,113.83,0.0,2916
22.5321,113.8345,0.0,2916
22.5321,113.839,0.0,2916
22.5321,113.8435,0.0,2916
22.5321,113.848,0.0,2916
22.5321,113.8525,0.0,2862
22.5321,113.857,53.5,2916
22.5321,113.8615,53.6,2916
22.5321,113.866,1.9,2916
22.5321,113.8705,0.0,2916
22.5321,113.875,0.0,2916
22.5321,113.8795,15.8,2916
22.5321,113.8839,1.3,2916
22.5321,113.8884,17.6,2916
22.5321,113.8929,73.6,2916
22.5321,113.8974,68.6,2862
22.5321,113.9019,73.6,2916
22.5321,113.9064,56.1,2916
22.5321,113.9109,81.1,2916
22.5321,113.9154,89.5,2916
22.5321,113.9199,89.0,2916
22.5321,113.9244,61.0,2916
22.5321,113.9289,31.1,2916
22.5321,113.9333,58.6,2916
22.5321,113.9378,81.3,2916
22.5321,113.9423,80.6,2862
22.5321,113.9468,74.1,2916
22.5321,113.9513,26.6,2916
22.5321,113.9558,4.3,2916
22.5321,113.9603,37.9,2916
22.5321,113.9648,54.2,2916
22.5321,113.9693,24.2,2916
22.5321,113.9738,6.4,2916
22.5321,113.9783,11.9,2916
22.5321,113.9828,23.6,2916
22.5321,113.9872,13.7,2862
22.5321,113.9917,64.9,2916
22.5321,113.9962,94.5,2916
22.5321,114.0007,66.7,2970
22.5321,114.0052,63.7,2916
22.5321,114.0097,70.2,2916
22.5321,114.0142,56.9,2916
22.5321,114.0187,82.5,2916
22.5321,114.0232,84.8,2916
22.5321,114.0277,66.9,2916
22.5321,114.0322,15.8,2862
22.5321,114.0367,29.0,2916
22.5321,114.0411,74.1,2916
22.5321,114.0456,58.7,2916
22.5321,114.0501,73.4,2916
22.5321,114.0546,93.2,2916
22.5321,114.0591,80.2,2916
22.5321,114.0636,80.4,2916
22.5321,114.0681,42.9,2916
22.5321,114.0726,56.8,2862
22.5321,114.0771,81.9,2916
22.5321,114.0816,45.6,2916
22.5321,114.0861,8.5,2916
22.5321,114.0906,2.5,2916
22.5321,114.095,0.3,2916
22.5321,114.0995,0.0,2916
22.5321,114.104,0.0,2916
22.5321,114.1085,12.6,2916
22.5321,114.113,85.8,2916
22.5321,114.1175,1.0,2862
22.5321,114.122,0.0,2916
22.5321,114.1265,0.9,2916
22.5321,114.131,5.1,2916
22.5321,114.1355,0.3,2916
22.5321,114.14,2.0,2916
22.5321,114.1445,4.7,2916
22.5321,114.1489,30.5,2916
22.5321,114.1534,28.7,2916
22.5321,114.1579,17.8,2916
22.5321,114.1624,26.8,2862
22.5321,114.1669,13.6,2916
22.5321,114.1714,9.4,2916
22.5321,114.1759,0.0,2916
22.5321,114.1804,0.0,2916
22.5321,114.1849,0.0,2916
22.5321,114.1894,0.0,2916
22.5321,114.1939,0.4,2916
22.5321,114.1984,11.9,2916
22.5321,114.2028,15.9,2916
22.5321,114.2073,18.3,2862
22.5321,114.2118,0.1,2916
22.5321,114.2163,0.0,2916
22.5321,114.2208,0.0,2916
22.5321,114.2253,0.0,2916
22.5321,114.2298,0.0,2916
22.5321,114.2343,0.6,2916
22.5321,114.2388,0.1,2916
22.5321,114.2433,0.0,2916
22.5321,114.2478,0.0,2916
22.5321,114.2522,0.0,2862
22.5321,114.2567,0.0,2916
22.5321,114.2612,0.0,2916
22.5321,114.2657,0.0,2916
22.5321,114.2702,0.0,2916
22.5321,114.2747,0.0,2916
22.5321,114.2792,0.0,2916
22.5321,114.2837,0.0,2916
22.5321,114.2882,0.0,2916
22.5321,114.2927,0.0,2916
22.5321,114.2972,0.0,2862
22.5321,114.3017,0.0,2916
22.5321,114.3061,0.0,2916
22.5321,114.3106,0.0,2916
22.5321,114.3151,0.0,2916
22.5321,114.3196,0.0,2916
22.5321,114.3241,0.0,2916
22.5321,114.3286,0.0,2916
22.5321,114.3331,0.0,2916
22.5321,114.3376,0.0,2916
22.5321,114.3421,0.0,2862
22.5321,114.3466,0.0,2916
22.5321,114.3511,0.0,2916
22.5321,114.3556,0.0,2916
22.5321,114.36,0.0,2916
22.5321,114.3645,0.0,2916
22.5321,114.369,0.0,2916
22.5321,114.3735,0.0,2916
22.5321,114.378,0.0,2916
22.5321,114.3825,0.0,2916
22.5321,114.387,0.0,2862
22.5321,114.3915,0.0,2916
22.5321,114.396,0.0,2916
22.5321,114.4005,0.0,2916
22.5321,114.405,0.0,2916
22.5321,114.4095,0.0,2916
22.5321,114.4139,0.0,2916
22.5321,114.4184,0.0,2916
22.5321,114.4229,0.0,2916
22.5321,114.4274,0.0,2862
22.5321,114.4319,0.0,2916
22.5321,114.4364,0.0,2916
22.5321,114.4409,0.0,2916
22.5321,114.4454,0.0,2916
22.5321,114.4499,0.0,2916
22.5321,114.4544,0.0,2916
22.5321,114.4589,0.0,2916
22.5321,114.4634,0.0,2916
22.5321,114.4678,0.0,2916
22.5321,114.4723,0.0,2862
22.5321,114.4768,0.0,2916
22.5321,114.4813,0.0,2916
22.5321,114.4858,29.9,2916
22.5321,114.4903,10.2,2916
22.5321,114.4948,0.0,2916
22.5321,114.4993,0.8,2916
22.5321,114.5038,2.1,2916
22.5321,114.5083,24.5,2916
22.5321,114.5128,37.1,2916
22.5321,114.5173,14.7,2862
22.5321,114.5217,6.7,2916
22.5321,114.5262,10.2,2916
22.5321,114.5307,0.0,2916
22.5321,114.5352,0.0,2916
22.5321,114.5397,0.0,2916
22.5321,114.5442,0.0,2916
22.5321,114.5487,0.0,2916
22.5321,114.5532,0.0,2916
22.5321,114.5577,0.0,2916
22.5321,114.5622,0.0,2862
22.5321,114.5667,0.0,2916
22.5321,114.5711,0.0,2916
22.5321,114.5756,0.0,2916
22.5321,114.5801,0.0,2916
22.5321,114.5846,0.0,2916
22.5321,114.5891,0.0,2916
22.5321,114.5936,0.0,2916
22.5321,114.5981,0.0,2916
22.5321,114.6026,1.2,2916
22.5321,114.6071,0.0,2862
22.5321,114.6116,0.0,2916
22.5321,114.6161,0.0,2916
22.5321,114.6206,0.0,2916
22.5321,114.625,0.0,2916
22.5321,114.6295,0.0,2916
22.5321,114.634,0.0,2916
22.5321,114.6385,0.0,2916
22.5321,114.643,0.0,2916
22.5321,114.6475,0.0,2916
22.5321,114.652,0.0,108
22.5366,113.7222,0.0,2916
22.5366,113.7267,0.0,2916
22.5366,113.7312,0.0,2916
22.5366,113.7357,0.0,2916
22.5366,113.7402,0.0,2916
22.5366,113.7447,0.0,2916
22.5366,113.7492,0.0,2916
22.5366,113.7537,0.0,2916
22.5366,113.7582,0.0,2916
22.5366,113.7627,0.0,2862
22.5366,113.7672,0.0,2916
22.5366,113.7717,0.0,2916
22.5366,113.7761,0.0,2916
22.5366,113.7806,0.0,2916
22.5366,113.7851,0.0,2916
22.5366,113.7896,0.0,2916
22.5366,113.7941,0.0,2916
22.5366,113.7986,0.0,2916
22.5366,113.8031,0.0,2916
22.5366,113.8076,0.0,2862
22.5366,113.8121,0.0,2916
22.5366,113.8166,0.0,2916
22.5366,113.8211,0.0,2916
22.5366,113.8256,0.0,2916
22.5366,113.83,0.0,2916
22.5366,113.8345,0.0,2916
22.5366,113.839,0.0,2916
22.5366,113.8435,0.0,2916
22.5366,113.848,0.0,2916
22.5366,113.8525,7.1,2862
22.5366,113.857,92.7,2916
22.5366,113.8615,13.1,2916
22.5366,113.866,0.0,2916
22.5366,113.8705,0.0,2916
22.5366,113.875,1.4,2916
22.5366,113.8795,11.0,2916
22.5366,113.8839,0.0,2916
22.5366,113.8884,25.1,2916
22.5366,113.8929,69.2,2916
22.5366,113.8974,69.6,2862
22.5366,113.9019,63.1,2916
22.5366,113.9064,61.7,2916
22.5366,113.9109,91.5,2916
22.5366,113.9154,83.9,2916
22.5366,113.9199,78.8,2916
22.5366,113.9244,47.0,2916
22.5366,113.9289,39.4,2916
22.5366,113.9333,58.8,2916
22.5366,113.9378,80.1,2916
22.5366,113.9423,85.0,2862
22.5366,113.9468,89.3,2916
22.5366,113.9513,63.5,2916
22.5366,113.9558,19.6,2916
22.5366,113.9603,51.7,2916
22.5366,113.9648,71.5,2916
22.5366,113.9693,47.5,2916
22.5366,113.9738,27.5,2916
22.5366,113.9783,48.3,2916
22.5366,113.9828,50.5,2916
22.5366,113.9872,40.8,2862
22.5366,113.9917,36.2,2916
22.5366,113.9962,18.5,2916
22.5366,114.0007,55.1,2970
22.5366,114.0052,58.8,2916
22.5366,114.0097,63.3,2916
22.5366,114.0142,62.6,2916
22.5366,114.0187,74.2,2916
22.5366,114.0232,82.4,2916
22.5366,114.0277,46.1,2916
22.5366,114.0322,1.9,2862
22.5366,114.0367,0.0,2916
22.5366,114.0411,4.0,2916
22.5366,114.0456,58.0,2916
22.5366,114.0501,86.0,2916
22.5366,114.0546,80.6,2916
22.5366,114.0591,83.2,2916
22.5366,114.0636,82.8,2916
22.5366,114.0681,51.4,2916
22.5366,114.0726,63.7,2862
22.5366,114.0771,96.4,2916
22.5366,114.0816,81.8,2916
22.5366,114.0861,59.9,2916
22.5366,114.0906,29.4,2916
22.5366,114.095,53.2,2916
22.5366,114.0995,66.9,2916
22.5366,114.104,51.2,2916
22.5366,114.1085,65.9,2916
22.5366,114.113,84.7,2916
22.5366,114.1175,75.2,2862
22.5366,114.122,13.5,2916
22.5366,114.1265,4.5,2916
22.5366,114.131,27.7,2916
22.5366,114.1355,12.0,2916
22.5366,114.14,3.1,2916
22.5366,114.1445,12.9,2916
22.5366,114.1489,22.7,2916
22.5366,114.1534,13.8,2916
22.5366,114.1579,0.2,2916
22.5366,114.1624,40.6,2862
22.5366,114.1669,11.8,2916
22.5366,114.1714,6.4,2916
22.5366,114.1759,0.0,2916
22.5366,114.1804,0.0,2916
22.5366,114.1849,0.0,2916
22.5366,114.1894,0.0,2916
22.5366,114.1939,0.0,2916
22.5366,114.1984,0.0,2916
22.5366,114.2028,0.0,2916
22.5366,114.2073,6.8,2862
22.5366,114.2118,9.5,2916
22.5366,114.2163,2.5,2916
22.5366,114.2208,0.0,2916
22.5366,114.2253,0.0,2916
22.5366,114.2298,0.0,2916
22.5366,114.2343,0.0,2916
22.5366,114.2388,0.0,2916
22.5366,114.2433,0.0,2916
22.5366,114.2478,0.0,2916
22.5366,114.2522,0.0,2862
22.5366,114.2567,0.0,2916
22.5366,114.2612,0.0,2916
22.5366,114.2657,0.0,2916
22.5366,114.2702,0.0,2916
22.5366,114.2747,0.0,2916
22.5366,114.2792,0.0,2916
22.5366,114.2837,0.0,2916
22.5366,114.2882,0.0,2916
22.5366,114.2927,0.0,2916
22.5366,114.2972,0.0,2862
22.5366,114.3017,0.0,2916
22.5366,114.3061,0.0,2916
22.5366,114.3106,0.0,2916
22.5366,114.3151,0.0,2916
22.5366,114.3196,0.0,2916
22.5366,114.3241,0.0,2916
22.5366,114.3286,0.0,2916
22.5366,114.3331,0.0,2916
22.5366,114.3376,0.0,2916
22.5366,114.3421,0.0,2862
22.5366,114.3466,0.0,2916
22.5366,114.3511,0.0,2916
22.5366,114.3556,0.0,2916
22.5366,114.36,0.0,2916
22.5366,114.3645,0.0,2916
22.5366,114.369,0.0,2916
22.5366,114.3735,0.0,2916
22.5366,114.378,0.0,2916
22.5366,114.3825,0.0,2916
22.5366,114.387,0.0,2862
22.5366,114.3915,0.0,2916
22.5366,114.396,0.0,2916
22.5366,114.4005,0.0,2916
22.5366,114.405,0.0,2916
22.5366,114.4095,0.0,2916
22.5366,114.4139,0.0,2916
22.5366,114.4184,0.0,2916
22.5366,114.4229,0.0,2916
22.5366,114.4274,0.0,2862
22.5366,114.4319,0.0,2916
22.5366,114.4364,0.0,2916
22.5366,114.4409,0.0,2916
22.5366,114.4454,0.0,2916
22.5366,114.4499,0.0,2916
22.5366,114.4544,0.0,2916
22.5366,114.4589,0.0,2916
22.5366,114.4634,0.0,2916
22.5366,114.4678,0.0,2916
22.5366,114.4723,0.0,2862
22.5366,114.4768,0.0,2916
22.5366,114.4813,0.4,2916
22.5366,114.4858,52.4,2916
22.5366,114.4903,82.1,2916
22.5366,114.4948,13.8,2916
22.5366,114.4993,0.0,2916
22.5366,114.5038,0.1,2916
22.5366,114.5083,1.6,2916
22.5366,114.5128,19.3,2916
22.5366,114.5173,20.3,2862
22.5366,114.5217,5.6,2916
22.5366,114.5262,0.0,2916
22.5366,114.5307,0.0,2916
22.5366,114.5352,0.0,2916
22.5366,114.5397,0.0,2916
22.5366,114.5442,0.0,2916
22.5366,114.5487,0.0,2916
22.5366,114.5532,0.0,2916
22.5366,114.5577,0.0,2916
22.5366,114.5622,0.0,2862
22.5366,114.5667,0.0,2916
22.5366,114.5711,0.0,2916
22.5366,114.5756,0.0,2916
22.5366,114.5801,0.0,2916
22.5366,114.5846,0.0,2916
22.5366,114.5891,0.0,2916
22.5366,114.5936,0.0,2916
22.5366,114.5981,0.2,2916
22.5366,114.6026,0.0,2916
22.5366,114.6071,0.0,2862
22.5366,114.6116,0.0,2916
22.5366,114.6161,0.0,2916
22.5366,114.6206,0.0,2916
22.5366,114.625,0.0,2916
22.5366,114.6295,0.0,2916
22.5366,114.634,0.0,2916
22.5366,114.6385,0.0,2916
22.5366,114.643,0.0,2916
22.5366,114.6475,0.0,2916
22.5366,114.652,0.0,108
22.5411,113.7222,0.0,2916
22.5411,113.7267,0.0,2916
22.5411,113.7312,0.0,2916
22.5411,113.7357,0.0,2916
22.5411,113.7402,0.0,2916
22.5411,113.7447,0.0,2916
22.5411,113.7492,0.0,2916
22.5411,113.7537,0.0,2916
22.5411,113.7582,0.0,2916
22.5411,113.7627,0.0,2862
22.5411,113.7672,0.0,2916
22.5411,113.7717,0.0,2916
22.5411,113.7761,0.0,2916
22.5411,113.7806,0.0,2916
22.5411,113.7851,0.0,2916
22.5411,113.7896,0.0,2916
22.5411,113.7941,0.0,2916
22.5411,113.7986,0.0,2916
22.5411,113.8031,0.0,2916
22.5411,113.8076,0.0,2862
22.5411,113.8121,0.0,2916
22.5411,113.8166,0.0,2916
22.5411,113.8211,0.0,2916
22.5411,113.8256,0.0,2916
22.5411,113.83,0.0,2916
22.5411,113.8345,0.0,2916
22.5411,113.839,0.0,2916
22.5411,113.8435,0.0,2916
22.5411,113.848,0.0,2916
22.5411,113.8525,16.9,2862
22.5411,113.857,57.2,2916
22.5411,113.8615,1.3,2916
22.5411,113.866,0.0,2916
22.5411,113.8705,0.0,2916
22.5411,113.875,10.4,2916
22.5411,113.8795,0.0,2916
22.5411,113.8839,0.0,2916
22.5411,113.8884,16.6,2916
22.5411,113.8929,50.1,2916
22.5411,113.8974,27.6,2862
22.5411,113.9019,69.6,2916
22.5411,113.9064,57.0,2916
22.5411,113.9109,84.2,2916
22.5411,113.9154,88.4,2916
22.5411,113.9199,80.2,2916
22.5411,113.9244,9.8,2916
22.5411,113.9289,27.2,2916
22.5411,113.9333,37.1,2916
22.5411,113.9378,50.4,2916
22.5411,113.9423,75.1,2862
22.5411,113.9468,67.2,2916
22.5411,113.9513,74.5,2916
22.5411,113.9558,9.5,2916
22.5411,113.9603,46.0,2916
22.5411,113.9648,54.5,2916
22.5411,113.9693,75.7,2916
22.5411,113.9738,60.1,2916
22.5411,113.9783,41.1,2916
22.5411,113.9828,23.7,2916
22.5411,113.9872,49.0,2862
22.5411,113.9917,64.4,2916
22.5411,113.9962,35.9,2916
22.5411,114.0007,23.7,2970
22.5411,114.0052,56.1,2916
22.5411,114.0097,78.8,2916
22.5411,114.0142,74.8,2916
22.5411,114.0187,74.2,2916
22.5411,114.0232,68.7,2916
22.5411,114.0277,32.8,2916
22.5411,114.0322,40.6,2862
22.5411,114.0367,40.0,2916
22.5411,114.0411,28.6,2916
22.5411,114.0456,40.2,2916
22.5411,114.0501,70.8,2916
22.5411,114.0546,22.3,2916
22.5411,114.0591,72.5,2916
22.5411,114.0636,91.0,2916
22.5411,114.0681,48.3,2916
22.5411,114.0726,56.6,2862
22.5411,114.0771,80.6,2916
22.5411,114.0816,90.9,2916
22.5411,114.0861,92.0,2916
22.5411,114.0906,91.7,2916
22.5411,114.095,83.3,2916
22.5411,114.0995,86.8,2916
22.5411,114.104,87.7,2916
22.5411,114.1085,78.0,2916
22.5411,114.113,84.4,2916
22.5411,114.1175,89.9,2862
22.5411,114.122,87.6,2916
22.5411,114.1265,62.3,2916
22.5411,114.131,39.4,2916
22.5411,114.1355,16.0,2916
22.5411,114.14,6.3,2916
22.5411,114.1445,39.7,2916
22.5411,114.1489,38.7,2916
22.5411,114.1534,9.1,2916
22.5411,114.1579,20.2,2916
22.5411,114.1624,5.3,2862
22.5411,114.1669,10.7,2916
22.5411,114.1714,11.6,2916
22.5411,114.1759,0.5,2916
22.5411,114.1804,0.9,2916
22.5411,114.1849,0.0,2916
22.5411,114.1894,0.0,2916
22.5411,114.1939,0.0,2916
22.5411,114.1984,0.0,2916
22.5411,114.2028,0.0,2916
22.5411,114.2073,0.0,2862
22.5411,114.2118,15.4,2916
22.5411,114.2163,11.1,2916
22.5411,114.2208,0.0,2916
22.5411,114.2253,1.0,2916
22.5411,114.2298,0.0,2916
22.5411,114.2343,0.0,2916
22.5411,114.2388,0.0,2916
22.5411,114.2433,0.0,2916
22.5411,114.2478,0.0,2916
22.5411,114.2522,0.0,2862
22.5411,114.2567,0.0,2916
22.5411,114.2612,0.0,2916
22.5411,114.2657,0.0,2916
22.5411,114.2702,0.0,2916
22.5411,114.2747,0.0,2916
22.5411,114.2792,0.0,2916
22.5411,114.2837,0.0,2916
22.5411,114.2882,0.0,2916
22.5411,114.2927,0.0,2916
22.5411,114.2972,0.0,2862
22.5411,114.3017,0.0,2916
22.5411,114.3061,0.0,2916
22.5411,114.3106,0.0,2916
22.5411,114.3151,0.0,2916
22.5411,114.3196,0.0,2916
22.5411,114.3241,0.0,2916
22.5411,114.3286,0.0,2916
22.5411,114.3331,0.1,2916
22.5411,114.3376,0.0,2916
22.5411,114.3421,0.0,2862
22.5411,114.3466,0.0,2916
22.5411,114.3511,0.0,2916
22.5411,114.3556,0.0,2916
22.5411,114.36,0.0,2916
22.5411,114.3645,0.0,2916
22.5411,114.369,0.0,2916
22.5411,114.3735,0.0,2916
22.5411,114.378,0.0,2916
22.5411,114.3825,0.0,2916
22.5411,114.387,0.0,2862
22.5411,114.3915,0.0,2916
22.5411,114.396,0.0,2916
22.5411,114.4005,0.0,2916
22.5411,114.405,0.0,2916
22.5411,114.4095,0.0,2916
22.5411,114.4139,0.0,2916
22.5411,114.4184,0.0,2916
22.5411,114.4229,0.0,2916
22.5411,114.4274,0.0,2862
22.5411,114.4319,0.0,2916
22.5411,114.4364,0.9,2916
22.5411,114.4409,0.1,2916
22.5411,114.4454,0.0,2916
22.5411,114.4499,0.0,2916
22.5411,114.4544,0.0,2916
22.5411,114.4589,0.0,2916
22.5411,114.4634,0.0,2916
22.5411,114.4678,0.0,2916
22.5411,114.4723,0.0,2862
22.5411,114.4768,3.8,2916
22.5411,114.4813,60.7,2916
22.5411,114.4858,12.6,2916
22.5411,114.4903,13.2,2916
22.5411,114.4948,1.1,2916
22.5411,114.4993,0.0,2916
22.5411,114.5038,0.0,2916
22.5411,114.5083,25.0,2916
22.5411,114.5128,68.2,2916
22.5411,114.5173,3.0,2862
22.5411,114.5217,0.3,2916
22.5411,114.5262,0.0,2916
22.5411,114.5307,0.0,2916
22.5411,114.5352,0.0,2916
22.5411,114.5397,0.0,2916
22.5411,114.5442,0.0,2916
22.5411,114.5487,0.0,2916
22.5411,114.5532,0.0,2916
22.5411,114.5577,0.0,2916
22.5411,114.5622,0.0,2862
22.5411,114.5667,0.0,2916
22.5411,114.5711,0.0,2916
22.5411,114.5756,0.0,2916
22.5411,114.5801,0.0,2916
22.5411,114.5846,0.0,2916
22.5411,114.5891,0.7,2916
22.5411,114.5936,0.3,2916
22.5411,114.5981,1.0,2916
22.5411,114.6026,4.5,2916
22.5411,114.6071,0.9,2862
22.5411,114.6116,0.0,2916
22.5411,114.6161,0.0,2916
22.5411,114.6206,0.0,2916
22.5411,114.625,0.0,2916
22.5411,114.6295,0.0,2916
22.5411,114.634,0.0,2916
22.5411,114.6385,0.0,2916
22.5411,114.643,0.0,2916
22.5411,114.6475,0.0,2916
22.5411,114.652,0.0,108
22.5456,113.7222,0.0,2916
22.5456,113.7267,0.0,2916
22.5456,113.7312,0.0,2916
22.5456,113.7357,0.0,2916
22.5456,113.7402,0.0,2916
22.5456,113.7447,0.0,2916
22.5456,113.7492,0.0,2916
22.5456,113.7537,0.0,2916
22.5456,113.7582,0.0,2916
22.5456,113.7627,0.0,2862
22.5456,113.7672,0.0,2916
22.5456,113.7717,0.0,2916
22.5456,113.7761,0.0,2916
22.5456,113.7806,0.0,2916
22.5456,113.7851,0.0,2916
22.5456,113.7896,0.0,2916
22.5456,113.7941,0.0,2916
22.5456,113.7986,0.0,2916
22.5456,113.8031,0.0,2916
22.5456,113.8076,0.0,2862
22.5456,113.8121,0.0,2916
22.5456,113.8166,0.0,2916
22.5456,113.8211,0.0,2916
22.5456,113.8256,0.0,2916
22.5456,113.83,0.0,2916
22.5456,113.8345,0.0,2916
22.5456,113.839,0.0,2916
22.5456,113.8435,0.0,2916
22.5456,113.848,0.0,2916
22.5456,113.8525,0.5,2862
22.5456,113.857,13.5,2916
22.5456,113.8615,0.2,2916
22.5456,113.866,0.0,2916
22.5456,113.8705,9.1,2916
22.5456,113.875,11.6,2916
22.5456,113.8795,15.8,2916
22.5456,113.8839,31.3,2916
22.5456,113.8884,53.1,2916
22.5456,113.8929,50.6,2916
22.5456,113.8974,18.6,2862
22.5456,113.9019,34.2,2916
22.5456,113.9064,68.0,2916
22.5456,113.9109,47.5,2916
22.5456,113.9154,74.7,2916
22.5456,113.9199,84.0,2916
22.5456,113.9244,69.5,2916
22.5456,113.9289,61.7,2916
22.5456,113.9333,68.5,2916
22.5456,113.9378,65.0,2916
22.5456,113.9423,77.3,2862
22.5456,113.9468,85.3,2916
22.5456,113.9513,77.2,2916
22.5456,113.9558,26.1,2916
22.5456,113.9603,41.7,2916
22.5456,113.9648,94.8,2916
22.5456,113.9693,66.2,2916
22.5456,113.9738,51.4,2916
22.5456,113.9783,20.8,2916
22.5456,113.9828,14.7,2916
22.5456,113.9872,37.9,2862
22.5456,113.9917,46.6,2916
22.5456,113.9962,54.3,2916
22.5456,114.0007,34.6,2970
22.5456,114.0052,39.1,2916
22.5456,114.0097,56.4,2916
22.5456,114.0142,55.5,2916
22.5456,114.0187,44.7,2916
22.5456,114.0232,45.4,2916
22.5456,114.0277,27.6,2916
22.5456,114.0322,64.2,2862
22.5456,114.0367,54.0,2916
22.5456,114.0411,65.9,2916
22.5456,114.0456,57.2,2916
22.5456,114.0501,57.3,2916
22.5456,114.0546,56.9,2916
22.5456,114.0591,62.9,2916
22.5456,114.0636,73.4,2916
22.5456,114.0681,66.2,2916
22.5456,114.0726,41.6,2862
22.5456,114.0771,61.0,2916
22.5456,114.0816,97.3,2916
22.5456,114.0861,91.9,2916
22.5456,114.0906,78.1,2916
22.5456,114.095,45.0,2916
22.5456,114.0995,47.4,2916
22.5456,114.104,82.1,2916
22.5456,114.1085,79.3,2916
22.5456,114.113,86.5,2916
22.5456,114.1175,85.7,2862
22.5456,114.122,81.6,2916
22.5456,114.1265,90.0,2916
22.5456,114.131,79.7,2916
22.5456,114.1355,84.1,2916
22.5456,114.14,50.3,2916
22.5456,114.1445,27.2,2916
22.5456,114.1489,41.0,2916
22.5456,114.1534,32.3,2916
22.5456,114.1579,8.8,2916
22.5456,114.1624,7.9,2862
22.5456,114.1669,31.4,2916
22.5456,114.1714,11.3,2916
22.5456,114.1759,5.1,2916
22.5456,114.1804,0.0,2916
22.5456,114.1849,0.0,2916
22.5456,114.1894,0.0,2916
22.5456,114.1939,0.0,2916
22.5456,114.1984,0.0,2916
22.5456,114.2028,0.0,2916
22.5456,114.2073,0.0,2862
22.5456,114.2118,0.0,2916
22.5456,114.2163,11.2,2916
22.5456,114.2208,48.4,2916
22.5456,114.2253,68.7,2916
22.5456,114.2298,39.0,2916
22.5456,114.2343,0.0,2916
22.5456,114.2388,0.0,2916
22.5456,114.2433,0.0,2916
22.5456,114.2478,0.1,2916
22.5456,114.2522,0.0,2862
22.5456,114.2567,0.0,2916
22.5456,114.2612,0.0,2916
22.5456,114.2657,0.0,2916
22.5456,114.2702,0.0,2916
22.5456,114.2747,0.0,2916
22.5456,114.2792,0.0,2916
22.5456,114.2837,0.0,2916
22.5456,114.2882,0.0,2916
22.5456,114.2927,1.6,2916
22.5456,114.2972,0.0,2862
22.5456,114.3017,0.0,2916
22.5456,114.3061,0.0,2916
22.5456,114.3106,0.0,2916
22.5456,114.3151,0.0,2916
22.5456,114.3196,0.0,2916
22.5456,114.3241,0.0,2916
22.5456,114.3286,0.0,2916
22.5456,114.3331,0.0,2916
22.5456,114.3376,0.0,2916
22.5456,114.3421,0.0,2862
22.5456,114.3466,0.0,2916
22.5456,114.3511,0.0,2916
22.5456,114.3556,0.0,2916
22.5456,114.36,0.0,2916
22.5456,114.3645,0.0,2916
22.5456,114.369,0.0,2916
22.5456,114.3735,0.0,2916
22.5456,114.378,0.0,2916
22.5456,114.3825,0.0,2916
22.5456,114.387,0.0,2862
22.5456,114.3915,0.0,2916
22.5456,114.396,0.0,2916
22.5456,114.4005,0.0,2916
22.5456,114.405,0.0,2916
22.5456,114.4095,0.0,2916
22.5456,114.4139,0.0,2916
22.5456,114.4184,0.0,2916
22.5456,114.4229,0.0,2916
22.5456,114.4274,0.0,2862
22.5456,114.4319,0.7,2916
22.5456,114.4364,0.0,2916
22.5456,114.4409,0.0,2916
22.5456,114.4454,0.0,2916
22.5456,114.4499,0.0,2916
22.5456,114.4544,0.0,2916
22.5456,114.4589,0.0,2916
22.5456,114.4634,0.0,2916
22.5456,114.4678,0.0,2916
22.5456,114.4723,0.0,2862
22.5456,114.4768,1.0,2916
22.5456,114.4813,32.2,2916
22.5456,114.4858,12.6,2916
22.5456,114.4903,0.0,2916
22.5456,114.4948,0.0,2916
22.5456,114.4993,0.0,2916
22.5456,114.5038,0.5,2916
22.5456,114.5083,4.5,2916
22.5456,114.5128,17.8,2916
22.5456,114.5173,7.9,2862
22.5456,114.5217,4.2,2916
22.5456,114.5262,0.0,2916
22.5456,114.5307,0.0,2916
22.5456,114.5352,0.0,2916
22.5456,114.5397,0.0,2916
22.5456,114.5442,0.0,2916
22.5456,114.5487,0.0,2916
22.5456,114.5532,0.0,2916
22.5456,114.5577,0.0,2916
22.5456,114.5622,0.9,2862
22.5456,114.5667,22.4,2916
22.5456,114.5711,9.8,2916
22.5456,114.5756,1.6,2916
22.5456,114.5801,0.9,2916
22.5456,114.5846,0.7,2916
22.5456,114.5891,0.0,2916
22.5456,114.5936,0.0,2916
22.5456,114.5981,0.0,2916
22.5456,114.6026,0.0,2916
22.5456,114.6071,0.2,2862
22.5456,114.6116,0.0,2916
22.5456,114.6161,0.0,2916
22.5456,114.6206,0.0,2916
22.5456,114.625,0.0,2916
22.5456,114.6295,0.0,2916
22.5456,114.634,0.0,2916
22.5456,114.6385,0.0,2916
22.5456,114.643,0.0,2916
22.5456,114.6475,0.0,2916
22.5456,114.652,0.0,108
22.55,113.7222,0.0,2916
22.55,113.7267,0.0,2916
22.55,113.7312,0.0,2916
22.55,113.7357,0.0,2916
22.55,113.7402,0.0,2916
22.55,113.7447,0.0,2916
22.55,113.7492,0.0,2916
22.55,113.7537,0.0,2916
22.55,113.7582,0.0,2916
22.55,113.7627,0.0,2862
22.55,113.7672,0.0,2916
22.55,113.7717,0.0,2916
22.55,113.7761,0.0,2916
22.55,113.7806,0.0,2916
22.55,113.7851,0.0,2916
22.55,113.7896,0.0,2916
22.55,113.7941,0.0,2916
22.55,113.7986,0.0,2916
22.55,113.8031,0.0,2916
22.55,113.8076,0.0,2862
22.55,113.8121,0.0,2916
22.55,113.8166,0.0,2916
22.55,113.8211,0.0,2916
22.55,113.8256,0.0,2916
22.55,113.83,0.0,2916
22.55,113.8345,0.0,2916
22.55,113.839,0.0,2916
22.55,113.8435,0.0,2916
22.55,113.848,0.0,2916
22.55,113.8525,0.0,2862
22.55,113.857,8.6,2916
22.55,113.8615,0.6,2916
22.55,113.866,6.6,2916
22.55,113.8705,18.6,2916
22.55,113.875,71.1,2916
22.55,113.8795,54.3,2916
22.55,113.8839,72.8,2916
22.55,113.8884,74.6,2916
22.55,113.8929,56.4,2916
22.55,113.8974,57.4,2862
22.55,113.9019,75.8,2916
22.55,113.9064,53.0,2916
22.55,113.9109,18.0,2916
22.55,113.9154,15.1,2916
22.55,113.9199,83.0,2916
22.55,113.9244,83.2,2916
22.55,113.9289,72.3,2916
22.55,113.9333,58.7,2916
22.55,113.9378,66.1,2916
22.55,113.9423,73.0,2862
22.55,113.9468,58.3,2916
22.55,113.9513,89.7,2916
22.55,113.9558,25.0,2916
22.55,113.9603,42.9,2916
22.55,113.9648,75.0,2916
22.55,113.9693,46.7,2916
22.55,113.9738,25.7,2916
22.55,113.9783,31.7,2916
22.55,113.9828,50.2,2916
22.55,113.9872,38.7,2862
22.55,113.9917,33.4,2916
22.55,113.9962,37.8,2916
22.55,114.0007,77.2,2970
22.55,114.0052,62.6,2916
22.55,114.0097,59.9,2916
22.55,114.0142,33.6,2916
22.55,114.0187,19.9,2916
22.55,114.0232,41.7,2916
22.55,114.0277,7.2,2916
22.55,114.0322,37.9,2862
22.55,114.0367,73.9,2916
22.55,114.0411,63.8,2916
22.55,114.0456,50.4,2916
22.55,114.0501,50.1,2916
22.55,114.0546,55.1,2916
22.55,114.0591,58.4,2916
22.55,114.0636,71.7,2916
22.55,114.0681,47.1,2916
22.55,114.0726,12.1,2862
22.55,114.0771,62.4,2916
22.55,114.0816,90.3,2916
22.55,114.0861,75.6,2916
22.55,114.0906,82.1,2916
22.55,114.095,36.6,2916
22.55,114.0995,71.8,2916
22.55,114.104,92.5,2916
22.55,114.1085,79.6,2916
22.55,114.113,75.1,2916
22.55,114.1175,91.4,2862
22.55,114.122,86.7,2916
22.55,114.1265,87.0,2916
22.55,114.131,75.9,2916
22.55,114.1355,89.1,2916
22.55,114.14,76.3,2916
22.55,114.1445,58.0,2916
22.55,114.1489,28.7,2916
22.55,114.1534,52.0,2916
22.55,114.1579,5.9,2916
22.55,114.1624,3.8,2862
22.55,114.1669,0.2,2916
22.55,114.1714,6.6,2916
22.55,114.1759,0.7,2916
22.55,114.1804,9.5,2916
22.55,114.1849,0.7,2916
22.55,114.1894,0.0,2916
22.55,114.1939,0.0,2916
22.55,114.1984,0.0,2916
22.55,114.2028,0.0,2916
22.55,114.2073,0.0,2862
22.55,114.2118,0.0,2916
22.55,114.2163,3.7,2916
22.55,114.2208,22.6,2916
22.55,114.2253,66.4,2916
22.55,114.2298,73.4,2916
22.55,114.2343,15.7,2916
22.55,114.2388,0.0,2916
22.55,114.2433,0.0,2916
22.55,114.2478,0.0,2916
22.55,114.2522,0.0,2862
22.55,114.2567,0.0,2916
22.55,114.2612,0.0,2916
22.55,114.2657,0.0,2916
22.55,114.2702,3.2,2916
22.55,114.2747,0.0,2916
22.55,114.2792,0.0,2916
22.55,114.2837,0.0,2916
22.55,114.2882,2.4,2916
22.55,114.2927,6.1,2916
22.55,114.2972,0.0,2862
22.55,114.3017,0.0,2916
22.55,114.3061,0.0,2916
22.55,114.3106,0.0,2916
22.55,114.3151,0.1,2916
22.55,114.3196,0.0,2916
22.55,114.3241,0.0,2916
22.55,114.3286,0.0,2916
22.55,114.3331,0.0,2916
22.55,114.3376,0.0,2916
22.55,114.3421,0.0,2862
22.55,114.3466,0.0,2916
22.55,114.3511,0.0,2916
22.55,114.3556,0.0,2916
22.55,114.36,0.0,2916
22.55,114.3645,0.0,2916
22.55,114.369,0.0,2916
22.55,114.3735,0.0,2916
22.55,114.378,0.0,2916
22.55,114.3825,0.0,2916
22.55,114.387,0.0,2862
22.55,114.3915,0.0,2916
22.55,114.396,0.0,2916
22.55,114.4005,0.0,2916
22.55,114.405,0.0,2916
22.55,114.4095,0.0,2916
22.55,114.4139,0.0,2916
22.55,114.4184,0.0,2916
22.55,114.4229,0.0,2916
22.55,114.4274,0.0,2862
22.55,114.4319,0.1,2916
22.55,114.4364,0.0,2916
22.55,114.4409,0.0,2916
22.55,114.4454,0.0,2916
22.55,114.4499,0.0,2916
22.55,114.4544,0.0,2916
22.55,114.4589,0.0,2916
22.55,114.4634,0.0,2916
22.55,114.4678,0.0,2916
22.55,114.4723,17.3,2862
22.55,114.4768,46.1,2916
22.55,114.4813,24.7,2916
22.55,114.4858,0.0,2916
22.55,114.4903,0.0,2916
22.55,114.4948,0.0,2916
22.55,114.4993,1.6,2916
22.55,114.5038,0.0,2916
22.55,114.5083,0.0,2916
22.55,114.5128,0.0,2916
22.55,114.5173,0.0,2862
22.55,114.5217,3.8,2916
22.55,114.5262,0.0,2916
22.55,114.5307,0.0,2916
22.55,114.5352,0.0,2916
22.55,114.5397,0.0,2916
22.55,114.5442,0.0,2916
22.55,114.5487,0.0,2916
22.55,114.5532,0.0,2916
22.55,114.5577,0.0,2916
22.55,114.5622,5.6,2862
22.55,114.5667,10.3,2916
22.55,114.5711,0.2,2916
22.55,114.5756,0.0,2916
22.55,114.5801,0.0,2916
22.55,114.5846,0.0,2916
22.55,114.5891,0.0,2916
22.55,114.5936,0.0,2916
22.55,114.5981,0.0,2916
22.55,114.6026,0.0,2916
22.55,114.6071,0.0,2862
22.55,114.6116,0.0,2916
22.55,114.6161,0.0,2916
22.55,114.6206,0.0,2916
22.55,114.625,0.0,2916
22.55,114.6295,0.0,2916
22.55,114.634,0.0,2916
22.55,114.6385,0.0,2916
22.55,114.643,0.0,2916
22.55,114.6475,0.0,2916
22.55,114.652,0.0,108
22.5545,113.7222,0.0,2916
22.5545,113.7267,0.0,2916
22.5545,113.7312,0.0,2916
22.5545,113.7357,0.0,2916
22.5545,113.7402,0.0,2916
22.5545,113.7447,0.0,2916
22.5545,113.7492,0.0,2916
22.5545,113.7537,0.0,2916
22.5545,113.7582,0.0,2916
22.5545,113.7627,0.0,2862
22.5545,113.7672,0.0,2916
22.5545,113.7717,0.0,2916
22.5545,113.7761,0.0,2916
22.5545,113.7806,0.0,2916
22.5545,113.7851,0.0,2916
22.5545,113.7896,0.0,2916
22.5545,113.7941,0.0,2916
22.5545,113.7986,0.0,2916
22.5545,113.8031,0.0,2916
22.5545,113.8076,0.0,2862
22.5545,113.8121,0.0,2916
22.5545,113.8166,0.0,2916
22.5545,113.8211,0.0,2916
22.5545,113.8256,0.0,2916
22.5545,113.83,0.0,2916
22.5545,113.8345,0.0,2916
22.5545,113.839,0.0,2916
22.5545,113.8435,0.0,2916
22.5545,113.848,0.4,2916
22.5545,113.8525,4.9,2862
22.5545,113.857,40.1,2916
22.5545,113.8615,31.4,2916
22.5545,113.866,47.0,2916
22.5545,113.8705,56.2,2916
22.5545,113.875,65.5,2916
22.5545,113.8795,48.5,2916
22.5545,113.8839,81.7,2916
22.5545,113.8884,82.3,2916
22.5545,113.8929,55.1,2916
22.5545,113.8974,76.9,2862
22.5545,113.9019,85.4,2916
22.5545,113.9064,61.6,2916
22.5545,113.9109,66.1,2916
22.5545,113.9154,44.7,2916
22.5545,113.9199,66.4,2916
22.5545,113.9244,79.8,2916
22.5545,113.9289,52.4,2916
22.5545,113.9333,40.9,2916
22.5545,113.9378,56.8,2916
22.5545,113.9423,71.4,2862
22.5545,113.9468,53.8,2916
22.5545,113.9513,69.3,2916
22.5545,113.9558,17.2,2916
22.5545,113.9603,21.7,2916
22.5545,113.9648,57.8,2916
22.5545,113.9693,49.3,2916
22.5545,113.9738,41.3,2916
22.5545,113.9783,71.2,2916
22.5545,113.9828,66.9,2916
22.5545,113.9872,32.1,2862
22.5545,113.9917,4.5,2916
22.5545,113.9962,32.4,2916
22.5545,114.0007,64.5,2970
22.5545,114.0052,60.0,2916
22.5545,114.0097,54.8,2916
22.5545,114.0142,37.5,2916
22.5545,114.0187,48.2,2916
22.5545,114.0232,45.8,2916
22.5545,114.0277,43.3,2916
22.5545,114.0322,42.2,2862
22.5545,114.0367,69.5,2916
22.5545,114.0411,78.3,2916
22.5545,114.0456,11.5,2916
22.5545,114.0501,0.2,2916
22.5545,114.0546,0.2,2916
22.5545,114.0591,0.4,2916
22.5545,114.0636,62.1,2916
22.5545,114.0681,42.6,2916
22.5545,114.0726,11.9,2862
22.5545,114.0771,62.2,2916
22.5545,114.0816,63.5,2916
22.5545,114.0861,70.6,2916
22.5545,114.0906,66.2,2916
22.5545,114.095,69.3,2916
22.5545,114.0995,74.1,2916
22.5545,114.104,89.4,2916
22.5545,114.1085,76.9,2916
22.5545,114.113,49.9,2916
22.5545,114.1175,71.0,2862
22.5545,114.122,83.9,2916
22.5545,114.1265,81.5,2916
22.5545,114.131,71.9,2916
22.5545,114.1355,68.1,2916
22.5545,114.14,59.5,2916
22.5545,114.1445,60.8,2916
22.5545,114.1489,45.4,2916
22.5545,114.1534,73.1,2916
22.5545,114.1579,11.5,2916
22.5545,114.1624,4.2,2862
22.5545,114.1669,1.7,2916
22.5545,114.1714,0.0,2916
22.5545,114.1759,1.1,2916
22.5545,114.1804,28.1,2916
22.5545,114.1849,14.2,2916
22.5545,114.1894,5.7,2916
22.5545,114.1939,1.7,2916
22.5545,114.1984,0.0,2916
22.5545,114.2028,0.0,2916
22.5545,114.2073,0.1,2862
22.5545,114.2118,0.4,2916
22.5545,114.2163,20.7,2916
22.5545,114.2208,67.9,2916
22.5545,114.2253,93.2,2916
22.5545,114.2298,82.3,2916
22.5545,114.2343,68.6,2916
22.5545,114.2388,9.4,2916
22.5545,114.2433,0.0,2916
22.5545,114.2478,0.0,2916
22.5545,114.2522,0.0,2862
22.5545,114.2567,0.0,2916
22.5545,114.2612,0.0,2916
22.5545,114.2657,0.0,2916
22.5545,114.2702,0.0,2916
22.5545,114.2747,0.0,2916
22.5545,114.2792,0.0,2916
22.5545,114.2837,0.0,2916
22.5545,114.2882,1.2,2916
22.5545,114.2927,0.0,2916
22.5545,114.2972,0.0,2862
22.5545,114.3017,0.0,2916
22.5545,114.3061,0.0,2916
22.5545,114.3106,0.0,2916
22.5545,114.3151,0.0,2916
22.5545,114.3196,0.0,2916
22.5545,114.3241,0.0,2916
22.5545,114.3286,0.0,2916
22.5545,114.3331,0.0,2916
22.5545,114.3376,0.0,2916
22.5545,114.3421,0.0,2862
22.5545,114.3466,0.0,2916
22.5545,114.3511,0.0,2916
22.5545,114.3556,0.0,2916
22.5545,114.36,0.0,2916
22.5545,114.3645,0.0,2916
22.5545,114.369,0.0,2916
22.5545,114.3735,0.0,2916
22.5545,114.378,0.0,2916
22.5545,114.3825,0.0,2916
22.5545,114.387,0.0,2862
22.5545,114.3915,0.0,2916
22.5545,114.396,0.0,2916
22.5545,114.4005,0.0,2916
22.5545,114.405,0.0,2916
22.5545,114.4095,0.0,2916
22.5545,114.4139,0.0,2916
22.5545,114.4184,0.0,2916
22.5545,114.4229,0.0,2916
22.5545,114.4274,0.0,2862
22.5545,114.4319,0.0,2916
22.5545,114.4364,0.0,2916
22.5545,114.4409,0.0,2916
22.5545,114.4454,0.0,2916
22.5545,114.4499,0.0,2916
22.5545,114.4544,0.0,2916
22.5545,114.4589,0.0,2916
22.5545,114.4634,0.0,2916
22.5545,114.4678,0.0,2916
22.5545,114.4723,2.4,2862
22.5545,114.4768,25.5,2916
22.5545,114.4813,16.2,2916
22.5545,114.4858,0.0,2916
22.5545,114.4903,19.3,2916
22.5545,114.4948,3.4,2916
22.5545,114.4993,2.0,2916
22.5545,114.5038,0.0,2916
22.5545,114.5083,0.3,2916
22.5545,114.5128,0.1,2916
22.5545,114.5173,0.0,2862
22.5545,114.5217,16.5,2916
22.5545,114.5262,2.8,2916
22.5545,114.5307,0.0,2916
22.5545,114.5352,0.0,2916
22.5545,114.5397,3.1,2916
22.5545,114.5442,0.2,2916
22.5545,114.5487,0.0,2916
22.5545,114.5532,0.1,2916
22.5545,114.5577,26.5,2916
22.5545,114.5622,3.9,2862
22.5545,114.5667,0.0,2916
22.5545,114.5711,0.0,2916
22.5545,114.5756,0.0,2916
22.5545,114.5801,0.0,2916
22.5545,114.5846,0.0,2916
22.5545,114.5891,0.0,2916
22.5545,114.5936,0.0,2916
22.5545,114.5981,0.0,2916
22.5545,114.6026,0.0,2916
22.5545,114.6071,0.0,2862
22.5545,114.6116,0.0,2916
22.5545,114.6161,0.0,2916
22.5545,114.6206,0.0,2916
22.5545,114.625,0.0,2916
22.5545,114.6295,0.0,2916
22.5545,114.634,0.0,2916
22.5545,114.6385,0.0,2916
22.5545,114.643,0.0,2916
22.5545,114.6475,0.0,2916
22.5545,114.652,0.0,108
22.559,113.7222,0.0,2916
22.559,113.7267,0.0,2916
22.559,113.7312,0.0,2916
22.559,113.7357,0.0,2916
22.559,113.7402,0.0,2916
22.559,113.7447,0.0,2916
22.559,113.7492,0.0,2916
22.559,113.7537,0.0,2916
22.559,113.7582,0.0,2916
22.559,113.7627,0.0,2862
22.559,113.7672,0.0,2916
22.559,113.7717,0.0,2916
22.559,113.7761,0.0,2916
22.559,113.7806,0.0,2916
22.559,113.7851,0.0,2916
22.559,113.7896,0.0,2916
22.559,113.7941,0.0,2916
22.559,113.7986,0.0,2916
22.559,113.8031,0.0,2916
22.559,113.8076,0.0,2862
22.559,113.8121,0.0,2916
22.559,113.8166,0.0,2916
22.559,113.8211,0.0,2916
22.559,113.8256,0.0,2916
22.559,113.83,0.0,2916
22.559,113.8345,0.0,2916
22.559,113.839,0.0,2916
22.559,113.8435,0.1,2916
22.559,113.848,18.8,2916
22.559,113.8525,66.2,2862
22.559,113.857,77.1,2916
22.559,113.8615,63.8,2916
22.559,113.866,87.2,2916
22.559,113.8705,82.5,2916
22.559,113.875,72.5,2916
22.559,113.8795,55.5,2916
22.559,113.8839,77.1,2916
22.559,113.8884,65.9,2916
22.559,113.8929,91.5,2916
22.559,113.8974,72.9,2862
22.559,113.9019,64.8,2916
22.559,113.9064,76.7,2916
22.559,113.9109,60.2,2916
22.559,113.9154,68.7,2916
22.559,113.9199,77.5,2916
22.559,113.9244,69.0,2916
22.559,113.9289,65.5,2916
22.559,113.9333,69.2,2916
22.559,113.9378,77.9,2916
22.559,113.9423,75.1,2862
22.559,113.9468,79.7,2916
22.559,113.9513,63.4,2916
22.559,113.9558,3.5,2916
22.559,113.9603,58.8,2916
22.559,113.9648,61.1,2916
22.559,113.9693,67.9,2916
22.559,113.9738,64.8,2916
22.559,113.9783,74.1,2916
22.559,113.9828,60.9,2916
22.559,113.9872,63.3,2862
22.559,113.9917,44.0,2916
22.559,113.9962,3.0,2916
22.559,114.0007,0.0,2970
22.559,114.0052,8.7,2916
22.559,114.0097,34.3,2916
22.559,114.0142,48.0,2916
22.559,114.0187,64.9,2916
22.559,114.0232,56.5,2916
22.559,114.0277,65.2,2916
22.559,114.0322,63.6,2862
22.559,114.0367,81.3,2916
22.559,114.0411,60.9,2916
22.559,114.0456,43.1,2916
22.559,114.0501,1.0,2916
22.559,114.0546,0.0,2916
22.559,114.0591,8.6,2916
22.559,114.0636,70.9,2916
22.559,114.0681,48.4,2916
22.559,114.0726,19.9,2862
22.559,114.0771,77.6,2916
22.559,114.0816,91.3,2916
22.559,114.0861,67.0,2916
22.559,114.0906,48.3,2916
22.559,114.095,60.4,2916
22.559,114.0995,75.1,2916
22.559,114.104,78.0,2916
22.559,114.1085,78.9,2916
22.559,114.113,42.5,2916
22.559,114.1175,60.2,2862
22.559,114.122,82.1,2916
22.559,114.1265,84.1,2916
22.559,114.131,73.4,2916
22.559,114.1355,73.7,2916
22.559,114.14,54.2,2916
22.559,114.1445,27.1,2916
22.559,114.1489,22.3,2916
22.559,114.1534,41.2,2916
22.559,114.1579,42.0,2916
22.559,114.1624,9.2,2862
22.559,114.1669,19.2,2916
22.559,114.1714,29.0,2916
22.559,114.1759,28.7,2916
22.559,114.1804,46.5,2916
22.559,114.1849,23.9,2916
22.559,114.1894,5.5,2916
22.559,114.1939,1.1,2916
22.559,114.1984,3.7,2916
22.559,114.2028,0.0,2916
22.559,114.2073,0.2,2862
22.559,114.2118,5.3,2916
22.559,114.2163,67.4,2916
22.559,114.2208,62.5,2916
22.559,114.2253,32.0,2916
22.559,114.2298,68.1,2916
22.559,114.2343,86.0,2916
22.559,114.2388,80.1,2916
22.559,114.2433,49.5,2916
22.559,114.2478,48.1,2916
22.559,114.2522,2.2,2862
22.559,114.2567,0.0,2916
22.559,114.2612,0.0,2916
22.559,114.2657,0.0,2916
22.559,114.2702,0.0,2916
22.559,114.2747,0.0,2916
22.559,114.2792,0.0,2916
22.559,114.2837,0.0,2916
22.559,114.2882,0.0,2916
22.559,114.2927,0.0,2916
22.559,114.2972,0.0,2862
22.559,114.3017,0.0,2916
22.559,114.3061,0.0,2916
22.559,114.3106,0.0,2916
22.559,114.3151,0.0,2916
22.559,114.3196,0.0,2916
22.559,114.3241,0.0,2916
22.559,114.3286,0.0,2916
22.559,114.3331,0.0,2916
22.559,114.3376,0.0,2916
22.559,114.3421,0.0,2862
22.559,114.3466,0.0,2916
22.559,114.3511,0.0,2916
22.559,114.3556,0.0,2916
22.559,114.36,0.0,2916
22.559,114.3645,0.0,2916
22.559,114.369,0.0,2916
22.559,114.3735,0.0,2916
22.559,114.378,0.0,2916
22.559,114.3825,0.0,2916
22.559,114.387,0.0,2862
22.559,114.3915,0.0,2916
22.559,114.396,0.0,2916
22.559,114.4005,0.0,2916
22.559,114.405,0.0,2916
22.559,114.4095,0.0,2916
22.559,114.4139,0.0,2916
22.559,114.4184,0.0,2916
22.559,114.4229,0.0,2916
22.559,114.4274,0.0,2862
22.559,114.4319,0.0,2916
22.559,114.4364,0.0,2916
22.559,114.4409,0.0,2916
22.559,114.4454,0.0,2916
22.559,114.4499,0.0,2916
22.559,114.4544,0.0,2916
22.559,114.4589,0.0,2916
22.559,114.4634,5.1,2916
22.559,114.4678,0.0,2916
22.559,114.4723,0.0,2862
22.559,114.4768,0.0,2916
22.559,114.4813,4.3,2916
22.559,114.4858,3.2,2916
22.559,114.4903,30.5,2916
22.559,114.4948,4.4,2916
22.559,114.4993,0.1,2916
22.559,114.5038,0.0,2916
22.559,114.5083,0.0,2916
22.559,114.5128,0.0,2916
22.559,114.5173,0.0,2862
22.559,114.5217,9.9,2916
22.559,114.5262,26.0,2916
22.559,114.5307,1.1,2916
22.559,114.5352,18.6,2916
22.559,114.5397,20.8,2916
22.559,114.5442,4.0,2916
22.559,114.5487,35.2,2916
22.559,114.5532,34.4,2916
22.559,114.5577,26.6,2916
22.559,114.5622,0.1,2862
22.559,114.5667,0.0,2916
22.559,114.5711,0.0,2916
22.559,114.5756,0.0,2916
22.559,114.5801,0.0,2916
22.559,114.5846,0.0,2916
22.559,114.5891,0.0,2916
22.559,114.5936,0.0,2916
22.559,114.5981,0.0,2916
22.559,114.6026,0.0,2916
22.559,114.6071,0.0,2862
22.559,114.6116,0.0,2916
22.559,114.6161,0.0,2916
22.559,114.6206,0.0,2916
22.559,114.625,0.0,2916
22.559,114.6295,0.0,2916
22.559,114.634,0.0,2916
22.559,114.6385,0.0,2916
22.559,114.643,0.0,2916
22.559,114.6475,0.0,2916
22.559,114.652,0.0,108
22.5635,113.7222,0.0,2916
22.5635,113.7267,0.0,2916
22.5635,113.7312,0.0,2916
22.5635,113.7357,0.0,2916
22.5635,113.7402,0.0,2916
22.5635,113.7447,0.0,2916
22.5635,113.7492,0.0,2916
22.5635,113.7537,0.0,2916
22.5635,113.7582,0.0,2916
22.5635,113.7627,0.0,2862
22.5635,113.7672,0.0,2916
22.5635,113.7717,0.0,2916
22.5635,113.7761,0.0,2916
22.5635,113.7806,0.0,2916
22.5635,113.7851,0.0,2916
22.5635,113.7896,0.0,2916
22.5635,113.7941,0.0,2916
22.5635,113.7986,0.0,2916
22.5635,113.8031,0.0,2916
22.5635,113.8076,0.0,2862
22.5635,113.8121,0.0,2916
22.5635,113.8166,0.0,2916
22.5635,113.8211,0.0,2916
22.5635,113.8256,0.0,2916
22.5635,113.83,0.0,2916
22.5635,113.8345,0.0,2916
22.5635,113.839,0.0,2916
22.5635,113.8435,9.3,2916
22.5635,113.848,55.3,2916
22.5635,113.8525,63.0,2862
22.5635,113.857,85.8,2916
22.5635,113.8615,83.0,2916
22.5635,113.866,77.7,2916
22.5635,113.8705,83.9,2916
22.5635,113.875,76.9,2916
22.5635,113.8795,89.0,2916
22.5635,113.8839,82.5,2916
22.5635,113.8884,90.3,2916
22.5635,113.8929,93.7,2916
22.5635,113.8974,73.4,2862
22.5635,113.9019,87.9,2916
22.5635,113.9064,88.2,2916
22.5635,113.9109,74.7,2916
22.5635,113.9154,58.0,2916
22.5635,113.9199,85.7,2916
22.5635,113.9244,36.9,2916
22.5635,113.9289,60.5,2916
22.5635,113.9333,70.5,2916
22.5635,113.9378,72.4,2916
22.5635,113.9423,58.7,2862
22.5635,113.9468,63.0,2916
22.5635,113.9513,71.1,2916
22.5635,113.9558,41.4,2916
22.5635,113.9603,51.2,2916
22.5635,113.9648,53.3,2916
22.5635,113.9693,74.6,2916
22.5635,113.9738,68.8,2916
22.5635,113.9783,59.8,2916
22.5635,113.9828,60.0,2916
22.5635,113.9872,26.7,2862
22.5635,113.9917,12.8,2916
22.5635,113.9962,0.0,2916
22.5635,114.0007,14.2,2970
22.5635,114.0052,31.9,2916
22.5635,114.0097,24.3,2916
22.5635,114.0142,23.7,2916
22.5635,114.0187,15.0,2916
22.5635,114.0232,24.2,2916
22.5635,114.0277,47.3,2916
22.5635,114.0322,85.2,2862
22.5635,114.0367,77.3,2916
22.5635,114.0411,52.0,2916
22.5635,114.0456,54.0,2916
22.5635,114.0501,59.0,2916
22.5635,114.0546,51.3,2916
22.5635,114.0591,50.5,2916
22.5635,114.0636,68.8,2916
22.5635,114.0681,35.6,2916
22.5635,114.0726,0.7,2862
22.5635,114.0771,17.8,2916
22.5635,114.0816,41.9,2916
22.5635,114.0861,73.0,2916
22.5635,114.0906,87.4,2916
22.5635,114.095,92.8,2916
22.5635,114.0995,89.8,2916
22.5635,114.104,86.3,2916
22.5635,114.1085,94.3,2916
22.5635,114.113,39.0,2916
22.5635,114.1175,81.7,2862
22.5635,114.122,82.2,2916
22.5635,114.1265,49.5,2916
22.5635,114.131,43.8,2916
22.5635,114.1355,78.1,2916
22.5635,114.14,58.3,2916
22.5635,114.1445,5.3,2916
22.5635,114.1489,13.9,2916
22.5635,114.1534,1.0,2916
22.5635,114.1579,68.3,2916
22.5635,114.1624,69.9,2862
22.5635,114.1669,79.0,2916
22.5635,114.1714,77.7,2916
22.5635,114.1759,32.3,2916
22.5635,114.1804,17.9,2916
22.5635,114.1849,1.5,2916
22.5635,114.1894,3.9,2916
22.5635,114.1939,0.1,2916
22.5635,114.1984,0.1,2916
22.5635,114.2028,0.3,2916
22.5635,114.2073,0.0,2862
22.5635,114.2118,3.9,2916
22.5635,114.2163,5.0,2916
22.5635,114.2208,16.7,2916
22.5635,114.2253,0.0,2916
22.5635,114.2298,49.1,2916
22.5635,114.2343,57.5,2916
22.5635,114.2388,87.6,2916
22.5635,114.2433,88.0,2916
22.5635,114.2478,94.4,2916
22.5635,114.2522,33.0,2862
22.5635,114.2567,0.0,2916
22.5635,114.2612,0.0,2916
22.5635,114.2657,0.0,2916
22.5635,114.2702,0.0,2916
22.5635,114.2747,0.0,2916
22.5635,114.2792,0.0,2916
22.5635,114.2837,0.0,2916
22.5635,114.2882,0.0,2916
22.5635,114.2927,0.0,2916
22.5635,114.2972,0.0,2862
22.5635,114.3017,0.0,2916
22.5635,114.3061,0.0,2916
22.5635,114.3106,0.0,2916
22.5635,114.3151,0.0,2916
22.5635,114.3196,0.0,2916
22.5635,114.3241,0.0,2916
22.5635,114.3286,0.0,2916
22.5635,114.3331,0.0,2916
22.5635,114.3376,0.0,2916
22.5635,114.3421,0.0,2862
22.5635,114.3466,0.0,2916
22.5635,114.3511,0.0,2916
22.5635,114.3556,0.0,2916
22.5635,114.36,0.0,2916
22.5635,114.3645,0.0,2916
22.5635,114.369,0.0,2916
22.5635,114.3735,0.0,2916
22.5635,114.378,0.0,2916
22.5635,114.3825,0.0,2916
22.5635,114.387,0.0,2862
22.5635,114.3915,0.0,2916
22.5635,114.396,0.0,2916
22.5635,114.4005,0.0,2916
22.5635,114.405,0.0,2916
22.5635,114.4095,0.0,2916
22.5635,114.4139,0.0,2916
22.5635,114.4184,0.0,2916
22.5635,114.4229,0.0,2916
22.5635,114.4274,0.0,2862
22.5635,114.4319,0.0,2916
22.5635,114.4364,0.0,2916
22.5635,114.4409,0.0,2916
22.5635,114.4454,0.0,2916
22.5635,114.4499,0.0,2916
22.5635,114.4544,0.0,2916
22.5635,114.4589,1.9,2916
22.5635,114.4634,6.3,2916
22.5635,114.4678,2.6,2916
22.5635,114.4723,0.0,2862
22.5635,114.4768,0.0,2916
22.5635,114.4813,1.6,2916
22.5635,114.4858,7.7,2916
22.5635,114.4903,43.2,2916
22.5635,114.4948,1.8,2916
22.5635,114.4993,0.0,2916
22.5635,114.5038,0.0,2916
22.5635,114.5083,0.0,2916
22.5635,114.5128,0.0,2916
22.5635,114.5173,0.0,2862
22.5635,114.5217,0.5,2916
22.5635,114.5262,1.9,2916
22.5635,114.5307,6.0,2916
22.5635,114.5352,33.6,2916
22.5635,114.5397,2.6,2916
22.5635,114.5442,0.0,2916
22.5635,114.5487,3.3,2916
22.5635,114.5532,0.0,2916
22.5635,114.5577,0.0,2916
22.5635,114.5622,0.0,2862
22.5635,114.5667,0.0,2916
22.5635,114.5711,0.0,2916
22.5635,114.5756,0.0,2916
22.5635,114.5801,0.0,2916
22.5635,114.5846,0.0,2916
22.5635,114.5891,0.0,2916
22.5635,114.5936,0.0,2916
22.5635,114.5981,0.0,2916
22.5635,114.6026,0.0,2916
22.5635,114.6071,0.0,2862
22.5635,114.6116,0.0,2916
22.5635,114.6161,0.0,2916
22.5635,114.6206,0.0,2916
22.5635,114.625,0.0,2916
22.5635,114.6295,0.0,2916
22.5635,114.634,0.0,2916
22.5635,114.6385,0.0,2916
22.5635,114.643,0.0,2916
22.5635,114.6475,0.0,2916
22.5635,114.652,0.0,108
22.568,113.7222,0.0,2916
22.568,113.7267,0.0,2916
22.568,113.7312,0.0,2916
22.568,113.7357,0.0,2916
22.568,113.7402,0.0,2916
22.568,113.7447,0.0,2916
22.568,113.7492,0.0,2916
22.568,113.7537,0.0,2916
22.568,113.7582,0.0,2916
22.568,113.7627,0.0,2862
22.568,113.7672,0.0,2916
22.568,113.7717,0.0,2916
22.568,113.7761,0.0,2916
22.568,113.7806,0.0,2916
22.568,113.7851,0.0,2916
22.568,113.7896,0.0,2916
22.568,113.7941,0.0,2916
22.568,113.7986,0.0,2916
22.568,113.8031,0.0,2916
22.568,113.8076,0.0,2862
22.568,113.8121,0.0,2916
22.568,113.8166,0.0,2916
22.568,113.8211,0.0,2916
22.568,113.8256,0.0,2916
22.568,113.83,0.0,2916
22.568,113.8345,0.0,2916
22.568,113.839,0.1,2916
22.568,113.8435,46.3,2916
22.568,113.848,82.6,2916
22.568,113.8525,68.0,2862
22.568,113.857,92.5,2916
22.568,113.8615,96.4,2916
22.568,113.866,85.5,2916
22.568,113.8705,92.2,2916
22.568,113.875,89.2,2916
22.568,113.8795,81.1,2916
22.568,113.8839,84.9,2916
22.568,113.8884,93.6,2916
22.568,113.8929,82.0,2916
22.568,113.8974,82.5,2862
22.568,113.9019,79.8,2916
22.568,113.9064,56.3,2916
22.568,113.9109,60.0,2916
22.568,113.9154,50.0,2916
22.568,113.9199,64.6,2916
22.568,113.9244,49.5,2916
22.568,113.9289,57.5,2916
22.568,113.9333,71.4,2916
22.568,113.9378,83.7,2916
22.568,113.9423,72.6,2862
22.568,113.9468,72.7,2916
22.568,113.9513,61.5,2916
22.568,113.9558,47.7,2916
22.568,113.9603,66.0,2916
22.568,113.9648,52.8,2916
22.568,113.9693,48.7,2916
22.568,113.9738,22.9,2916
22.568,113.9783,16.3,2916
22.568,113.9828,1.4,2916
22.568,113.9872,33.9,2862
22.568,113.9917,29.5,2916
22.568,113.9962,0.0,2916
22.568,114.0007,2.2,2970
22.568,114.0052,0.1,2916
22.568,114.0097,43.0,2916
22.568,114.0142,7.9,2916
22.568,114.0187,0.0,2916
22.568,114.0232,8.0,2916
22.568,114.0277,46.5,2916
22.568,114.0322,70.5,2862
22.568,114.0367,90.1,2916
22.568,114.0411,77.4,2916
22.568,114.0456,87.6,2916
22.568,114.0501,92.6,2916
22.568,114.0546,87.3,2916
22.568,114.0591,64.6,2916
22.568,114.0636,68.8,2916
22.568,114.0681,50.3,2916
22.568,114.0726,33.6,2862
22.568,114.0771,0.0,2916
22.568,114.0816,0.7,2916
22.568,114.0861,71.3,2916
22.568,114.0906,83.6,2916
22.568,114.095,90.0,2916
22.568,114.0995,81.8,2916
22.568,114.104,80.3,2916
22.568,114.1085,98.3,2916
22.568,114.113,45.3,2916
22.568,114.1175,60.1,2862
22.568,114.122,90.4,2916
22.568,114.1265,49.3,2916
22.568,114.131,31.1,2916
22.568,114.1355,87.7,2916
22.568,114.14,39.6,2916
22.568,114.1445,6.9,2916
22.568,114.1489,8.5,2916
22.568,114.1534,0.2,2916
22.568,114.1579,54.0,2916
22.568,114.1624,85.9,2862
22.568,114.1669,97.6,2916
22.568,114.1714,69.4,2916
22.568,114.1759,59.4,2916
22.568,114.1804,5.4,2916
22.568,114.1849,0.0,2916
22.568,114.1894,0.0,2916
22.568,114.1939,0.5,2916
22.568,114.1984,0.0,2916
22.568,114.2028,0.0,2916
22.568,114.2073,0.0,2862
22.568,114.2118,0.0,2916
22.568,114.2163,0.0,2916
22.568,114.2208,0.0,2916
22.568,114.2253,5.9,2916
22.568,114.2298,3.5,2916
22.568,114.2343,0.0,2916
22.568,114.2388,13.5,2916
22.568,114.2433,37.2,2916
22.568,114.2478,67.5,2916
22.568,114.2522,45.2,2862
22.568,114.2567,35.7,2916
22.568,114.2612,0.0,2916
22.568,114.2657,0.0,2916
22.568,114.2702,3.1,2916
22.568,114.2747,57.0,2916
22.568,114.2792,69.0,2916
22.568,114.2837,65.9,2916
22.568,114.2882,12.3,2916
22.568,114.2927,0.0,2916
22.568,114.2972,0.0,2862
22.568,114.3017,0.0,2916
22.568,114.3061,0.0,2916
22.568,114.3106,0.0,2916
22.568,114.3151,0.0,2916
22.568,114.3196,0.0,2916
22.568,114.3241,0.0,2916
22.568,114.3286,0.0,2916
22.568,114.3331,0.0,2916
22.568,114.3376,0.0,2916
22.568,114.3421,0.0,2862
22.568,114.3466,0.0,2916
22.568,114.3511,0.0,2916
22.568,114.3556,0.0,2916
22.568,114.36,0.0,2916
22.568,114.3645,0.0,2916
22.568,114.369,0.0,2916
22.568,114.3735,0.0,2916
22.568,114.378,0.0,2916
22.568,114.3825,0.0,2916
22.568,114.387,0.0,2862
22.568,114.3915,0.0,2916
22.568,114.396,0.0,2916
22.568,114.4005,0.0,2916
22.568,114.405,0.0,2916
22.568,114.4095,0.0,2916
22.568,114.4139,0.0,2916
22.568,114.4184,0.0,2916
22.568,114.4229,0.0,2916
22.568,114.4274,0.0,2862
22.568,114.4319,0.0,2916
22.568,114.4364,0.0,2916
22.568,114.4409,0.0,2916
22.568,114.4454,0.0,2916
22.568,114.4499,0.0,2916
22.568,114.4544,0.0,2916
22.568,114.4589,1.5,2916
22.568,114.4634,2.1,2916
22.568,114.4678,0.0,2916
22.568,114.4723,0.0,2862
22.568,114.4768,0.0,2916
22.568,114.4813,7.3,2916
22.568,114.4858,25.3,2916
22.568,114.4903,71.0,2916
22.568,114.4948,35.3,2916
22.568,114.4993,17.1,2916
22.568,114.5038,0.0,2916
22.568,114.5083,0.0,2916
22.568,114.5128,0.0,2916
22.568,114.5173,0.0,2862
22.568,114.5217,0.0,2916
22.568,114.5262,0.0,2916
22.568,114.5307,15.2,2916
22.568,114.5352,28.1,2916
22.568,114.5397,0.0,2916
22.568,114.5442,0.0,2916
22.568,114.5487,0.0,2916
22.568,114.5532,0.0,2916
22.568,114.5577,0.0,2916
22.568,114.5622,0.0,2862
22.568,114.5667,0.0,2916
22.568,114.5711,0.0,2916
22.568,114.5756,0.0,2916
22.568,114.5801,0.0,2916
22.568,114.5846,0.0,2916
22.568,114.5891,0.0,2916
22.568,114.5936,0.0,2916
22.568,114.5981,0.0,2916
22.568,114.6026,0.0,2916
22.568,114.6071,0.0,2862
22.568,114.6116,0.0,2916
22.568,114.6161,0.0,2916
22.568,114.6206,0.0,2916
22.568,114.625,0.0,2916
22.568,114.6295,0.0,2916
22.568,114.634,0.0,2916
22.568,114.6385,0.0,2916
22.568,114.643,0.0,2916
22.568,114.6475,0.1,2916
22.568,114.652,0.0,108
22.5725,113.7222,0.0,2862
22.5725,113.7267,0.0,2862
22.5725,113.7312,0.0,2862
22.5725,113.7357,0.0,2862
22.5725,113.7402,0.0,2862
22.5725,113.7447,0.0,2862
22.5725,113.7492,0.0,2862
22.5725,113.7537,0.0,2862
22.5725,113.7582,0.0,2862
22.5725,113.7627,0.5,2809
22.5725,113.7672,0.1,2862
22.5725,113.7717,0.0,2862
22.5725,113.7761,0.0,2862
22.5725,113.7806,0.0,2862
22.5725,113.7851,0.0,2862
22.5725,113.7896,0.0,2862
22.5725,113.7941,0.0,2862
22.5725,113.7986,0.0,2862
22.5725,113.8031,0.0,2862
22.5725,113.8076,0.0,2809
22.5725,113.8121,0.0,2862
22.5725,113.8166,0.0,2862
22.5725,113.8211,0.0,2862
22.5725,113.8256,0.0,2862
22.5725,113.83,0.0,2862
22.5725,113.8345,0.0,2862
22.5725,113.839,6.6,2862
22.5725,113.8435,52.2,2862
22.5725,113.848,73.0,2862
22.5725,113.8525,78.8,2809
22.5725,113.857,96.2,2862
22.5725,113.8615,97.3,2862
22.5725,113.866,94.0,2862
22.5725,113.8705,90.9,2862
22.5725,113.875,91.3,2862
22.5725,113.8795,97.2,2862
22.5725,113.8839,94.4,2862
22.5725,113.8884,78.6,2862
22.5725,113.8929,80.5,2862
22.5725,113.8974,78.2,2809
22.5725,113.9019,50.5,2862
22.5725,113.9064,66.6,2862
22.5725,113.9109,74.9,2862
22.5725,113.9154,65.5,2862
22.5725,113.9199,76.6,2862
22.5725,113.9244,55.1,2862
22.5725,113.9289,51.4,2862
22.5725,113.9333,69.5,2862
22.5725,113.9378,65.8,2862
22.5725,113.9423,45.8,2809
22.5725,113.9468,77.1,2862
22.5725,113.9513,45.6,2862
22.5725,113.9558,68.1,2862
22.5725,113.9603,63.1,2862
22.5725,113.9648,43.8,2862
22.5725,113.9693,15.1,2862
22.5725,113.9738,0.0,2862
22.5725,113.9783,0.0,2862
22.5725,113.9828,0.0,2862
22.5725,113.9872,1.5,2809
22.5725,113.9917,0.0,2862
22.5725,113.9962,0.0,2862
22.5725,114.0007,0.0,2915
22.5725,114.0052,0.0,2862
22.5725,114.0097,0.0,2862
22.5725,114.0142,0.0,2862
22.5725,114.0187,0.0,2862
22.5725,114.0232,0.0,2862
22.5725,114.0277,8.0,2862
22.5725,114.0322,43.4,2809
22.5725,114.0367,25.9,2862
22.5725,114.0411,30.8,2862
22.5725,114.0456,50.5,2862
22.5725,114.0501,41.0,2862
22.5725,114.0546,89.9,2862
22.5725,114.0591,80.3,2862
22.5725,114.0636,83.5,2862
22.5725,114.0681,65.5,2862
22.5725,114.0726,18.2,2809
22.5725,114.0771,45.1,2862
22.5725,114.0816,54.2,2862
22.5725,114.0861,66.2,2862
22.5725,114.0906,45.9,2862
22.5725,114.095,65.8,2862
22.5725,114.0995,77.3,2862
22.5725,114.104,79.9,2862
22.5725,114.1085,87.4,2862
22.5725,114.113,69.3,2862
22.5725,114.1175,35.0,2809
22.5725,114.122,88.9,2862
22.5725,114.1265,84.7,2862
22.5725,114.131,68.1,2862
22.5725,114.1355,81.5,2862
22.5725,114.14,29.0,2862
22.5725,114.1445,5.9,2862
22.5725,114.1489,0.6,2862
22.5725,114.1534,0.8,2862
22.5725,114.1579,1.0,2862
22.5725,114.1624,11.0,2809
22.5725,114.1669,33.4,2862
22.5725,114.1714,26.3,2862
22.5725,114.1759,1.5,2862
22.5725,114.1804,0.0,2862
22.5725,114.1849,1.0,2862
22.5725,114.1894,5.2,2862
22.5725,114.1939,0.1,2862
22.5725,114.1984,0.0,2862
22.5725,114.2028,0.0,2862
22.5725,114.2073,0.0,2809
22.5725,114.2118,0.0,2862
22.5725,114.2163,0.0,2862
22.5725,114.2208,0.0,2862
22.5725,114.2253,0.0,2862
22.5725,114.2298,0.0,2862
22.5725,114.2343,0.0,2862
22.5725,114.2388,0.2,2862
22.5725,114.2433,14.5,2862
22.5725,114.2478,41.3,2862
22.5725,114.2522,96.0,2809
22.5725,114.2567,96.9,2862
22.5725,114.2612,53.5,2862
22.5725,114.2657,2.8,2862
22.5725,114.2702,57.7,2862
22.5725,114.2747,92.6,2862
22.5725,114.2792,92.0,2862
22.5725,114.2837,38.5,2862
22.5725,114.2882,0.0,2862
22.5725,114.2927,0.0,2862
22.5725,114.2972,0.2,2809
22.5725,114.3017,1.7,2862
22.5725,114.3061,0.0,2862
22.5725,114.3106,0.0,2862
22.5725,114.3151,0.0,2862
22.5725,114.3196,0.0,2862
22.5725,114.3241,0.0,2862
22.5725,114.3286,0.0,2862
22.5725,114.3331,0.0,2862
22.5725,114.3376,0.0,2862
22.5725,114.3421,0.0,2809
22.5725,114.3466,0.0,2862
22.5725,114.3511,0.0,2862
22.5725,114.3556,0.0,2862
22.5725,114.36,0.0,2862
22.5725,114.3645,0.0,2862
22.5725,114.369,0.0,2862
22.5725,114.3735,0.0,2862
22.5725,114.378,0.0,2862
22.5725,114.3825,0.0,2862
22.5725,114.387,0.0,2809
22.5725,114.3915,0.0,2862
22.5725,114.396,0.0,2862
22.5725,114.4005,0.0,2862
22.5725,114.405,0.0,2862
22.5725,114.4095,0.0,2862
22.5725,114.4139,0.0,2862
22.5725,114.4184,0.0,2862
22.5725,114.4229,0.0,2862
22.5725,114.4274,0.0,2809
22.5725,114.4319,1.1,2862
22.5725,114.4364,0.9,2862
22.5725,114.4409,19.3,2862
22.5725,114.4454,21.0,2862
22.5725,114.4499,22.0,2862
22.5725,114.4544,28.0,2862
22.5725,114.4589,6.2,2862
22.5725,114.4634,0.5,2862
22.5725,114.4678,0.0,2862
22.5725,114.4723,0.0,2809
22.5725,114.4768,9.1,2862
22.5725,114.4813,29.4,2862
22.5725,114.4858,60.3,2862
22.5725,114.4903,43.7,2862
22.5725,114.4948,33.2,2862
22.5725,114.4993,14.8,2862
22.5725,114.5038,0.0,2862
22.5725,114.5083,0.0,2862
22.5725,114.5128,0.0,2862
22.5725,114.5173,0.0,2809
22.5725,114.5217,0.0,2862
22.5725,114.5262,0.0,2862
22.5725,114.5307,0.0,2862
22.5725,114.5352,0.0,2862
22.5725,114.5397,0.0,2862
22.5725,114.5442,0.0,2862
22.5725,114.5487,0.0,2862
22.5725,114.5532,0.0,2862
22.5725,114.5577,0.0,2862
22.5725,114.5622,0.0,2809
22.5725,114.5667,0.0,2862
22.5725,114.5711,0.0,2862
22.5725,114.5756,0.0,2862
22.5725,114.5801,0.0,2862
22.5725,114.5846,0.0,2862
22.5725,114.5891,0.0,2862
22.5725,114.5936,0.0,2862
22.5725,114.5981,0.0,2862
22.5725,114.6026,0.0,2862
22.5725,114.6071,0.0,2809
22.5725,114.6116,0.0,2862
22.5725,114.6161,0.0,2862
22.5725,114.6206,0.0,2862
22.5725,114.625,0.0,2862
22.5725,114.6295,0.0,2862
22.5725,114.634,0.0,2862
22.5725,114.6385,0.0,2862
22.5725,114.643,0.0,2862
22.5725,114.6475,0.0,2862
22.5725,114.652,0.0,106
22.577,113.7222,0.0,2916
22.577,113.7267,0.0,2916
22.577,113.7312,0.0,2916
22.577,113.7357,0.0,2916
22.577,113.7402,0.0,2916
22.577,113.7447,0.0,2916
22.577,113.7492,0.0,2916
22.577,113.7537,0.0,2916
22.577,113.7582,0.0,2916
22.577,113.7627,0.0,2862
22.577,113.7672,0.0,2916
22.577,113.7717,0.0,2916
22.577,113.7761,0.0,2916
22.577,113.7806,0.0,2916
22.577,113.7851,0.0,2916
22.577,113.7896,0.0,2916
22.577,113.7941,0.0,2916
22.577,113.7986,0.0,2916
22.577,113.8031,0.0,2916
22.577,113.8076,0.0,2862
22.577,113.8121,0.0,2916
22.577,113.8166,0.0,2916
22.577,113.8211,0.0,2916
22.577,113.8256,0.0,2916
22.577,113.83,0.0,2916
22.577,113.8345,11.4,2916
22.577,113.839,28.4,2916
22.577,113.8435,65.6,2916
22.577,113.848,78.4,2916
22.577,113.8525,73.9,2862
22.577,113.857,87.9,2916
22.577,113.8615,90.9,2916
22.577,113.866,99.5,2916
22.577,113.8705,93.7,2916
22.577,113.875,98.7,2916
22.577,113.8795,83.4,2916
22.577,113.8839,72.2,2916
22.577,113.8884,80.8,2916
22.577,113.8929,91.2,2916
22.577,113.8974,81.9,2862
22.577,113.9019,67.9,2916
22.577,113.9064,82.8,2916
22.577,113.9109,76.2,2916
22.577,113.9154,57.9,2916
22.577,113.9199,70.2,2916
22.577,113.9244,57.1,2916
22.577,113.9289,27.4,2916
22.577,113.9333,73.5,2916
22.577,113.9378,82.7,2916
22.577,113.9423,76.0,2862
22.577,113.9468,66.3,2916
22.577,113.9513,59.0,2916
22.577,113.9558,32.7,2916
22.577,113.9603,2.0,2916
22.577,113.9648,2.2,2916
22.577,113.9693,0.0,2916
22.577,113.9738,0.1,2916
22.577,113.9783,0.0,2916
22.577,113.9828,0.1,2916
22.577,113.9872,0.0,2862
22.577,113.9917,0.0,2916
22.577,113.9962,0.0,2916
22.577,114.0007,0.0,2970
22.577,114.0052,0.0,2916
22.577,114.0097,0.0,2916
22.577,114.0142,0.0,2916
22.577,114.0187,0.0,2916
22.577,114.0232,0.0,2916
22.577,114.0277,0.0,2916
22.577,114.0322,3.5,2862
22.577,114.0367,21.7,2916
22.577,114.0411,8.7,2916
22.577,114.0456,19.4,2916
22.577,114.0501,22.5,2916
22.577,114.0546,61.0,2916
22.577,114.0591,62.1,2916
22.577,114.0636,60.9,2916
22.577,114.0681,4.7,2916
22.577,114.0726,23.4,2862
22.577,114.0771,27.2,2916
22.577,114.0816,48.5,2916
22.577,114.0861,3.8,2916
22.577,114.0906,0.0,2916
22.577,114.095,8.0,2916
22.577,114.0995,48.4,2916
22.577,114.104,37.3,2916
22.577,114.1085,47.5,2916
22.577,114.113,70.9,2916
22.577,114.1175,66.0,2862
22.577,114.122,87.0,2916
22.577,114.1265,75.2,2916
22.577,114.131,87.7,2916
22.577,114.1355,80.7,2916
22.577,114.14,71.3,2916
22.577,114.1445,0.0,2916
22.577,114.1489,0.0,2916
22.577,114.1534,0.0,2916
22.577,114.1579,0.0,2916
22.577,114.1624,0.1,2862
22.577,114.1669,8.0,2916
22.577,114.1714,0.0,2916
22.577,114.1759,0.2,2916
22.577,114.1804,0.1,2916
22.577,114.1849,0.0,2916
22.577,114.1894,0.0,2916
22.577,114.1939,0.0,2916
22.577,114.1984,0.1,2916
22.577,114.2028,0.2,2916
22.577,114.2073,0.0,2862
22.577,114.2118,0.3,2916
22.577,114.2163,0.0,2916
22.577,114.2208,0.0,2916
22.577,114.2253,0.0,2916
22.577,114.2298,0.0,2916
22.577,114.2343,0.0,2916
22.577,114.2388,0.0,2916
22.577,114.2433,20.2,2916
22.577,114.2478,10.5,2916
22.577,114.2522,67.6,2862
22.577,114.2567,91.5,2916
22.577,114.2612,94.7,2916
22.577,114.2657,69.6,2916
22.577,114.2702,71.8,2916
22.577,114.2747,89.8,2916
22.577,114.2792,48.6,2916
22.577,114.2837,0.0,2916
22.577,114.2882,0.0,2916
22.577,114.2927,0.1,2916
22.577,114.2972,0.1,2862
22.577,114.3017,0.0,2916
22.577,114.3061,0.0,2916
22.577,114.3106,0.0,2916
22.577,114.3151,0.0,2916
22.577,114.3196,0.0,2916
22.577,114.3241,0.0,2916
22.577,114.3286,0.0,2916
22.577,114.3331,0.0,2916
22.577,114.3376,0.0,2916
22.577,114.3421,0.0,2862
22.577,114.3466,0.0,2916
22.577,114.3511,0.0,2916
22.577,114.3556,0.0,2916
22.577,114.36,0.0,2916
22.577,114.3645,0.0,2916
22.577,114.369,0.0,2916
22.577,114.3735,0.0,2916
22.577,114.378,0.0,2916
22.577,114.3825,0.0,2916
22.577,114.387,0.0,2862
22.577,114.3915,0.0,2916
22.577,114.396,0.0,2916
22.577,114.4005,0.0,2916
22.577,114.405,0.0,2916
22.577,114.4095,0.0,2916
22.577,114.4139,0.0,2916
22.577,114.4184,0.0,2916
22.577,114.4229,0.0,2916
22.577,114.4274,0.0,2862
22.577,114.4319,7.9,2916
22.577,114.4364,57.8,2916
22.577,114.4409,30.8,2916
22.577,114.4454,10.8,2916
22.577,114.4499,7.1,2916
22.577,114.4544,8.6,2916
22.577,114.4589,0.0,2916
22.577,114.4634,0.0,2916
22.577,114.4678,0.0,2916
22.577,114.4723,0.0,2862
22.577,114.4768,7.3,2916
22.577,114.4813,67.0,2916
22.577,114.4858,79.8,2916
22.577,114.4903,37.4,2916
22.577,114.4948,5.4,2916
22.577,114.4993,9.8,2916
22.577,114.5038,0.0,2916
22.577,114.5083,0.0,2916
22.577,114.5128,0.0,2916
22.577,114.5173,0.0,2862
22.577,114.5217,0.0,2916
22.577,114.5262,0.0,2916
22.577,114.5307,0.0,2916
22.577,114.5352,0.0,2916
22.577,114.5397,0.0,2916
22.577,114.5442,0.0,2916
22.577,114.5487,0.0,2916
22.577,114.5532,0.0,2916
22.577,114.5577,0.0,2916
22.577,114.5622,0.0,2862
22.577,114.5667,0.0,2916
22.577,114.5711,0.0,2916
22.577,114.5756,0.0,2916
22.577,114.5801,0.0,2916
22.577,114.5846,0.0,2916
22.577,114.5891,0.0,2916
22.577,114.5936,0.0,2916
22.577,114.5981,0.0,2916
22.577,114.6026,0.0,2916
22.577,114.6071,0.0,2862
22.577,114.6116,0.0,2916
22.577,114.6161,0.0,2916
22.577,114.6206,0.0,2916
22.577,114.625,0.0,2916
22.577,114.6295,0.0,2916
22.577,114.634,0.0,2916
22.577,114.6385,0.2,2916
22.577,114.643,1.4,2916
22.577,114.6475,0.1,2916
22.577,114.652,0.0,108
22.5815,113.7222,0.0,2916
22.5815,113.7267,0.0,2916
22.5815,113.7312,0.0,2916
22.5815,113.7357,0.0,2916
22.5815,113.7402,0.0,2916
22.5815,113.7447,0.0,2916
22.5815,113.7492,0.0,2916
22.5815,113.7537,0.0,2916
22.5815,113.7582,0.0,2916
22.5815,113.7627,0.0,2862
22.5815,113.7672,0.0,2916
22.5815,113.7717,0.0,2916
22.5815,113.7761,0.0,2916
22.5815,113.7806,0.0,2916
22.5815,113.7851,0.0,2916
22.5815,113.7896,0.0,2916
22.5815,113.7941,0.0,2916
22.5815,113.7986,0.0,2916
22.5815,113.8031,0.0,2916
22.5815,113.8076,0.0,2862
22.5815,113.8121,0.0,2916
22.5815,113.8166,0.0,2916
22.5815,113.8211,0.0,2916
22.5815,113.8256,0.0,2916
22.5815,113.83,11.4,2916
22.5815,113.8345,16.9,2916
22.5815,113.839,24.5,2916
22.5815,113.8435,9.4,2916
22.5815,113.848,57.9,2916
22.5815,113.8525,83.6,2862
22.5815,113.857,93.9,2916
22.5815,113.8615,93.6,2916
22.5815,113.866,96.1,2916
22.5815,113.8705,92.2,2916
22.5815,113.875,84.3,2916
22.5815,113.8795,91.7,2916
22.5815,113.8839,97.3,2916
22.5815,113.8884,96.5,2916
22.5815,113.8929,95.3,2916
22.5815,113.8974,91.9,2862
22.5815,113.9019,89.7,2916
22.5815,113.9064,87.7,2916
22.5815,113.9109,72.3,2916
22.5815,113.9154,91.9,2916
22.5815,113.9199,84.3,2916
22.5815,113.9244,65.3,2916
22.5815,113.9289,75.1,2916
22.5815,113.9333,42.5,2916
22.5815,113.9378,72.7,2916
22.5815,113.9423,64.2,2862
22.5815,113.9468,53.4,2916
22.5815,113.9513,61.6,2916
22.5815,113.9558,34.5,2916
22.5815,113.9603,7.5,2916
22.5815,113.9648,46.8,2916
22.5815,113.9693,7.6,2916
22.5815,113.9738,6.3,2916
22.5815,113.9783,1.8,2916
22.5815,113.9828,0.0,2916
22.5815,113.9872,0.0,2862
22.5815,113.9917,0.0,2916
22.5815,113.9962,0.0,2916
22.5815,114.0007,0.0,2970
22.5815,114.0052,0.0,2916
22.5815,114.0097,0.1,2916
22.5815,114.0142,0.0,2916
22.5815,114.0187,0.0,2916
22.5815,114.0232,0.0,2916
22.5815,114.0277,0.0,2916
22.5815,114.0322,0.0,2862
22.5815,114.0367,1.9,2916
22.5815,114.0411,0.0,2916
22.5815,114.0456,0.0,2916
22.5815,114.0501,19.1,2916
22.5815,114.0546,23.0,2916
22.5815,114.0591,3.1,2916
22.5815,114.0636,26.0,2916
22.5815,114.0681,1.3,2916
22.5815,114.0726,0.8,2862
22.5815,114.0771,21.0,2916
22.5815,114.0816,37.8,2916
22.5815,114.0861,0.0,2916
22.5815,114.0906,2.1,2916
22.5815,114.095,3.4,2916
22.5815,114.0995,39.6,2916
22.5815,114.104,96.2,2916
22.5815,114.1085,87.2,2916
22.5815,114.113,88.3,2916
22.5815,114.1175,48.7,2862
22.5815,114.122,46.1,2916
22.5815,114.1265,26.0,2916
22.5815,114.131,75.4,2916
22.5815,114.1355,75.6,2916
22.5815,114.14,31.1,2916
22.5815,114.1445,0.0,2916
22.5815,114.1489,0.0,2916
22.5815,114.1534,0.0,2916
22.5815,114.1579,0.0,2916
22.5815,114.1624,0.0,2862
22.5815,114.1669,10.4,2916
22.5815,114.1714,0.0,2916
22.5815,114.1759,15.3,2916
22.5815,114.1804,3.9,2916
22.5815,114.1849,0.0,2916
22.5815,114.1894,0.0,2916
22.5815,114.1939,0.0,2916
22.5815,114.1984,0.0,2916
22.5815,114.2028,0.0,2916
22.5815,114.2073,0.0,2862
22.5815,114.2118,0.0,2916
22.5815,114.2163,0.0,2916
22.5815,114.2208,0.0,2916
22.5815,114.2253,0.0,2916
22.5815,114.2298,0.0,2916
22.5815,114.2343,2.8,2916
22.5815,114.2388,4.9,2916
22.5815,114.2433,25.4,2916
22.5815,114.2478,32.4,2916
22.5815,114.2522,81.8,2862
22.5815,114.2567,94.7,2916
22.5815,114.2612,80.2,2916
22.5815,114.2657,80.6,2916
22.5815,114.2702,56.3,2916
22.5815,114.2747,49.8,2916
22.5815,114.2792,0.2,2916
22.5815,114.2837,2.0,2916
22.5815,114.2882,4.0,2916
22.5815,114.2927,10.4,2916
22.5815,114.2972,0.1,2862
22.5815,114.3017,1.3,2916
22.5815,114.3061,0.0,2916
22.5815,114.3106,0.0,2916
22.5815,114.3151,0.0,2916
22.5815,114.3196,0.0,2916
22.5815,114.3241,0.0,2916
22.5815,114.3286,0.0,2916
22.5815,114.3331,0.0,2916
22.5815,114.3376,0.0,2916
22.5815,114.3421,0.0,2862
22.5815,114.3466,0.0,2916
22.5815,114.3511,0.0,2916
22.5815,114.3556,0.0,2916
22.5815,114.36,0.0,2916
22.5815,114.3645,0.0,2916
22.5815,114.369,0.0,2916
22.5815,114.3735,0.0,2916
22.5815,114.378,0.0,2916
22.5815,114.3825,0.0,2916
22.5815,114.387,0.0,2862
22.5815,114.3915,0.0,2916
22.5815,114.396,0.0,2916
22.5815,114.4005,0.0,2916
22.5815,114.405,0.0,2916
22.5815,114.4095,0.0,2916
22.5815,114.4139,0.0,2916
22.5815,114.4184,0.0,2916
22.5815,114.4229,0.0,2916
22.5815,114.4274,0.0,2862
22.5815,114.4319,0.2,2916
22.5815,114.4364,38.2,2916
22.5815,114.4409,0.0,2916
22.5815,114.4454,0.0,2916
22.5815,114.4499,0.0,2916
22.5815,114.4544,7.3,2916
22.5815,114.4589,5.1,2916
22.5815,114.4634,0.0,2916
22.5815,114.4678,0.0,2916
22.5815,114.4723,1.9,2862
22.5815,114.4768,25.3,2916
22.5815,114.4813,46.5,2916
22.5815,114.4858,18.0,2916
22.5815,114.4903,5.6,2916
22.5815,114.4948,0.0,2916
22.5815,114.4993,9.8,2916
22.5815,114.5038,0.0,2916
22.5815,114.5083,0.0,2916
22.5815,114.5128,0.0,2916
22.5815,114.5173,0.0,2862
22.5815,114.5217,0.0,2916
22.5815,114.5262,0.0,2916
22.5815,114.5307,0.0,2916
22.5815,114.5352,0.0,2916
22.5815,114.5397,0.0,2916
22.5815,114.5442,0.0,2916
22.5815,114.5487,0.0,2916
22.5815,114.5532,0.0,2916
22.5815,114.5577,0.0,2916
22.5815,114.5622,0.0,2862
22.5815,114.5667,0.0,2916
22.5815,114.5711,0.0,2916
22.5815,114.5756,0.0,2916
22.5815,114.5801,0.0,2916
22.5815,114.5846,0.0,2916
22.5815,114.5891,0.0,2916
22.5815,114.5936,0.0,2916
22.5815,114.5981,0.0,2916
22.5815,114.6026,0.0,2916
22.5815,114.6071,0.0,2862
22.5815,114.6116,0.0,2916
22.5815,114.6161,0.0,2916
22.5815,114.6206,0.0,2916
22.5815,114.625,0.0,2916
22.5815,114.6295,0.0,2916
22.5815,114.634,0.0,2916
22.5815,114.6385,0.0,2916
22.5815,114.643,0.5,2916
22.5815,114.6475,2.2,2916
22.5815,114.652,0.0,108
22.586,113.7222,0.0,2916
22.586,113.7267,0.0,2916
22.586,113.7312,0.0,2916
22.586,113.7357,0.0,2916
22.586,113.7402,0.0,2916
22.586,113.7447,0.0,2916
22.586,113.7492,0.0,2916
22.586,113.7537,0.0,2916
22.586,113.7582,0.0,2916
22.586,113.7627,0.0,2862
22.586,113.7672,0.0,2916
22.586,113.7717,0.0,2916
22.586,113.7761,0.0,2916
22.586,113.7806,0.0,2916
22.586,113.7851,0.0,2916
22.586,113.7896,0.0,2916
22.586,113.7941,0.0,2916
22.586,113.7986,0.0,2916
22.586,113.8031,0.0,2916
22.586,113.8076,0.0,2862
22.586,113.8121,0.0,2916
22.586,113.8166,0.0,2916
22.586,113.8211,1.3,2916
22.586,113.8256,9.1,2916
22.586,113.83,5.8,2916
22.586,113.8345,25.0,2916
22.586,113.839,69.1,2916
22.586,113.8435,14.7,2916
22.586,113.848,15.0,2916
22.586,113.8525,75.9,2862
22.586,113.857,92.2,2916
22.586,113.8615,90.1,2916
22.586,113.866,65.7,2916
22.586,113.8705,67.3,2916
22.586,113.875,77.8,2916
22.586,113.8795,88.6,2916
22.586,113.8839,91.1,2916
22.586,113.8884,71.7,2916
22.586,113.8929,70.1,2916
22.586,113.8974,35.9,2862
22.586,113.9019,42.2,2916
22.586,113.9064,53.5,2916
22.586,113.9109,93.2,2916
22.586,113.9154,72.5,2916
22.586,113.9199,43.9,2916
22.586,113.9244,61.3,2916
22.586,113.9289,29.8,2916
22.586,113.9333,45.5,2916
22.586,113.9378,45.8,2916
22.586,113.9423,82.8,2862
22.586,113.9468,90.4,2916
22.586,113.9513,85.0,2916
22.586,113.9558,56.1,2916
22.586,113.9603,72.0,2916
22.586,113.9648,73.0,2916
22.586,113.9693,50.8,2916
22.586,113.9738,21.7,2916
22.586,113.9783,29.9,2916
22.586,113.9828,30.1,2916
22.586,113.9872,35.5,2862
22.586,113.9917,13.1,2916
22.586,113.9962,0.3,2916
22.586,114.0007,0.0,2970
22.586,114.0052,0.0,2916
22.586,114.0097,0.0,2916
22.586,114.0142,0.0,2916
22.586,114.0187,0.0,2916
22.586,114.0232,0.0,2916
22.586,114.0277,0.0,2916
22.586,114.0322,0.0,2862
22.586,114.0367,0.0,2916
22.586,114.0411,0.0,2916
22.586,114.0456,0.0,2916
22.586,114.0501,0.9,2916
22.586,114.0546,5.8,2916
22.586,114.0591,0.0,2916
22.586,114.0636,0.0,2916
22.586,114.0681,19.7,2916
22.586,114.0726,40.2,2862
22.586,114.0771,23.7,2916
22.586,114.0816,2.2,2916
22.586,114.0861,2.1,2916
22.586,114.0906,18.5,2916
22.586,114.095,7.7,2916
22.586,114.0995,39.4,2916
22.586,114.104,96.1,2916
22.586,114.1085,97.3,2916
22.586,114.113,90.6,2916
22.586,114.1175,55.0,2862
22.586,114.122,0.1,2916
22.586,114.1265,20.8,2916
22.586,114.131,68.1,2916
22.586,114.1355,56.3,2916
22.586,114.14,20.5,2916
22.586,114.1445,16.8,2916
22.586,114.1489,0.0,2916
22.586,114.1534,0.0,2916
22.586,114.1579,0.0,2916
22.586,114.1624,0.1,2862
22.586,114.1669,8.5,2916
22.586,114.1714,1.4,2916
22.586,114.1759,1.6,2916
22.586,114.1804,0.0,2916
22.586,114.1849,0.0,2916
22.586,114.1894,0.0,2916
22.586,114.1939,0.0,2916
22.586,114.1984,0.0,2916
22.586,114.2028,0.0,2916
22.586,114.2073,0.0,2862
22.586,114.2118,0.0,2916
22.586,114.2163,0.0,2916
22.586,114.2208,0.0,2916
22.586,114.2253,0.0,2916
22.586,114.2298,0.0,2916
22.586,114.2343,20.3,2916
22.586,114.2388,61.5,2916
22.586,114.2433,68.5,2916
22.586,114.2478,73.8,2916
22.586,114.2522,84.5,2862
22.586,114.2567,87.9,2916
22.586,114.2612,84.0,2916
22.586,114.2657,74.5,2916
22.586,114.2702,24.5,2916
22.586,114.2747,8.0,2916
22.586,114.2792,2.8,2916
22.586,114.2837,4.2,2916
22.586,114.2882,8.8,2916
22.586,114.2927,5.0,2916
22.586,114.2972,3.0,2862
22.586,114.3017,1.4,2916
22.586,114.3061,0.0,2916
22.586,114.3106,0.0,2916
22.586,114.3151,0.0,2916
22.586,114.3196,0.0,2916
22.586,114.3241,0.0,2916
22.586,114.3286,0.0,2916
22.586,114.3331,0.0,2916
22.586,114.3376,0.0,2916
22.586,114.3421,0.0,2862
22.586,114.3466,0.0,2916
22.586,114.3511,0.0,2916
22.586,114.3556,0.0,2916
22.586,114.36,0.0,2916
22.586,114.3645,0.0,2916
22.586,114.369,0.0,2916
22.586,114.3735,0.0,2916
22.586,114.378,0.0,2916
22.586,114.3825,0.0,2916
22.586,114.387,0.0,2862
22.586,114.3915,0.0,2916
22.586,114.396,0.0,2916
22.586,114.4005,0.0,2916
22.586,114.405,0.0,2916
22.586,114.4095,0.0,2916
22.586,114.4139,0.0,2916
22.586,114.4184,0.0,2916
22.586,114.4229,0.0,2916
22.586,114.4274,0.0,2862
22.586,114.4319,0.0,2916
22.586,114.4364,11.4,2916
22.586,114.4409,2.2,2916
22.586,114.4454,0.0,2916
22.586,114.4499,0.0,2916
22.586,114.4544,0.0,2916
22.586,114.4589,1.5,2916
22.586,114.4634,0.7,2916
22.586,114.4678,0.0,2916
22.586,114.4723,5.4,2862
22.586,114.4768,58.8,2916
22.586,114.4813,47.5,2916
22.586,114.4858,3.1,2916
22.586,114.4903,0.0,2916
22.586,114.4948,0.0,2916
22.586,114.4993,12.9,2916
22.586,114.5038,6.6,2916
22.586,114.5083,0.0,2916
22.586,114.5128,0.0,2916
22.586,114.5173,0.0,2862
22.586,114.5217,0.0,2916
22.586,114.5262,0.0,2916
22.586,114.5307,0.0,2916
22.586,114.5352,0.0,2916
22.586,114.5397,0.0,2916
22.586,114.5442,0.0,2916
22.586,114.5487,0.0,2916
22.586,114.5532,0.0,2916
22.586,114.5577,0.0,2916
22.586,114.5622,0.0,2862
22.586,114.5667,0.0,2916
22.586,114.5711,0.0,2916
22.586,114.5756,0.0,2916
22.586,114.5801,0.0,2916
22.586,114.5846,0.0,2916
22.586,114.5891,0.0,2916
22.586,114.5936,0.0,2916
22.586,114.5981,0.0,2916
22.586,114.6026,0.0,2916
22.586,114.6071,0.0,2862
22.586,114.6116,0.0,2916
22.586,114.6161,0.0,2916
22.586,114.6206,0.0,2916
22.586,114.625,0.0,2916
22.586,114.6295,0.0,2916
22.586,114.634,0.2,2916
22.586,114.6385,0.9,2916
22.586,114.643,0.2,2916
22.586,114.6475,0.0,2916
22.586,114.652,0.0,108
22.5905,113.7222,0.0,2916
22.5905,113.7267,0.0,2916
22.5905,113.7312,0.0,2916
22.5905,113.7357,0.0,2916
22.5905,113.7402,0.0,2916
22.5905,113.7447,0.0,2916
22.5905,113.7492,0.0,2916
22.5905,113.7537,0.0,2916
22.5905,113.7582,0.0,2916
22.5905,113.7627,0.0,2862
22.5905,113.7672,0.0,2916
22.5905,113.7717,0.0,2916
22.5905,113.7761,0.0,2916
22.5905,113.7806,0.0,2916
22.5905,113.7851,0.0,2916
22.5905,113.7896,0.0,2916
22.5905,113.7941,0.0,2916
22.5905,113.7986,0.0,2916
22.5905,113.8031,0.0,2916
22.5905,113.8076,0.0,2862
22.5905,113.8121,0.0,2916
22.5905,113.8166,2.0,2916
22.5905,113.8211,8.4,2916
22.5905,113.8256,0.0,2916
22.5905,113.83,10.8,2916
22.5905,113.8345,64.5,2916
22.5905,113.839,96.1,2916
22.5905,113.8435,45.6,2916
22.5905,113.848,30.9,2916
22.5905,113.8525,82.6,2862
22.5905,113.857,90.1,2916
22.5905,113.8615,34.5,2916
22.5905,113.866,19.0,2916
22.5905,113.8705,65.5,2916
22.5905,113.875,88.8,2916
22.5905,113.8795,76.0,2916
22.5905,113.8839,90.5,2916
22.5905,113.8884,77.1,2916
22.5905,113.8929,45.6,2916
22.5905,113.8974,0.4,2862
22.5905,113.9019,28.4,2916
22.5905,113.9064,1.3,2916
22.5905,113.9109,33.8,2916
22.5905,113.9154,80.4,2916
22.5905,113.9199,47.3,2916
22.5905,113.9244,60.6,2916
22.5905,113.9289,24.8,2916
22.5905,113.9333,7.1,2916
22.5905,113.9378,20.1,2916
22.5905,113.9423,83.6,2862
22.5905,113.9468,52.9,2916
22.5905,113.9513,27.8,2916
22.5905,113.9558,33.3,2916
22.5905,113.9603,62.6,2916
22.5905,113.9648,56.0,2916
22.5905,113.9693,50.3,2916
22.5905,113.9738,35.0,2916
22.5905,113.9783,78.1,2916
22.5905,113.9828,89.4,2916
22.5905,113.9872,85.3,2862
22.5905,113.9917,87.3,2916
22.5905,113.9962,54.9,2916
22.5905,114.0007,9.0,2970
22.5905,114.0052,11.4,2916
22.5905,114.0097,28.1,2916
22.5905,114.0142,13.5,2916
22.5905,114.0187,7.8,2916
22.5905,114.0232,1.9,2916
22.5905,114.0277,0.0,2916
22.5905,114.0322,0.2,2862
22.5905,114.0367,0.0,2916
22.5905,114.0411,5.5,2916
22.5905,114.0456,22.2,2916
22.5905,114.0501,26.7,2916
22.5905,114.0546,0.0,2916
22.5905,114.0591,0.0,2916
22.5905,114.0636,0.0,2916
22.5905,114.0681,0.0,2916
22.5905,114.0726,0.0,2862
22.5905,114.0771,0.0,2916
22.5905,114.0816,1.6,2916
22.5905,114.0861,2.4,2916
22.5905,114.0906,3.9,2916
22.5905,114.095,6.8,2916
22.5905,114.0995,29.2,2916
22.5905,114.104,85.0,2916
22.5905,114.1085,88.9,2916
22.5905,114.113,83.7,2916
22.5905,114.1175,75.6,2862
22.5905,114.122,53.3,2916
22.5905,114.1265,65.5,2916
22.5905,114.131,30.8,2916
22.5905,114.1355,5.9,2916
22.5905,114.14,27.9,2916
22.5905,114.1445,4.5,2916
22.5905,114.1489,0.1,2916
22.5905,114.1534,0.0,2916
22.5905,114.1579,0.0,2916
22.5905,114.1624,0.5,2862
22.5905,114.1669,1.7,2916
22.5905,114.1714,6.4,2916
22.5905,114.1759,0.0,2916
22.5905,114.1804,0.0,2916
22.5905,114.1849,21.7,2916
22.5905,114.1894,21.5,2916
22.5905,114.1939,1.0,2916
22.5905,114.1984,0.0,2916
22.5905,114.2028,0.0,2916
22.5905,114.2073,0.0,2862
22.5905,114.2118,0.0,2916
22.5905,114.2163,0.0,2916
22.5905,114.2208,0.0,2916
22.5905,114.2253,0.0,2916
22.5905,114.2298,0.0,2916
22.5905,114.2343,30.2,2916
22.5905,114.2388,50.8,2916
22.5905,114.2433,34.1,2916
22.5905,114.2478,77.3,2916
22.5905,114.2522,79.8,2862
22.5905,114.2567,76.4,2916
22.5905,114.2612,82.8,2916
22.5905,114.2657,83.2,2916
22.5905,114.2702,68.4,2916
22.5905,114.2747,33.7,2916
22.5905,114.2792,35.4,2916
22.5905,114.2837,22.2,2916
22.5905,114.2882,27.0,2916
22.5905,114.2927,4.0,2916
22.5905,114.2972,31.3,2862
22.5905,114.3017,1.5,2916
22.5905,114.3061,0.0,2916
22.5905,114.3106,0.0,2916
22.5905,114.3151,0.0,2916
22.5905,114.3196,0.0,2916
22.5905,114.3241,0.0,2916
22.5905,114.3286,0.0,2916
22.5905,114.3331,0.0,2916
22.5905,114.3376,0.0,2916
22.5905,114.3421,0.0,2862
22.5905,114.3466,0.0,2916
22.5905,114.3511,0.0,2916
22.5905,114.3556,0.0,2916
22.5905,114.36,0.0,2916
22.5905,114.3645,0.0,2916
22.5905,114.369,0.0,2916
22.5905,114.3735,0.0,2916
22.5905,114.378,0.0,2916
22.5905,114.3825,0.0,2916
22.5905,114.387,0.0,2862
22.5905,114.3915,0.0,2916
22.5905,114.396,0.0,2916
22.5905,114.4005,0.0,2916
22.5905,114.405,0.0,2916
22.5905,114.4095,0.0,2916
22.5905,114.4139,0.0,2916
22.5905,114.4184,0.0,2916
22.5905,114.4229,0.0,2916
22.5905,114.4274,0.0,2862
22.5905,114.4319,2.6,2916
22.5905,114.4364,5.5,2916
22.5905,114.4409,46.9,2916
22.5905,114.4454,12.4,2916
22.5905,114.4499,0.0,2916
22.5905,114.4544,0.0,2916
22.5905,114.4589,6.2,2916
22.5905,114.4634,4.7,2916
22.5905,114.4678,19.4,2916
22.5905,114.4723,72.5,2862
22.5905,114.4768,84.4,2916
22.5905,114.4813,18.4,2916
22.5905,114.4858,0.0,2916
22.5905,114.4903,0.0,2916
22.5905,114.4948,0.1,2916
22.5905,114.4993,14.2,2916
22.5905,114.5038,66.0,2916
22.5905,114.5083,8.6,2916
22.5905,114.5128,0.0,2916
22.5905,114.5173,2.1,2862
22.5905,114.5217,10.5,2916
22.5905,114.5262,3.9,2916
22.5905,114.5307,9.6,2916
22.5905,114.5352,2.3,2916
22.5905,114.5397,0.0,2916
22.5905,114.5442,6.8,2916
22.5905,114.5487,1.0,2916
22.5905,114.5532,0.0,2916
22.5905,114.5577,0.0,2916
22.5905,114.5622,0.0,2862
22.5905,114.5667,0.0,2916
22.5905,114.5711,0.0,2916
22.5905,114.5756,0.0,2916
22.5905,114.5801,0.0,2916
22.5905,114.5846,0.0,2916
22.5905,114.5891,0.0,2916
22.5905,114.5936,0.0,2916
22.5905,114.5981,0.0,2916
22.5905,114.6026,0.0,2916
22.5905,114.6071,0.0,2862
22.5905,114.6116,0.0,2916
22.5905,114.6161,0.0,2916
22.5905,114.6206,0.0,2916
22.5905,114.625,0.0,2916
22.5905,114.6295,0.0,2916
22.5905,114.634,0.0,2916
22.5905,114.6385,0.0,2916
22.5905,114.643,0.0,2916
22.5905,114.6475,0.0,2916
22.5905,114.652,0.0,108
22.595,113.7222,0.0,2916
22.595,113.7267,0.0,2916
22.595,113.7312,0.0,2916
22.595,113.7357,0.0,2916
22.595,113.7402,0.0,2916
22.595,113.7447,0.0,2916
22.595,113.7492,0.0,2916
22.595,113.7537,0.0,2916
22.595,113.7582,0.0,2916
22.595,113.7627,0.0,2862
22.595,113.7672,0.0,2916
22.595,113.7717,0.0,2916
22.595,113.7761,0.0,2916
22.595,113.7806,0.0,2916
22.595,113.7851,0.0,2916
22.595,113.7896,0.0,2916
22.595,113.7941,0.0,2916
22.595,113.7986,0.0,2916
22.595,113.8031,0.0,2916
22.595,113.8076,0.0,2862
22.595,113.8121,0.0,2916
22.595,113.8166,11.4,2916
22.595,113.8211,0.0,2916
22.595,113.8256,0.0,2916
22.595,113.83,46.2,2916
22.595,113.8345,73.7,2916
22.595,113.839,79.8,2916
22.595,113.8435,78.4,2916
22.595,113.848,78.4,2916
22.595,113.8525,19.6,2862
22.595,113.857,13.8,2916
22.595,113.8615,22.5,2916
22.595,113.866,41.6,2916
22.595,113.8705,90.0,2916
22.595,113.875,95.2,2916
22.595,113.8795,85.5,2916
22.595,113.8839,41.6,2916
22.595,113.8884,21.5,2916
22.595,113.8929,31.0,2916
22.595,113.8974,32.4,2862
22.595,113.9019,54.6,2916
22.595,113.9064,48.0,2916
22.595,113.9109,1.4,2916
22.595,113.9154,12.9,2916
22.595,113.9199,5.5,2916
22.595,113.9244,2.7,2916
22.595,113.9289,7.9,2916
22.595,113.9333,3.3,2916
22.595,113.9378,21.9,2916
22.595,113.9423,46.8,2862
22.595,113.9468,8.5,2916
22.595,113.9513,8.1,2916
22.595,113.9558,44.9,2916
22.595,113.9603,60.2,2916
22.595,113.9648,37.9,2916
22.595,113.9693,32.1,2916
22.595,113.9738,40.8,2916
22.595,113.9783,7.2,2916
22.595,113.9828,43.6,2916
22.595,113.9872,70.7,2862
22.595,113.9917,52.0,2916
22.595,113.9962,63.3,2916
22.595,114.0007,31.2,2970
22.595,114.0052,10.2,2916
22.595,114.0097,5.0,2916
22.595,114.0142,17.2,2916
22.595,114.0187,2.1,2916
22.595,114.0232,20.5,2916
22.595,114.0277,13.3,2916
22.595,114.0322,11.9,2862
22.595,114.0367,39.4,2916
22.595,114.0411,59.7,2916
22.595,114.0456,76.8,2916
22.595,114.0501,39.2,2916
22.595,114.0546,37.3,2916
22.595,114.0591,2.5,2916
22.595,114.0636,0.0,2916
22.595,114.0681,0.0,2916
22.595,114.0726,0.0,2862
22.595,114.0771,6.0,2916
22.595,114.0816,21.3,2916
22.595,114.0861,2.6,2916
22.595,114.0906,2.6,2916
22.595,114.095,1.2,2916
22.595,114.0995,33.3,2916
22.595,114.104,76.6,2916
22.595,114.1085,68.7,2916
22.595,114.113,91.9,2916
22.595,114.1175,58.0,2862
22.595,114.122,71.0,2916
22.595,114.1265,71.3,2916
22.595,114.131,55.1,2916
22.595,114.1355,8.4,2916
22.595,114.14,5.4,2916
22.595,114.1445,1.1,2916
22.595,114.1489,1.0,2916
22.595,114.1534,1.0,2916
22.595,114.1579,0.0,2916
22.595,114.1624,0.1,2862
22.595,114.1669,12.9,2916
22.595,114.1714,16.1,2916
22.595,114.1759,0.0,2916
22.595,114.1804,9.6,2916
22.595,114.1849,47.4,2916
22.595,114.1894,55.6,2916
22.595,114.1939,45.6,2916
22.595,114.1984,0.2,2916
22.595,114.2028,0.0,2916
22.595,114.2073,0.0,2862
22.595,114.2118,0.0,2916
22.595,114.2163,0.0,2916
22.595,114.2208,0.0,2916
22.595,114.2253,0.0,2916
22.595,114.2298,1.2,2916
22.595,114.2343,26.4,2916
22.595,114.2388,30.3,2916
22.595,114.2433,81.9,2916
22.595,114.2478,75.4,2916
22.595,114.2522,70.3,2862
22.595,114.2567,40.5,2916
22.595,114.2612,38.9,2916
22.595,114.2657,8.7,2916
22.595,114.2702,0.0,2916
22.595,114.2747,0.0,2916
22.595,114.2792,0.1,2916
22.595,114.2837,11.5,2916
22.595,114.2882,0.0,2916
22.595,114.2927,0.0,2916
22.595,114.2972,23.8,2862
22.595,114.3017,52.4,2916
22.595,114.3061,1.0,2916
22.595,114.3106,0.0,2916
22.595,114.3151,0.0,2916
22.595,114.3196,0.0,2916
22.595,114.3241,0.0,2916
22.595,114.3286,0.0,2916
22.595,114.3331,0.0,2916
22.595,114.3376,10.2,2916
22.595,114.3421,0.0,2862
22.595,114.3466,0.0,2916
22.595,114.3511,0.0,2916
22.595,114.3556,0.0,2916
22.595,114.36,0.0,2916
22.595,114.3645,0.0,2916
22.595,114.369,0.0,2916
22.595,114.3735,0.0,2916
22.595,114.378,0.0,2916
22.595,114.3825,0.0,2916
22.595,114.387,0.0,2862
22.595,114.3915,0.0,2916
22.595,114.396,0.0,2916
22.595,114.4005,0.0,2916
22.595,114.405,0.0,2916
22.595,114.4095,0.0,2916
22.595,114.4139,0.0,2916
22.595,114.4184,0.0,2916
22.595,114.4229,0.0,2916
22.595,114.4274,0.1,2862
22.595,114.4319,1.3,2916
22.595,114.4364,0.0,2916
22.595,114.4409,0.7,2916
22.595,114.4454,37.3,2916
22.595,114.4499,3.8,2916
22.595,114.4544,0.1,2916
22.595,114.4589,0.0,2916
22.595,114.4634,5.0,2916
22.595,114.4678,74.6,2916
22.595,114.4723,98.6,2862
22.595,114.4768,68.4,2916
22.595,114.4813,60.9,2916
22.595,114.4858,0.4,2916
22.595,114.4903,0.0,2916
22.595,114.4948,0.4,2916
22.595,114.4993,29.8,2916
22.595,114.5038,72.6,2916
22.595,114.5083,70.4,2916
22.595,114.5128,28.5,2916
22.595,114.5173,26.1,2862
22.595,114.5217,37.2,2916
22.595,114.5262,73.9,2916
22.595,114.5307,45.7,2916
22.595,114.5352,17.7,2916
22.595,114.5397,36.2,2916
22.595,114.5442,56.4,2916
22.595,114.5487,18.6,2916
22.595,114.5532,1.5,2916
22.595,114.5577,0.0,2916
22.595,114.5622,0.0,2862
22.595,114.5667,0.0,2916
22.595,114.5711,0.0,2916
22.595,114.5756,0.0,2916
22.595,114.5801,0.0,2916
22.595,114.5846,0.0,2916
22.595,114.5891,0.0,2916
22.595,114.5936,0.0,2916
22.595,114.5981,0.0,2916
22.595,114.6026,0.0,2916
22.595,114.6071,0.0,2862
22.595,114.6116,0.0,2916
22.595,114.6161,0.0,2916
22.595,114.6206,0.0,2916
22.595,114.625,0.0,2916
22.595,114.6295,0.0,2916
22.595,114.634,0.0,2916
22.595,114.6385,0.0,2916
22.595,114.643,0.0,2916
22.595,114.6475,0.0,2916
22.595,114.652,0.0,108
22.5995,113.7222,0.0,2916
22.5995,113.7267,0.0,2916
22.5995,113.7312,0.0,2916
22.5995,113.7357,0.0,2916
22.5995,113.7402,0.0,2916
22.5995,113.7447,0.0,2916
22.5995,113.7492,0.0,2916
22.5995,113.7537,0.0,2916
22.5995,113.7582,0.0,2916
22.5995,113.7627,0.0,2862
22.5995,113.7672,0.0,2916
22.5995,113.7717,0.0,2916
22.5995,113.7761,0.0,2916
22.5995,113.7806,0.0,2916
22.5995,113.7851,0.0,2916
22.5995,113.7896,0.0,2916
22.5995,113.7941,0.0,2916
22.5995,113.7986,0.0,2916
22.5995,113.8031,0.0,2916
22.5995,113.8076,0.0,2862
22.5995,113.8121,3.6,2916
22.5995,113.8166,5.4,2916
22.5995,113.8211,0.0,2916
22.5995,113.8256,9.4,2916
22.5995,113.83,56.7,2916
22.5995,113.8345,73.5,2916
22.5995,113.839,92.0,2916
22.5995,113.8435,97.0,2916
22.5995,113.848,88.9,2916
22.5995,113.8525,1.4,2862
22.5995,113.857,27.7,2916
22.5995,113.8615,87.6,2916
22.5995,113.866,72.0,2916
22.5995,113.8705,76.1,2916
22.5995,113.875,92.0,2916
22.5995,113.8795,76.3,2916
22.5995,113.8839,18.2,2916
22.5995,113.8884,5.7,2916
22.5995,113.8929,19.4,2916
22.5995,113.8974,26.6,2862
22.5995,113.9019,50.3,2916
22.5995,113.9064,58.3,2916
22.5995,113.9109,15.1,2916
22.5995,113.9154,12.6,2916
22.5995,113.9199,18.3,2916
22.5995,113.9244,3.9,2916
22.5995,113.9289,27.1,2916
22.5995,113.9333,49.3,2916
22.5995,113.9378,12.2,2916
22.5995,113.9423,1.2,2862
22.5995,113.9468,0.0,2916
22.5995,113.9513,0.0,2916
22.5995,113.9558,13.2,2916
22.5995,113.9603,56.6,2916
22.5995,113.9648,48.7,2916
22.5995,113.9693,3.7,2916
22.5995,113.9738,2.0,2916
22.5995,113.9783,0.2,2916
22.5995,113.9828,45.8,2916
22.5995,113.9872,47.2,2862
22.5995,113.9917,65.6,2916
22.5995,113.9962,42.8,2916
22.5995,114.0007,42.7,2970
22.5995,114.0052,56.2,2916
22.5995,114.0097,22.9,2916
22.5995,114.0142,8.4,2916
22.5995,114.0187,0.0,2916
22.5995,114.0232,39.1,2916
22.5995,114.0277,53.3,2916
22.5995,114.0322,29.4,2862
22.5995,114.0367,49.9,2916
22.5995,114.0411,78.4,2916
22.5995,114.0456,75.0,2916
22.5995,114.0501,66.5,2916
22.5995,114.0546,20.0,2916
22.5995,114.0591,16.0,2916
22.5995,114.0636,0.0,2916
22.5995,114.0681,0.0,2916
22.5995,114.0726,0.9,2862
22.5995,114.0771,2.4,2916
22.5995,114.0816,3.8,2916
22.5995,114.0861,0.5,2916
22.5995,114.0906,4.0,2916
22.5995,114.095,3.3,2916
22.5995,114.0995,53.3,2916
22.5995,114.104,98.2,2916
22.5995,114.1085,98.8,2916
22.5995,114.113,83.3,2916
22.5995,114.1175,82.6,2862
22.5995,114.122,54.3,2916
22.5995,114.1265,60.0,2916
22.5995,114.131,67.6,2916
22.5995,114.1355,55.7,2916
22.5995,114.14,5.9,2916
22.5995,114.1445,3.5,2916
22.5995,114.1489,9.7,2916
22.5995,114.1534,2.5,2916
22.5995,114.1579,1.0,2916
22.5995,114.1624,21.1,2862
22.5995,114.1669,23.6,2916
22.5995,114.1714,53.6,2916
22.5995,114.1759,12.8,2916
22.5995,114.1804,20.4,2916
22.5995,114.1849,4.5,2916
22.5995,114.1894,0.7,2916
22.5995,114.1939,17.7,2916
22.5995,114.1984,0.0,2916
22.5995,114.2028,0.0,2916
22.5995,114.2073,0.0,2862
22.5995,114.2118,0.0,2916
22.5995,114.2163,0.0,2916
22.5995,114.2208,0.0,2916
22.5995,114.2253,0.0,2916
22.5995,114.2298,1.0,2916
22.5995,114.2343,39.6,2916
22.5995,114.2388,73.3,2916
22.5995,114.2433,73.0,2916
22.5995,114.2478,42.7,2916
22.5995,114.2522,0.0,2862
22.5995,114.2567,0.0,2916
22.5995,114.2612,0.0,2916
22.5995,114.2657,1.2,2916
22.5995,114.2702,0.1,2916
22.5995,114.2747,0.0,2916
22.5995,114.2792,0.0,2916
22.5995,114.2837,0.0,2916
22.5995,114.2882,0.4,2916
22.5995,114.2927,5.1,2916
22.5995,114.2972,45.5,2862
22.5995,114.3017,61.6,2916
22.5995,114.3061,43.2,2916
22.5995,114.3106,28.9,2916
22.5995,114.3151,12.7,2916
22.5995,114.3196,29.2,2916
22.5995,114.3241,0.0,2916
22.5995,114.3286,0.0,2916
22.5995,114.3331,0.0,2916
22.5995,114.3376,38.0,2916
22.5995,114.3421,57.5,2862
22.5995,114.3466,6.5,2916
22.5995,114.3511,0.0,2916
22.5995,114.3556,0.0,2916
22.5995,114.36,0.0,2916
22.5995,114.3645,0.0,2916
22.5995,114.369,0.0,2916
22.5995,114.3735,0.0,2916
22.5995,114.378,0.0,2916
22.5995,114.3825,0.0,2916
22.5995,114.387,0.0,2862
22.5995,114.3915,0.0,2916
22.5995,114.396,0.0,2916
22.5995,114.4005,0.0,2916
22.5995,114.405,0.0,2916
22.5995,114.4095,0.0,2916
22.5995,114.4139,0.0,2916
22.5995,114.4184,0.0,2916
22.5995,114.4229,0.0,2916
22.5995,114.4274,0.0,2862
22.5995,114.4319,0.0,2916
22.5995,114.4364,0.0,2916
22.5995,114.4409,0.0,2916
22.5995,114.4454,3.1,2916
22.5995,114.4499,8.1,2916
22.5995,114.4544,14.5,2916
22.5995,114.4589,15.7,2916
22.5995,114.4634,44.2,2916
22.5995,114.4678,78.8,2916
22.5995,114.4723,88.2,2862
22.5995,114.4768,80.4,2916
22.5995,114.4813,37.2,2916
22.5995,114.4858,4.1,2916
22.5995,114.4903,32.0,2916
22.5995,114.4948,44.5,2916
22.5995,114.4993,31.2,2916
22.5995,114.5038,32.8,2916
22.5995,114.5083,40.3,2916
22.5995,114.5128,14.4,2916
22.5995,114.5173,9.6,2862
22.5995,114.5217,16.9,2916
22.5995,114.5262,38.8,2916
22.5995,114.5307,21.5,2916
22.5995,114.5352,27.1,2916
22.5995,114.5397,32.6,2916
22.5995,114.5442,37.8,2916
22.5995,114.5487,50.6,2916
22.5995,114.5532,6.5,2916
22.5995,114.5577,0.0,2916
22.5995,114.5622,0.0,2862
22.5995,114.5667,0.0,2916
22.5995,114.5711,0.0,2916
22.5995,114.5756,0.0,2916
22.5995,114.5801,0.0,2916
22.5995,114.5846,0.0,2916
22.5995,114.5891,0.0,2916
22.5995,114.5936,0.0,2916
22.5995,114.5981,0.0,2916
22.5995,114.6026,0.0,2916
22.5995,114.6071,0.0,2862
22.5995,114.6116,0.0,2916
22.5995,114.6161,0.0,2916
22.5995,114.6206,0.0,2916
22.5995,114.625,0.0,2916
22.5995,114.6295,0.0,2916
22.5995,114.634,0.0,2916
22.5995,114.6385,0.0,2916
22.5995,114.643,0.0,2916
22.5995,114.6475,0.0,2916
22.5995,114.652,0.0,108
22.6039,113.7222,0.0,2916
22.6039,113.7267,0.0,2916
22.6039,113.7312,0.0,2916
22.6039,113.7357,0.0,2916
22.6039,113.7402,0.0,2916
22.6039,113.7447,0.0,2916
22.6039,113.7492,0.0,2916
22.6039,113.7537,0.0,2916
22.6039,113.7582,0.0,2916
22.6039,113.7627,0.0,2862
22.6039,113.7672,0.0,2916
22.6039,113.7717,0.0,2916
22.6039,113.7761,0.0,2916
22.6039,113.7806,0.0,2916
22.6039,113.7851,0.0,2916
22.6039,113.7896,0.0,2916
22.6039,113.7941,0.0,2916
22.6039,113.7986,0.0,2916
22.6039,113.8031,1.9,2916
22.6039,113.8076,19.9,2862
22.6039,113.8121,30.9,2916
22.6039,113.8166,0.0,2916
22.6039,113.8211,0.0,2916
22.6039,113.8256,28.6,2916
22.6039,113.83,89.3,2916
22.6039,113.8345,80.8,2916
22.6039,113.839,80.7,2916
22.6039,113.8435,96.6,2916
22.6039,113.848,87.3,2916
22.6039,113.8525,63.0,2862
22.6039,113.857,83.6,2916
22.6039,113.8615,89.1,2916
22.6039,113.866,75.0,2916
22.6039,113.8705,8.2,2916
22.6039,113.875,15.2,2916
22.6039,113.8795,61.6,2916
22.6039,113.8839,81.3,2916
22.6039,113.8884,48.7,2916
22.6039,113.8929,40.6,2916
22.6039,113.8974,27.6,2862
22.6039,113.9019,0.0,2916
22.6039,113.9064,0.2,2916
22.6039,113.9109,5.2,2916
22.6039,113.9154,1.8,2916
22.6039,113.9199,7.3,2916
22.6039,113.9244,14.7,2916
22.6039,113.9289,36.6,2916
22.6039,113.9333,46.8,2916
22.6039,113.9378,0.0,2916
22.6039,113.9423,0.0,2862
22.6039,113.9468,0.0,2916
22.6039,113.9513,0.0,2916
22.6039,113.9558,0.0,2916
22.6039,113.9603,2.0,2916
22.6039,113.9648,10.2,2916
22.6039,113.9693,6.2,2916
22.6039,113.9738,3.9,2916
22.6039,113.9783,0.8,2916
22.6039,113.9828,21.2,2916
22.6039,113.9872,55.3,2862
22.6039,113.9917,56.2,2916
22.6039,113.9962,48.6,2916
22.6039,114.0007,8.6,2970
22.6039,114.0052,13.3,2916
22.6039,114.0097,19.8,2916
22.6039,114.0142,4.4,2916
22.6039,114.0187,11.9,2916
22.6039,114.0232,64.6,2916
22.6039,114.0277,60.2,2916
22.6039,114.0322,76.1,2862
22.6039,114.0367,80.4,2916
22.6039,114.0411,87.4,2916
22.6039,114.0456,77.0,2916
22.6039,114.0501,62.9,2916
22.6039,114.0546,75.0,2916
22.6039,114.0591,22.5,2916
22.6039,114.0636,4.9,2916
22.6039,114.0681,0.0,2916
22.6039,114.0726,0.0,2862
22.6039,114.0771,0.0,2916
22.6039,114.0816,0.5,2916
22.6039,114.0861,1.5,2916
22.6039,114.0906,6.5,2916
22.6039,114.095,24.7,2916
22.6039,114.0995,79.7,2916
22.6039,114.104,83.4,2916
22.6039,114.1085,97.1,2916
22.6039,114.113,96.2,2916
22.6039,114.1175,90.3,2862
22.6039,114.122,80.8,2916
22.6039,114.1265,78.4,2916
22.6039,114.131,75.9,2916
22.6039,114.1355,90.6,2916
22.6039,114.14,64.1,2916
22.6039,114.1445,32.0,2916
22.6039,114.1489,14.6,2916
22.6039,114.1534,0.9,2916
22.6039,114.1579,1.8,2916
22.6039,114.1624,9.0,2862
22.6039,114.1669,11.7,2916
22.6039,114.1714,53.1,2916
22.6039,114.1759,21.7,2916
22.6039,114.1804,9.9,2916
22.6039,114.1849,9.5,2916
22.6039,114.1894,15.3,2916
22.6039,114.1939,11.1,2916
22.6039,114.1984,0.0,2916
22.6039,114.2028,0.0,2916
22.6039,114.2073,0.0,2862
22.6039,114.2118,0.0,2916
22.6039,114.2163,15.2,2916
22.6039,114.2208,0.0,2916
22.6039,114.2253,0.0,2916
22.6039,114.2298,0.0,2916
22.6039,114.2343,9.9,2916
22.6039,114.2388,54.4,2916
22.6039,114.2433,19.5,2916
22.6039,114.2478,1.0,2916
22.6039,114.2522,0.6,2862
22.6039,114.2567,0.1,2916
22.6039,114.2612,0.0,2916
22.6039,114.2657,2.8,2916
22.6039,114.2702,0.0,2916
22.6039,114.2747,0.0,2916
22.6039,114.2792,0.0,2916
22.6039,114.2837,8.8,2916
22.6039,114.2882,0.3,2916
22.6039,114.2927,32.0,2916
22.6039,114.2972,64.5,2862
22.6039,114.3017,67.7,2916
22.6039,114.3061,49.5,2916
22.6039,114.3106,34.9,2916
22.6039,114.3151,16.9,2916
22.6039,114.3196,59.5,2916
22.6039,114.3241,33.2,2916
22.6039,114.3286,6.2,2916
22.6039,114.3331,10.0,2916
22.6039,114.3376,26.0,2916
22.6039,114.3421,65.2,2862
22.6039,114.3466,25.1,2916
22.6039,114.3511,0.7,2916
22.6039,114.3556,0.7,2916
22.6039,114.36,0.0,2916
22.6039,114.3645,0.0,2916
22.6039,114.369,0.0,2916
22.6039,114.3735,0.0,2916
22.6039,114.378,0.0,2916
22.6039,114.3825,0.0,2916
22.6039,114.387,0.0,2862
22.6039,114.3915,0.0,2916
22.6039,114.396,0.0,2916
22.6039,114.4005,0.0,2916
22.6039,114.405,0.0,2916
22.6039,114.4095,0.0,2916
22.6039,114.4139,6.4,2916
22.6039,114.4184,24.0,2916
22.6039,114.4229,9.1,2916
22.6039,114.4274,14.7,2862
22.6039,114.4319,0.0,2916
22.6039,114.4364,0.0,2916
22.6039,114.4409,0.0,2916
22.6039,114.4454,0.0,2916
22.6039,114.4499,0.0,2916
22.6039,114.4544,0.4,2916
22.6039,114.4589,16.6,2916
22.6039,114.4634,30.9,2916
22.6039,114.4678,51.9,2916
22.6039,114.4723,67.3,2862
22.6039,114.4768,21.8,2916
22.6039,114.4813,0.0,2916
22.6039,114.4858,0.0,2916
22.6039,114.4903,0.5,2916
22.6039,114.4948,11.0,2916
22.6039,114.4993,15.7,2916
22.6039,114.5038,14.1,2916
22.6039,114.5083,1.0,2916
22.6039,114.5128,0.0,2916
22.6039,114.5173,5.7,2862
22.6039,114.5217,0.0,2916
22.6039,114.5262,0.0,2916
22.6039,114.5307,0.0,2916
22.6039,114.5352,7.0,2916
22.6039,114.5397,2.1,2916
22.6039,114.5442,0.0,2916
22.6039,114.5487,51.5,2916
22.6039,114.5532,61.9,2916
22.6039,114.5577,4.3,2916
22.6039,114.5622,0.0,2862
22.6039,114.5667,0.0,2916
22.6039,114.5711,0.0,2916
22.6039,114.5756,0.0,2916
22.6039,114.5801,0.0,2916
22.6039,114.5846,0.0,2916
22.6039,114.5891,0.0,2916
22.6039,114.5936,0.0,2916
22.6039,114.5981,0.0,2916
22.6039,114.6026,0.0,2916
22.6039,114.6071,0.0,2862
22.6039,114.6116,0.0,2916
22.6039,114.6161,0.0,2916
22.6039,114.6206,0.0,2916
22.6039,114.625,0.0,2916
22.6039,114.6295,0.0,2916
22.6039,114.634,0.0,2916
22.6039,114.6385,0.0,2916
22.6039,114.643,0.0,2916
22.6039,114.6475,0.0,2916
22.6039,114.652,0.0,108
22.6084,113.7222,0.0,2916
22.6084,113.7267,0.0,2916
22.6084,113.7312,0.0,2916
22.6084,113.7357,0.0,2916
22.6084,113.7402,0.0,2916
22.6084,113.7447,0.0,2916
22.6084,113.7492,0.0,2916
22.6084,113.7537,0.0,2916
22.6084,113.7582,0.0,2916
22.6084,113.7627,0.0,2862
22.6084,113.7672,0.0,2916
22.6084,113.7717,0.0,2916
22.6084,113.7761,0.0,2916
22.6084,113.7806,0.0,2916
22.6084,113.7851,0.0,2916
22.6084,113.7896,0.0,2916
22.6084,113.7941,0.0,2916
22.6084,113.7986,0.0,2916
22.6084,113.8031,0.2,2916
22.6084,113.8076,27.8,2862
22.6084,113.8121,19.5,2916
22.6084,113.8166,21.7,2916
22.6084,113.8211,2.5,2916
22.6084,113.8256,41.3,2916
22.6084,113.83,75.6,2916
22.6084,113.8345,70.2,2916
22.6084,113.839,78.3,2916
22.6084,113.8435,83.8,2916
22.6084,113.848,90.1,2916
22.6084,113.8525,92.7,2862
22.6084,113.857,87.9,2916
22.6084,113.8615,90.0,2916
22.6084,113.866,60.6,2916
22.6084,113.8705,3.8,2916
22.6084,113.875,0.5,2916
22.6084,113.8795,20.2,2916
22.6084,113.8839,55.0,2916
22.6084,113.8884,9.1,2916
22.6084,113.8929,1.9,2916
22.6084,113.8974,0.0,2862
22.6084,113.9019,0.0,2916
22.6084,113.9064,0.0,2916
22.6084,113.9109,0.0,2916
22.6084,113.9154,0.0,2916
22.6084,113.9199,12.0,2916
22.6084,113.9244,3.1,2916
22.6084,113.9289,19.0,2916
22.6084,113.9333,22.0,2916
22.6084,113.9378,0.0,2916
22.6084,113.9423,0.0,2862
22.6084,113.9468,0.0,2916
22.6084,113.9513,0.0,2916
22.6084,113.9558,0.0,2916
22.6084,113.9603,0.0,2916
22.6084,113.9648,8.4,2916
22.6084,113.9693,14.2,2916
22.6084,113.9738,2.2,2916
22.6084,113.9783,0.0,2916
22.6084,113.9828,8.2,2916
22.6084,113.9872,4.3,2862
22.6084,113.9917,1.7,2916
22.6084,113.9962,25.2,2916
22.6084,114.0007,15.6,2970
22.6084,114.0052,8.2,2916
22.6084,114.0097,12.5,2916
22.6084,114.0142,6.9,2916
22.6084,114.0187,19.9,2916
22.6084,114.0232,77.0,2916
22.6084,114.0277,62.0,2916
22.6084,114.0322,60.2,2862
22.6084,114.0367,76.7,2916
22.6084,114.0411,90.9,2916
22.6084,114.0456,29.1,2916
22.6084,114.0501,2.2,2916
22.6084,114.0546,65.0,2916
22.6084,114.0591,82.4,2916
22.6084,114.0636,13.3,2916
22.6084,114.0681,13.1,2916
22.6084,114.0726,4.8,2862
22.6084,114.0771,0.0,2916
22.6084,114.0816,4.2,2916
22.6084,114.0861,0.3,2916
22.6084,114.0906,5.0,2916
22.6084,114.095,67.2,2916
22.6084,114.0995,96.5,2916
22.6084,114.104,89.2,2916
22.6084,114.1085,91.1,2916
22.6084,114.113,90.3,2916
22.6084,114.1175,80.3,2862
22.6084,114.122,90.8,2916
22.6084,114.1265,81.7,2916
22.6084,114.131,84.4,2916
22.6084,114.1355,96.3,2916
22.6084,114.14,80.9,2916
22.6084,114.1445,89.2,2916
22.6084,114.1489,85.0,2916
22.6084,114.1534,64.7,2916
22.6084,114.1579,51.5,2916
22.6084,114.1624,24.8,2862
22.6084,114.1669,38.1,2916
22.6084,114.1714,16.0,2916
22.6084,114.1759,0.0,2916
22.6084,114.1804,0.1,2916
22.6084,114.1849,0.1,2916
22.6084,114.1894,0.6,2916
22.6084,114.1939,0.0,2916
22.6084,114.1984,0.7,2916
22.6084,114.2028,17.5,2916
22.6084,114.2073,9.9,2862
22.6084,114.2118,19.3,2916
22.6084,114.2163,37.9,2916
22.6084,114.2208,1.1,2916
22.6084,114.2253,0.0,2916
22.6084,114.2298,0.0,2916
22.6084,114.2343,24.2,2916
22.6084,114.2388,36.4,2916
22.6084,114.2433,21.9,2916
22.6084,114.2478,0.1,2916
22.6084,114.2522,0.0,2862
22.6084,114.2567,0.6,2916
22.6084,114.2612,2.0,2916
22.6084,114.2657,3.0,2916
22.6084,114.2702,0.4,2916
22.6084,114.2747,0.0,2916
22.6084,114.2792,0.0,2916
22.6084,114.2837,0.0,2916
22.6084,114.2882,1.4,2916
22.6084,114.2927,0.5,2916
22.6084,114.2972,20.3,2862
22.6084,114.3017,29.3,2916
22.6084,114.3061,3.3,2916
22.6084,114.3106,16.4,2916
22.6084,114.3151,2.5,2916
22.6084,114.3196,18.6,2916
22.6084,114.3241,34.1,2916
22.6084,114.3286,17.2,2916
22.6084,114.3331,0.0,2916
22.6084,114.3376,0.0,2916
22.6084,114.3421,1.1,2862
22.6084,114.3466,14.5,2916
22.6084,114.3511,31.2,2916
22.6084,114.3556,16.1,2916
22.6084,114.36,1.1,2916
22.6084,114.3645,18.5,2916
22.6084,114.369,0.0,2916
22.6084,114.3735,0.0,2916
22.6084,114.378,1.0,2916
22.6084,114.3825,0.2,2916
22.6084,114.387,0.3,2862
22.6084,114.3915,0.3,2916
22.6084,114.396,0.0,2916
22.6084,114.4005,0.0,2916
22.6084,114.405,0.0,2916
22.6084,114.4095,0.1,2916
22.6084,114.4139,4.2,2916
22.6084,114.4184,20.6,2916
22.6084,114.4229,7.6,2916
22.6084,114.4274,10.6,2862
22.6084,114.4319,5.1,2916
22.6084,114.4364,0.0,2916
22.6084,114.4409,0.0,2916
22.6084,114.4454,0.0,2916
22.6084,114.4499,0.0,2916
22.6084,114.4544,0.0,2916
22.6084,114.4589,0.0,2916
22.6084,114.4634,0.0,2916
22.6084,114.4678,6.5,2916
22.6084,114.4723,9.1,2862
22.6084,114.4768,3.5,2916
22.6084,114.4813,0.0,2916
22.6084,114.4858,0.0,2916
22.6084,114.4903,0.0,2916
22.6084,114.4948,0.5,2916
22.6084,114.4993,0.3,2916
22.6084,114.5038,0.5,2916
22.6084,114.5083,0.0,2916
22.6084,114.5128,0.0,2916
22.6084,114.5173,0.0,2862
22.6084,114.5217,0.0,2916
22.6084,114.5262,0.0,2916
22.6084,114.5307,0.0,2916
22.6084,114.5352,0.0,2916
22.6084,114.5397,0.0,2916
22.6084,114.5442,0.0,2916
22.6084,114.5487,5.5,2916
22.6084,114.5532,65.6,2916
22.6084,114.5577,47.4,2916
22.6084,114.5622,10.0,2862
22.6084,114.5667,0.0,2916
22.6084,114.5711,0.0,2916
22.6084,114.5756,0.0,2916
22.6084,114.5801,0.0,2916
22.6084,114.5846,0.0,2916
22.6084,114.5891,0.0,2916
22.6084,114.5936,0.0,2916
22.6084,114.5981,0.0,2916
22.6084,114.6026,0.0,2916
22.6084,114.6071,0.0,2862
22.6084,114.6116,0.0,2916
22.6084,114.6161,0.0,2916
22.6084,114.6206,0.0,2916
22.6084,114.625,0.0,2916
22.6084,114.6295,0.0,2916
22.6084,114.634,0.0,2916
22.6084,114.6385,0.0,2916
22.6084,114.643,0.0,2916
22.6084,114.6475,0.0,2916
22.6084,114.652,0.0,108
22.6129,113.7222,0.0,2916
22.6129,113.7267,0.0,2916
22.6129,113.7312,0.0,2916
22.6129,113.7357,0.0,2916
22.6129,113.7402,0.0,2916
22.6129,113.7447,0.0,2916
22.6129,113.7492,0.0,2916
22.6129,113.7537,0.0,2916
22.6129,113.7582,0.0,2916
22.6129,113.7627,0.0,2862
22.6129,113.7672,0.0,2916
22.6129,113.7717,0.0,2916
22.6129,113.7761,0.0,2916
22.6129,113.7806,0.0,2916
22.6129,113.7851,0.0,2916
22.6129,113.7896,0.0,2916
22.6129,113.7941,0.0,2916
22.6129,113.7986,2.6,2916
22.6129,113.8031,9.6,2916
22.6129,113.8076,6.9,2862
22.6129,113.8121,16.2,2916
22.6129,113.8166,31.9,2916
22.6129,113.8211,24.2,2916
22.6129,113.8256,26.1,2916
22.6129,113.83,26.4,2916
22.6129,113.8345,69.4,2916
22.6129,113.839,80.3,2916
22.6129,113.8435,74.7,2916
22.6129,113.848,67.1,2916
22.6129,113.8525,81.6,2862
22.6129,113.857,84.4,2916
22.6129,113.8615,48.1,2916
22.6129,113.866,3.0,2916
22.6129,113.8705,0.5,2916
22.6129,113.875,0.6,2916
22.6129,113.8795,18.1,2916
22.6129,113.8839,32.9,2916
22.6129,113.8884,0.5,2916
22.6129,113.8929,0.0,2916
22.6129,113.8974,0.0,2862
22.6129,113.9019,0.1,2916
22.6129,113.9064,0.0,2916
22.6129,113.9109,0.0,2916
22.6129,113.9154,0.4,2916
22.6129,113.9199,12.4,2916
22.6129,113.9244,16.0,2916
22.6129,113.9289,19.0,2916
22.6129,113.9333,23.3,2916
22.6129,113.9378,1.9,2916
22.6129,113.9423,0.0,2862
22.6129,113.9468,0.0,2916
22.6129,113.9513,0.0,2916
22.6129,113.9558,0.0,2916
22.6129,113.9603,0.0,2916
22.6129,113.9648,5.1,2916
22.6129,113.9693,21.4,2916
22.6129,113.9738,1.0,2916
22.6129,113.9783,14.2,2916
22.6129,113.9828,1.4,2916
22.6129,113.9872,0.0,2862
22.6129,113.9917,0.0,2916
22.6129,113.9962,3.6,2916
22.6129,114.0007,0.0,2970
22.6129,114.0052,0.0,2916
22.6129,114.0097,8.5,2916
22.6129,114.0142,5.5,2916
22.6129,114.0187,35.6,2916
22.6129,114.0232,97.4,2916
22.6129,114.0277,75.1,2916
22.6129,114.0322,30.9,2862
22.6129,114.0367,89.2,2916
22.6129,114.0411,86.1,2916
22.6129,114.0456,53.2,2916
22.6129,114.0501,36.6,2916
22.6129,114.0546,63.4,2916
22.6129,114.0591,83.6,2916
22.6129,114.0636,39.1,2916
22.6129,114.0681,24.5,2916
22.6129,114.0726,29.5,2862
22.6129,114.0771,0.0,2916
22.6129,114.0816,0.0,2916
22.6129,114.0861,15.1,2916
22.6129,114.0906,20.3,2916
22.6129,114.095,60.2,2916
22.6129,114.0995,82.6,2916
22.6129,114.104,97.6,2916
22.6129,114.1085,96.3,2916
22.6129,114.113,98.1,2916
22.6129,114.1175,94.1,2862
22.6129,114.122,75.4,2916
22.6129,114.1265,75.3,2916
22.6129,114.131,94.7,2916
22.6129,114.1355,87.7,2916
22.6129,114.14,85.2,2916
22.6129,114.1445,87.7,2916
22.6129,114.1489,64.8,2916
22.6129,114.1534,60.9,2916
22.6129,114.1579,93.9,2916
22.6129,114.1624,35.0,2862
22.6129,114.1669,0.0,2916
22.6129,114.1714,0.0,2916
22.6129,114.1759,0.0,2916
22.6129,114.1804,1.5,2916
22.6129,114.1849,16.9,2916
22.6129,114.1894,14.4,2916
22.6129,114.1939,2.2,2916
22.6129,114.1984,5.1,2916
22.6129,114.2028,12.8,2916
22.6129,114.2073,24.6,2862
22.6129,114.2118,41.7,2916
22.6129,114.2163,76.6,2916
22.6129,114.2208,9.9,2916
22.6129,114.2253,0.0,2916
22.6129,114.2298,0.8,2916
22.6129,114.2343,0.2,2916
22.6129,114.2388,1.1,2916
22.6129,114.2433,0.0,2916
22.6129,114.2478,0.0,2916
22.6129,114.2522,0.0,2862
22.6129,114.2567,0.0,2916
22.6129,114.2612,0.1,2916
22.6129,114.2657,1.2,2916
22.6129,114.2702,0.0,2916
22.6129,114.2747,0.0,2916
22.6129,114.2792,0.0,2916
22.6129,114.2837,5.7,2916
22.6129,114.2882,2.0,2916
22.6129,114.2927,1.0,2916
22.6129,114.2972,15.4,2862
22.6129,114.3017,6.6,2916
22.6129,114.3061,7.1,2916
22.6129,114.3106,0.0,2916
22.6129,114.3151,0.0,2916
22.6129,114.3196,3.2,2916
22.6129,114.3241,0.1,2916
22.6129,114.3286,0.0,2916
22.6129,114.3331,0.0,2916
22.6129,114.3376,0.0,2916
22.6129,114.3421,16.9,2862
22.6129,114.3466,39.7,2916
22.6129,114.3511,50.4,2916
22.6129,114.3556,47.6,2916
22.6129,114.36,21.2,2916
22.6129,114.3645,6.8,2916
22.6129,114.369,23.9,2916
22.6129,114.3735,20.3,2916
22.6129,114.378,7.2,2916
22.6129,114.3825,15.8,2916
22.6129,114.387,11.1,2862
22.6129,114.3915,8.1,2916
22.6129,114.396,3.9,2916
22.6129,114.4005,10.7,2916
22.6129,114.405,27.0,2916
22.6129,114.4095,14.4,2916
22.6129,114.4139,19.5,2916
22.6129,114.4184,0.0,2916
22.6129,114.4229,8.0,2916
22.6129,114.4274,9.7,2862
22.6129,114.4319,1.3,2916
22.6129,114.4364,0.0,2916
22.6129,114.4409,0.0,2916
22.6129,114.4454,0.0,2916
22.6129,114.4499,0.0,2916
22.6129,114.4544,0.0,2916
22.6129,114.4589,0.0,2916
22.6129,114.4634,0.0,2916
22.6129,114.4678,0.0,2916
22.6129,114.4723,0.0,2862
22.6129,114.4768,0.0,2916
22.6129,114.4813,0.0,2916
22.6129,114.4858,0.0,2916
22.6129,114.4903,0.0,2916
22.6129,114.4948,0.0,2916
22.6129,114.4993,0.0,2916
22.6129,114.5038,0.0,2916
22.6129,114.5083,0.0,2916
22.6129,114.5128,0.0,2916
22.6129,114.5173,0.0,2862
22.6129,114.5217,0.0,2916
22.6129,114.5262,0.0,2916
22.6129,114.5307,0.0,2916
22.6129,114.5352,0.0,2916
22.6129,114.5397,0.0,2916
22.6129,114.5442,0.0,2916
22.6129,114.5487,0.0,2916
22.6129,114.5532,3.8,2916
22.6129,114.5577,4.5,2916
22.6129,114.5622,0.3,2862
22.6129,114.5667,1.6,2916
22.6129,114.5711,0.4,2916
22.6129,114.5756,0.0,2916
22.6129,114.5801,0.0,2916
22.6129,114.5846,0.0,2916
22.6129,114.5891,0.0,2916
22.6129,114.5936,0.0,2916
22.6129,114.5981,0.0,2916
22.6129,114.6026,0.0,2916
22.6129,114.6071,0.0,2862
22.6129,114.6116,0.0,2916
22.6129,114.6161,0.0,2916
22.6129,114.6206,0.0,2916
22.6129,114.625,0.0,2916
22.6129,114.6295,0.0,2916
22.6129,114.634,0.0,2916
22.6129,114.6385,0.0,2916
22.6129,114.643,0.0,2916
22.6129,114.6475,0.0,2916
22.6129,114.652,0.0,108
22.6174,113.7222,0.0,2862
22.6174,113.7267,0.0,2862
22.6174,113.7312,0.0,2862
22.6174,113.7357,0.0,2862
22.6174,113.7402,0.0,2862
22.6174,113.7447,0.0,2862
22.6174,113.7492,0.0,2862
22.6174,113.7537,0.0,2862
22.6174,113.7582,0.0,2862
22.6174,113.7627,0.0,2809
22.6174,113.7672,0.0,2862
22.6174,113.7717,0.0,2862
22.6174,113.7761,0.0,2862
22.6174,113.7806,0.0,2862
22.6174,113.7851,0.0,2862
22.6174,113.7896,0.0,2862
22.6174,113.7941,3.2,2862
22.6174,113.7986,5.1,2862
22.6174,113.8031,2.4,2862
22.6174,113.8076,13.5,2809
22.6174,113.8121,19.7,2862
22.6174,113.8166,92.3,2862
22.6174,113.8211,20.8,2862
22.6174,113.8256,25.4,2862
22.6174,113.83,29.7,2862
22.6174,113.8345,51.0,2862
22.6174,113.839,73.7,2862
22.6174,113.8435,39.7,2862
22.6174,113.848,40.4,2862
22.6174,113.8525,69.7,2809
22.6174,113.857,87.0,2862
22.6174,113.8615,65.7,2862
22.6174,113.866,10.5,2862
22.6174,113.8705,2.9,2862
22.6174,113.875,11.1,2862
22.6174,113.8795,0.0,2862
22.6174,113.8839,0.0,2862
22.6174,113.8884,0.0,2862
22.6174,113.8929,0.0,2862
22.6174,113.8974,0.0,2809
22.6174,113.9019,0.1,2862
22.6174,113.9064,0.0,2862
22.6174,113.9109,0.0,2862
22.6174,113.9154,14.6,2862
22.6174,113.9199,27.6,2862
22.6174,113.9244,88.7,2862
22.6174,113.9289,18.3,2862
22.6174,113.9333,10.9,2862
22.6174,113.9378,0.2,2862
22.6174,113.9423,0.0,2809
22.6174,113.9468,0.0,2862
22.6174,113.9513,0.2,2862
22.6174,113.9558,0.0,2862
22.6174,113.9603,3.4,2862
22.6174,113.9648,0.0,2862
22.6174,113.9693,27.1,2862
22.6174,113.9738,23.6,2862
22.6174,113.9783,2.1,2862
22.6174,113.9828,0.0,2862
22.6174,113.9872,0.0,2809
22.6174,113.9917,0.6,2862
22.6174,113.9962,0.0,2862
22.6174,114.0007,0.0,2915
22.6174,114.0052,0.0,2862
22.6174,114.0097,7.3,2862
22.6174,114.0142,17.8,2862
22.6174,114.0187,67.8,2862
22.6174,114.0232,37.9,2862
22.6174,114.0277,44.5,2862
22.6174,114.0322,84.5,2809
22.6174,114.0367,72.3,2862
22.6174,114.0411,70.3,2862
22.6174,114.0456,80.7,2862
22.6174,114.0501,88.7,2862
22.6174,114.0546,77.4,2862
22.6174,114.0591,87.3,2862
22.6174,114.0636,79.2,2862
22.6174,114.0681,78.9,2862
22.6174,114.0726,22.8,2809
22.6174,114.0771,11.4,2862
22.6174,114.0816,0.0,2862
22.6174,114.0861,3.7,2862
22.6174,114.0906,16.8,2862
22.6174,114.095,20.6,2862
22.6174,114.0995,35.4,2862
22.6174,114.104,97.3,2862
22.6174,114.1085,83.6,2862
22.6174,114.113,83.5,2862
22.6174,114.1175,76.1,2809
22.6174,114.122,41.0,2862
22.6174,114.1265,29.9,2862
22.6174,114.131,82.1,2862
22.6174,114.1355,82.1,2862
22.6174,114.14,80.8,2862
22.6174,114.1445,61.8,2862
22.6174,114.1489,72.6,2862
22.6174,114.1534,76.3,2862
22.6174,114.1579,57.4,2862
22.6174,114.1624,2.9,2809
22.6174,114.1669,0.0,2862
22.6174,114.1714,0.3,2862
22.6174,114.1759,0.0,2862
22.6174,114.1804,18.5,2862
22.6174,114.1849,6.5,2862
22.6174,114.1894,3.4,2862
22.6174,114.1939,0.0,2862
22.6174,114.1984,0.0,2862
22.6174,114.2028,0.0,2862
22.6174,114.2073,0.0,2809
22.6174,114.2118,0.4,2862
22.6174,114.2163,78.8,2862
22.6174,114.2208,88.7,2862
22.6174,114.2253,61.8,2862
22.6174,114.2298,18.1,2862
22.6174,114.2343,0.0,2862
22.6174,114.2388,0.0,2862
22.6174,114.2433,0.0,2862
22.6174,114.2478,0.0,2862
22.6174,114.2522,0.0,2809
22.6174,114.2567,0.5,2862
22.6174,114.2612,3.2,2862
22.6174,114.2657,2.0,2862
22.6174,114.2702,0.0,2862
22.6174,114.2747,0.0,2862
22.6174,114.2792,10.0,2862
22.6174,114.2837,48.3,2862
22.6174,114.2882,18.2,2862
22.6174,114.2927,0.0,2862
22.6174,114.2972,0.3,2809
22.6174,114.3017,5.2,2862
22.6174,114.3061,1.5,2862
22.6174,114.3106,0.0,2862
22.6174,114.3151,0.0,2862
22.6174,114.3196,0.0,2862
22.6174,114.3241,0.0,2862
22.6174,114.3286,0.0,2862
22.6174,114.3331,0.0,2862
22.6174,114.3376,0.0,2862
22.6174,114.3421,0.0,2809
22.6174,114.3466,0.5,2862
22.6174,114.3511,23.4,2862
22.6174,114.3556,27.6,2862
22.6174,114.36,2.6,2862
22.6174,114.3645,0.0,2862
22.6174,114.369,14.8,2862
22.6174,114.3735,36.1,2862
22.6174,114.378,4.8,2862
22.6174,114.3825,49.6,2862
22.6174,114.387,48.4,2809
22.6174,114.3915,16.1,2862
22.6174,114.396,54.4,2862
22.6174,114.4005,86.7,2862
22.6174,114.405,78.5,2862
22.6174,114.4095,28.3,2862
22.6174,114.4139,12.2,2862
22.6174,114.4184,42.8,2862
22.6174,114.4229,24.4,2862
22.6174,114.4274,0.0,2809
22.6174,114.4319,11.3,2862
22.6174,114.4364,0.0,2862
22.6174,114.4409,0.0,2862
22.6174,114.4454,0.0,2862
22.6174,114.4499,0.0,2862
22.6174,114.4544,0.0,2862
22.6174,114.4589,0.0,2862
22.6174,114.4634,0.0,2862
22.6174,114.4678,0.0,2862
22.6174,114.4723,0.0,2809
22.6174,114.4768,0.0,2862
22.6174,114.4813,0.0,2862
22.6174,114.4858,0.0,2862
22.6174,114.4903,0.0,2862
22.6174,114.4948,0.0,2862
22.6174,114.4993,0.0,2862
22.6174,114.5038,0.0,2862
22.6174,114.5083,0.0,2862
22.6174,114.5128,0.0,2862
22.6174,114.5173,0.0,2809
22.6174,114.5217,0.0,2862
22.6174,114.5262,0.0,2862
22.6174,114.5307,0.0,2862
22.6174,114.5352,0.0,2862
22.6174,114.5397,0.0,2862
22.6174,114.5442,0.0,2862
22.6174,114.5487,0.0,2862
22.6174,114.5532,0.0,2862
22.6174,114.5577,0.0,2862
22.6174,114.5622,0.0,2809
22.6174,114.5667,0.0,2862
22.6174,114.5711,0.0,2862
22.6174,114.5756,10.7,2862
22.6174,114.5801,0.0,2862
22.6174,114.5846,0.0,2862
22.6174,114.5891,0.0,2862
22.6174,114.5936,0.0,2862
22.6174,114.5981,0.0,2862
22.6174,114.6026,0.0,2862
22.6174,114.6071,0.0,2809
22.6174,114.6116,0.0,2862
22.6174,114.6161,0.0,2862
22.6174,114.6206,0.0,2862
22.6174,114.625,0.0,2862
22.6174,114.6295,0.0,2862
22.6174,114.634,0.0,2862
22.6174,114.6385,0.0,2862
22.6174,114.643,0.0,2862
22.6174,114.6475,0.0,2862
22.6174,114.652,0.0,106
22.6219,113.7222,0.0,2916
22.6219,113.7267,0.0,2916
22.6219,113.7312,0.0,2916
22.6219,113.7357,0.0,2916
22.6219,113.7402,0.0,2916
22.6219,113.7447,0.0,2916
22.6219,113.7492,0.0,2916
22.6219,113.7537,0.0,2916
22.6219,113.7582,0.0,2916
22.6219,113.7627,0.0,2862
22.6219,113.7672,0.0,2916
22.6219,113.7717,0.0,2916
22.6219,113.7761,0.0,2916
22.6219,113.7806,0.0,2916
22.6219,113.7851,0.0,2916
22.6219,113.7896,0.2,2916
22.6219,113.7941,7.3,2916
22.6219,113.7986,4.8,2916
22.6219,113.8031,49.9,2916
22.6219,113.8076,86.9,2862
22.6219,113.8121,62.3,2916
22.6219,113.8166,77.4,2916
22.6219,113.8211,19.0,2916
22.6219,113.8256,85.3,2916
22.6219,113.83,50.8,2916
22.6219,113.8345,55.8,2916
22.6219,113.839,70.2,2916
22.6219,113.8435,39.2,2916
22.6219,113.848,74.5,2916
22.6219,113.8525,78.0,2862
22.6219,113.857,73.2,2916
22.6219,113.8615,54.9,2916
22.6219,113.866,25.8,2916
22.6219,113.8705,8.0,2916
22.6219,113.875,0.0,2916
22.6219,113.8795,0.0,2916
22.6219,113.8839,0.0,2916
22.6219,113.8884,0.0,2916
22.6219,113.8929,0.0,2916
22.6219,113.8974,0.0,2862
22.6219,113.9019,0.0,2916
22.6219,113.9064,0.0,2916
22.6219,113.9109,0.0,2916
22.6219,113.9154,16.3,2916
22.6219,113.9199,30.5,2916
22.6219,113.9244,17.4,2916
22.6219,113.9289,0.7,2916
22.6219,113.9333,12.6,2916
22.6219,113.9378,13.8,2916
22.6219,113.9423,2.6,2862
22.6219,113.9468,0.2,2916
22.6219,113.9513,0.0,2916
22.6219,113.9558,0.0,2916
22.6219,113.9603,0.1,2916
22.6219,113.9648,0.9,2916
22.6219,113.9693,42.9,2916
22.6219,113.9738,63.3,2916
22.6219,113.9783,21.3,2916
22.6219,113.9828,2.2,2916
22.6219,113.9872,0.2,2862
22.6219,113.9917,0.0,2916
22.6219,113.9962,0.0,2916
22.6219,114.0007,0.0,2970
22.6219,114.0052,7.8,2916
22.6219,114.0097,15.3,2916
22.6219,114.0142,32.5,2916
22.6219,114.0187,66.8,2916
22.6219,114.0232,72.9,2916
22.6219,114.0277,80.7,2916
22.6219,114.0322,94.3,2862
22.6219,114.0367,85.3,2916
22.6219,114.0411,65.8,2916
22.6219,114.0456,64.6,2916
22.6219,114.0501,64.6,2916
22.6219,114.0546,88.7,2916
22.6219,114.0591,96.9,2916
22.6219,114.0636,85.0,2916
22.6219,114.0681,70.7,2916
22.6219,114.0726,73.7,2862
22.6219,114.0771,44.4,2916
22.6219,114.0816,2.8,2916
22.6219,114.0861,0.1,2916
22.6219,114.0906,18.4,2916
22.6219,114.095,1.7,2916
22.6219,114.0995,40.6,2916
22.6219,114.104,91.5,2916
22.6219,114.1085,76.4,2916
22.6219,114.113,88.7,2916
22.6219,114.1175,78.4,2862
22.6219,114.122,26.1,2916
22.6219,114.1265,3.3,2916
22.6219,114.131,30.5,2916
22.6219,114.1355,66.8,2916
22.6219,114.14,76.6,2916
22.6219,114.1445,87.7,2916
22.6219,114.1489,91.9,2916
22.6219,114.1534,81.8,2916
22.6219,114.1579,22.6,2916
22.6219,114.1624,5.3,2862
22.6219,114.1669,0.7,2916
22.6219,114.1714,4.4,2916
22.6219,114.1759,8.7,2916
22.6219,114.1804,22.9,2916
22.6219,114.1849,0.6,2916
22.6219,114.1894,0.5,2916
22.6219,114.1939,0.4,2916
22.6219,114.1984,0.0,2916
22.6219,114.2028,0.0,2916
22.6219,114.2073,0.0,2862
22.6219,114.2118,5.1,2916
22.6219,114.2163,46.3,2916
22.6219,114.2208,82.9,2916
22.6219,114.2253,18.8,2916
22.6219,114.2298,6.4,2916
22.6219,114.2343,0.1,2916
22.6219,114.2388,0.0,2916
22.6219,114.2433,0.0,2916
22.6219,114.2478,0.0,2916
22.6219,114.2522,0.0,2862
22.6219,114.2567,0.1,2916
22.6219,114.2612,3.2,2916
22.6219,114.2657,0.6,2916
22.6219,114.2702,0.0,2916
22.6219,114.2747,0.0,2916
22.6219,114.2792,1.1,2916
22.6219,114.2837,0.7,2916
22.6219,114.2882,0.7,2916
22.6219,114.2927,1.0,2916
22.6219,114.2972,4.1,2862
22.6219,114.3017,0.1,2916
22.6219,114.3061,0.0,2916
22.6219,114.3106,0.0,2916
22.6219,114.3151,0.0,2916
22.6219,114.3196,0.0,2916
22.6219,114.3241,0.0,2916
22.6219,114.3286,0.0,2916
22.6219,114.3331,0.0,2916
22.6219,114.3376,0.0,2916
22.6219,114.3421,0.0,2862
22.6219,114.3466,0.0,2916
22.6219,114.3511,0.8,2916
22.6219,114.3556,0.0,2916
22.6219,114.36,0.0,2916
22.6219,114.3645,0.8,2916
22.6219,114.369,1.6,2916
22.6219,114.3735,0.0,2916
22.6219,114.378,0.0,2916
22.6219,114.3825,20.7,2916
22.6219,114.387,34.5,2862
22.6219,114.3915,0.0,2916
22.6219,114.396,14.8,2916
22.6219,114.4005,21.0,2916
22.6219,114.405,3.4,2916
22.6219,114.4095,0.0,2916
22.6219,114.4139,9.0,2916
22.6219,114.4184,43.2,2916
22.6219,114.4229,48.4,2916
22.6219,114.4274,24.4,2862
22.6219,114.4319,40.1,2916
22.6219,114.4364,26.6,2916
22.6219,114.4409,0.0,2916
22.6219,114.4454,0.0,2916
22.6219,114.4499,0.0,2916
22.6219,114.4544,0.0,2916
22.6219,114.4589,0.0,2916
22.6219,114.4634,0.0,2916
22.6219,114.4678,0.0,2916
22.6219,114.4723,0.0,2862
22.6219,114.4768,0.0,2916
22.6219,114.4813,0.0,2916
22.6219,114.4858,0.0,2916
22.6219,114.4903,0.0,2916
22.6219,114.4948,0.0,2916
22.6219,114.4993,0.0,2916
22.6219,114.5038,0.0,2916
22.6219,114.5083,0.0,2916
22.6219,114.5128,0.0,2916
22.6219,114.5173,0.0,2862
22.6219,114.5217,0.0,2916
22.6219,114.5262,0.0,2916
22.6219,114.5307,0.0,2916
22.6219,114.5352,0.0,2916
22.6219,114.5397,0.0,2916
22.6219,114.5442,0.0,2916
22.6219,114.5487,0.0,2916
22.6219,114.5532,0.0,2916
22.6219,114.5577,0.0,2916
22.6219,114.5622,0.0,2862
22.6219,114.5667,0.0,2916
22.6219,114.5711,0.9,2916
22.6219,114.5756,25.5,2916
22.6219,114.5801,0.0,2916
22.6219,114.5846,0.0,2916
22.6219,114.5891,0.0,2916
22.6219,114.5936,0.0,2916
22.6219,114.5981,0.0,2916
22.6219,114.6026,0.0,2916
22.6219,114.6071,0.0,2862
22.6219,114.6116,0.0,2916
22.6219,114.6161,0.0,2916
22.6219,114.6206,0.0,2916
22.6219,114.625,0.0,2916
22.6219,114.6295,0.0,2916
22.6219,114.634,0.0,2916
22.6219,114.6385,0.0,2916
22.6219,114.643,0.0,2916
22.6219,114.6475,0.0,2916
22.6219,114.652,0.0,108
22.6264,113.7222,0.0,2916
22.6264,113.7267,0.0,2916
22.6264,113.7312,0.0,2916
22.6264,113.7357,0.0,2916
22.6264,113.7402,0.0,2916
22.6264,113.7447,0.0,2916
22.6264,113.7492,0.0,2916
22.6264,113.7537,0.0,2916
22.6264,113.7582,0.0,2916
22.6264,113.7627,0.0,2862
22.6264,113.7672,0.0,2916
22.6264,113.7717,0.0,2916
22.6264,113.7761,0.0,2916
22.6264,113.7806,0.0,2916
22.6264,113.7851,0.0,2916
22.6264,113.7896,7.4,2916
22.6264,113.7941,0.1,2916
22.6264,113.7986,28.0,2916
22.6264,113.8031,93.3,2916
22.6264,113.8076,93.9,2862
22.6264,113.8121,98.6,2916
22.6264,113.8166,67.8,2916
22.6264,113.8211,75.8,2916
22.6264,113.8256,58.7,2916
22.6264,113.83,66.3,2916
22.6264,113.8345,74.5,2916
22.6264,113.839,96.9,2916
22.6264,113.8435,92.7,2916
22.6264,113.848,85.8,2916
22.6264,113.8525,59.8,2862
22.6264,113.857,92.6,2916
22.6264,113.8615,57.9,2916
22.6264,113.866,16.3,2916
22.6264,113.8705,0.0,2916
22.6264,113.875,0.0,2916
22.6264,113.8795,0.0,2916
22.6264,113.8839,0.0,2916
22.6264,113.8884,0.0,2916
22.6264,113.8929,0.0,2916
22.6264,113.8974,0.0,2862
22.6264,113.9019,0.0,2916
22.6264,113.9064,0.0,2916
22.6264,113.9109,1.9,2916
22.6264,113.9154,8.3,2916
22.6264,113.9199,11.4,2916
22.6264,113.9244,1.2,2916
22.6264,113.9289,7.0,2916
22.6264,113.9333,44.7,2916
22.6264,113.9378,71.7,2916
22.6264,113.9423,5.9,2862
22.6264,113.9468,3.3,2916
22.6264,113.9513,0.0,2916
22.6264,113.9558,1.5,2916
22.6264,113.9603,0.7,2916
22.6264,113.9648,32.2,2916
22.6264,113.9693,81.4,2916
22.6264,113.9738,48.4,2916
22.6264,113.9783,57.5,2916
22.6264,113.9828,0.6,2916
22.6264,113.9872,0.0,2862
22.6264,113.9917,0.4,2916
22.6264,113.9962,1.8,2916
22.6264,114.0007,2.9,2970
22.6264,114.0052,42.0,2916
22.6264,114.0097,47.2,2916
22.6264,114.0142,72.7,2916
22.6264,114.0187,77.7,2916
22.6264,114.0232,89.3,2916
22.6264,114.0277,91.1,2916
22.6264,114.0322,99.0,2862
22.6264,114.0367,84.5,2916
22.6264,114.0411,73.3,2916
22.6264,114.0456,66.2,2916
22.6264,114.0501,65.6,2916
22.6264,114.0546,76.5,2916
22.6264,114.0591,87.5,2916
22.6264,114.0636,80.4,2916
22.6264,114.0681,89.2,2916
22.6264,114.0726,91.4,2862
22.6264,114.0771,78.8,2916
22.6264,114.0816,62.9,2916
22.6264,114.0861,46.7,2916
22.6264,114.0906,18.8,2916
22.6264,114.095,25.8,2916
22.6264,114.0995,74.8,2916
22.6264,114.104,69.7,2916
22.6264,114.1085,71.3,2916
22.6264,114.113,86.9,2916
22.6264,114.1175,48.4,2862
22.6264,114.122,60.8,2916
22.6264,114.1265,72.9,2916
22.6264,114.131,77.1,2916
22.6264,114.1355,77.9,2916
22.6264,114.14,76.0,2916
22.6264,114.1445,76.0,2916
22.6264,114.1489,77.8,2916
22.6264,114.1534,81.1,2916
22.6264,114.1579,41.0,2916
22.6264,114.1624,42.1,2862
22.6264,114.1669,2.6,2916
22.6264,114.1714,7.9,2916
22.6264,114.1759,4.5,2916
22.6264,114.1804,82.2,2916
22.6264,114.1849,67.5,2916
22.6264,114.1894,14.3,2916
22.6264,114.1939,3.3,2916
22.6264,114.1984,0.0,2916
22.6264,114.2028,0.0,2916
22.6264,114.2073,1.1,2862
22.6264,114.2118,38.5,2916
22.6264,114.2163,84.8,2916
22.6264,114.2208,56.2,2916
22.6264,114.2253,0.0,2916
22.6264,114.2298,0.0,2916
22.6264,114.2343,0.0,2916
22.6264,114.2388,0.0,2916
22.6264,114.2433,0.0,2916
22.6264,114.2478,0.0,2916
22.6264,114.2522,0.0,2862
22.6264,114.2567,0.1,2916
22.6264,114.2612,6.3,2916
22.6264,114.2657,0.5,2916
22.6264,114.2702,0.0,2916
22.6264,114.2747,2.3,2916
22.6264,114.2792,4.7,2916
22.6264,114.2837,3.7,2916
22.6264,114.2882,0.0,2916
22.6264,114.2927,0.0,2916
22.6264,114.2972,0.2,2862
22.6264,114.3017,0.0,2916
22.6264,114.3061,0.0,2916
22.6264,114.3106,0.0,2916
22.6264,114.3151,0.0,2916
22.6264,114.3196,0.0,2916
22.6264,114.3241,0.0,2916
22.6264,114.3286,0.0,2916
22.6264,114.3331,0.0,2916
22.6264,114.3376,0.0,2916
22.6264,114.3421,0.0,2862
22.6264,114.3466,0.0,2916
22.6264,114.3511,0.0,2916
22.6264,114.3556,0.0,2916
22.6264,114.36,0.0,2916
22.6264,114.3645,0.0,2916
22.6264,114.369,0.0,2916
22.6264,114.3735,0.0,2916
22.6264,114.378,0.0,2916
22.6264,114.3825,0.0,2916
22.6264,114.387,0.0,2862
22.6264,114.3915,0.0,2916
22.6264,114.396,0.0,2916
22.6264,114.4005,0.0,2916
22.6264,114.405,0.0,2916
22.6264,114.4095,14.7,2916
22.6264,114.4139,42.9,2916
22.6264,114.4184,59.4,2916
22.6264,114.4229,53.2,2916
22.6264,114.4274,46.3,2862
22.6264,114.4319,25.5,2916
22.6264,114.4364,24.1,2916
22.6264,114.4409,2.4,2916
22.6264,114.4454,0.0,2916
22.6264,114.4499,1.4,2916
22.6264,114.4544,0.0,2916
22.6264,114.4589,0.0,2916
22.6264,114.4634,0.0,2916
22.6264,114.4678,0.0,2916
22.6264,114.4723,0.0,2862
22.6264,114.4768,0.0,2916
22.6264,114.4813,0.0,2916
22.6264,114.4858,0.0,2916
22.6264,114.4903,0.0,2916
22.6264,114.4948,0.0,2916
22.6264,114.4993,0.0,2916
22.6264,114.5038,0.0,2916
22.6264,114.5083,0.0,2916
22.6264,114.5128,0.0,2916
22.6264,114.5173,0.0,2862
22.6264,114.5217,0.0,2916
22.6264,114.5262,0.0,2916
22.6264,114.5307,0.0,2916
22.6264,114.5352,0.0,2916
22.6264,114.5397,0.0,2916
22.6264,114.5442,0.0,2916
22.6264,114.5487,0.0,2916
22.6264,114.5532,0.0,2916
22.6264,114.5577,0.0,2916
22.6264,114.5622,0.0,2862
22.6264,114.5667,0.0,2916
22.6264,114.5711,5.5,2916
22.6264,114.5756,0.2,2916
22.6264,114.5801,0.0,2916
22.6264,114.5846,0.0,2916
22.6264,114.5891,0.0,2916
22.6264,114.5936,0.0,2916
22.6264,114.5981,0.0,2916
22.6264,114.6026,0.0,2916
22.6264,114.6071,0.0,2862
22.6264,114.6116,0.0,2916
22.6264,114.6161,0.0,2916
22.6264,114.6206,0.0,2916
22.6264,114.625,0.0,2916
22.6264,114.6295,0.0,2916
22.6264,114.634,0.0,2916
22.6264,114.6385,0.0,2916
22.6264,114.643,0.0,2916
22.6264,114.6475,0.0,2916
22.6264,114.652,0.0,108
22.6309,113.7222,0.0,2916
22.6309,113.7267,0.0,2916
22.6309,113.7312,0.0,2916
22.6309,113.7357,0.0,2916
22.6309,113.7402,0.0,2916
22.6309,113.7447,0.0,2916
22.6309,113.7492,0.0,2916
22.6309,113.7537,0.0,2916
22.6309,113.7582,0.0,2916
22.6309,113.7627,0.0,2862
22.6309,113.7672,0.0,2916
22.6309,113.7717,0.0,2916
22.6309,113.7761,0.0,2916
22.6309,113.7806,0.0,2916
22.6309,113.7851,4.0,2916
22.6309,113.7896,4.0,2916
22.6309,113.7941,1.7,2916
22.6309,113.7986,64.7,2916
22.6309,113.8031,97.9,2916
22.6309,113.8076,94.8,2862
22.6309,113.8121,77.3,2916
22.6309,113.8166,64.2,2916
22.6309,113.8211,78.2,2916
22.6309,113.8256,59.5,2916
22.6309,113.83,90.3,2916
22.6309,113.8345,84.6,2916
22.6309,113.839,91.0,2916
22.6309,113.8435,94.3,2916
22.6309,113.848,54.1,2916
22.6309,113.8525,29.4,2862
22.6309,113.857,86.2,2916
22.6309,113.8615,71.5,2916
22.6309,113.866,7.9,2916
22.6309,113.8705,0.8,2916
22.6309,113.875,0.1,2916
22.6309,113.8795,0.0,2916
22.6309,113.8839,0.0,2916
22.6309,113.8884,0.0,2916
22.6309,113.8929,0.0,2916
22.6309,113.8974,0.0,2862
22.6309,113.9019,0.0,2916
22.6309,113.9064,0.0,2916
22.6309,113.9109,9.0,2916
22.6309,113.9154,0.0,2916
22.6309,113.9199,15.0,2916
22.6309,113.9244,7.7,2916
22.6309,113.9289,67.7,2916
22.6309,113.9333,88.9,2916
22.6309,113.9378,31.6,2916
22.6309,113.9423,0.7,2862
22.6309,113.9468,0.4,2916
22.6309,113.9513,11.4,2916
22.6309,113.9558,10.6,2916
22.6309,113.9603,4.8,2916
22.6309,113.9648,39.8,2916
22.6309,113.9693,30.0,2916
22.6309,113.9738,0.0,2916
22.6309,113.9783,0.0,2916
22.6309,113.9828,0.0,2916
22.6309,113.9872,0.0,2862
22.6309,113.9917,9.0,2916
22.6309,113.9962,5.7,2916
22.6309,114.0007,57.4,2970
22.6309,114.0052,64.5,2916
22.6309,114.0097,51.8,2916
22.6309,114.0142,62.9,2916
22.6309,114.0187,70.2,2916
22.6309,114.0232,83.7,2916
22.6309,114.0277,80.0,2916
22.6309,114.0322,95.6,2862
22.6309,114.0367,74.1,2916
22.6309,114.0411,77.1,2916
22.6309,114.0456,44.2,2916
22.6309,114.0501,81.0,2916
22.6309,114.0546,83.1,2916
22.6309,114.0591,91.2,2916
22.6309,114.0636,78.9,2916
22.6309,114.0681,93.8,2916
22.6309,114.0726,78.3,2862
22.6309,114.0771,90.2,2916
22.6309,114.0816,61.1,2916
22.6309,114.0861,46.9,2916
22.6309,114.0906,40.0,2916
22.6309,114.095,41.8,2916
22.6309,114.0995,74.1,2916
22.6309,114.104,85.2,2916
22.6309,114.1085,74.4,2916
22.6309,114.113,53.6,2916
22.6309,114.1175,35.6,2862
22.6309,114.122,78.3,2916
22.6309,114.1265,64.0,2916
22.6309,114.131,85.4,2916
22.6309,114.1355,73.6,2916
22.6309,114.14,90.3,2916
22.6309,114.1445,69.0,2916
22.6309,114.1489,41.8,2916
22.6309,114.1534,79.8,2916
22.6309,114.1579,59.9,2916
22.6309,114.1624,58.1,2862
22.6309,114.1669,15.8,2916
22.6309,114.1714,9.9,2916
22.6309,114.1759,20.5,2916
22.6309,114.1804,84.9,2916
22.6309,114.1849,55.9,2916
22.6309,114.1894,42.4,2916
22.6309,114.1939,30.4,2916
22.6309,114.1984,2.1,2916
22.6309,114.2028,0.8,2916
22.6309,114.2073,8.8,2862
22.6309,114.2118,45.9,2916
22.6309,114.2163,91.8,2916
22.6309,114.2208,89.3,2916
22.6309,114.2253,43.9,2916
22.6309,114.2298,1.5,2916
22.6309,114.2343,0.0,2916
22.6309,114.2388,0.0,2916
22.6309,114.2433,0.0,2916
22.6309,114.2478,0.0,2916
22.6309,114.2522,0.0,2862
22.6309,114.2567,0.0,2916
22.6309,114.2612,0.0,2916
22.6309,114.2657,0.5,2916
22.6309,114.2702,3.0,2916
22.6309,114.2747,26.9,2916
22.6309,114.2792,13.7,2916
22.6309,114.2837,4.8,2916
22.6309,114.2882,7.7,2916
22.6309,114.2927,2.2,2916
22.6309,114.2972,0.0,2862
22.6309,114.3017,0.0,2916
22.6309,114.3061,0.0,2916
22.6309,114.3106,0.9,2916
22.6309,114.3151,0.1,2916
22.6309,114.3196,0.0,2916
22.6309,114.3241,0.0,2916
22.6309,114.3286,0.0,2916
22.6309,114.3331,0.0,2916
22.6309,114.3376,0.0,2916
22.6309,114.3421,0.0,2862
22.6309,114.3466,0.0,2916
22.6309,114.3511,0.0,2916
22.6309,114.3556,0.0,2916
22.6309,114.36,0.0,2916
22.6309,114.3645,0.0,2916
22.6309,114.369,0.0,2916
22.6309,114.3735,0.0,2916
22.6309,114.378,0.0,2916
22.6309,114.3825,0.0,2916
22.6309,114.387,0.0,2862
22.6309,114.3915,0.0,2916
22.6309,114.396,0.0,2916
22.6309,114.4005,0.0,2916
22.6309,114.405,2.4,2916
22.6309,114.4095,44.2,2916
22.6309,114.4139,88.9,2916
22.6309,114.4184,95.5,2916
22.6309,114.4229,60.5,2916
22.6309,114.4274,46.6,2862
22.6309,114.4319,46.3,2916
22.6309,114.4364,0.0,2916
22.6309,114.4409,7.3,2916
22.6309,114.4454,7.4,2916
22.6309,114.4499,11.2,2916
22.6309,114.4544,8.6,2916
22.6309,114.4589,7.7,2916
22.6309,114.4634,1.6,2916
22.6309,114.4678,0.0,2916
22.6309,114.4723,0.0,2862
22.6309,114.4768,0.0,2916
22.6309,114.4813,0.0,2916
22.6309,114.4858,0.0,2916
22.6309,114.4903,0.0,2916
22.6309,114.4948,0.0,2916
22.6309,114.4993,0.0,2916
22.6309,114.5038,0.1,2916
22.6309,114.5083,0.0,2916
22.6309,114.5128,0.0,2916
22.6309,114.5173,0.0,2862
22.6309,114.5217,0.0,2916
22.6309,114.5262,0.0,2916
22.6309,114.5307,0.0,2916
22.6309,114.5352,0.0,2916
22.6309,114.5397,0.0,2916
22.6309,114.5442,0.0,2916
22.6309,114.5487,0.0,2916
22.6309,114.5532,0.0,2916
22.6309,114.5577,0.0,2916
22.6309,114.5622,0.0,2862
22.6309,114.5667,0.0,2916
22.6309,114.5711,1.0,2916
22.6309,114.5756,0.2,2916
22.6309,114.5801,0.0,2916
22.6309,114.5846,0.0,2916
22.6309,114.5891,0.0,2916
22.6309,114.5936,0.0,2916
22.6309,114.5981,0.0,2916
22.6309,114.6026,0.0,2916
22.6309,114.6071,0.0,2862
22.6309,114.6116,0.0,2916
22.6309,114.6161,0.0,2916
22.6309,114.6206,0.0,2916
22.6309,114.625,0.0,2916
22.6309,114.6295,0.0,2916
22.6309,114.634,0.0,2916
22.6309,114.6385,0.0,2916
22.6309,114.643,0.0,2916
22.6309,114.6475,0.0,2916
22.6309,114.652,0.0,108
22.6354,113.7222,0.0,2916
22.6354,113.7267,0.0,2916
22.6354,113.7312,0.0,2916
22.6354,113.7357,0.0,2916
22.6354,113.7402,0.0,2916
22.6354,113.7447,0.0,2916
22.6354,113.7492,0.0,2916
22.6354,113.7537,0.0,2916
22.6354,113.7582,0.0,2916
22.6354,113.7627,0.0,2862
22.6354,113.7672,0.0,2916
22.6354,113.7717,0.0,2916
22.6354,113.7761,0.0,2916
22.6354,113.7806,0.0,2916
22.6354,113.7851,7.5,2916
22.6354,113.7896,0.0,2916
22.6354,113.7941,36.1,2916
22.6354,113.7986,92.2,2916
22.6354,113.8031,92.7,2916
22.6354,113.8076,97.5,2862
22.6354,113.8121,66.3,2916
22.6354,113.8166,79.0,2916
22.6354,113.8211,91.6,2916
22.6354,113.8256,92.3,2916
22.6354,113.83,93.1,2916
22.6354,113.8345,88.0,2916
22.6354,113.839,94.3,2916
22.6354,113.8435,72.4,2916
22.6354,113.848,45.9,2916
22.6354,113.8525,1.1,2862
22.6354,113.857,28.7,2916
22.6354,113.8615,90.7,2916
22.6354,113.866,4.6,2916
22.6354,113.8705,0.0,2916
22.6354,113.875,0.0,2916
22.6354,113.8795,0.0,2916
22.6354,113.8839,0.0,2916
22.6354,113.8884,0.0,2916
22.6354,113.8929,0.0,2916
22.6354,113.8974,0.0,2862
22.6354,113.9019,0.0,2916
22.6354,113.9064,4.7,2916
22.6354,113.9109,3.1,2916
22.6354,113.9154,3.0,2916
22.6354,113.9199,21.2,2916
22.6354,113.9244,3.3,2916
22.6354,113.9289,81.7,2916
22.6354,113.9333,69.2,2916
22.6354,113.9378,2.7,2916
22.6354,113.9423,34.7,2862
22.6354,113.9468,39.8,2916
22.6354,113.9513,35.3,2916
22.6354,113.9558,0.8,2916
22.6354,113.9603,3.8,2916
22.6354,113.9648,44.2,2916
22.6354,113.9693,8.2,2916
22.6354,113.9738,0.0,2916
22.6354,113.9783,0.4,2916
22.6354,113.9828,0.9,2916
22.6354,113.9872,0.1,2862
22.6354,113.9917,4.1,2916
22.6354,113.9962,46.5,2916
22.6354,114.0007,55.8,2970
22.6354,114.0052,62.2,2916
22.6354,114.0097,77.4,2916
22.6354,114.0142,83.1,2916
22.6354,114.0187,82.8,2916
22.6354,114.0232,71.5,2916
22.6354,114.0277,81.1,2916
22.6354,114.0322,90.4,2862
22.6354,114.0367,84.8,2916
22.6354,114.0411,83.6,2916
22.6354,114.0456,77.2,2916
22.6354,114.0501,94.9,2916
22.6354,114.0546,92.8,2916
22.6354,114.0591,93.7,2916
22.6354,114.0636,70.6,2916
22.6354,114.0681,77.4,2916
22.6354,114.0726,62.2,2862
22.6354,114.0771,66.3,2916
22.6354,114.0816,25.3,2916
22.6354,114.0861,25.6,2916
22.6354,114.0906,25.6,2916
22.6354,114.095,68.6,2916
22.6354,114.0995,70.6,2916
22.6354,114.104,24.7,2916
22.6354,114.1085,4.9,2916
22.6354,114.113,1.7,2916
22.6354,114.1175,26.8,2862
22.6354,114.122,81.7,2916
22.6354,114.1265,86.6,2916
22.6354,114.131,65.1,2916
22.6354,114.1355,57.2,2916
22.6354,114.14,59.2,2916
22.6354,114.1445,32.2,2916
22.6354,114.1489,47.3,2916
22.6354,114.1534,82.5,2916
22.6354,114.1579,23.8,2916
22.6354,114.1624,36.4,2862
22.6354,114.1669,44.4,2916
22.6354,114.1714,64.6,2916
22.6354,114.1759,85.0,2916
22.6354,114.1804,97.6,2916
22.6354,114.1849,89.3,2916
22.6354,114.1894,96.9,2916
22.6354,114.1939,86.4,2916
22.6354,114.1984,19.2,2916
22.6354,114.2028,7.4,2916
22.6354,114.2073,21.3,2862
22.6354,114.2118,64.0,2916
22.6354,114.2163,99.5,2916
22.6354,114.2208,71.3,2916
22.6354,114.2253,75.9,2916
22.6354,114.2298,45.1,2916
22.6354,114.2343,7.5,2916
22.6354,114.2388,0.0,2916
22.6354,114.2433,0.0,2916
22.6354,114.2478,0.0,2916
22.6354,114.2522,0.0,2862
22.6354,114.2567,0.0,2916
22.6354,114.2612,0.4,2916
22.6354,114.2657,1.7,2916
22.6354,114.2702,23.6,2916
22.6354,114.2747,12.4,2916
22.6354,114.2792,1.9,2916
22.6354,114.2837,11.5,2916
22.6354,114.2882,4.0,2916
22.6354,114.2927,1.7,2916
22.6354,114.2972,0.0,2862
22.6354,114.3017,0.0,2916
22.6354,114.3061,1.6,2916
22.6354,114.3106,0.0,2916
22.6354,114.3151,1.3,2916
22.6354,114.3196,0.0,2916
22.6354,114.3241,0.4,2916
22.6354,114.3286,0.0,2916
22.6354,114.3331,0.0,2916
22.6354,114.3376,0.0,2916
22.6354,114.3421,5.3,2862
22.6354,114.3466,0.9,2916
22.6354,114.3511,0.0,2916
22.6354,114.3556,0.0,2916
22.6354,114.36,0.0,2916
22.6354,114.3645,0.0,2916
22.6354,114.369,0.0,2916
22.6354,114.3735,0.0,2916
22.6354,114.378,0.0,2916
22.6354,114.3825,0.0,2916
22.6354,114.387,0.0,2862
22.6354,114.3915,0.0,2916
22.6354,114.396,0.0,2916
22.6354,114.4005,9.5,2916
22.6354,114.405,33.2,2916
22.6354,114.4095,77.8,2916
22.6354,114.4139,79.1,2916
22.6354,114.4184,97.5,2916
22.6354,114.4229,90.7,2916
22.6354,114.4274,60.6,2862
22.6354,114.4319,64.4,2916
22.6354,114.4364,5.9,2916
22.6354,114.4409,0.0,2916
22.6354,114.4454,0.0,2916
22.6354,114.4499,0.0,2916
22.6354,114.4544,0.0,2916
22.6354,114.4589,0.0,2916
22.6354,114.4634,9.8,2916
22.6354,114.4678,7.4,2916
22.6354,114.4723,7.1,2862
22.6354,114.4768,0.5,2916
22.6354,114.4813,0.0,2916
22.6354,114.4858,0.4,2916
22.6354,114.4903,0.0,2916
22.6354,114.4948,0.0,2916
22.6354,114.4993,0.5,2916
22.6354,114.5038,2.5,2916
22.6354,114.5083,0.0,2916
22.6354,114.5128,0.0,2916
22.6354,114.5173,0.0,2862
22.6354,114.5217,0.0,2916
22.6354,114.5262,0.0,2916
22.6354,114.5307,0.0,2916
22.6354,114.5352,0.0,2916
22.6354,114.5397,0.0,2916
22.6354,114.5442,0.0,2916
22.6354,114.5487,0.0,2916
22.6354,114.5532,0.0,2916
22.6354,114.5577,0.0,2916
22.6354,114.5622,0.0,2862
22.6354,114.5667,0.0,2916
22.6354,114.5711,0.1,2916
22.6354,114.5756,0.3,2916
22.6354,114.5801,7.6,2916
22.6354,114.5846,0.0,2916
22.6354,114.5891,0.0,2916
22.6354,114.5936,0.0,2916
22.6354,114.5981,0.0,2916
22.6354,114.6026,0.0,2916
22.6354,114.6071,0.0,2862
22.6354,114.6116,0.0,2916
22.6354,114.6161,0.0,2916
22.6354,114.6206,0.0,2916
22.6354,114.625,0.0,2916
22.6354,114.6295,0.0,2916
22.6354,114.634,0.0,2916
22.6354,114.6385,0.0,2916
22.6354,114.643,0.0,2916
22.6354,114.6475,0.0,2916
22.6354,114.652,0.0,108
22.6399,113.7222,0.0,2916
22.6399,113.7267,0.0,2916
22.6399,113.7312,0.0,2916
22.6399,113.7357,0.0,2916
22.6399,113.7402,0.0,2916
22.6399,113.7447,0.0,2916
22.6399,113.7492,0.0,2916
22.6399,113.7537,0.0,2916
22.6399,113.7582,0.0,2916
22.6399,113.7627,0.0,2862
22.6399,113.7672,0.0,2916
22.6399,113.7717,0.0,2916
22.6399,113.7761,0.0,2916
22.6399,113.7806,5.0,2916
22.6399,113.7851,2.9,2916
22.6399,113.7896,5.0,2916
22.6399,113.7941,65.8,2916
22.6399,113.7986,78.9,2916
22.6399,113.8031,94.2,2916
22.6399,113.8076,87.1,2862
22.6399,113.8121,58.9,2916
22.6399,113.8166,98.1,2916
22.6399,113.8211,89.8,2916
22.6399,113.8256,96.7,2916
22.6399,113.83,88.3,2916
22.6399,113.8345,87.3,2916
22.6399,113.839,56.9,2916
22.6399,113.8435,21.7,2916
22.6399,113.848,0.2,2916
22.6399,113.8525,6.5,2862
22.6399,113.857,87.8,2916
22.6399,113.8615,40.1,2916
22.6399,113.866,4.4,2916
22.6399,113.8705,0.0,2916
22.6399,113.875,0.2,2916
22.6399,113.8795,0.0,2916
22.6399,113.8839,0.0,2916
22.6399,113.8884,0.0,2916
22.6399,113.8929,0.0,2916
22.6399,113.8974,0.0,2862
22.6399,113.9019,0.0,2916
22.6399,113.9064,6.1,2916
22.6399,113.9109,1.6,2916
22.6399,113.9154,52.9,2916
22.6399,113.9199,62.3,2916
22.6399,113.9244,41.6,2916
22.6399,113.9289,77.2,2916
22.6399,113.9333,47.6,2916
22.6399,113.9378,0.3,2916
22.6399,113.9423,14.8,2862
22.6399,113.9468,73.2,2916
22.6399,113.9513,14.0,2916
22.6399,113.9558,0.0,2916
22.6399,113.9603,0.0,2916
22.6399,113.9648,0.0,2916
22.6399,113.9693,0.0,2916
22.6399,113.9738,0.0,2916
22.6399,113.9783,0.0,2916
22.6399,113.9828,0.0,2916
22.6399,113.9872,0.0,2862
22.6399,113.9917,36.8,2916
22.6399,113.9962,57.1,2916
22.6399,114.0007,73.0,2970
22.6399,114.0052,61.2,2916
22.6399,114.0097,86.1,2916
22.6399,114.0142,83.1,2916
22.6399,114.0187,93.0,2916
22.6399,114.0232,88.7,2916
22.6399,114.0277,49.1,2916
22.6399,114.0322,88.0,2862
22.6399,114.0367,85.1,2916
22.6399,114.0411,74.9,2916
22.6399,114.0456,91.6,2916
22.6399,114.0501,83.4,2916
22.6399,114.0546,87.2,2916
22.6399,114.0591,75.2,2916
22.6399,114.0636,95.1,2916
22.6399,114.0681,65.7,2916
22.6399,114.0726,36.5,2862
22.6399,114.0771,52.6,2916
22.6399,114.0816,32.0,2916
22.6399,114.0861,67.5,2916
22.6399,114.0906,56.9,2916
22.6399,114.095,38.8,2916
22.6399,114.0995,38.2,2916
22.6399,114.104,5.2,2916
22.6399,114.1085,12.4,2916
22.6399,114.113,0.8,2916
22.6399,114.1175,20.6,2862
22.6399,114.122,69.9,2916
22.6399,114.1265,75.1,2916
22.6399,114.131,75.6,2916
22.6399,114.1355,32.8,2916
22.6399,114.14,39.6,2916
22.6399,114.1445,24.7,2916
22.6399,114.1489,39.6,2916
22.6399,114.1534,65.4,2916
22.6399,114.1579,45.4,2916
22.6399,114.1624,39.8,2862
22.6399,114.1669,48.5,2916
22.6399,114.1714,93.5,2916
22.6399,114.1759,87.2,2916
22.6399,114.1804,91.8,2916
22.6399,114.1849,95.9,2916
22.6399,114.1894,92.2,2916
22.6399,114.1939,61.5,2916
22.6399,114.1984,3.7,2916
22.6399,114.2028,21.6,2916
22.6399,114.2073,65.7,2862
22.6399,114.2118,19.4,2916
22.6399,114.2163,70.5,2916
22.6399,114.2208,97.7,2916
22.6399,114.2253,88.8,2916
22.6399,114.2298,32.2,2916
22.6399,114.2343,5.7,2916
22.6399,114.2388,1.5,2916
22.6399,114.2433,1.6,2916
22.6399,114.2478,0.0,2916
22.6399,114.2522,0.0,2862
22.6399,114.2567,0.0,2916
22.6399,114.2612,0.0,2916
22.6399,114.2657,0.3,2916
22.6399,114.2702,1.4,2916
22.6399,114.2747,0.0,2916
22.6399,114.2792,2.2,2916
22.6399,114.2837,0.7,2916
22.6399,114.2882,0.0,2916
22.6399,114.2927,0.0,2916
22.6399,114.2972,0.0,2862
22.6399,114.3017,0.0,2916
22.6399,114.3061,0.0,2916
22.6399,114.3106,0.0,2916
22.6399,114.3151,0.0,2916
22.6399,114.3196,0.0,2916
22.6399,114.3241,0.3,2916
22.6399,114.3286,5.0,2916
22.6399,114.3331,0.3,2916
22.6399,114.3376,1.0,2916
22.6399,114.3421,0.0,2862
22.6399,114.3466,2.5,2916
22.6399,114.3511,1.0,2916
22.6399,114.3556,0.0,2916
22.6399,114.36,7.0,2916
22.6399,114.3645,4.2,2916
22.6399,114.369,0.0,2916
22.6399,114.3735,0.0,2916
22.6399,114.378,0.0,2916
22.6399,114.3825,0.0,2916
22.6399,114.387,0.0,2862
22.6399,114.3915,0.0,2916
22.6399,114.396,47.8,2916
22.6399,114.4005,56.1,2916
22.6399,114.405,64.0,2916
22.6399,114.4095,63.0,2916
22.6399,114.4139,75.8,2916
22.6399,114.4184,81.3,2916
22.6399,114.4229,93.1,2916
22.6399,114.4274,83.7,2862
22.6399,114.4319,31.4,2916
22.6399,114.4364,3.3,2916
22.6399,114.4409,2.4,2916
22.6399,114.4454,0.0,2916
22.6399,114.4499,0.0,2916
22.6399,114.4544,0.0,2916
22.6399,114.4589,0.0,2916
22.6399,114.4634,0.0,2916
22.6399,114.4678,0.1,2916
22.6399,114.4723,0.0,2862
22.6399,114.4768,6.1,2916
22.6399,114.4813,6.9,2916
22.6399,114.4858,9.9,2916
22.6399,114.4903,3.1,2916
22.6399,114.4948,4.1,2916
22.6399,114.4993,0.0,2916
22.6399,114.5038,0.0,2916
22.6399,114.5083,0.0,2916
22.6399,114.5128,0.0,2916
22.6399,114.5173,0.0,2862
22.6399,114.5217,0.0,2916
22.6399,114.5262,0.0,2916
22.6399,114.5307,0.0,2916
22.6399,114.5352,0.0,2916
22.6399,114.5397,0.0,2916
22.6399,114.5442,0.0,2916
22.6399,114.5487,0.0,2916
22.6399,114.5532,0.0,2916
22.6399,114.5577,0.0,2916
22.6399,114.5622,0.0,2862
22.6399,114.5667,0.0,2916
22.6399,114.5711,0.0,2916
22.6399,114.5756,0.0,2916
22.6399,114.5801,0.8,2916
22.6399,114.5846,0.0,2916
22.6399,114.5891,0.0,2916
22.6399,114.5936,0.0,2916
22.6399,114.5981,0.0,2916
22.6399,114.6026,0.0,2916
22.6399,114.6071,0.0,2862
22.6399,114.6116,0.0,2916
22.6399,114.6161,0.0,2916
22.6399,114.6206,0.0,2916
22.6399,114.625,0.0,2916
22.6399,114.6295,0.0,2916
22.6399,114.634,0.0,2916
22.6399,114.6385,0.0,2916
22.6399,114.643,0.0,2916
22.6399,114.6475,0.0,2916
22.6399,114.652,0.0,108
22.6444,113.7222,0.0,2916
22.6444,113.7267,0.0,2916
22.6444,113.7312,0.0,2916
22.6444,113.7357,0.0,2916
22.6444,113.7402,0.0,2916
22.6444,113.7447,0.0,2916
22.6444,113.7492,0.0,2916
22.6444,113.7537,0.0,2916
22.6444,113.7582,0.0,2916
22.6444,113.7627,0.0,2862
22.6444,113.7672,0.0,2916
22.6444,113.7717,0.0,2916
22.6444,113.7761,0.0,2916
22.6444,113.7806,8.0,2916
22.6444,113.7851,0.3,2916
22.6444,113.7896,41.1,2916
22.6444,113.7941,17.3,2916
22.6444,113.7986,62.0,2916
22.6444,113.8031,88.9,2916
22.6444,113.8076,57.5,2862
22.6444,113.8121,87.8,2916
22.6444,113.8166,97.1,2916
22.6444,113.8211,80.5,2916
22.6444,113.8256,81.3,2916
22.6444,113.83,95.6,2916
22.6444,113.8345,89.2,2916
22.6444,113.839,38.8,2916
22.6444,113.8435,0.4,2916
22.6444,113.848,0.6,2916
22.6444,113.8525,36.1,2862
22.6444,113.857,89.1,2916
22.6444,113.8615,36.7,2916
22.6444,113.866,9.3,2916
22.6444,113.8705,2.3,2916
22.6444,113.875,0.0,2916
22.6444,113.8795,0.0,2916
22.6444,113.8839,0.0,2916
22.6444,113.8884,0.0,2916
22.6444,113.8929,0.0,2916
22.6444,113.8974,0.0,2862
22.6444,113.9019,0.0,2916
22.6444,113.9064,6.8,2916
22.6444,113.9109,3.2,2916
22.6444,113.9154,85.4,2916
22.6444,113.9199,71.4,2916
22.6444,113.9244,80.3,2916
22.6444,113.9289,23.9,2916
22.6444,113.9333,10.9,2916
22.6444,113.9378,0.1,2916
22.6444,113.9423,0.5,2862
22.6444,113.9468,1.3,2916
22.6444,113.9513,0.0,2916
22.6444,113.9558,0.0,2916
22.6444,113.9603,0.0,2916
22.6444,113.9648,0.0,2916
22.6444,113.9693,0.0,2916
22.6444,113.9738,0.0,2916
22.6444,113.9783,0.0,2916
22.6444,113.9828,0.3,2916
22.6444,113.9872,5.8,2862
22.6444,113.9917,3.1,2916
22.6444,113.9962,28.3,2916
22.6444,114.0007,76.4,2970
22.6444,114.0052,92.0,2916
22.6444,114.0097,80.8,2916
22.6444,114.0142,94.5,2916
22.6444,114.0187,90.4,2916
22.6444,114.0232,83.5,2916
22.6444,114.0277,72.3,2916
22.6444,114.0322,64.0,2862
22.6444,114.0367,92.0,2916
22.6444,114.0411,90.6,2916
22.6444,114.0456,89.2,2916
22.6444,114.0501,83.8,2916
22.6444,114.0546,72.6,2916
22.6444,114.0591,63.2,2916
22.6444,114.0636,80.6,2916
22.6444,114.0681,74.6,2916
22.6444,114.0726,53.7,2862
22.6444,114.0771,73.6,2916
22.6444,114.0816,71.6,2916
22.6444,114.0861,59.4,2916
22.6444,114.0906,16.3,2916
22.6444,114.095,33.7,2916
22.6444,114.0995,29.9,2916
22.6444,114.104,7.2,2916
22.6444,114.1085,4.7,2916
22.6444,114.113,51.3,2916
22.6444,114.1175,63.9,2862
22.6444,114.122,53.5,2916
22.6444,114.1265,61.8,2916
22.6444,114.131,64.6,2916
22.6444,114.1355,34.5,2916
22.6444,114.14,60.4,2916
22.6444,114.1445,35.7,2916
22.6444,114.1489,51.2,2916
22.6444,114.1534,23.6,2916
22.6444,114.1579,15.9,2916
22.6444,114.1624,41.0,2862
22.6444,114.1669,44.5,2916
22.6444,114.1714,68.1,2916
22.6444,114.1759,78.9,2916
22.6444,114.1804,93.9,2916
22.6444,114.1849,87.0,2916
22.6444,114.1894,81.9,2916
22.6444,114.1939,90.8,2916
22.6444,114.1984,77.8,2916
22.6444,114.2028,94.8,2916
22.6444,114.2073,95.3,2862
22.6444,114.2118,63.2,2916
22.6444,114.2163,26.9,2916
22.6444,114.2208,90.5,2916
22.6444,114.2253,88.3,2916
22.6444,114.2298,63.1,2916
22.6444,114.2343,21.6,2916
22.6444,114.2388,5.9,2916
22.6444,114.2433,4.3,2916
22.6444,114.2478,0.0,2916
22.6444,114.2522,0.0,2862
22.6444,114.2567,0.0,2916
22.6444,114.2612,0.0,2916
22.6444,114.2657,0.0,2916
22.6444,114.2702,0.0,2916
22.6444,114.2747,0.4,2916
22.6444,114.2792,4.7,2916
22.6444,114.2837,0.7,2916
22.6444,114.2882,0.0,2916
22.6444,114.2927,0.0,2916
22.6444,114.2972,0.0,2862
22.6444,114.3017,0.0,2916
22.6444,114.3061,0.0,2916
22.6444,114.3106,0.6,2916
22.6444,114.3151,0.0,2916
22.6444,114.3196,0.0,2916
22.6444,114.3241,0.0,2916
22.6444,114.3286,0.0,2916
22.6444,114.3331,0.0,2916
22.6444,114.3376,0.1,2916
22.6444,114.3421,0.0,2862
22.6444,114.3466,1.0,2916
22.6444,114.3511,0.4,2916
22.6444,114.3556,0.0,2916
22.6444,114.36,0.1,2916
22.6444,114.3645,0.0,2916
22.6444,114.369,0.0,2916
22.6444,114.3735,0.0,2916
22.6444,114.378,0.0,2916
22.6444,114.3825,0.0,2916
22.6444,114.387,0.0,2862
22.6444,114.3915,0.0,2916
22.6444,114.396,0.0,2916
22.6444,114.4005,1.2,2916
22.6444,114.405,3.2,2916
22.6444,114.4095,12.8,2916
22.6444,114.4139,6.3,2916
22.6444,114.4184,19.1,2916
22.6444,114.4229,38.0,2916
22.6444,114.4274,15.5,2862
22.6444,114.4319,0.1,2916
22.6444,114.4364,1.0,2916
22.6444,114.4409,1.2,2916
22.6444,114.4454,0.0,2916
22.6444,114.4499,0.0,2916
22.6444,114.4544,0.0,2916
22.6444,114.4589,0.0,2916
22.6444,114.4634,0.0,2916
22.6444,114.4678,0.0,2916
22.6444,114.4723,0.0,2862
22.6444,114.4768,0.0,2916
22.6444,114.4813,0.0,2916
22.6444,114.4858,9.0,2916
22.6444,114.4903,4.3,2916
22.6444,114.4948,2.8,2916
22.6444,114.4993,8.3,2916
22.6444,114.5038,7.3,2916
22.6444,114.5083,4.9,2916
22.6444,114.5128,0.7,2916
22.6444,114.5173,0.0,2862
22.6444,114.5217,0.0,2916
22.6444,114.5262,0.0,2916
22.6444,114.5307,0.0,2916
22.6444,114.5352,0.0,2916
22.6444,114.5397,0.0,2916
22.6444,114.5442,0.0,2916
22.6444,114.5487,0.0,2916
22.6444,114.5532,0.0,2916
22.6444,114.5577,0.0,2916
22.6444,114.5622,0.0,2862
22.6444,114.5667,0.0,2916
22.6444,114.5711,0.0,2916
22.6444,114.5756,0.0,2916
22.6444,114.5801,0.0,2916
22.6444,114.5846,0.0,2916
22.6444,114.5891,0.0,2916
22.6444,114.5936,0.0,2916
22.6444,114.5981,0.0,2916
22.6444,114.6026,0.0,2916
22.6444,114.6071,0.0,2862
22.6444,114.6116,0.0,2916
22.6444,114.6161,0.0,2916
22.6444,114.6206,0.0,2916
22.6444,114.625,0.0,2916
22.6444,114.6295,0.0,2916
22.6444,114.634,0.0,2916
22.6444,114.6385,0.0,2916
22.6444,114.643,0.0,2916
22.6444,114.6475,0.0,2916
22.6444,114.652,0.0,108
22.6489,113.7222,0.0,2916
22.6489,113.7267,0.0,2916
22.6489,113.7312,0.0,2916
22.6489,113.7357,0.0,2916
22.6489,113.7402,0.0,2916
22.6489,113.7447,0.0,2916
22.6489,113.7492,0.0,2916
22.6489,113.7537,0.0,2916
22.6489,113.7582,0.0,2916
22.6489,113.7627,0.0,2862
22.6489,113.7672,0.0,2916
22.6489,113.7717,0.0,2916
22.6489,113.7761,7.0,2916
22.6489,113.7806,0.5,2916
22.6489,113.7851,9.0,2916
22.6489,113.7896,46.6,2916
22.6489,113.7941,4.0,2916
22.6489,113.7986,42.8,2916
22.6489,113.8031,70.7,2916
22.6489,113.8076,72.3,2862
22.6489,113.8121,97.7,2916
22.6489,113.8166,81.6,2916
22.6489,113.8211,78.5,2916
22.6489,113.8256,72.7,2916
22.6489,113.83,74.8,2916
22.6489,113.8345,40.4,2916
22.6489,113.839,33.9,2916
22.6489,113.8435,0.7,2916
22.6489,113.848,0.0,2916
22.6489,113.8525,17.4,2862
22.6489,113.857,93.4,2916
22.6489,113.8615,65.2,2916
22.6489,113.866,0.2,2916
22.6489,113.8705,0.0,2916
22.6489,113.875,0.0,2916
22.6489,113.8795,0.0,2916
22.6489,113.8839,0.0,2916
22.6489,113.8884,0.0,2916
22.6489,113.8929,0.5,2916
22.6489,113.8974,3.3,2862
22.6489,113.9019,3.5,2916
22.6489,113.9064,8.3,2916
22.6489,113.9109,9.0,2916
22.6489,113.9154,67.7,2916
22.6489,113.9199,87.3,2916
22.6489,113.9244,50.4,2916
22.6489,113.9289,0.0,2916
22.6489,113.9333,0.0,2916
22.6489,113.9378,0.0,2916
22.6489,113.9423,0.0,2862
22.6489,113.9468,0.0,2916
22.6489,113.9513,0.0,2916
22.6489,113.9558,0.0,2916
22.6489,113.9603,0.0,2916
22.6489,113.9648,0.0,2916
22.6489,113.9693,0.0,2916
22.6489,113.9738,0.0,2916
22.6489,113.9783,0.0,2916
22.6489,113.9828,0.0,2916
22.6489,113.9872,2.3,2862
22.6489,113.9917,0.0,2916
22.6489,113.9962,31.0,2916
22.6489,114.0007,63.6,2970
22.6489,114.0052,69.3,2916
22.6489,114.0097,94.0,2916
22.6489,114.0142,95.9,2916
22.6489,114.0187,91.2,2916
22.6489,114.0232,90.3,2916
22.6489,114.0277,94.0,2916
22.6489,114.0322,92.1,2862
22.6489,114.0367,85.4,2916
22.6489,114.0411,98.4,2916
22.6489,114.0456,81.4,2916
22.6489,114.0501,49.5,2916
22.6489,114.0546,45.8,2916
22.6489,114.0591,61.9,2916
22.6489,114.0636,73.1,2916
22.6489,114.0681,66.5,2916
22.6489,114.0726,61.8,2862
22.6489,114.0771,70.3,2916
22.6489,114.0816,52.8,2916
22.6489,114.0861,74.7,2916
22.6489,114.0906,13.8,2916
22.6489,114.095,25.1,2916
22.6489,114.0995,70.5,2916
22.6489,114.104,16.6,2916
22.6489,114.1085,17.6,2916
22.6489,114.113,41.3,2916
22.6489,114.1175,52.4,2862
22.6489,114.122,63.5,2916
22.6489,114.1265,35.0,2916
22.6489,114.131,41.6,2916
22.6489,114.1355,23.1,2916
22.6489,114.14,17.2,2916
22.6489,114.1445,57.8,2916
22.6489,114.1489,27.7,2916
22.6489,114.1534,57.1,2916
22.6489,114.1579,85.8,2916
22.6489,114.1624,50.5,2862
22.6489,114.1669,21.5,2916
22.6489,114.1714,50.1,2916
22.6489,114.1759,66.5,2916
22.6489,114.1804,71.8,2916
22.6489,114.1849,82.9,2916
22.6489,114.1894,77.0,2916
22.6489,114.1939,91.2,2916
22.6489,114.1984,96.8,2916
22.6489,114.2028,79.9,2916
22.6489,114.2073,96.4,2862
22.6489,114.2118,77.2,2916
22.6489,114.2163,81.3,2916
22.6489,114.2208,49.0,2916
22.6489,114.2253,62.6,2916
22.6489,114.2298,96.3,2916
22.6489,114.2343,91.0,2916
22.6489,114.2388,89.3,2916
22.6489,114.2433,60.3,2916
22.6489,114.2478,6.5,2916
22.6489,114.2522,2.6,2862
22.6489,114.2567,0.0,2916
22.6489,114.2612,0.0,2916
22.6489,114.2657,0.1,2916
22.6489,114.2702,0.0,2916
22.6489,114.2747,3.3,2916
22.6489,114.2792,1.6,2916
22.6489,114.2837,0.0,2916
22.6489,114.2882,0.0,2916
22.6489,114.2927,0.0,2916
22.6489,114.2972,0.0,2862
22.6489,114.3017,0.0,2916
22.6489,114.3061,0.0,2916
22.6489,114.3106,0.0,2916
22.6489,114.3151,2.9,2916
22.6489,114.3196,0.0,2916
22.6489,114.3241,0.0,2916
22.6489,114.3286,0.0,2916
22.6489,114.3331,0.0,2916
22.6489,114.3376,0.2,2916
22.6489,114.3421,0.0,2862
22.6489,114.3466,0.0,2916
22.6489,114.3511,0.0,2916
22.6489,114.3556,0.0,2916
22.6489,114.36,0.0,2916
22.6489,114.3645,0.0,2916
22.6489,114.369,0.0,2916
22.6489,114.3735,0.0,2916
22.6489,114.378,0.0,2916
22.6489,114.3825,0.0,2916
22.6489,114.387,0.0,2862
22.6489,114.3915,0.0,2916
22.6489,114.396,0.0,2916
22.6489,114.4005,0.0,2916
22.6489,114.405,1.0,2916
22.6489,114.4095,11.6,2916
22.6489,114.4139,0.0,2916
22.6489,114.4184,0.0,2916
22.6489,114.4229,0.0,2916
22.6489,114.4274,2.2,2862
22.6489,114.4319,0.0,2916
22.6489,114.4364,14.0,2916
22.6489,114.4409,0.3,2916
22.6489,114.4454,3.2,2916
22.6489,114.4499,0.0,2916
22.6489,114.4544,0.0,2916
22.6489,114.4589,0.0,2916
22.6489,114.4634,0.0,2916
22.6489,114.4678,0.0,2916
22.6489,114.4723,0.0,2862
22.6489,114.4768,0.0,2916
22.6489,114.4813,0.0,2916
22.6489,114.4858,12.1,2916
22.6489,114.4903,20.8,2916
22.6489,114.4948,8.5,2916
22.6489,114.4993,2.4,2916
22.6489,114.5038,0.0,2916
22.6489,114.5083,0.9,2916
22.6489,114.5128,6.8,2916
22.6489,114.5173,1.9,2862
22.6489,114.5217,7.0,2916
22.6489,114.5262,2.3,2916
22.6489,114.5307,1.4,2916
22.6489,114.5352,1.2,2916
22.6489,114.5397,0.8,2916
22.6489,114.5442,0.3,2916
22.6489,114.5487,0.1,2916
22.6489,114.5532,0.3,2916
22.6489,114.5577,0.6,2916
22.6489,114.5622,0.0,2862
22.6489,114.5667,0.0,2916
22.6489,114.5711,0.0,2916
22.6489,114.5756,0.9,2916
22.6489,114.5801,0.0,2916
22.6489,114.5846,0.0,2916
22.6489,114.5891,0.0,2916
22.6489,114.5936,0.0,2916
22.6489,114.5981,0.0,2916
22.6489,114.6026,0.0,2916
22.6489,114.6071,0.0,2862
22.6489,114.6116,0.0,2916
22.6489,114.6161,0.0,2916
22.6489,114.6206,0.0,2916
22.6489,114.625,0.0,2916
22.6489,114.6295,0.0,2916
22.6489,114.634,0.0,2916
22.6489,114.6385,0.0,2916
22.6489,114.643,0.0,2916
22.6489,114.6475,0.0,2916
22.6489,114.652,0.0,108
22.6533,113.7222,0.0,2916
22.6533,113.7267,0.0,2916
22.6533,113.7312,0.0,2916
22.6533,113.7357,0.0,2916
22.6533,113.7402,0.0,2916
22.6533,113.7447,0.0,2916
22.6533,113.7492,0.0,2916
22.6533,113.7537,0.0,2916
22.6533,113.7582,0.0,2916
22.6533,113.7627,0.0,2862
22.6533,113.7672,0.0,2916
22.6533,113.7717,2.9,2916
22.6533,113.7761,4.9,2916
22.6533,113.7806,0.4,2916
22.6533,113.7851,44.0,2916
22.6533,113.7896,27.9,2916
22.6533,113.7941,13.7,2916
22.6533,113.7986,14.6,2916
22.6533,113.8031,43.0,2916
22.6533,113.8076,41.1,2862
22.6533,113.8121,61.4,2916
22.6533,113.8166,72.7,2916
22.6533,113.8211,84.3,2916
22.6533,113.8256,30.0,2916
22.6533,113.83,16.9,2916
22.6533,113.8345,0.0,2916
22.6533,113.839,41.1,2916
22.6533,113.8435,0.1,2916
22.6533,113.848,2.2,2916
22.6533,113.8525,18.4,2862
22.6533,113.857,60.0,2916
22.6533,113.8615,96.0,2916
22.6533,113.866,22.4,2916
22.6533,113.8705,3.4,2916
22.6533,113.875,0.0,2916
22.6533,113.8795,0.0,2916
22.6533,113.8839,0.0,2916
22.6533,113.8884,0.3,2916
22.6533,113.8929,2.1,2916
22.6533,113.8974,7.3,2862
22.6533,113.9019,22.8,2916
22.6533,113.9064,69.7,2916
22.6533,113.9109,65.1,2916
22.6533,113.9154,92.2,2916
22.6533,113.9199,86.4,2916
22.6533,113.9244,39.8,2916
22.6533,113.9289,0.0,2916
22.6533,113.9333,0.0,2916
22.6533,113.9378,0.0,2916
22.6533,113.9423,0.0,2862
22.6533,113.9468,0.0,2916
22.6533,113.9513,0.0,2916
22.6533,113.9558,0.0,2916
22.6533,113.9603,0.0,2916
22.6533,113.9648,0.0,2916
22.6533,113.9693,0.0,2916
22.6533,113.9738,0.0,2916
22.6533,113.9783,0.2,2916
22.6533,113.9828,0.0,2916
22.6533,113.9872,0.7,2862
22.6533,113.9917,23.0,2916
22.6533,113.9962,68.0,2916
22.6533,114.0007,95.1,2970
22.6533,114.0052,92.4,2916
22.6533,114.0097,63.7,2916
22.6533,114.0142,94.2,2916
22.6533,114.0187,96.3,2916
22.6533,114.0232,81.6,2916
22.6533,114.0277,63.5,2916
22.6533,114.0322,51.2,2862
22.6533,114.0367,79.5,2916
22.6533,114.0411,98.0,2916
22.6533,114.0456,95.5,2916
22.6533,114.0501,57.8,2916
22.6533,114.0546,55.6,2916
22.6533,114.0591,47.4,2916
22.6533,114.0636,91.8,2916
22.6533,114.0681,87.8,2916
22.6533,114.0726,96.5,2862
22.6533,114.0771,50.7,2916
22.6533,114.0816,4.8,2916
22.6533,114.0861,21.8,2916
22.6533,114.0906,7.6,2916
22.6533,114.095,4.4,2916
22.6533,114.0995,87.8,2916
22.6533,114.104,24.9,2916
22.6533,114.1085,78.0,2916
22.6533,114.113,79.6,2916
22.6533,114.1175,65.1,2862
22.6533,114.122,67.4,2916
22.6533,114.1265,67.2,2916
22.6533,114.131,80.5,2916
22.6533,114.1355,12.8,2916
22.6533,114.14,53.1,2916
22.6533,114.1445,87.0,2916
22.6533,114.1489,88.9,2916
22.6533,114.1534,95.4,2916
22.6533,114.1579,88.7,2916
22.6533,114.1624,28.5,2862
22.6533,114.1669,26.7,2916
22.6533,114.1714,16.8,2916
22.6533,114.1759,29.3,2916
22.6533,114.1804,63.5,2916
22.6533,114.1849,86.3,2916
22.6533,114.1894,98.4,2916
22.6533,114.1939,98.3,2916
22.6533,114.1984,94.1,2916
22.6533,114.2028,94.2,2916
22.6533,114.2073,74.2,2862
22.6533,114.2118,51.6,2916
22.6533,114.2163,23.2,2916
22.6533,114.2208,11.9,2916
22.6533,114.2253,1.5,2916
22.6533,114.2298,15.4,2916
22.6533,114.2343,41.8,2916
22.6533,114.2388,80.2,2916
22.6533,114.2433,72.9,2916
22.6533,114.2478,5.7,2916
22.6533,114.2522,3.8,2862
22.6533,114.2567,0.9,2916
22.6533,114.2612,0.0,2916
22.6533,114.2657,0.0,2916
22.6533,114.2702,0.0,2916
22.6533,114.2747,2.2,2916
22.6533,114.2792,1.7,2916
22.6533,114.2837,0.0,2916
22.6533,114.2882,0.1,2916
22.6533,114.2927,0.0,2916
22.6533,114.2972,0.0,2862
22.6533,114.3017,0.0,2916
22.6533,114.3061,0.1,2916
22.6533,114.3106,2.7,2916
22.6533,114.3151,0.0,2916
22.6533,114.3196,0.0,2916
22.6533,114.3241,0.0,2916
22.6533,114.3286,0.0,2916
22.6533,114.3331,0.1,2916
22.6533,114.3376,0.0,2916
22.6533,114.3421,0.0,2862
22.6533,114.3466,0.0,2916
22.6533,114.3511,0.0,2916
22.6533,114.3556,0.1,2916
22.6533,114.36,0.6,2916
22.6533,114.3645,0.0,2916
22.6533,114.369,0.0,2916
22.6533,114.3735,0.0,2916
22.6533,114.378,0.0,2916
22.6533,114.3825,0.0,2916
22.6533,114.387,0.0,2862
22.6533,114.3915,0.0,2916
22.6533,114.396,0.1,2916
22.6533,114.4005,10.2,2916
22.6533,114.405,13.3,2916
22.6533,114.4095,0.0,2916
22.6533,114.4139,0.0,2916
22.6533,114.4184,0.0,2916
22.6533,114.4229,0.0,2916
22.6533,114.4274,0.0,2862
22.6533,114.4319,0.0,2916
22.6533,114.4364,2.9,2916
22.6533,114.4409,0.0,2916
22.6533,114.4454,0.0,2916
22.6533,114.4499,0.0,2916
22.6533,114.4544,0.0,2916
22.6533,114.4589,0.0,2916
22.6533,114.4634,0.0,2916
22.6533,114.4678,0.0,2916
22.6533,114.4723,0.0,2862
22.6533,114.4768,0.0,2916
22.6533,114.4813,0.0,2916
22.6533,114.4858,8.7,2916
22.6533,114.4903,11.1,2916
22.6533,114.4948,5.9,2916
22.6533,114.4993,0.0,2916
22.6533,114.5038,0.0,2916
22.6533,114.5083,0.0,2916
22.6533,114.5128,0.0,2916
22.6533,114.5173,0.0,2862
22.6533,114.5217,2.6,2916
22.6533,114.5262,0.2,2916
22.6533,114.5307,0.3,2916
22.6533,114.5352,0.7,2916
22.6533,114.5397,0.0,2916
22.6533,114.5442,0.0,2916
22.6533,114.5487,0.0,2916
22.6533,114.5532,0.0,2916
22.6533,114.5577,0.2,2916
22.6533,114.5622,0.6,2862
22.6533,114.5667,1.4,2916
22.6533,114.5711,1.3,2916
22.6533,114.5756,0.1,2916
22.6533,114.5801,0.0,2916
22.6533,114.5846,0.0,2916
22.6533,114.5891,0.0,2916
22.6533,114.5936,0.0,2916
22.6533,114.5981,0.0,2916
22.6533,114.6026,0.0,2916
22.6533,114.6071,0.0,2862
22.6533,114.6116,0.0,2916
22.6533,114.6161,0.0,2916
22.6533,114.6206,0.0,2916
22.6533,114.625,0.0,2916
22.6533,114.6295,0.0,2916
22.6533,114.634,0.0,2916
22.6533,114.6385,0.0,2916
22.6533,114.643,0.0,2916
22.6533,114.6475,0.0,2916
22.6533,114.652,0.0,108
22.6578,113.7222,0.0,2916
22.6578,113.7267,0.0,2916
22.6578,113.7312,0.0,2916
22.6578,113.7357,0.0,2916
22.6578,113.7402,0.0,2916
22.6578,113.7447,0.0,2916
22.6578,113.7492,0.0,2916
22.6578,113.7537,0.0,2916
22.6578,113.7582,0.0,2916
22.6578,113.7627,0.0,2862
22.6578,113.7672,0.0,2916
22.6578,113.7717,7.9,2916
22.6578,113.7761,0.0,2916
22.6578,113.7806,6.2,2916
22.6578,113.7851,7.1,2916
22.6578,113.7896,13.3,2916
22.6578,113.7941,14.0,2916
22.6578,113.7986,7.9,2916
22.6578,113.8031,3.8,2916
22.6578,113.8076,1.4,2862
22.6578,113.8121,30.7,2916
22.6578,113.8166,88.2,2916
22.6578,113.8211,72.5,2916
22.6578,113.8256,11.1,2916
22.6578,113.83,2.2,2916
22.6578,113.8345,0.0,2916
22.6578,113.839,1.9,2916
22.6578,113.8435,0.0,2916
22.6578,113.848,2.5,2916
22.6578,113.8525,78.5,2862
22.6578,113.857,93.4,2916
22.6578,113.8615,63.3,2916
22.6578,113.866,30.0,2916
22.6578,113.8705,5.1,2916
22.6578,113.875,8.0,2916
22.6578,113.8795,7.0,2916
22.6578,113.8839,7.1,2916
22.6578,113.8884,10.4,2916
22.6578,113.8929,18.6,2916
22.6578,113.8974,28.4,2862
22.6578,113.9019,24.2,2916
22.6578,113.9064,64.0,2916
22.6578,113.9109,59.7,2916
22.6578,113.9154,60.0,2916
22.6578,113.9199,82.5,2916
22.6578,113.9244,13.4,2916
22.6578,113.9289,0.4,2916
22.6578,113.9333,0.0,2916
22.6578,113.9378,0.0,2916
22.6578,113.9423,0.0,2862
22.6578,113.9468,0.0,2916
22.6578,113.9513,0.0,2916
22.6578,113.9558,0.0,2916
22.6578,113.9603,0.0,2916
22.6578,113.9648,0.0,2916
22.6578,113.9693,0.0,2916
22.6578,113.9738,0.0,2916
22.6578,113.9783,0.0,2916
22.6578,113.9828,0.2,2916
22.6578,113.9872,0.6,2862
22.6578,113.9917,58.5,2916
22.6578,113.9962,94.8,2916
22.6578,114.0007,95.3,2970
22.6578,114.0052,89.8,2916
22.6578,114.0097,69.9,2916
22.6578,114.0142,79.8,2916
22.6578,114.0187,93.2,2916
22.6578,114.0232,93.0,2916
22.6578,114.0277,92.9,2916
22.6578,114.0322,67.1,2862
22.6578,114.0367,63.3,2916
22.6578,114.0411,95.0,2916
22.6578,114.0456,97.4,2916
22.6578,114.0501,54.1,2916
22.6578,114.0546,62.5,2916
22.6578,114.0591,61.4,2916
22.6578,114.0636,97.7,2916
22.6578,114.0681,88.3,2916
22.6578,114.0726,91.0,2862
22.6578,114.0771,68.2,2916
22.6578,114.0816,3.5,2916
22.6578,114.0861,4.8,2916
22.6578,114.0906,20.6,2916
22.6578,114.095,49.4,2916
22.6578,114.0995,85.5,2916
22.6578,114.104,49.1,2916
22.6578,114.1085,45.4,2916
22.6578,114.113,72.6,2916
22.6578,114.1175,68.4,2862
22.6578,114.122,66.1,2916
22.6578,114.1265,66.0,2916
22.6578,114.131,60.2,2916
22.6578,114.1355,6.4,2916
22.6578,114.14,55.0,2916
22.6578,114.1445,80.3,2916
22.6578,114.1489,83.1,2916
22.6578,114.1534,73.3,2916
22.6578,114.1579,24.5,2916
22.6578,114.1624,9.5,2862
22.6578,114.1669,15.6,2916
22.6578,114.1714,25.2,2916
22.6578,114.1759,23.7,2916
22.6578,114.1804,18.7,2916
22.6578,114.1849,46.2,2916
22.6578,114.1894,83.9,2916
22.6578,114.1939,81.6,2916
22.6578,114.1984,62.2,2916
22.6578,114.2028,64.2,2916
22.6578,114.2073,84.6,2862
22.6578,114.2118,83.0,2916
22.6578,114.2163,34.5,2916
22.6578,114.2208,31.4,2916
22.6578,114.2253,12.6,2916
22.6578,114.2298,11.9,2916
22.6578,114.2343,7.8,2916
22.6578,114.2388,15.1,2916
22.6578,114.2433,16.3,2916
22.6578,114.2478,1.3,2916
22.6578,114.2522,0.0,2862
22.6578,114.2567,0.0,2916
22.6578,114.2612,0.0,2916
22.6578,114.2657,0.0,2916
22.6578,114.2702,0.0,2916
22.6578,114.2747,3.0,2916
22.6578,114.2792,0.0,2916
22.6578,114.2837,0.0,2916
22.6578,114.2882,1.3,2916
22.6578,114.2927,0.2,2916
22.6578,114.2972,0.0,2862
22.6578,114.3017,0.0,2916
22.6578,114.3061,0.0,2916
22.6578,114.3106,0.0,2916
22.6578,114.3151,0.4,2916
22.6578,114.3196,1.2,2916
22.6578,114.3241,0.0,2916
22.6578,114.3286,0.0,2916
22.6578,114.3331,2.2,2916
22.6578,114.3376,7.7,2916
22.6578,114.3421,17.8,2862
22.6578,114.3466,0.7,2916
22.6578,114.3511,0.0,2916
22.6578,114.3556,0.8,2916
22.6578,114.36,0.2,2916
22.6578,114.3645,0.0,2916
22.6578,114.369,0.0,2916
22.6578,114.3735,0.0,2916
22.6578,114.378,0.2,2916
22.6578,114.3825,0.0,2916
22.6578,114.387,0.7,2862
22.6578,114.3915,4.5,2916
22.6578,114.396,22.3,2916
22.6578,114.4005,25.3,2916
22.6578,114.405,0.0,2916
22.6578,114.4095,0.0,2916
22.6578,114.4139,0.0,2916
22.6578,114.4184,0.0,2916
22.6578,114.4229,0.0,2916
22.6578,114.4274,0.0,2862
22.6578,114.4319,0.0,2916
22.6578,114.4364,0.0,2916
22.6578,114.4409,0.0,2916
22.6578,114.4454,0.0,2916
22.6578,114.4499,0.0,2916
22.6578,114.4544,0.0,2916
22.6578,114.4589,0.0,2916
22.6578,114.4634,0.0,2916
22.6578,114.4678,0.0,2916
22.6578,114.4723,0.0,2862
22.6578,114.4768,0.0,2916
22.6578,114.4813,0.0,2916
22.6578,114.4858,0.0,2916
22.6578,114.4903,21.2,2916
22.6578,114.4948,16.2,2916
22.6578,114.4993,2.2,2916
22.6578,114.5038,0.0,2916
22.6578,114.5083,0.0,2916
22.6578,114.5128,0.0,2916
22.6578,114.5173,0.0,2862
22.6578,114.5217,0.0,2916
22.6578,114.5262,0.0,2916
22.6578,114.5307,0.0,2916
22.6578,114.5352,0.0,2916
22.6578,114.5397,0.0,2916
22.6578,114.5442,0.0,2916
22.6578,114.5487,0.0,2916
22.6578,114.5532,0.0,2916
22.6578,114.5577,0.0,2916
22.6578,114.5622,0.0,2862
22.6578,114.5667,0.0,2916
22.6578,114.5711,0.0,2916
22.6578,114.5756,0.0,2916
22.6578,114.5801,0.1,2916
22.6578,114.5846,1.5,2916
22.6578,114.5891,0.0,2916
22.6578,114.5936,0.0,2916
22.6578,114.5981,0.0,2916
22.6578,114.6026,0.0,2916
22.6578,114.6071,0.0,2862
22.6578,114.6116,0.0,2916
22.6578,114.6161,0.0,2916
22.6578,114.6206,0.0,2916
22.6578,114.625,0.0,2916
22.6578,114.6295,0.0,2916
22.6578,114.634,0.0,2916
22.6578,114.6385,0.0,2916
22.6578,114.643,0.0,2916
22.6578,114.6475,2.9,2916
22.6578,114.652,0.0,108
22.6623,113.7222,0.0,2862
22.6623,113.7267,0.0,2862
22.6623,113.7312,0.0,2862
22.6623,113.7357,0.0,2862
22.6623,113.7402,0.0,2862
22.6623,113.7447,0.0,2862
22.6623,113.7492,0.0,2862
22.6623,113.7537,0.0,2862
22.6623,113.7582,0.0,2862
22.6623,113.7627,0.0,2809
22.6623,113.7672,6.6,2862
22.6623,113.7717,2.6,2862
22.6623,113.7761,0.0,2862
22.6623,113.7806,0.0,2862
22.6623,113.7851,2.9,2862
22.6623,113.7896,15.8,2862
22.6623,113.7941,14.2,2862
22.6623,113.7986,16.8,2862
22.6623,113.8031,15.1,2862
22.6623,113.8076,11.9,2809
22.6623,113.8121,63.6,2862
22.6623,113.8166,88.5,2862
22.6623,113.8211,88.4,2862
22.6623,113.8256,57.5,2862
22.6623,113.83,17.1,2862
22.6623,113.8345,0.0,2862
22.6623,113.839,0.0,2862
22.6623,113.8435,0.0,2862
22.6623,113.848,1.5,2862
22.6623,113.8525,71.9,2809
22.6623,113.857,99.3,2862
22.6623,113.8615,90.9,2862
22.6623,113.866,7.9,2862
22.6623,113.8705,12.9,2862
22.6623,113.875,0.0,2862
22.6623,113.8795,0.0,2862
22.6623,113.8839,12.1,2862
22.6623,113.8884,13.7,2862
22.6623,113.8929,25.7,2862
22.6623,113.8974,6.0,2809
22.6623,113.9019,0.1,2862
22.6623,113.9064,30.6,2862
22.6623,113.9109,84.7,2862
22.6623,113.9154,55.8,2862
22.6623,113.9199,78.0,2862
22.6623,113.9244,26.0,2862
22.6623,113.9289,0.7,2862
22.6623,113.9333,0.0,2862
22.6623,113.9378,0.0,2862
22.6623,113.9423,0.0,2809
22.6623,113.9468,0.0,2862
22.6623,113.9513,0.0,2862
22.6623,113.9558,0.0,2862
22.6623,113.9603,0.0,2862
22.6623,113.9648,0.0,2862
22.6623,113.9693,0.0,2862
22.6623,113.9738,0.0,2862
22.6623,113.9783,0.0,2862
22.6623,113.9828,2.7,2862
22.6623,113.9872,53.8,2809
22.6623,113.9917,84.8,2862
22.6623,113.9962,97.4,2862
22.6623,114.0007,86.3,2915
22.6623,114.0052,81.2,2862
22.6623,114.0097,81.6,2862
22.6623,114.0142,83.1,2862
22.6623,114.0187,88.3,2862
22.6623,114.0232,80.4,2862
22.6623,114.0277,78.7,2862
22.6623,114.0322,72.7,2809
22.6623,114.0367,56.8,2862
22.6623,114.0411,80.5,2862
22.6623,114.0456,94.9,2862
22.6623,114.0501,72.7,2862
22.6623,114.0546,84.1,2862
22.6623,114.0591,95.4,2862
22.6623,114.0636,91.2,2862
22.6623,114.0681,82.8,2862
22.6623,114.0726,81.3,2809
22.6623,114.0771,53.9,2862
22.6623,114.0816,3.2,2862
22.6623,114.0861,0.2,2862
22.6623,114.0906,15.8,2862
22.6623,114.095,26.5,2862
22.6623,114.0995,21.7,2862
22.6623,114.104,15.1,2862
22.6623,114.1085,6.3,2862
22.6623,114.113,4.0,2862
22.6623,114.1175,76.1,2809
22.6623,114.122,66.6,2862
22.6623,114.1265,46.4,2862
22.6623,114.131,68.8,2862
22.6623,114.1355,27.5,2862
22.6623,114.14,66.4,2862
22.6623,114.1445,47.2,2862
22.6623,114.1489,26.4,2862
22.6623,114.1534,10.2,2862
22.6623,114.1579,0.0,2862
22.6623,114.1624,0.0,2809
22.6623,114.1669,0.0,2862
22.6623,114.1714,1.7,2862
22.6623,114.1759,17.4,2862
22.6623,114.1804,14.1,2862
22.6623,114.1849,15.5,2862
22.6623,114.1894,34.5,2862
22.6623,114.1939,20.0,2862
22.6623,114.1984,62.5,2862
22.6623,114.2028,81.0,2862
22.6623,114.2073,82.5,2809
22.6623,114.2118,73.1,2862
22.6623,114.2163,76.4,2862
22.6623,114.2208,77.4,2862
22.6623,114.2253,64.0,2862
22.6623,114.2298,45.8,2862
22.6623,114.2343,39.4,2862
22.6623,114.2388,65.7,2862
22.6623,114.2433,43.8,2862
22.6623,114.2478,32.6,2862
22.6623,114.2522,9.0,2809
22.6623,114.2567,10.0,2862
22.6623,114.2612,7.9,2862
22.6623,114.2657,0.6,2862
22.6623,114.2702,12.8,2862
22.6623,114.2747,20.0,2862
22.6623,114.2792,31.0,2862
22.6623,114.2837,69.8,2862
22.6623,114.2882,55.3,2862
22.6623,114.2927,18.8,2862
22.6623,114.2972,20.3,2809
22.6623,114.3017,14.2,2862
22.6623,114.3061,11.4,2862
22.6623,114.3106,21.7,2862
22.6623,114.3151,22.3,2862
22.6623,114.3196,31.1,2862
22.6623,114.3241,5.2,2862
22.6623,114.3286,0.0,2862
22.6623,114.3331,0.0,2862
22.6623,114.3376,0.0,2862
22.6623,114.3421,0.9,2809
22.6623,114.3466,3.1,2862
22.6623,114.3511,0.1,2862
22.6623,114.3556,0.1,2862
22.6623,114.36,42.0,2862
22.6623,114.3645,23.2,2862
22.6623,114.369,4.6,2862
22.6623,114.3735,0.0,2862
22.6623,114.378,0.8,2862
22.6623,114.3825,0.0,2862
22.6623,114.387,0.4,2809
22.6623,114.3915,1.5,2862
22.6623,114.396,17.3,2862
22.6623,114.4005,4.5,2862
22.6623,114.405,9.7,2862
22.6623,114.4095,10.7,2862
22.6623,114.4139,0.0,2862
22.6623,114.4184,0.3,2862
22.6623,114.4229,0.0,2862
22.6623,114.4274,0.0,2809
22.6623,114.4319,0.0,2862
22.6623,114.4364,0.0,2862
22.6623,114.4409,0.0,2862
22.6623,114.4454,0.0,2862
22.6623,114.4499,0.0,2862
22.6623,114.4544,0.0,2862
22.6623,114.4589,0.0,2862
22.6623,114.4634,0.0,2862
22.6623,114.4678,0.0,2862
22.6623,114.4723,0.0,2809
22.6623,114.4768,0.0,2862
22.6623,114.4813,0.0,2862
22.6623,114.4858,0.0,2862
22.6623,114.4903,4.0,2862
22.6623,114.4948,8.4,2862
22.6623,114.4993,7.9,2862
22.6623,114.5038,4.2,2862
22.6623,114.5083,0.0,2862
22.6623,114.5128,0.0,2862
22.6623,114.5173,0.0,2809
22.6623,114.5217,0.0,2862
22.6623,114.5262,0.0,2862
22.6623,114.5307,0.0,2862
22.6623,114.5352,0.0,2862
22.6623,114.5397,0.0,2862
22.6623,114.5442,0.0,2862
22.6623,114.5487,0.0,2862
22.6623,114.5532,0.0,2862
22.6623,114.5577,0.0,2862
22.6623,114.5622,0.0,2809
22.6623,114.5667,0.0,2862
22.6623,114.5711,0.0,2862
22.6623,114.5756,0.0,2862
22.6623,114.5801,0.0,2862
22.6623,114.5846,0.0,2862
22.6623,114.5891,0.0,2862
22.6623,114.5936,0.0,2862
22.6623,114.5981,0.0,2862
22.6623,114.6026,0.0,2862
22.6623,114.6071,0.0,2809
22.6623,114.6116,0.0,2862
22.6623,114.6161,0.0,2862
22.6623,114.6206,0.0,2862
22.6623,114.625,0.0,2862
22.6623,114.6295,0.0,2862
22.6623,114.634,0.0,2862
22.6623,114.6385,0.0,2862
22.6623,114.643,4.4,2862
22.6623,114.6475,29.9,2862
22.6623,114.652,0.0,106
22.6668,113.7222,0.0,2916
22.6668,113.7267,0.0,2916
22.6668,113.7312,0.0,2916
22.6668,113.7357,0.0,2916
22.6668,113.7402,0.0,2916
22.6668,113.7447,0.0,2916
22.6668,113.7492,0.0,2916
22.6668,113.7537,0.0,2916
22.6668,113.7582,0.0,2916
22.6668,113.7627,0.0,2862
22.6668,113.7672,12.1,2916
22.6668,113.7717,1.0,2916
22.6668,113.7761,1.1,2916
22.6668,113.7806,0.1,2916
22.6668,113.7851,1.9,2916
22.6668,113.7896,34.7,2916
22.6668,113.7941,32.5,2916
22.6668,113.7986,76.4,2916
22.6668,113.8031,87.2,2916
22.6668,113.8076,73.7,2862
22.6668,113.8121,87.5,2916
22.6668,113.8166,78.4,2916
22.6668,113.8211,85.7,2916
22.6668,113.8256,94.7,2916
22.6668,113.83,20.3,2916
22.6668,113.8345,0.0,2916
22.6668,113.839,0.0,2916
22.6668,113.8435,0.0,2916
22.6668,113.848,0.0,2916
22.6668,113.8525,3.1,2862
22.6668,113.857,73.8,2916
22.6668,113.8615,75.7,2916
22.6668,113.866,40.1,2916
22.6668,113.8705,38.2,2916
22.6668,113.875,9.4,2916
22.6668,113.8795,6.4,2916
22.6668,113.8839,89.4,2916
22.6668,113.8884,69.9,2916
22.6668,113.8929,23.9,2916
22.6668,113.8974,3.2,2862
22.6668,113.9019,3.2,2916
22.6668,113.9064,68.0,2916
22.6668,113.9109,90.3,2916
22.6668,113.9154,58.3,2916
22.6668,113.9199,84.3,2916
22.6668,113.9244,85.5,2916
22.6668,113.9289,43.1,2916
22.6668,113.9333,1.4,2916
22.6668,113.9378,2.0,2916
22.6668,113.9423,21.9,2862
22.6668,113.9468,0.0,2916
22.6668,113.9513,0.0,2916
22.6668,113.9558,0.0,2916
22.6668,113.9603,0.0,2916
22.6668,113.9648,0.0,2916
22.6668,113.9693,0.0,2916
22.6668,113.9738,0.0,2916
22.6668,113.9783,0.0,2916
22.6668,113.9828,24.2,2916
22.6668,113.9872,93.1,2862
22.6668,113.9917,95.9,2916
22.6668,113.9962,98.7,2916
22.6668,114.0007,88.9,2970
22.6668,114.0052,23.4,2916
22.6668,114.0097,43.2,2916
22.6668,114.0142,84.6,2916
22.6668,114.0187,92.9,2916
22.6668,114.0232,92.2,2916
22.6668,114.0277,88.9,2916
22.6668,114.0322,92.8,2862
22.6668,114.0367,74.4,2916
22.6668,114.0411,96.5,2916
22.6668,114.0456,87.0,2916
22.6668,114.0501,59.9,2916
22.6668,114.0546,85.8,2916
22.6668,114.0591,88.5,2916
22.6668,114.0636,55.1,2916
22.6668,114.0681,18.3,2916
22.6668,114.0726,5.6,2862
22.6668,114.0771,8.5,2916
22.6668,114.0816,0.6,2916
22.6668,114.0861,15.7,2916
22.6668,114.0906,36.9,2916
22.6668,114.095,27.6,2916
22.6668,114.0995,12.6,2916
22.6668,114.104,22.5,2916
22.6668,114.1085,85.1,2916
22.6668,114.113,50.2,2916
22.6668,114.1175,72.1,2862
22.6668,114.122,64.2,2916
22.6668,114.1265,89.0,2916
22.6668,114.131,74.5,2916
22.6668,114.1355,89.2,2916
22.6668,114.14,73.3,2916
22.6668,114.1445,74.8,2916
22.6668,114.1489,24.6,2916
22.6668,114.1534,0.0,2916
22.6668,114.1579,0.0,2916
22.6668,114.1624,0.0,2862
22.6668,114.1669,0.0,2916
22.6668,114.1714,31.9,2916
22.6668,114.1759,1.9,2916
22.6668,114.1804,10.5,2916
22.6668,114.1849,4.6,2916
22.6668,114.1894,6.3,2916
22.6668,114.1939,15.5,2916
22.6668,114.1984,92.8,2916
22.6668,114.2028,56.4,2916
22.6668,114.2073,59.3,2862
22.6668,114.2118,35.7,2916
22.6668,114.2163,83.4,2916
22.6668,114.2208,43.2,2916
22.6668,114.2253,2.6,2916
22.6668,114.2298,5.5,2916
22.6668,114.2343,28.0,2916
22.6668,114.2388,78.7,2916
22.6668,114.2433,54.6,2916
22.6668,114.2478,4.4,2916
22.6668,114.2522,0.0,2862
22.6668,114.2567,0.0,2916
22.6668,114.2612,0.3,2916
22.6668,114.2657,2.3,2916
22.6668,114.2702,31.7,2916
22.6668,114.2747,85.8,2916
22.6668,114.2792,81.0,2916
22.6668,114.2837,83.4,2916
22.6668,114.2882,93.3,2916
22.6668,114.2927,31.5,2916
22.6668,114.2972,63.1,2862
22.6668,114.3017,52.9,2916
22.6668,114.3061,33.7,2916
22.6668,114.3106,24.5,2916
22.6668,114.3151,16.7,2916
22.6668,114.3196,36.6,2916
22.6668,114.3241,32.2,2916
22.6668,114.3286,39.9,2916
22.6668,114.3331,11.0,2916
22.6668,114.3376,0.0,2916
22.6668,114.3421,0.0,2862
22.6668,114.3466,35.2,2916
22.6668,114.3511,17.6,2916
22.6668,114.3556,36.3,2916
22.6668,114.36,37.2,2916
22.6668,114.3645,30.8,2916
22.6668,114.369,0.0,2916
22.6668,114.3735,0.0,2916
22.6668,114.378,0.0,2916
22.6668,114.3825,0.0,2916
22.6668,114.387,0.0,2862
22.6668,114.3915,11.0,2916
22.6668,114.396,0.2,2916
22.6668,114.4005,0.0,2916
22.6668,114.405,0.0,2916
22.6668,114.4095,3.1,2916
22.6668,114.4139,1.4,2916
22.6668,114.4184,0.0,2916
22.6668,114.4229,0.0,2916
22.6668,114.4274,0.0,2862
22.6668,114.4319,0.0,2916
22.6668,114.4364,0.0,2916
22.6668,114.4409,0.0,2916
22.6668,114.4454,0.0,2916
22.6668,114.4499,0.0,2916
22.6668,114.4544,0.0,2916
22.6668,114.4589,0.0,2916
22.6668,114.4634,0.0,2916
22.6668,114.4678,0.0,2916
22.6668,114.4723,0.0,2862
22.6668,114.4768,0.0,2916
22.6668,114.4813,0.0,2916
22.6668,114.4858,0.0,2916
22.6668,114.4903,0.0,2916
22.6668,114.4948,0.0,2916
22.6668,114.4993,0.0,2916
22.6668,114.5038,6.7,2916
22.6668,114.5083,5.9,2916
22.6668,114.5128,0.0,2916
22.6668,114.5173,0.0,2862
22.6668,114.5217,0.0,2916
22.6668,114.5262,0.0,2916
22.6668,114.5307,0.0,2916
22.6668,114.5352,0.0,2916
22.6668,114.5397,0.0,2916
22.6668,114.5442,0.0,2916
22.6668,114.5487,0.0,2916
22.6668,114.5532,0.0,2916
22.6668,114.5577,0.0,2916
22.6668,114.5622,0.0,2862
22.6668,114.5667,0.0,2916
22.6668,114.5711,0.0,2916
22.6668,114.5756,0.0,2916
22.6668,114.5801,0.0,2916
22.6668,114.5846,0.0,2916
22.6668,114.5891,0.0,2916
22.6668,114.5936,0.0,2916
22.6668,114.5981,0.0,2916
22.6668,114.6026,0.0,2916
22.6668,114.6071,0.0,2862
22.6668,114.6116,0.0,2916
22.6668,114.6161,0.0,2916
22.6668,114.6206,0.0,2916
22.6668,114.625,0.0,2916
22.6668,114.6295,0.0,2916
22.6668,114.634,0.0,2916
22.6668,114.6385,0.0,2916
22.6668,114.643,6.6,2916
22.6668,114.6475,42.8,2916
22.6668,114.652,0.0,108
22.6713,113.7222,0.0,2916
22.6713,113.7267,0.0,2916
22.6713,113.7312,0.0,2916
22.6713,113.7357,0.0,2916
22.6713,113.7402,0.0,2916
22.6713,113.7447,0.0,2916
22.6713,113.7492,0.0,2916
22.6713,113.7537,0.0,2916
22.6713,113.7582,0.0,2916
22.6713,113.7627,6.8,2862
22.6713,113.7672,14.8,2916
22.6713,113.7717,16.9,2916
22.6713,113.7761,25.8,2916
22.6713,113.7806,13.9,2916
22.6713,113.7851,10.5,2916
22.6713,113.7896,49.7,2916
22.6713,113.7941,87.7,2916
22.6713,113.7986,95.6,2916
22.6713,113.8031,82.7,2916
22.6713,113.8076,97.6,2862
22.6713,113.8121,90.8,2916
22.6713,113.8166,81.6,2916
22.6713,113.8211,83.0,2916
22.6713,113.8256,87.4,2916
22.6713,113.83,31.9,2916
22.6713,113.8345,15.5,2916
22.6713,113.839,0.0,2916
22.6713,113.8435,0.0,2916
22.6713,113.848,0.1,2916
22.6713,113.8525,0.0,2862
22.6713,113.857,35.7,2916
22.6713,113.8615,38.4,2916
22.6713,113.866,19.3,2916
22.6713,113.8705,27.9,2916
22.6713,113.875,16.9,2916
22.6713,113.8795,45.5,2916
22.6713,113.8839,87.2,2916
22.6713,113.8884,59.2,2916
22.6713,113.8929,54.5,2916
22.6713,113.8974,33.1,2862
22.6713,113.9019,10.0,2916
22.6713,113.9064,33.2,2916
22.6713,113.9109,71.9,2916
22.6713,113.9154,77.7,2916
22.6713,113.9199,72.7,2916
22.6713,113.9244,80.3,2916
22.6713,113.9289,72.7,2916
22.6713,113.9333,55.5,2916
22.6713,113.9378,23.8,2916
22.6713,113.9423,39.8,2862
22.6713,113.9468,0.5,2916
22.6713,113.9513,0.0,2916
22.6713,113.9558,0.0,2916
22.6713,113.9603,0.0,2916
22.6713,113.9648,0.3,2916
22.6713,113.9693,0.0,2916
22.6713,113.9738,0.1,2916
22.6713,113.9783,10.4,2916
22.6713,113.9828,46.7,2916
22.6713,113.9872,72.4,2862
22.6713,113.9917,91.7,2916
22.6713,113.9962,82.8,2916
22.6713,114.0007,56.1,2970
22.6713,114.0052,54.5,2916
22.6713,114.0097,55.6,2916
22.6713,114.0142,97.3,2916
22.6713,114.0187,98.9,2916
22.6713,114.0232,93.4,2916
22.6713,114.0277,90.6,2916
22.6713,114.0322,93.0,2862
22.6713,114.0367,81.1,2916
22.6713,114.0411,76.5,2916
22.6713,114.0456,54.6,2916
22.6713,114.0501,77.8,2916
22.6713,114.0546,85.4,2916
22.6713,114.0591,76.7,2916
22.6713,114.0636,46.6,2916
22.6713,114.0681,0.0,2916
22.6713,114.0726,4.4,2862
22.6713,114.0771,14.0,2916
22.6713,114.0816,13.3,2916
22.6713,114.0861,0.6,2916
22.6713,114.0906,0.6,2916
22.6713,114.095,14.2,2916
22.6713,114.0995,0.0,2916
22.6713,114.104,0.0,2916
22.6713,114.1085,28.7,2916
22.6713,114.113,74.7,2916
22.6713,114.1175,83.4,2862
22.6713,114.122,87.7,2916
22.6713,114.1265,89.1,2916
22.6713,114.131,67.2,2916
22.6713,114.1355,76.6,2916
22.6713,114.14,87.0,2916
22.6713,114.1445,84.5,2916
22.6713,114.1489,30.4,2916
22.6713,114.1534,30.6,2916
22.6713,114.1579,8.8,2916
22.6713,114.1624,0.0,2862
22.6713,114.1669,0.0,2916
22.6713,114.1714,24.7,2916
22.6713,114.1759,0.0,2916
22.6713,114.1804,10.5,2916
22.6713,114.1849,0.0,2916
22.6713,114.1894,5.8,2916
22.6713,114.1939,13.5,2916
22.6713,114.1984,24.1,2916
22.6713,114.2028,32.6,2916
22.6713,114.2073,95.4,2862
22.6713,114.2118,64.4,2916
22.6713,114.2163,71.8,2916
22.6713,114.2208,87.5,2916
22.6713,114.2253,25.4,2916
22.6713,114.2298,0.1,2916
22.6713,114.2343,4.2,2916
22.6713,114.2388,33.6,2916
22.6713,114.2433,16.7,2916
22.6713,114.2478,9.1,2916
22.6713,114.2522,0.0,2862
22.6713,114.2567,0.0,2916
22.6713,114.2612,0.0,2916
22.6713,114.2657,0.0,2916
22.6713,114.2702,6.6,2916
22.6713,114.2747,21.0,2916
22.6713,114.2792,55.3,2916
22.6713,114.2837,91.5,2916
22.6713,114.2882,99.1,2916
22.6713,114.2927,71.7,2916
22.6713,114.2972,50.9,2862
22.6713,114.3017,54.9,2916
22.6713,114.3061,70.3,2916
22.6713,114.3106,72.0,2916
22.6713,114.3151,35.5,2916
22.6713,114.3196,8.5,2916
22.6713,114.3241,28.4,2916
22.6713,114.3286,68.7,2916
22.6713,114.3331,58.7,2916
22.6713,114.3376,1.9,2916
22.6713,114.3421,0.0,2862
22.6713,114.3466,42.9,2916
22.6713,114.3511,74.7,2916
22.6713,114.3556,48.6,2916
22.6713,114.36,21.1,2916
22.6713,114.3645,22.4,2916
22.6713,114.369,1.2,2916
22.6713,114.3735,0.0,2916
22.6713,114.378,0.0,2916
22.6713,114.3825,0.0,2916
22.6713,114.387,6.7,2862
22.6713,114.3915,2.5,2916
22.6713,114.396,0.0,2916
22.6713,114.4005,0.0,2916
22.6713,114.405,0.0,2916
22.6713,114.4095,0.0,2916
22.6713,114.4139,0.0,2916
22.6713,114.4184,0.0,2916
22.6713,114.4229,0.0,2916
22.6713,114.4274,0.0,2862
22.6713,114.4319,0.0,2916
22.6713,114.4364,0.0,2916
22.6713,114.4409,0.0,2916
22.6713,114.4454,0.0,2916
22.6713,114.4499,0.0,2916
22.6713,114.4544,0.0,2916
22.6713,114.4589,0.0,2916
22.6713,114.4634,0.0,2916
22.6713,114.4678,0.0,2916
22.6713,114.4723,0.0,2862
22.6713,114.4768,0.0,2916
22.6713,114.4813,0.0,2916
22.6713,114.4858,0.0,2916
22.6713,114.4903,0.0,2916
22.6713,114.4948,0.0,2916
22.6713,114.4993,0.0,2916
22.6713,114.5038,0.0,2916
22.6713,114.5083,5.0,2916
22.6713,114.5128,6.7,2916
22.6713,114.5173,0.0,2862
22.6713,114.5217,2.7,2916
22.6713,114.5262,0.3,2916
22.6713,114.5307,0.0,2916
22.6713,114.5352,0.0,2916
22.6713,114.5397,0.0,2916
22.6713,114.5442,0.0,2916
22.6713,114.5487,0.0,2916
22.6713,114.5532,0.0,2916
22.6713,114.5577,0.0,2916
22.6713,114.5622,0.0,2862
22.6713,114.5667,0.0,2916
22.6713,114.5711,0.0,2916
22.6713,114.5756,0.0,2916
22.6713,114.5801,0.0,2916
22.6713,114.5846,0.0,2916
22.6713,114.5891,0.0,2916
22.6713,114.5936,0.0,2916
22.6713,114.5981,0.0,2916
22.6713,114.6026,0.0,2916
22.6713,114.6071,0.0,2862
22.6713,114.6116,0.0,2916
22.6713,114.6161,0.0,2916
22.6713,114.6206,0.0,2916
22.6713,114.625,0.0,2916
22.6713,114.6295,0.0,2916
22.6713,114.634,0.0,2916
22.6713,114.6385,0.0,2916
22.6713,114.643,18.8,2916
22.6713,114.6475,53.1,2916
22.6713,114.652,0.0,108
22.6758,113.7222,0.0,2916
22.6758,113.7267,0.0,2916
22.6758,113.7312,0.0,2916
22.6758,113.7357,0.0,2916
22.6758,113.7402,0.0,2916
22.6758,113.7447,0.0,2916
22.6758,113.7492,0.0,2916
22.6758,113.7537,0.0,2916
22.6758,113.7582,0.0,2916
22.6758,113.7627,0.0,2862
22.6758,113.7672,15.6,2916
22.6758,113.7717,7.6,2916
22.6758,113.7761,26.7,2916
22.6758,113.7806,45.2,2916
22.6758,113.7851,54.5,2916
22.6758,113.7896,67.9,2916
22.6758,113.7941,95.8,2916
22.6758,113.7986,97.3,2916
22.6758,113.8031,80.8,2916
22.6758,113.8076,87.0,2862
22.6758,113.8121,31.7,2916
22.6758,113.8166,96.7,2916
22.6758,113.8211,96.8,2916
22.6758,113.8256,96.7,2916
22.6758,113.83,84.1,2916
22.6758,113.8345,74.0,2916
22.6758,113.839,0.0,2916
22.6758,113.8435,0.0,2916
22.6758,113.848,2.8,2916
22.6758,113.8525,0.0,2862
22.6758,113.857,12.9,2916
22.6758,113.8615,20.3,2916
22.6758,113.866,10.0,2916
22.6758,113.8705,2.6,2916
22.6758,113.875,4.4,2916
22.6758,113.8795,4.6,2916
22.6758,113.8839,27.3,2916
22.6758,113.8884,74.9,2916
22.6758,113.8929,59.4,2916
22.6758,113.8974,36.1,2862
22.6758,113.9019,4.8,2916
22.6758,113.9064,25.9,2916
22.6758,113.9109,83.6,2916
22.6758,113.9154,88.5,2916
22.6758,113.9199,84.7,2916
22.6758,113.9244,91.6,2916
22.6758,113.9289,95.7,2916
22.6758,113.9333,96.2,2916
22.6758,113.9378,80.9,2916
22.6758,113.9423,45.2,2862
22.6758,113.9468,12.2,2916
22.6758,113.9513,0.6,2916
22.6758,113.9558,0.2,2916
22.6758,113.9603,0.0,2916
22.6758,113.9648,1.5,2916
22.6758,113.9693,34.8,2916
22.6758,113.9738,50.0,2916
22.6758,113.9783,61.4,2916
22.6758,113.9828,46.3,2916
22.6758,113.9872,71.7,2862
22.6758,113.9917,97.6,2916
22.6758,113.9962,98.5,2916
22.6758,114.0007,83.2,2970
22.6758,114.0052,72.7,2916
22.6758,114.0097,84.3,2916
22.6758,114.0142,86.4,2916
22.6758,114.0187,69.4,2916
22.6758,114.0232,90.9,2916
22.6758,114.0277,74.9,2916
22.6758,114.0322,90.1,2862
22.6758,114.0367,84.1,2916
22.6758,114.0411,79.3,2916
22.6758,114.0456,90.3,2916
22.6758,114.0501,63.7,2916
22.6758,114.0546,90.2,2916
22.6758,114.0591,89.3,2916
22.6758,114.0636,76.0,2916
22.6758,114.0681,23.8,2916
22.6758,114.0726,12.3,2862
22.6758,114.0771,10.5,2916
22.6758,114.0816,0.0,2916
22.6758,114.0861,0.2,2916
22.6758,114.0906,0.0,2916
22.6758,114.095,4.9,2916
22.6758,114.0995,6.5,2916
22.6758,114.104,1.1,2916
22.6758,114.1085,0.2,2916
22.6758,114.113,27.7,2916
22.6758,114.1175,79.0,2862
22.6758,114.122,95.8,2916
22.6758,114.1265,70.5,2916
22.6758,114.131,62.6,2916
22.6758,114.1355,96.4,2916
22.6758,114.14,85.6,2916
22.6758,114.1445,74.3,2916
22.6758,114.1489,81.4,2916
22.6758,114.1534,88.5,2916
22.6758,114.1579,53.9,2916
22.6758,114.1624,21.5,2862
22.6758,114.1669,1.4,2916
22.6758,114.1714,7.1,2916
22.6758,114.1759,0.8,2916
22.6758,114.1804,12.6,2916
22.6758,114.1849,3.7,2916
22.6758,114.1894,0.1,2916
22.6758,114.1939,6.8,2916
22.6758,114.1984,12.8,2916
22.6758,114.2028,47.5,2916
22.6758,114.2073,86.8,2862
22.6758,114.2118,15.5,2916
22.6758,114.2163,15.1,2916
22.6758,114.2208,80.8,2916
22.6758,114.2253,86.6,2916
22.6758,114.2298,34.9,2916
22.6758,114.2343,27.9,2916
22.6758,114.2388,0.9,2916
22.6758,114.2433,2.2,2916
22.6758,114.2478,0.5,2916
22.6758,114.2522,0.0,2862
22.6758,114.2567,0.0,2916
22.6758,114.2612,0.0,2916
22.6758,114.2657,0.0,2916
22.6758,114.2702,1.5,2916
22.6758,114.2747,0.0,2916
22.6758,114.2792,0.2,2916
22.6758,114.2837,35.1,2916
22.6758,114.2882,62.6,2916
22.6758,114.2927,68.3,2916
22.6758,114.2972,26.6,2862
22.6758,114.3017,22.7,2916
22.6758,114.3061,29.4,2916
22.6758,114.3106,38.4,2916
22.6758,114.3151,39.4,2916
22.6758,114.3196,35.4,2916
22.6758,114.3241,59.1,2916
22.6758,114.3286,58.2,2916
22.6758,114.3331,73.6,2916
22.6758,114.3376,36.7,2916
22.6758,114.3421,7.4,2862
22.6758,114.3466,43.2,2916
22.6758,114.3511,95.2,2916
22.6758,114.3556,97.9,2916
22.6758,114.36,87.0,2916
22.6758,114.3645,43.4,2916
22.6758,114.369,0.4,2916
22.6758,114.3735,0.0,2916
22.6758,114.378,0.0,2916
22.6758,114.3825,0.0,2916
22.6758,114.387,7.7,2862
22.6758,114.3915,1.2,2916
22.6758,114.396,0.0,2916
22.6758,114.4005,0.0,2916
22.6758,114.405,0.0,2916
22.6758,114.4095,0.0,2916
22.6758,114.4139,0.0,2916
22.6758,114.4184,0.0,2916
22.6758,114.4229,0.0,2916
22.6758,114.4274,0.0,2862
22.6758,114.4319,0.0,2916
22.6758,114.4364,0.0,2916
22.6758,114.4409,0.0,2916
22.6758,114.4454,0.0,2916
22.6758,114.4499,0.0,2916
22.6758,114.4544,0.0,2916
22.6758,114.4589,0.0,2916
22.6758,114.4634,0.0,2916
22.6758,114.4678,0.0,2916
22.6758,114.4723,0.0,2862
22.6758,114.4768,0.0,2916
22.6758,114.4813,0.0,2916
22.6758,114.4858,0.0,2916
22.6758,114.4903,0.0,2916
22.6758,114.4948,0.0,2916
22.6758,114.4993,0.0,2916
22.6758,114.5038,0.0,2916
22.6758,114.5083,0.0,2916
22.6758,114.5128,11.3,2916
22.6758,114.5173,0.0,2862
22.6758,114.5217,6.6,2916
22.6758,114.5262,15.4,2916
22.6758,114.5307,5.6,2916
22.6758,114.5352,0.0,2916
22.6758,114.5397,0.0,2916
22.6758,114.5442,0.0,2916
22.6758,114.5487,0.0,2916
22.6758,114.5532,0.0,2916
22.6758,114.5577,0.0,2916
22.6758,114.5622,0.0,2862
22.6758,114.5667,0.0,2916
22.6758,114.5711,0.0,2916
22.6758,114.5756,0.0,2916
22.6758,114.5801,0.0,2916
22.6758,114.5846,0.0,2916
22.6758,114.5891,0.0,2916
22.6758,114.5936,0.0,2916
22.6758,114.5981,0.0,2916
22.6758,114.6026,0.0,2916
22.6758,114.6071,0.0,2862
22.6758,114.6116,0.0,2916
22.6758,114.6161,0.0,2916
22.6758,114.6206,0.0,2916
22.6758,114.625,0.0,2916
22.6758,114.6295,0.0,2916
22.6758,114.634,0.0,2916
22.6758,114.6385,0.0,2916
22.6758,114.643,3.2,2916
22.6758,114.6475,30.4,2916
22.6758,114.652,0.0,108
22.6803,113.7222,0.0,2916
22.6803,113.7267,0.0,2916
22.6803,113.7312,0.0,2916
22.6803,113.7357,0.0,2916
22.6803,113.7402,0.0,2916
22.6803,113.7447,0.0,2916
22.6803,113.7492,0.0,2916
22.6803,113.7537,0.0,2916
22.6803,113.7582,0.0,2916
22.6803,113.7627,0.0,2862
22.6803,113.7672,11.6,2916
22.6803,113.7717,12.4,2916
22.6803,113.7761,71.7,2916
22.6803,113.7806,84.1,2916
22.6803,113.7851,66.4,2916
22.6803,113.7896,81.8,2916
22.6803,113.7941,91.5,2916
22.6803,113.7986,86.4,2916
22.6803,113.8031,75.5,2916
22.6803,113.8076,70.1,2862
22.6803,113.8121,23.1,2916
22.6803,113.8166,81.8,2916
22.6803,113.8211,75.3,2916
22.6803,113.8256,94.3,2916
22.6803,113.83,84.1,2916
22.6803,113.8345,83.3,2916
22.6803,113.839,13.0,2916
22.6803,113.8435,0.0,2916
22.6803,113.848,6.8,2916
22.6803,113.8525,0.0,2862
22.6803,113.857,0.0,2916
22.6803,113.8615,0.6,2916
22.6803,113.866,0.2,2916
22.6803,113.8705,0.1,2916
22.6803,113.875,1.5,2916
22.6803,113.8795,0.4,2916
22.6803,113.8839,5.7,2916
22.6803,113.8884,34.7,2916
22.6803,113.8929,0.5,2916
22.6803,113.8974,8.0,2862
22.6803,113.9019,0.2,2916
22.6803,113.9064,2.6,2916
22.6803,113.9109,26.1,2916
22.6803,113.9154,22.5,2916
22.6803,113.9199,23.7,2916
22.6803,113.9244,78.9,2916
22.6803,113.9289,94.5,2916
22.6803,113.9333,77.4,2916
22.6803,113.9378,93.3,2916
22.6803,113.9423,87.9,2862
22.6803,113.9468,83.7,2916
22.6803,113.9513,26.8,2916
22.6803,113.9558,1.5,2916
22.6803,113.9603,7.5,2916
22.6803,113.9648,22.7,2916
22.6803,113.9693,14.7,2916
22.6803,113.9738,86.4,2916
22.6803,113.9783,75.4,2916
22.6803,113.9828,63.3,2916
22.6803,113.9872,85.6,2862
22.6803,113.9917,91.9,2916
22.6803,113.9962,97.1,2916
22.6803,114.0007,95.8,2970
22.6803,114.0052,67.0,2916
22.6803,114.0097,46.9,2916
22.6803,114.0142,66.1,2916
22.6803,114.0187,60.4,2916
22.6803,114.0232,40.9,2916
22.6803,114.0277,59.5,2916
22.6803,114.0322,72.2,2862
22.6803,114.0367,80.1,2916
22.6803,114.0411,67.4,2916
22.6803,114.0456,63.6,2916
22.6803,114.0501,60.8,2916
22.6803,114.0546,64.7,2916
22.6803,114.0591,57.1,2916
22.6803,114.0636,59.0,2916
22.6803,114.0681,27.7,2916
22.6803,114.0726,6.1,2862
22.6803,114.0771,35.7,2916
22.6803,114.0816,17.8,2916
22.6803,114.0861,0.0,2916
22.6803,114.0906,0.0,2916
22.6803,114.095,16.9,2916
22.6803,114.0995,19.0,2916
22.6803,114.104,1.2,2916
22.6803,114.1085,0.1,2916
22.6803,114.113,28.5,2916
22.6803,114.1175,92.5,2862
22.6803,114.122,93.5,2916
22.6803,114.1265,60.0,2916
22.6803,114.131,71.6,2916
22.6803,114.1355,76.6,2916
22.6803,114.14,56.0,2916
22.6803,114.1445,85.1,2916
22.6803,114.1489,85.7,2916
22.6803,114.1534,84.7,2916
22.6803,114.1579,89.5,2916
22.6803,114.1624,64.6,2862
22.6803,114.1669,29.5,2916
22.6803,114.1714,30.6,2916
22.6803,114.1759,0.0,2916
22.6803,114.1804,13.8,2916
22.6803,114.1849,23.2,2916
22.6803,114.1894,2.0,2916
22.6803,114.1939,10.5,2916
22.6803,114.1984,35.2,2916
22.6803,114.2028,35.5,2916
22.6803,114.2073,19.6,2862
22.6803,114.2118,28.1,2916
22.6803,114.2163,37.4,2916
22.6803,114.2208,80.7,2916
22.6803,114.2253,92.2,2916
22.6803,114.2298,56.3,2916
22.6803,114.2343,73.7,2916
22.6803,114.2388,40.9,2916
22.6803,114.2433,0.2,2916
22.6803,114.2478,0.2,2916
22.6803,114.2522,0.0,2862
22.6803,114.2567,0.0,2916
22.6803,114.2612,0.5,2916
22.6803,114.2657,17.2,2916
22.6803,114.2702,66.1,2916
22.6803,114.2747,16.4,2916
22.6803,114.2792,4.6,2916
22.6803,114.2837,0.0,2916
22.6803,114.2882,0.5,2916
22.6803,114.2927,1.1,2916
22.6803,114.2972,7.5,2862
22.6803,114.3017,34.6,2916
22.6803,114.3061,63.7,2916
22.6803,114.3106,88.8,2916
22.6803,114.3151,77.6,2916
22.6803,114.3196,38.3,2916
22.6803,114.3241,80.9,2916
22.6803,114.3286,76.3,2916
22.6803,114.3331,46.8,2916
22.6803,114.3376,90.7,2916
22.6803,114.3421,92.7,2862
22.6803,114.3466,77.8,2916
22.6803,114.3511,81.1,2916
22.6803,114.3556,94.9,2916
22.6803,114.36,96.5,2916
22.6803,114.3645,96.8,2916
22.6803,114.369,59.9,2916
22.6803,114.3735,5.6,2916
22.6803,114.378,11.5,2916
22.6803,114.3825,32.3,2916
22.6803,114.387,24.5,2862
22.6803,114.3915,0.0,2916
22.6803,114.396,0.0,2916
22.6803,114.4005,0.0,2916
22.6803,114.405,0.0,2916
22.6803,114.4095,0.0,2916
22.6803,114.4139,0.0,2916
22.6803,114.4184,0.0,2916
22.6803,114.4229,0.0,2916
22.6803,114.4274,0.0,2862
22.6803,114.4319,0.0,2916
22.6803,114.4364,0.0,2916
22.6803,114.4409,0.0,2916
22.6803,114.4454,0.0,2916
22.6803,114.4499,0.0,2916
22.6803,114.4544,0.0,2916
22.6803,114.4589,0.0,2916
22.6803,114.4634,0.0,2916
22.6803,114.4678,0.0,2916
22.6803,114.4723,0.0,2862
22.6803,114.4768,0.0,2916
22.6803,114.4813,0.0,2916
22.6803,114.4858,0.0,2916
22.6803,114.4903,0.0,2916
22.6803,114.4948,0.0,2916
22.6803,114.4993,0.3,2916
22.6803,114.5038,2.4,2916
22.6803,114.5083,26.0,2916
22.6803,114.5128,5.3,2916
22.6803,114.5173,0.1,2862
22.6803,114.5217,1.4,2916
22.6803,114.5262,1.3,2916
22.6803,114.5307,0.0,2916
22.6803,114.5352,0.0,2916
22.6803,114.5397,0.0,2916
22.6803,114.5442,0.0,2916
22.6803,114.5487,0.0,2916
22.6803,114.5532,0.0,2916
22.6803,114.5577,0.0,2916
22.6803,114.5622,0.0,2862
22.6803,114.5667,0.0,2916
22.6803,114.5711,0.0,2916
22.6803,114.5756,0.0,2916
22.6803,114.5801,0.0,2916
22.6803,114.5846,0.0,2916
22.6803,114.5891,0.0,2916
22.6803,114.5936,0.0,2916
22.6803,114.5981,0.0,2916
22.6803,114.6026,0.0,2916
22.6803,114.6071,0.0,2862
22.6803,114.6116,0.0,2916
22.6803,114.6161,0.0,2916
22.6803,114.6206,0.0,2916
22.6803,114.625,0.0,2916
22.6803,114.6295,0.0,2916
22.6803,114.634,0.0,2916
22.6803,114.6385,0.0,2916
22.6803,114.643,0.0,2916
22.6803,114.6475,0.0,2916
22.6803,114.652,0.0,108
22.6848,113.7222,0.0,2916
22.6848,113.7267,0.0,2916
22.6848,113.7312,0.0,2916
22.6848,113.7357,0.0,2916
22.6848,113.7402,0.0,2916
22.6848,113.7447,0.0,2916
22.6848,113.7492,0.0,2916
22.6848,113.7537,0.0,2916
22.6848,113.7582,0.0,2916
22.6848,113.7627,0.0,2862
22.6848,113.7672,11.2,2916
22.6848,113.7717,15.4,2916
22.6848,113.7761,60.6,2916
22.6848,113.7806,85.0,2916
22.6848,113.7851,78.0,2916
22.6848,113.7896,70.8,2916
22.6848,113.7941,86.2,2916
22.6848,113.7986,90.6,2916
22.6848,113.8031,90.2,2916
22.6848,113.8076,33.2,2862
22.6848,113.8121,0.0,2916
22.6848,113.8166,6.2,2916
22.6848,113.8211,35.3,2916
22.6848,113.8256,86.9,2916
22.6848,113.83,53.1,2916
22.6848,113.8345,63.2,2916
22.6848,113.839,59.9,2916
22.6848,113.8435,49.8,2916
22.6848,113.848,5.0,2916
22.6848,113.8525,0.0,2862
22.6848,113.857,0.0,2916
22.6848,113.8615,0.0,2916
22.6848,113.866,0.0,2916
22.6848,113.8705,0.1,2916
22.6848,113.875,0.0,2916
22.6848,113.8795,0.5,2916
22.6848,113.8839,18.7,2916
22.6848,113.8884,14.5,2916
22.6848,113.8929,5.7,2916
22.6848,113.8974,0.0,2862
22.6848,113.9019,0.0,2916
22.6848,113.9064,0.0,2916
22.6848,113.9109,0.0,2916
22.6848,113.9154,0.0,2916
22.6848,113.9199,36.8,2916
22.6848,113.9244,74.3,2916
22.6848,113.9289,94.7,2916
22.6848,113.9333,87.3,2916
22.6848,113.9378,96.9,2916
22.6848,113.9423,95.2,2862
22.6848,113.9468,85.3,2916
22.6848,113.9513,60.9,2916
22.6848,113.9558,70.2,2916
22.6848,113.9603,43.7,2916
22.6848,113.9648,56.3,2916
22.6848,113.9693,24.7,2916
22.6848,113.9738,37.5,2916
22.6848,113.9783,77.4,2916
22.6848,113.9828,94.4,2916
22.6848,113.9872,79.1,2862
22.6848,113.9917,93.4,2916
22.6848,113.9962,91.2,2916
22.6848,114.0007,82.1,2970
22.6848,114.0052,60.9,2916
22.6848,114.0097,76.1,2916
22.6848,114.0142,48.1,2916
22.6848,114.0187,31.8,2916
22.6848,114.0232,31.2,2916
22.6848,114.0277,43.0,2916
22.6848,114.0322,70.0,2862
22.6848,114.0367,32.9,2916
22.6848,114.0411,25.7,2916
22.6848,114.0456,49.0,2916
22.6848,114.0501,42.4,2916
22.6848,114.0546,40.7,2916
22.6848,114.0591,48.4,2916
22.6848,114.0636,82.0,2916
22.6848,114.0681,78.5,2916
22.6848,114.0726,86.4,2862
22.6848,114.0771,75.3,2916
22.6848,114.0816,10.7,2916
22.6848,114.0861,0.0,2916
22.6848,114.0906,0.0,2916
22.6848,114.095,27.1,2916
22.6848,114.0995,47.6,2916
22.6848,114.104,54.8,2916
22.6848,114.1085,40.5,2916
22.6848,114.113,70.8,2916
22.6848,114.1175,84.8,2862
22.6848,114.122,91.3,2916
22.6848,114.1265,63.3,2916
22.6848,114.131,71.3,2916
22.6848,114.1355,76.1,2916
22.6848,114.14,73.9,2916
22.6848,114.1445,90.3,2916
22.6848,114.1489,70.1,2916
22.6848,114.1534,53.2,2916
22.6848,114.1579,86.1,2916
22.6848,114.1624,41.1,2862
22.6848,114.1669,48.4,2916
22.6848,114.1714,21.8,2916
22.6848,114.1759,10.2,2916
22.6848,114.1804,1.4,2916
22.6848,114.1849,0.4,2916
22.6848,114.1894,13.3,2916
22.6848,114.1939,11.3,2916
22.6848,114.1984,65.7,2916
22.6848,114.2028,52.3,2916
22.6848,114.2073,56.3,2862
22.6848,114.2118,65.0,2916
22.6848,114.2163,66.1,2916
22.6848,114.2208,64.1,2916
22.6848,114.2253,52.2,2916
22.6848,114.2298,31.8,2916
22.6848,114.2343,46.2,2916
22.6848,114.2388,85.6,2916
22.6848,114.2433,53.4,2916
22.6848,114.2478,8.3,2916
22.6848,114.2522,6.0,2862
22.6848,114.2567,31.2,2916
22.6848,114.2612,8.4,2916
22.6848,114.2657,19.0,2916
22.6848,114.2702,65.9,2916
22.6848,114.2747,61.5,2916
22.6848,114.2792,74.8,2916
22.6848,114.2837,20.8,2916
22.6848,114.2882,8.9,2916
22.6848,114.2927,0.9,2916
22.6848,114.2972,0.2,2862
22.6848,114.3017,0.2,2916
22.6848,114.3061,8.7,2916
22.6848,114.3106,39.2,2916
22.6848,114.3151,59.4,2916
22.6848,114.3196,57.9,2916
22.6848,114.3241,52.2,2916
22.6848,114.3286,57.9,2916
22.6848,114.3331,68.3,2916
22.6848,114.3376,78.6,2916
22.6848,114.3421,61.3,2862
22.6848,114.3466,94.9,2916
22.6848,114.3511,90.0,2916
22.6848,114.3556,45.4,2916
22.6848,114.36,58.8,2916
22.6848,114.3645,80.3,2916
22.6848,114.369,84.6,2916
22.6848,114.3735,74.1,2916
22.6848,114.378,50.9,2916
22.6848,114.3825,73.4,2916
22.6848,114.387,19.4,2862
22.6848,114.3915,5.4,2916
22.6848,114.396,1.1,2916
22.6848,114.4005,0.0,2916
22.6848,114.405,0.0,2916
22.6848,114.4095,0.0,2916
22.6848,114.4139,0.0,2916
22.6848,114.4184,0.0,2916
22.6848,114.4229,0.0,2916
22.6848,114.4274,0.0,2862
22.6848,114.4319,0.0,2916
22.6848,114.4364,0.0,2916
22.6848,114.4409,0.0,2916
22.6848,114.4454,0.0,2916
22.6848,114.4499,0.0,2916
22.6848,114.4544,0.0,2916
22.6848,114.4589,0.0,2916
22.6848,114.4634,0.0,2916
22.6848,114.4678,0.0,2916
22.6848,114.4723,0.0,2862
22.6848,114.4768,0.1,2916
22.6848,114.4813,0.0,2916
22.6848,114.4858,0.0,2916
22.6848,114.4903,0.0,2916
22.6848,114.4948,0.1,2916
22.6848,114.4993,0.0,2916
22.6848,114.5038,8.0,2916
22.6848,114.5083,24.6,2916
22.6848,114.5128,10.1,2916
22.6848,114.5173,5.5,2862
22.6848,114.5217,2.1,2916
22.6848,114.5262,1.7,2916
22.6848,114.5307,0.0,2916
22.6848,114.5352,0.3,2916
22.6848,114.5397,0.2,2916
22.6848,114.5442,0.0,2916
22.6848,114.5487,0.0,2916
22.6848,114.5532,0.0,2916
22.6848,114.5577,0.0,2916
22.6848,114.5622,0.0,2862
22.6848,114.5667,0.0,2916
22.6848,114.5711,0.0,2916
22.6848,114.5756,0.0,2916
22.6848,114.5801,0.0,2916
22.6848,114.5846,0.0,2916
22.6848,114.5891,0.0,2916
22.6848,114.5936,0.0,2916
22.6848,114.5981,0.0,2916
22.6848,114.6026,0.0,2916
22.6848,114.6071,0.0,2862
22.6848,114.6116,0.0,2916
22.6848,114.6161,0.0,2916
22.6848,114.6206,0.0,2916
22.6848,114.625,0.0,2916
22.6848,114.6295,0.0,2916
22.6848,114.634,0.0,2916
22.6848,114.6385,0.0,2916
22.6848,114.643,0.0,2916
22.6848,114.6475,0.0,2916
22.6848,114.652,0.0,108
22.6893,113.7222,0.0,2916
22.6893,113.7267,0.0,2916
22.6893,113.7312,0.0,2916
22.6893,113.7357,0.0,2916
22.6893,113.7402,0.0,2916
22.6893,113.7447,0.0,2916
22.6893,113.7492,0.0,2916
22.6893,113.7537,0.0,2916
22.6893,113.7582,0.0,2916
22.6893,113.7627,0.0,2862
22.6893,113.7672,12.3,2916
22.6893,113.7717,24.2,2916
22.6893,113.7761,67.2,2916
22.6893,113.7806,94.3,2916
22.6893,113.7851,80.9,2916
22.6893,113.7896,94.2,2916
22.6893,113.7941,82.6,2916
22.6893,113.7986,90.6,2916
22.6893,113.8031,91.9,2916
22.6893,113.8076,75.0,2862
22.6893,113.8121,59.7,2916
22.6893,113.8166,19.2,2916
22.6893,113.8211,56.6,2916
22.6893,113.8256,90.7,2916
22.6893,113.83,73.3,2916
22.6893,113.8345,74.1,2916
22.6893,113.839,58.7,2916
22.6893,113.8435,50.7,2916
22.6893,113.848,4.6,2916
22.6893,113.8525,3.6,2862
22.6893,113.857,0.4,2916
22.6893,113.8615,0.0,2916
22.6893,113.866,0.0,2916
22.6893,113.8705,0.0,2916
22.6893,113.875,0.1,2916
22.6893,113.8795,0.3,2916
22.6893,113.8839,14.8,2916
22.6893,113.8884,12.0,2916
22.6893,113.8929,0.0,2916
22.6893,113.8974,0.0,2862
22.6893,113.9019,0.0,2916
22.6893,113.9064,0.0,2916
22.6893,113.9109,0.0,2916
22.6893,113.9154,36.3,2916
22.6893,113.9199,93.3,2916
22.6893,113.9244,85.0,2916
22.6893,113.9289,99.2,2916
22.6893,113.9333,88.3,2916
22.6893,113.9378,56.3,2916
22.6893,113.9423,35.8,2862
22.6893,113.9468,43.7,2916
22.6893,113.9513,83.0,2916
22.6893,113.9558,43.3,2916
22.6893,113.9603,82.0,2916
22.6893,113.9648,66.7,2916
22.6893,113.9693,45.6,2916
22.6893,113.9738,42.8,2916
22.6893,113.9783,72.3,2916
22.6893,113.9828,67.1,2916
22.6893,113.9872,65.3,2862
22.6893,113.9917,80.4,2916
22.6893,113.9962,53.5,2916
22.6893,114.0007,78.4,2970
22.6893,114.0052,64.7,2916
22.6893,114.0097,9.8,2916
22.6893,114.0142,4.6,2916
22.6893,114.0187,23.1,2916
22.6893,114.0232,73.1,2916
22.6893,114.0277,60.3,2916
22.6893,114.0322,63.3,2862
22.6893,114.0367,66.9,2916
22.6893,114.0411,40.7,2916
22.6893,114.0456,70.3,2916
22.6893,114.0501,53.7,2916
22.6893,114.0546,68.2,2916
22.6893,114.0591,67.9,2916
22.6893,114.0636,73.5,2916
22.6893,114.0681,66.4,2916
22.6893,114.0726,80.9,2862
22.6893,114.0771,21.1,2916
22.6893,114.0816,8.2,2916
22.6893,114.0861,14.2,2916
22.6893,114.0906,5.3,2916
22.6893,114.095,14.6,2916
22.6893,114.0995,73.7,2916
22.6893,114.104,95.2,2916
22.6893,114.1085,70.2,2916
22.6893,114.113,93.7,2916
22.6893,114.1175,91.7,2862
22.6893,114.122,72.1,2916
22.6893,114.1265,67.5,2916
22.6893,114.131,94.2,2916
22.6893,114.1355,96.0,2916
22.6893,114.14,85.3,2916
22.6893,114.1445,39.9,2916
22.6893,114.1489,66.6,2916
22.6893,114.1534,90.3,2916
22.6893,114.1579,76.9,2916
22.6893,114.1624,93.4,2862
22.6893,114.1669,63.1,2916
22.6893,114.1714,34.2,2916
22.6893,114.1759,5.0,2916
22.6893,114.1804,0.6,2916
22.6893,114.1849,0.0,2916
22.6893,114.1894,8.4,2916
22.6893,114.1939,0.2,2916
22.6893,114.1984,8.3,2916
22.6893,114.2028,9.0,2916
22.6893,114.2073,72.0,2862
22.6893,114.2118,71.5,2916
22.6893,114.2163,57.8,2916
22.6893,114.2208,69.0,2916
22.6893,114.2253,63.7,2916
22.6893,114.2298,28.2,2916
22.6893,114.2343,39.5,2916
22.6893,114.2388,73.3,2916
22.6893,114.2433,77.6,2916
22.6893,114.2478,62.5,2916
22.6893,114.2522,14.4,2862
22.6893,114.2567,47.5,2916
22.6893,114.2612,49.1,2916
22.6893,114.2657,20.2,2916
22.6893,114.2702,68.0,2916
22.6893,114.2747,78.4,2916
22.6893,114.2792,51.3,2916
22.6893,114.2837,65.4,2916
22.6893,114.2882,59.5,2916
22.6893,114.2927,59.2,2916
22.6893,114.2972,52.8,2862
22.6893,114.3017,51.3,2916
22.6893,114.3061,48.4,2916
22.6893,114.3106,27.4,2916
22.6893,114.3151,7.3,2916
22.6893,114.3196,58.8,2916
22.6893,114.3241,43.5,2916
22.6893,114.3286,66.8,2916
22.6893,114.3331,79.1,2916
22.6893,114.3376,67.0,2916
22.6893,114.3421,84.3,2862
22.6893,114.3466,97.6,2916
22.6893,114.3511,91.3,2916
22.6893,114.3556,65.3,2916
22.6893,114.36,76.6,2916
22.6893,114.3645,88.7,2916
22.6893,114.369,45.7,2916
22.6893,114.3735,80.0,2916
22.6893,114.378,64.5,2916
22.6893,114.3825,24.8,2916
22.6893,114.387,12.6,2862
22.6893,114.3915,46.6,2916
22.6893,114.396,39.7,2916
22.6893,114.4005,8.2,2916
22.6893,114.405,0.0,2916
22.6893,114.4095,0.0,2916
22.6893,114.4139,0.0,2916
22.6893,114.4184,0.0,2916
22.6893,114.4229,0.0,2916
22.6893,114.4274,0.0,2862
22.6893,114.4319,0.0,2916
22.6893,114.4364,0.0,2916
22.6893,114.4409,0.0,2916
22.6893,114.4454,0.0,2916
22.6893,114.4499,0.0,2916
22.6893,114.4544,0.0,2916
22.6893,114.4589,0.0,2916
22.6893,114.4634,0.0,2916
22.6893,114.4678,0.0,2916
22.6893,114.4723,0.0,2862
22.6893,114.4768,0.0,2916
22.6893,114.4813,0.1,2916
22.6893,114.4858,0.0,2916
22.6893,114.4903,0.0,2916
22.6893,114.4948,0.0,2916
22.6893,114.4993,0.0,2916
22.6893,114.5038,1.3,2916
22.6893,114.5083,0.0,2916
22.6893,114.5128,0.0,2916
22.6893,114.5173,0.0,2862
22.6893,114.5217,0.0,2916
22.6893,114.5262,0.0,2916
22.6893,114.5307,0.0,2916
22.6893,114.5352,0.0,2916
22.6893,114.5397,0.8,2916
22.6893,114.5442,0.0,2916
22.6893,114.5487,0.0,2916
22.6893,114.5532,0.0,2916
22.6893,114.5577,0.0,2916
22.6893,114.5622,0.0,2862
22.6893,114.5667,0.7,2916
22.6893,114.5711,9.4,2916
22.6893,114.5756,0.2,2916
22.6893,114.5801,0.0,2916
22.6893,114.5846,0.0,2916
22.6893,114.5891,0.0,2916
22.6893,114.5936,0.0,2916
22.6893,114.5981,0.0,2916
22.6893,114.6026,0.0,2916
22.6893,114.6071,0.0,2862
22.6893,114.6116,0.0,2916
22.6893,114.6161,0.0,2916
22.6893,114.6206,0.0,2916
22.6893,114.625,0.0,2916
22.6893,114.6295,0.0,2916
22.6893,114.634,0.0,2916
22.6893,114.6385,0.0,2916
22.6893,114.643,0.0,2916
22.6893,114.6475,0.0,2916
22.6893,114.652,0.0,108
22.6938,113.7222,0.0,2916
22.6938,113.7267,0.0,2916
22.6938,113.7312,0.0,2916
22.6938,113.7357,0.0,2916
22.6938,113.7402,0.0,2916
22.6938,113.7447,0.0,2916
22.6938,113.7492,0.0,2916
22.6938,113.7537,0.0,2916
22.6938,113.7582,0.0,2916
22.6938,113.7627,0.9,2862
22.6938,113.7672,38.2,2916
22.6938,113.7717,61.1,2916
22.6938,113.7761,39.3,2916
22.6938,113.7806,93.9,2916
22.6938,113.7851,90.0,2916
22.6938,113.7896,99.1,2916
22.6938,113.7941,72.8,2916
22.6938,113.7986,46.2,2916
22.6938,113.8031,98.8,2916
22.6938,113.8076,91.8,2862
22.6938,113.8121,88.9,2916
22.6938,113.8166,78.8,2916
22.6938,113.8211,36.0,2916
22.6938,113.8256,61.3,2916
22.6938,113.83,75.8,2916
22.6938,113.8345,92.7,2916
22.6938,113.839,56.0,2916
22.6938,113.8435,2.2,2916
22.6938,113.848,1.8,2916
22.6938,113.8525,1.6,2862
22.6938,113.857,5.9,2916
22.6938,113.8615,0.0,2916
22.6938,113.866,0.0,2916
22.6938,113.8705,0.1,2916
22.6938,113.875,0.5,2916
22.6938,113.8795,0.6,2916
22.6938,113.8839,0.3,2916
22.6938,113.8884,11.1,2916
22.6938,113.8929,0.4,2916
22.6938,113.8974,0.0,2862
22.6938,113.9019,0.0,2916
22.6938,113.9064,0.0,2916
22.6938,113.9109,0.0,2916
22.6938,113.9154,49.6,2916
22.6938,113.9199,88.3,2916
22.6938,113.9244,79.0,2916
22.6938,113.9289,60.1,2916
22.6938,113.9333,89.5,2916
22.6938,113.9378,82.5,2916
22.6938,113.9423,25.6,2862
22.6938,113.9468,13.4,2916
22.6938,113.9513,78.6,2916
22.6938,113.9558,61.0,2916
22.6938,113.9603,71.1,2916
22.6938,113.9648,89.6,2916
22.6938,113.9693,68.9,2916
22.6938,113.9738,53.3,2916
22.6938,113.9783,56.6,2916
22.6938,113.9828,80.4,2916
22.6938,113.9872,88.4,2862
22.6938,113.9917,78.9,2916
22.6938,113.9962,75.8,2916
22.6938,114.0007,49.7,2970
22.6938,114.0052,2.0,2916
22.6938,114.0097,0.0,2916
22.6938,114.0142,0.8,2916
22.6938,114.0187,20.1,2916
22.6938,114.0232,52.2,2916
22.6938,114.0277,44.7,2916
22.6938,114.0322,61.9,2862
22.6938,114.0367,76.6,2916
22.6938,114.0411,43.0,2916
22.6938,114.0456,82.2,2916
22.6938,114.0501,74.1,2916
22.6938,114.0546,87.3,2916
22.6938,114.0591,96.8,2916
22.6938,114.0636,75.2,2916
22.6938,114.0681,83.8,2916
22.6938,114.0726,64.3,2862
22.6938,114.0771,14.2,2916
22.6938,114.0816,30.2,2916
22.6938,114.0861,55.6,2916
22.6938,114.0906,51.6,2916
22.6938,114.095,61.7,2916
22.6938,114.0995,93.4,2916
22.6938,114.104,86.9,2916
22.6938,114.1085,98.4,2916
22.6938,114.113,84.9,2916
22.6938,114.1175,87.2,2862
22.6938,114.122,69.5,2916
22.6938,114.1265,90.0,2916
22.6938,114.131,95.2,2916
22.6938,114.1355,70.5,2916
22.6938,114.14,55.1,2916
22.6938,114.1445,43.6,2916
22.6938,114.1489,84.6,2916
22.6938,114.1534,69.9,2916
22.6938,114.1579,89.1,2916
22.6938,114.1624,96.1,2862
22.6938,114.1669,73.4,2916
22.6938,114.1714,18.6,2916
22.6938,114.1759,35.3,2916
22.6938,114.1804,4.2,2916
22.6938,114.1849,0.9,2916
22.6938,114.1894,10.2,2916
22.6938,114.1939,5.2,2916
22.6938,114.1984,44.1,2916
22.6938,114.2028,0.0,2916
22.6938,114.2073,15.1,2862
22.6938,114.2118,65.1,2916
22.6938,114.2163,35.0,2916
22.6938,114.2208,57.5,2916
22.6938,114.2253,71.5,2916
22.6938,114.2298,71.6,2916
22.6938,114.2343,80.1,2916
22.6938,114.2388,23.8,2916
22.6938,114.2433,11.3,2916
22.6938,114.2478,61.4,2916
22.6938,114.2522,62.8,2862
22.6938,114.2567,20.1,2916
22.6938,114.2612,19.1,2916
22.6938,114.2657,52.0,2916
22.6938,114.2702,40.1,2916
22.6938,114.2747,78.2,2916
22.6938,114.2792,88.3,2916
22.6938,114.2837,81.3,2916
22.6938,114.2882,51.6,2916
22.6938,114.2927,79.0,2916
22.6938,114.2972,79.1,2862
22.6938,114.3017,71.7,2916
22.6938,114.3061,17.8,2916
22.6938,114.3106,36.4,2916
22.6938,114.3151,44.3,2916
22.6938,114.3196,58.7,2916
22.6938,114.3241,78.1,2916
22.6938,114.3286,69.9,2916
22.6938,114.3331,90.9,2916
22.6938,114.3376,80.9,2916
22.6938,114.3421,84.7,2862
22.6938,114.3466,77.9,2916
22.6938,114.3511,64.7,2916
22.6938,114.3556,49.4,2916
22.6938,114.36,64.1,2916
22.6938,114.3645,67.4,2916
22.6938,114.369,50.2,2916
22.6938,114.3735,86.1,2916
22.6938,114.378,75.0,2916
22.6938,114.3825,45.4,2916
22.6938,114.387,21.7,2862
22.6938,114.3915,44.1,2916
22.6938,114.396,74.7,2916
22.6938,114.4005,80.3,2916
22.6938,114.405,44.9,2916
22.6938,114.4095,8.7,2916
22.6938,114.4139,27.0,2916
22.6938,114.4184,16.9,2916
22.6938,114.4229,9.0,2916
22.6938,114.4274,2.0,2862
22.6938,114.4319,0.0,2916
22.6938,114.4364,0.1,2916
22.6938,114.4409,0.0,2916
22.6938,114.4454,0.0,2916
22.6938,114.4499,0.0,2916
22.6938,114.4544,0.0,2916
22.6938,114.4589,0.0,2916
22.6938,114.4634,0.0,2916
22.6938,114.4678,0.0,2916
22.6938,114.4723,0.0,2862
22.6938,114.4768,0.0,2916
22.6938,114.4813,0.0,2916
22.6938,114.4858,0.0,2916
22.6938,114.4903,0.4,2916
22.6938,114.4948,0.0,2916
22.6938,114.4993,0.0,2916
22.6938,114.5038,0.0,2916
22.6938,114.5083,0.0,2916
22.6938,114.5128,0.0,2916
22.6938,114.5173,0.0,2862
22.6938,114.5217,0.0,2916
22.6938,114.5262,0.0,2916
22.6938,114.5307,0.0,2916
22.6938,114.5352,0.3,2916
22.6938,114.5397,4.0,2916
22.6938,114.5442,0.0,2916
22.6938,114.5487,0.0,2916
22.6938,114.5532,0.5,2916
22.6938,114.5577,1.1,2916
22.6938,114.5622,3.1,2862
22.6938,114.5667,38.0,2916
22.6938,114.5711,88.1,2916
22.6938,114.5756,21.1,2916
22.6938,114.5801,0.0,2916
22.6938,114.5846,0.0,2916
22.6938,114.5891,0.0,2916
22.6938,114.5936,0.0,2916
22.6938,114.5981,0.0,2916
22.6938,114.6026,0.0,2916
22.6938,114.6071,0.0,2862
22.6938,114.6116,0.0,2916
22.6938,114.6161,0.0,2916
22.6938,114.6206,0.0,2916
22.6938,114.625,0.0,2916
22.6938,114.6295,0.0,2916
22.6938,114.634,0.0,2916
22.6938,114.6385,0.0,2916
22.6938,114.643,0.0,2916
22.6938,114.6475,0.0,2916
22.6938,114.652,0.0,108
22.6983,113.7222,0.0,2916
22.6983,113.7267,0.0,2916
22.6983,113.7312,0.0,2916
22.6983,113.7357,0.0,2916
22.6983,113.7402,0.0,2916
22.6983,113.7447,0.0,2916
22.6983,113.7492,0.0,2916
22.6983,113.7537,0.0,2916
22.6983,113.7582,0.0,2916
22.6983,113.7627,15.1,2862
22.6983,113.7672,61.6,2916
22.6983,113.7717,79.9,2916
22.6983,113.7761,37.3,2916
22.6983,113.7806,96.2,2916
22.6983,113.7851,84.5,2916
22.6983,113.7896,91.9,2916
22.6983,113.7941,50.4,2916
22.6983,113.7986,72.0,2916
22.6983,113.8031,82.3,2916
22.6983,113.8076,53.3,2862
22.6983,113.8121,83.7,2916
22.6983,113.8166,94.3,2916
22.6983,113.8211,95.1,2916
22.6983,113.8256,92.0,2916
22.6983,113.83,87.0,2916
22.6983,113.8345,97.9,2916
22.6983,113.839,71.6,2916
22.6983,113.8435,14.8,2916
22.6983,113.848,0.3,2916
22.6983,113.8525,0.1,2862
22.6983,113.857,0.0,2916
22.6983,113.8615,4.1,2916
22.6983,113.866,0.0,2916
22.6983,113.8705,0.0,2916
22.6983,113.875,0.2,2916
22.6983,113.8795,0.0,2916
22.6983,113.8839,0.1,2916
22.6983,113.8884,10.9,2916
22.6983,113.8929,0.0,2916
22.6983,113.8974,1.2,2862
22.6983,113.9019,0.0,2916
22.6983,113.9064,1.6,2916
22.6983,113.9109,0.2,2916
22.6983,113.9154,51.0,2916
22.6983,113.9199,64.1,2916
22.6983,113.9244,72.1,2916
22.6983,113.9289,21.0,2916
22.6983,113.9333,84.4,2916
22.6983,113.9378,60.7,2916
22.6983,113.9423,20.4,2862
22.6983,113.9468,0.3,2916
22.6983,113.9513,34.6,2916
22.6983,113.9558,67.9,2916
22.6983,113.9603,68.7,2916
22.6983,113.9648,97.3,2916
22.6983,113.9693,88.2,2916
22.6983,113.9738,11.9,2916
22.6983,113.9783,28.4,2916
22.6983,113.9828,56.2,2916
22.6983,113.9872,97.8,2862
22.6983,113.9917,94.6,2916
22.6983,113.9962,51.0,2916
22.6983,114.0007,3.2,2970
22.6983,114.0052,0.0,2916
22.6983,114.0097,0.0,2916
22.6983,114.0142,0.0,2916
22.6983,114.0187,4.9,2916
22.6983,114.0232,55.0,2916
22.6983,114.0277,71.0,2916
22.6983,114.0322,50.1,2862
22.6983,114.0367,66.6,2916
22.6983,114.0411,40.5,2916
22.6983,114.0456,78.7,2916
22.6983,114.0501,53.9,2916
22.6983,114.0546,41.9,2916
22.6983,114.0591,12.0,2916
22.6983,114.0636,3.7,2916
22.6983,114.0681,40.0,2916
22.6983,114.0726,12.5,2862
22.6983,114.0771,11.6,2916
22.6983,114.0816,70.5,2916
22.6983,114.0861,81.7,2916
22.6983,114.0906,79.3,2916
22.6983,114.095,75.7,2916
22.6983,114.0995,89.6,2916
22.6983,114.104,78.2,2916
22.6983,114.1085,95.9,2916
22.6983,114.113,85.9,2916
22.6983,114.1175,83.1,2862
22.6983,114.122,81.9,2916
22.6983,114.1265,99.8,2916
22.6983,114.131,90.7,2916
22.6983,114.1355,67.2,2916
22.6983,114.14,77.4,2916
22.6983,114.1445,29.9,2916
22.6983,114.1489,29.5,2916
22.6983,114.1534,13.7,2916
22.6983,114.1579,40.4,2916
22.6983,114.1624,92.1,2862
22.6983,114.1669,85.9,2916
22.6983,114.1714,52.7,2916
22.6983,114.1759,83.1,2916
22.6983,114.1804,42.5,2916
22.6983,114.1849,0.8,2916
22.6983,114.1894,11.2,2916
22.6983,114.1939,0.0,2916
22.6983,114.1984,20.5,2916
22.6983,114.2028,24.4,2916
22.6983,114.2073,36.0,2862
22.6983,114.2118,66.4,2916
22.6983,114.2163,60.2,2916
22.6983,114.2208,87.7,2916
22.6983,114.2253,95.3,2916
22.6983,114.2298,78.8,2916
22.6983,114.2343,91.8,2916
22.6983,114.2388,63.0,2916
22.6983,114.2433,44.3,2916
22.6983,114.2478,32.2,2916
22.6983,114.2522,11.3,2862
22.6983,114.2567,10.8,2916
22.6983,114.2612,0.0,2916
22.6983,114.2657,28.3,2916
22.6983,114.2702,68.8,2916
22.6983,114.2747,73.5,2916
22.6983,114.2792,61.0,2916
22.6983,114.2837,86.4,2916
22.6983,114.2882,26.1,2916
22.6983,114.2927,31.4,2916
22.6983,114.2972,53.2,2862
22.6983,114.3017,60.0,2916
22.6983,114.3061,38.8,2916
22.6983,114.3106,49.8,2916
22.6983,114.3151,57.0,2916
22.6983,114.3196,44.3,2916
22.6983,114.3241,64.0,2916
22.6983,114.3286,96.0,2916
22.6983,114.3331,90.9,2916
22.6983,114.3376,79.2,2916
22.6983,114.3421,75.3,2862
22.6983,114.3466,37.5,2916
22.6983,114.3511,7.2,2916
22.6983,114.3556,13.5,2916
22.6983,114.36,26.1,2916
22.6983,114.3645,8.1,2916
22.6983,114.369,14.4,2916
22.6983,114.3735,70.5,2916
22.6983,114.378,11.9,2916
22.6983,114.3825,47.6,2916
22.6983,114.387,28.8,2862
22.6983,114.3915,68.2,2916
22.6983,114.396,92.9,2916
22.6983,114.4005,78.4,2916
22.6983,114.405,65.9,2916
22.6983,114.4095,73.4,2916
22.6983,114.4139,59.1,2916
22.6983,114.4184,3.8,2916
22.6983,114.4229,20.2,2916
22.6983,114.4274,47.3,2862
22.6983,114.4319,1.5,2916
22.6983,114.4364,0.1,2916
22.6983,114.4409,0.0,2916
22.6983,114.4454,3.1,2916
22.6983,114.4499,0.0,2916
22.6983,114.4544,0.1,2916
22.6983,114.4589,0.0,2916
22.6983,114.4634,0.0,2916
22.6983,114.4678,0.2,2916
22.6983,114.4723,0.0,2862
22.6983,114.4768,0.0,2916
22.6983,114.4813,0.0,2916
22.6983,114.4858,0.0,2916
22.6983,114.4903,0.0,2916
22.6983,114.4948,0.0,2916
22.6983,114.4993,0.0,2916
22.6983,114.5038,0.0,2916
22.6983,114.5083,3.5,2916
22.6983,114.5128,0.4,2916
22.6983,114.5173,0.0,2862
22.6983,114.5217,1.2,2916
22.6983,114.5262,0.3,2916
22.6983,114.5307,6.3,2916
22.6983,114.5352,2.2,2916
22.6983,114.5397,0.0,2916
22.6983,114.5442,0.0,2916
22.6983,114.5487,0.3,2916
22.6983,114.5532,22.7,2916
22.6983,114.5577,60.7,2916
22.6983,114.5622,74.5,2862
22.6983,114.5667,83.4,2916
22.6983,114.5711,20.4,2916
22.6983,114.5756,1.4,2916
22.6983,114.5801,0.0,2916
22.6983,114.5846,0.0,2916
22.6983,114.5891,0.0,2916
22.6983,114.5936,0.0,2916
22.6983,114.5981,0.0,2916
22.6983,114.6026,0.0,2916
22.6983,114.6071,0.0,2862
22.6983,114.6116,0.0,2916
22.6983,114.6161,0.0,2916
22.6983,114.6206,0.0,2916
22.6983,114.625,0.0,2916
22.6983,114.6295,0.0,2916
22.6983,114.634,0.0,2916
22.6983,114.6385,0.0,2916
22.6983,114.643,0.0,2916
22.6983,114.6475,0.0,2916
22.6983,114.652,0.0,108
22.7028,113.7222,0.0,2916
22.7028,113.7267,0.0,2916
22.7028,113.7312,0.0,2916
22.7028,113.7357,0.0,2916
22.7028,113.7402,0.0,2916
22.7028,113.7447,0.0,2916
22.7028,113.7492,0.0,2916
22.7028,113.7537,0.0,2916
22.7028,113.7582,18.9,2916
22.7028,113.7627,34.9,2862
22.7028,113.7672,69.9,2916
22.7028,113.7717,58.9,2916
22.7028,113.7761,41.3,2916
22.7028,113.7806,90.6,2916
22.7028,113.7851,82.8,2916
22.7028,113.7896,87.4,2916
22.7028,113.7941,83.4,2916
22.7028,113.7986,96.9,2916
22.7028,113.8031,94.9,2916
22.7028,113.8076,86.9,2862
22.7028,113.8121,59.5,2916
22.7028,113.8166,37.8,2916
22.7028,113.8211,72.6,2916
22.7028,113.8256,88.5,2916
22.7028,113.83,89.4,2916
22.7028,113.8345,88.4,2916
22.7028,113.839,91.8,2916
22.7028,113.8435,59.0,2916
22.7028,113.848,30.2,2916
22.7028,113.8525,12.4,2862
22.7028,113.857,0.0,2916
22.7028,113.8615,1.7,2916
22.7028,113.866,12.8,2916
22.7028,113.8705,1.6,2916
22.7028,113.875,1.6,2916
22.7028,113.8795,0.1,2916
22.7028,113.8839,13.9,2916
22.7028,113.8884,3.6,2916
22.7028,113.8929,5.5,2916
22.7028,113.8974,13.0,2862
22.7028,113.9019,1.1,2916
22.7028,113.9064,0.0,2916
22.7028,113.9109,15.4,2916
22.7028,113.9154,35.3,2916
22.7028,113.9199,17.1,2916
22.7028,113.9244,63.6,2916
22.7028,113.9289,10.9,2916
22.7028,113.9333,25.3,2916
22.7028,113.9378,1.8,2916
22.7028,113.9423,1.1,2862
22.7028,113.9468,7.5,2916
22.7028,113.9513,33.5,2916
22.7028,113.9558,87.7,2916
22.7028,113.9603,48.7,2916
22.7028,113.9648,97.9,2916
22.7028,113.9693,53.1,2916
22.7028,113.9738,15.0,2916
22.7028,113.9783,64.1,2916
22.7028,113.9828,68.6,2916
22.7028,113.9872,24.6,2862
22.7028,113.9917,51.1,2916
22.7028,113.9962,8.2,2916
22.7028,114.0007,0.0,2970
22.7028,114.0052,0.0,2916
22.7028,114.0097,0.0,2916
22.7028,114.0142,0.0,2916
22.7028,114.0187,7.4,2916
22.7028,114.0232,78.9,2916
22.7028,114.0277,57.2,2916
22.7028,114.0322,90.2,2862
22.7028,114.0367,83.6,2916
22.7028,114.0411,72.1,2916
22.7028,114.0456,81.6,2916
22.7028,114.0501,37.9,2916
22.7028,114.0546,32.2,2916
22.7028,114.0591,12.8,2916
22.7028,114.0636,0.9,2916
22.7028,114.0681,5.3,2916
22.7028,114.0726,1.1,2862
22.7028,114.0771,53.3,2916
22.7028,114.0816,97.0,2916
22.7028,114.0861,97.7,2916
22.7028,114.0906,83.5,2916
22.7028,114.095,88.0,2916
22.7028,114.0995,54.7,2916
22.7028,114.104,70.3,2916
22.7028,114.1085,85.5,2916
22.7028,114.113,71.5,2916
22.7028,114.1175,84.9,2862
22.7028,114.122,96.2,2916
22.7028,114.1265,91.1,2916
22.7028,114.131,86.3,2916
22.7028,114.1355,30.9,2916
22.7028,114.14,4.5,2916
22.7028,114.1445,0.7,2916
22.7028,114.1489,3.4,2916
22.7028,114.1534,9.1,2916
22.7028,114.1579,83.7,2916
22.7028,114.1624,90.7,2862
22.7028,114.1669,79.0,2916
22.7028,114.1714,64.5,2916
22.7028,114.1759,83.8,2916
22.7028,114.1804,61.6,2916
22.7028,114.1849,2.0,2916
22.7028,114.1894,4.3,2916
22.7028,114.1939,4.6,2916
22.7028,114.1984,20.3,2916
22.7028,114.2028,73.2,2916
22.7028,114.2073,44.4,2862
22.7028,114.2118,40.5,2916
22.7028,114.2163,82.5,2916
22.7028,114.2208,83.3,2916
22.7028,114.2253,88.0,2916
22.7028,114.2298,86.5,2916
22.7028,114.2343,76.2,2916
22.7028,114.2388,45.1,2916
22.7028,114.2433,68.8,2916
22.7028,114.2478,23.7,2916
22.7028,114.2522,16.1,2862
22.7028,114.2567,0.0,2916
22.7028,114.2612,5.3,2916
22.7028,114.2657,45.8,2916
22.7028,114.2702,59.1,2916
22.7028,114.2747,4.4,2916
22.7028,114.2792,0.2,2916
22.7028,114.2837,15.8,2916
22.7028,114.2882,4.7,2916
22.7028,114.2927,24.9,2916
22.7028,114.2972,23.5,2862
22.7028,114.3017,53.0,2916
22.7028,114.3061,52.8,2916
22.7028,114.3106,82.4,2916
22.7028,114.3151,79.2,2916
22.7028,114.3196,72.7,2916
22.7028,114.3241,97.1,2916
22.7028,114.3286,91.9,2916
22.7028,114.3331,86.0,2916
22.7028,114.3376,68.9,2916
22.7028,114.3421,86.0,2862
22.7028,114.3466,70.2,2916
22.7028,114.3511,50.1,2916
22.7028,114.3556,11.8,2916
22.7028,114.36,66.2,2916
22.7028,114.3645,70.4,2916
22.7028,114.369,5.0,2916
22.7028,114.3735,32.6,2916
22.7028,114.378,33.7,2916
22.7028,114.3825,6.3,2916
22.7028,114.387,0.3,2862
22.7028,114.3915,60.6,2916
22.7028,114.396,85.5,2916
22.7028,114.4005,47.3,2916
22.7028,114.405,8.3,2916
22.7028,114.4095,2.2,2916
22.7028,114.4139,0.1,2916
22.7028,114.4184,0.7,2916
22.7028,114.4229,16.5,2916
22.7028,114.4274,29.4,2862
22.7028,114.4319,44.0,2916
22.7028,114.4364,9.5,2916
22.7028,114.4409,2.0,2916
22.7028,114.4454,11.7,2916
22.7028,114.4499,62.1,2916
22.7028,114.4544,39.2,2916
22.7028,114.4589,13.9,2916
22.7028,114.4634,2.8,2916
22.7028,114.4678,5.8,2916
22.7028,114.4723,3.6,2862
22.7028,114.4768,0.0,2916
22.7028,114.4813,0.0,2916
22.7028,114.4858,0.0,2916
22.7028,114.4903,0.0,2916
22.7028,114.4948,0.0,2916
22.7028,114.4993,0.0,2916
22.7028,114.5038,0.0,2916
22.7028,114.5083,5.3,2916
22.7028,114.5128,5.8,2916
22.7028,114.5173,4.9,2862
22.7028,114.5217,2.5,2916
22.7028,114.5262,4.9,2916
22.7028,114.5307,34.8,2916
22.7028,114.5352,0.7,2916
22.7028,114.5397,0.0,2916
22.7028,114.5442,0.0,2916
22.7028,114.5487,0.0,2916
22.7028,114.5532,22.4,2916
22.7028,114.5577,19.5,2916
22.7028,114.5622,68.8,2862
22.7028,114.5667,63.0,2916
22.7028,114.5711,9.6,2916
22.7028,114.5756,0.0,2916
22.7028,114.5801,0.0,2916
22.7028,114.5846,0.0,2916
22.7028,114.5891,0.0,2916
22.7028,114.5936,0.0,2916
22.7028,114.5981,0.0,2916
22.7028,114.6026,0.0,2916
22.7028,114.6071,0.0,2862
22.7028,114.6116,0.0,2916
22.7028,114.6161,0.0,2916
22.7028,114.6206,0.0,2916
22.7028,114.625,0.0,2916
22.7028,114.6295,0.0,2916
22.7028,114.634,0.0,2916
22.7028,114.6385,0.0,2916
22.7028,114.643,0.0,2916
22.7028,114.6475,0.0,2916
22.7028,114.652,0.0,108
22.7072,113.7222,0.0,2862
22.7072,113.7267,0.0,2862
22.7072,113.7312,0.0,2862
22.7072,113.7357,0.0,2862
22.7072,113.7402,0.0,2862
22.7072,113.7447,0.0,2862
22.7072,113.7492,0.0,2862
22.7072,113.7537,0.0,2862
22.7072,113.7582,0.8,2862
22.7072,113.7627,14.0,2809
22.7072,113.7672,66.1,2862
22.7072,113.7717,40.9,2862
22.7072,113.7761,40.1,2862
22.7072,113.7806,92.6,2862
22.7072,113.7851,82.7,2862
22.7072,113.7896,81.2,2862
22.7072,113.7941,85.9,2862
22.7072,113.7986,94.5,2862
22.7072,113.8031,93.0,2862
22.7072,113.8076,92.5,2809
22.7072,113.8121,70.2,2862
22.7072,113.8166,49.1,2862
22.7072,113.8211,63.7,2862
22.7072,113.8256,97.5,2862
22.7072,113.83,97.3,2862
22.7072,113.8345,97.7,2862
22.7072,113.839,97.0,2862
22.7072,113.8435,87.7,2862
22.7072,113.848,85.7,2862
22.7072,113.8525,41.2,2809
22.7072,113.857,0.7,2862
22.7072,113.8615,0.0,2862
22.7072,113.866,17.2,2862
22.7072,113.8705,15.6,2862
22.7072,113.875,2.6,2862
22.7072,113.8795,3.4,2862
22.7072,113.8839,17.5,2862
22.7072,113.8884,0.2,2862
22.7072,113.8929,1.5,2862
22.7072,113.8974,25.5,2809
22.7072,113.9019,25.5,2862
22.7072,113.9064,15.9,2862
22.7072,113.9109,25.1,2862
22.7072,113.9154,6.4,2862
22.7072,113.9199,0.7,2862
22.7072,113.9244,2.7,2862
22.7072,113.9289,1.9,2862
22.7072,113.9333,0.4,2862
22.7072,113.9378,0.0,2862
22.7072,113.9423,0.3,2809
22.7072,113.9468,1.3,2862
22.7072,113.9513,53.0,2862
22.7072,113.9558,71.9,2862
22.7072,113.9603,88.7,2862
22.7072,113.9648,93.3,2862
22.7072,113.9693,30.3,2862
22.7072,113.9738,0.7,2862
22.7072,113.9783,17.5,2862
22.7072,113.9828,41.2,2862
22.7072,113.9872,10.0,2809
22.7072,113.9917,0.5,2862
22.7072,113.9962,0.0,2862
22.7072,114.0007,0.0,2915
22.7072,114.0052,0.0,2862
22.7072,114.0097,0.0,2862
22.7072,114.0142,1.3,2862
22.7072,114.0187,28.2,2862
22.7072,114.0232,25.7,2862
22.7072,114.0277,61.6,2862
22.7072,114.0322,67.9,2809
22.7072,114.0367,76.5,2862
22.7072,114.0411,64.6,2862
22.7072,114.0456,48.3,2862
22.7072,114.0501,91.9,2862
22.7072,114.0546,89.8,2862
22.7072,114.0591,84.2,2862
22.7072,114.0636,16.0,2862
22.7072,114.0681,16.8,2862
22.7072,114.0726,38.9,2809
22.7072,114.0771,89.8,2862
22.7072,114.0816,89.5,2862
22.7072,114.0861,94.4,2862
22.7072,114.0906,88.1,2862
22.7072,114.095,70.8,2862
22.7072,114.0995,46.6,2862
22.7072,114.104,23.2,2862
22.7072,114.1085,58.2,2862
22.7072,114.113,74.1,2862
22.7072,114.1175,90.5,2809
22.7072,114.122,88.6,2862
22.7072,114.1265,82.4,2862
22.7072,114.131,69.8,2862
22.7072,114.1355,4.5,2862
22.7072,114.14,0.0,2862
22.7072,114.1445,0.0,2862
22.7072,114.1489,25.0,2862
22.7072,114.1534,89.9,2862
22.7072,114.1579,84.5,2862
22.7072,114.1624,75.3,2809
22.7072,114.1669,44.8,2862
22.7072,114.1714,56.0,2862
22.7072,114.1759,44.0,2862
22.7072,114.1804,28.9,2862
22.7072,114.1849,11.7,2862
22.7072,114.1894,6.7,2862
22.7072,114.1939,13.3,2862
22.7072,114.1984,36.6,2862
22.7072,114.2028,78.7,2862
22.7072,114.2073,40.2,2809
22.7072,114.2118,43.5,2862
22.7072,114.2163,68.6,2862
22.7072,114.2208,25.0,2862
22.7072,114.2253,59.6,2862
22.7072,114.2298,78.6,2862
22.7072,114.2343,84.6,2862
22.7072,114.2388,79.8,2862
22.7072,114.2433,41.5,2862
22.7072,114.2478,82.6,2862
22.7072,114.2522,56.2,2809
22.7072,114.2567,5.1,2862
22.7072,114.2612,27.2,2862
22.7072,114.2657,66.1,2862
22.7072,114.2702,59.3,2862
22.7072,114.2747,25.1,2862
22.7072,114.2792,11.9,2862
22.7072,114.2837,16.5,2862
22.7072,114.2882,3.3,2862
22.7072,114.2927,17.4,2862
22.7072,114.2972,58.7,2809
22.7072,114.3017,43.4,2862
22.7072,114.3061,65.0,2862
22.7072,114.3106,72.6,2862
22.7072,114.3151,61.4,2862
22.7072,114.3196,58.3,2862
22.7072,114.3241,72.2,2862
22.7072,114.3286,53.5,2862
22.7072,114.3331,79.7,2862
22.7072,114.3376,82.7,2862
22.7072,114.3421,51.8,2809
22.7072,114.3466,60.2,2862
22.7072,114.3511,62.6,2862
22.7072,114.3556,39.3,2862
22.7072,114.36,69.6,2862
22.7072,114.3645,84.2,2862
22.7072,114.369,41.2,2862
22.7072,114.3735,46.4,2862
22.7072,114.378,8.5,2862
22.7072,114.3825,15.9,2862
22.7072,114.387,12.6,2809
22.7072,114.3915,20.1,2862
22.7072,114.396,55.0,2862
22.7072,114.4005,41.8,2862
22.7072,114.405,18.3,2862
22.7072,114.4095,7.6,2862
22.7072,114.4139,0.0,2862
22.7072,114.4184,2.4,2862
22.7072,114.4229,22.4,2862
22.7072,114.4274,26.0,2809
22.7072,114.4319,7.2,2862
22.7072,114.4364,12.9,2862
22.7072,114.4409,23.9,2862
22.7072,114.4454,13.2,2862
22.7072,114.4499,13.4,2862
22.7072,114.4544,5.6,2862
22.7072,114.4589,25.9,2862
22.7072,114.4634,35.0,2862
22.7072,114.4678,4.3,2862
22.7072,114.4723,9.5,2809
22.7072,114.4768,0.7,2862
22.7072,114.4813,0.0,2862
22.7072,114.4858,0.3,2862
22.7072,114.4903,0.0,2862
22.7072,114.4948,0.0,2862
22.7072,114.4993,0.0,2862
22.7072,114.5038,0.0,2862
22.7072,114.5083,0.0,2862
22.7072,114.5128,16.5,2862
22.7072,114.5173,32.0,2809
22.7072,114.5217,11.0,2862
22.7072,114.5262,11.8,2862
22.7072,114.5307,18.4,2862
22.7072,114.5352,0.1,2862
22.7072,114.5397,0.4,2862
22.7072,114.5442,6.4,2862
22.7072,114.5487,19.6,2862
22.7072,114.5532,37.7,2862
22.7072,114.5577,17.7,2862
22.7072,114.5622,17.2,2809
22.7072,114.5667,16.8,2862
22.7072,114.5711,3.5,2862
22.7072,114.5756,0.1,2862
22.7072,114.5801,0.0,2862
22.7072,114.5846,2.9,2862
22.7072,114.5891,6.6,2862
22.7072,114.5936,0.0,2862
22.7072,114.5981,0.0,2862
22.7072,114.6026,0.0,2862
22.7072,114.6071,0.0,2809
22.7072,114.6116,0.0,2862
22.7072,114.6161,0.0,2862
22.7072,114.6206,0.0,2862
22.7072,114.625,0.0,2862
22.7072,114.6295,0.0,2862
22.7072,114.634,0.0,2862
22.7072,114.6385,0.0,2862
22.7072,114.643,0.0,2862
22.7072,114.6475,0.0,2862
22.7072,114.652,0.0,106
22.7117,113.7222,0.0,2916
22.7117,113.7267,0.0,2916
22.7117,113.7312,0.0,2916
22.7117,113.7357,0.0,2916
22.7117,113.7402,0.0,2916
22.7117,113.7447,0.0,2916
22.7117,113.7492,0.0,2916
22.7117,113.7537,0.0,2916
22.7117,113.7582,0.0,2916
22.7117,113.7627,15.7,2862
22.7117,113.7672,18.6,2916
22.7117,113.7717,7.7,2916
22.7117,113.7761,31.3,2916
22.7117,113.7806,87.2,2916
22.7117,113.7851,81.7,2916
22.7117,113.7896,90.5,2916
22.7117,113.7941,86.7,2916
22.7117,113.7986,90.4,2916
22.7117,113.8031,95.8,2916
22.7117,113.8076,95.8,2862
22.7117,113.8121,90.9,2916
22.7117,113.8166,94.3,2916
22.7117,113.8211,98.5,2916
22.7117,113.8256,97.7,2916
22.7117,113.83,93.8,2916
22.7117,113.8345,79.8,2916
22.7117,113.839,87.3,2916
22.7117,113.8435,94.2,2916
22.7117,113.848,86.3,2916
22.7117,113.8525,86.3,2862
22.7117,113.857,52.9,2916
22.7117,113.8615,20.7,2916
22.7117,113.866,18.0,2916
22.7117,113.8705,0.0,2916
22.7117,113.875,2.3,2916
22.7117,113.8795,11.7,2916
22.7117,113.8839,29.3,2916
22.7117,113.8884,23.8,2916
22.7117,113.8929,19.8,2916
22.7117,113.8974,59.5,2862
22.7117,113.9019,84.3,2916
22.7117,113.9064,34.5,2916
22.7117,113.9109,6.2,2916
22.7117,113.9154,0.1,2916
22.7117,113.9199,0.0,2916
22.7117,113.9244,0.0,2916
22.7117,113.9289,0.0,2916
22.7117,113.9333,0.0,2916
22.7117,113.9378,0.0,2916
22.7117,113.9423,0.0,2862
22.7117,113.9468,0.7,2916
22.7117,113.9513,48.9,2916
22.7117,113.9558,61.5,2916
22.7117,113.9603,51.6,2916
22.7117,113.9648,7.1,2916
22.7117,113.9693,0.0,2916
22.7117,113.9738,0.0,2916
22.7117,113.9783,0.0,2916
22.7117,113.9828,0.0,2916
22.7117,113.9872,4.8,2862
22.7117,113.9917,0.0,2916
22.7117,113.9962,0.0,2916
22.7117,114.0007,0.0,2970
22.7117,114.0052,0.9,2916
22.7117,114.0097,0.3,2916
22.7117,114.0142,5.4,2916
22.7117,114.0187,45.4,2916
22.7117,114.0232,53.8,2916
22.7117,114.0277,69.1,2916
22.7117,114.0322,59.9,2862
22.7117,114.0367,57.5,2916
22.7117,114.0411,73.1,2916
22.7117,114.0456,89.0,2916
22.7117,114.0501,89.5,2916
22.7117,114.0546,74.8,2916
22.7117,114.0591,97.3,2916
22.7117,114.0636,89.8,2916
22.7117,114.0681,91.4,2916
22.7117,114.0726,94.7,2862
22.7117,114.0771,86.2,2916
22.7117,114.0816,42.3,2916
22.7117,114.0861,64.0,2916
22.7117,114.0906,69.9,2916
22.7117,114.095,74.3,2916
22.7117,114.0995,36.8,2916
22.7117,114.104,19.7,2916
22.7117,114.1085,31.5,2916
22.7117,114.113,78.4,2916
22.7117,114.1175,57.3,2862
22.7117,114.122,39.5,2916
22.7117,114.1265,20.8,2916
22.7117,114.131,59.6,2916
22.7117,114.1355,58.9,2916
22.7117,114.14,20.5,2916
22.7117,114.1445,31.7,2916
22.7117,114.1489,85.1,2916
22.7117,114.1534,99.2,2916
22.7117,114.1579,94.4,2916
22.7117,114.1624,63.6,2862
22.7117,114.1669,33.5,2916
22.7117,114.1714,11.9,2916
22.7117,114.1759,18.9,2916
22.7117,114.1804,9.4,2916
22.7117,114.1849,1.1,2916
22.7117,114.1894,0.3,2916
22.7117,114.1939,12.4,2916
22.7117,114.1984,48.1,2916
22.7117,114.2028,60.9,2916
22.7117,114.2073,70.3,2862
22.7117,114.2118,68.6,2916
22.7117,114.2163,29.7,2916
22.7117,114.2208,0.1,2916
22.7117,114.2253,29.2,2916
22.7117,114.2298,69.0,2916
22.7117,114.2343,83.5,2916
22.7117,114.2388,81.1,2916
22.7117,114.2433,26.5,2916
22.7117,114.2478,69.9,2916
22.7117,114.2522,91.0,2862
22.7117,114.2567,87.7,2916
22.7117,114.2612,91.5,2916
22.7117,114.2657,68.7,2916
22.7117,114.2702,29.2,2916
22.7117,114.2747,27.0,2916
22.7117,114.2792,51.2,2916
22.7117,114.2837,75.3,2916
22.7117,114.2882,20.8,2916
22.7117,114.2927,0.0,2916
22.7117,114.2972,59.2,2862
22.7117,114.3017,80.0,2916
22.7117,114.3061,93.6,2916
22.7117,114.3106,90.4,2916
22.7117,114.3151,36.4,2916
22.7117,114.3196,31.1,2916
22.7117,114.3241,43.2,2916
22.7117,114.3286,19.4,2916
22.7117,114.3331,32.1,2916
22.7117,114.3376,51.0,2916
22.7117,114.3421,38.7,2862
22.7117,114.3466,44.6,2916
22.7117,114.3511,54.1,2916
22.7117,114.3556,61.9,2916
22.7117,114.36,74.9,2916
22.7117,114.3645,84.1,2916
22.7117,114.369,65.6,2916
22.7117,114.3735,25.2,2916
22.7117,114.378,32.8,2916
22.7117,114.3825,57.8,2916
22.7117,114.387,84.3,2862
22.7117,114.3915,56.7,2916
22.7117,114.396,48.6,2916
22.7117,114.4005,16.8,2916
22.7117,114.405,41.4,2916
22.7117,114.4095,26.3,2916
22.7117,114.4139,3.4,2916
22.7117,114.4184,1.6,2916
22.7117,114.4229,0.0,2916
22.7117,114.4274,0.0,2862
22.7117,114.4319,0.8,2916
22.7117,114.4364,4.5,2916
22.7117,114.4409,4.3,2916
22.7117,114.4454,13.7,2916
22.7117,114.4499,0.9,2916
22.7117,114.4544,0.3,2916
22.7117,114.4589,17.7,2916
22.7117,114.4634,6.6,2916
22.7117,114.4678,0.0,2916
22.7117,114.4723,0.0,2862
22.7117,114.4768,1.1,2916
22.7117,114.4813,11.1,2916
22.7117,114.4858,0.3,2916
22.7117,114.4903,0.0,2916
22.7117,114.4948,0.0,2916
22.7117,114.4993,0.0,2916
22.7117,114.5038,0.0,2916
22.7117,114.5083,0.0,2916
22.7117,114.5128,0.0,2916
22.7117,114.5173,11.7,2862
22.7117,114.5217,24.2,2916
22.7117,114.5262,59.0,2916
22.7117,114.5307,52.8,2916
22.7117,114.5352,17.0,2916
22.7117,114.5397,28.9,2916
22.7117,114.5442,24.3,2916
22.7117,114.5487,16.3,2916
22.7117,114.5532,9.3,2916
22.7117,114.5577,3.6,2916
22.7117,114.5622,3.1,2862
22.7117,114.5667,1.1,2916
22.7117,114.5711,1.0,2916
22.7117,114.5756,0.0,2916
22.7117,114.5801,4.2,2916
22.7117,114.5846,35.2,2916
22.7117,114.5891,29.9,2916
22.7117,114.5936,0.0,2916
22.7117,114.5981,0.0,2916
22.7117,114.6026,0.0,2916
22.7117,114.6071,0.0,2862
22.7117,114.6116,0.0,2916
22.7117,114.6161,0.0,2916
22.7117,114.6206,0.0,2916
22.7117,114.625,0.0,2916
22.7117,114.6295,0.0,2916
22.7117,114.634,0.0,2916
22.7117,114.6385,0.0,2916
22.7117,114.643,0.0,2916
22.7117,114.6475,0.0,2916
22.7117,114.652,0.0,108
22.7162,113.7222,0.0,2916
22.7162,113.7267,0.0,2916
22.7162,113.7312,0.0,2916
22.7162,113.7357,0.0,2916
22.7162,113.7402,0.0,2916
22.7162,113.7447,0.0,2916
22.7162,113.7492,0.0,2916
22.7162,113.7537,0.0,2916
22.7162,113.7582,0.7,2916
22.7162,113.7627,12.3,2862
22.7162,113.7672,2.8,2916
22.7162,113.7717,8.0,2916
22.7162,113.7761,65.1,2916
22.7162,113.7806,82.1,2916
22.7162,113.7851,87.7,2916
22.7162,113.7896,94.5,2916
22.7162,113.7941,91.1,2916
22.7162,113.7986,89.4,2916
22.7162,113.8031,67.4,2916
22.7162,113.8076,96.4,2862
22.7162,113.8121,81.9,2916
22.7162,113.8166,47.2,2916
22.7162,113.8211,75.8,2916
22.7162,113.8256,86.5,2916
22.7162,113.83,90.5,2916
22.7162,113.8345,89.4,2916
22.7162,113.839,97.9,2916
22.7162,113.8435,93.4,2916
22.7162,113.848,71.5,2916
22.7162,113.8525,82.5,2862
22.7162,113.857,64.3,2916
22.7162,113.8615,3.6,2916
22.7162,113.866,0.0,2916
22.7162,113.8705,0.0,2916
22.7162,113.875,5.8,2916
22.7162,113.8795,21.9,2916
22.7162,113.8839,55.6,2916
22.7162,113.8884,68.7,2916
22.7162,113.8929,60.1,2916
22.7162,113.8974,83.8,2862
22.7162,113.9019,68.2,2916
22.7162,113.9064,60.4,2916
22.7162,113.9109,26.1,2916
22.7162,113.9154,34.6,2916
22.7162,113.9199,19.8,2916
22.7162,113.9244,23.8,2916
22.7162,113.9289,29.4,2916
22.7162,113.9333,13.0,2916
22.7162,113.9378,10.5,2916
22.7162,113.9423,1.6,2862
22.7162,113.9468,1.5,2916
22.7162,113.9513,3.4,2916
22.7162,113.9558,20.5,2916
22.7162,113.9603,0.0,2916
22.7162,113.9648,0.0,2916
22.7162,113.9693,0.0,2916
22.7162,113.9738,0.0,2916
22.7162,113.9783,0.0,2916
22.7162,113.9828,0.0,2916
22.7162,113.9872,4.3,2862
22.7162,113.9917,0.1,2916
22.7162,113.9962,0.3,2916
22.7162,114.0007,0.4,2970
22.7162,114.0052,0.0,2916
22.7162,114.0097,0.0,2916
22.7162,114.0142,20.8,2916
22.7162,114.0187,37.7,2916
22.7162,114.0232,63.7,2916
22.7162,114.0277,51.5,2916
22.7162,114.0322,83.8,2862
22.7162,114.0367,82.6,2916
22.7162,114.0411,64.7,2916
22.7162,114.0456,86.4,2916
22.7162,114.0501,72.9,2916
22.7162,114.0546,64.3,2916
22.7162,114.0591,81.1,2916
22.7162,114.0636,96.1,2916
22.7162,114.0681,97.7,2916
22.7162,114.0726,55.1,2862
22.7162,114.0771,18.3,2916
22.7162,114.0816,1.6,2916
22.7162,114.0861,55.0,2916
22.7162,114.0906,50.6,2916
22.7162,114.095,72.5,2916
22.7162,114.0995,41.6,2916
22.7162,114.104,35.9,2916
22.7162,114.1085,57.9,2916
22.7162,114.113,12.8,2916
22.7162,114.1175,4.3,2862
22.7162,114.122,11.3,2916
22.7162,114.1265,33.6,2916
22.7162,114.131,48.3,2916
22.7162,114.1355,73.6,2916
22.7162,114.14,87.7,2916
22.7162,114.1445,91.2,2916
22.7162,114.1489,69.0,2916
22.7162,114.1534,75.4,2916
22.7162,114.1579,90.6,2916
22.7162,114.1624,66.2,2862
22.7162,114.1669,92.1,2916
22.7162,114.1714,72.8,2916
22.7162,114.1759,43.6,2916
22.7162,114.1804,83.6,2916
22.7162,114.1849,52.1,2916
22.7162,114.1894,1.1,2916
22.7162,114.1939,3.6,2916
22.7162,114.1984,20.2,2916
22.7162,114.2028,40.7,2916
22.7162,114.2073,69.1,2862
22.7162,114.2118,63.1,2916
22.7162,114.2163,3.9,2916
22.7162,114.2208,0.2,2916
22.7162,114.2253,2.2,2916
22.7162,114.2298,45.3,2916
22.7162,114.2343,72.5,2916
22.7162,114.2388,77.0,2916
22.7162,114.2433,65.8,2916
22.7162,114.2478,73.8,2916
22.7162,114.2522,93.0,2862
22.7162,114.2567,97.5,2916
22.7162,114.2612,96.7,2916
22.7162,114.2657,84.3,2916
22.7162,114.2702,5.8,2916
22.7162,114.2747,5.2,2916
22.7162,114.2792,60.7,2916
22.7162,114.2837,71.9,2916
22.7162,114.2882,94.5,2916
22.7162,114.2927,65.2,2916
22.7162,114.2972,74.1,2862
22.7162,114.3017,96.5,2916
22.7162,114.3061,89.1,2916
22.7162,114.3106,89.8,2916
22.7162,114.3151,42.2,2916
22.7162,114.3196,26.7,2916
22.7162,114.3241,0.0,2916
22.7162,114.3286,0.0,2916
22.7162,114.3331,0.1,2916
22.7162,114.3376,1.7,2916
22.7162,114.3421,9.2,2862
22.7162,114.3466,50.0,2916
22.7162,114.3511,64.6,2916
22.7162,114.3556,66.7,2916
22.7162,114.36,53.2,2916
22.7162,114.3645,54.3,2916
22.7162,114.369,35.9,2916
22.7162,114.3735,13.9,2916
22.7162,114.378,44.6,2916
22.7162,114.3825,73.5,2916
22.7162,114.387,57.4,2862
22.7162,114.3915,75.9,2916
22.7162,114.396,90.2,2916
22.7162,114.4005,20.0,2916
22.7162,114.405,72.4,2916
22.7162,114.4095,51.0,2916
22.7162,114.4139,11.3,2916
22.7162,114.4184,5.0,2916
22.7162,114.4229,0.7,2916
22.7162,114.4274,0.1,2862
22.7162,114.4319,0.0,2916
22.7162,114.4364,0.1,2916
22.7162,114.4409,0.0,2916
22.7162,114.4454,8.4,2916
22.7162,114.4499,4.3,2916
22.7162,114.4544,0.0,2916
22.7162,114.4589,0.0,2916
22.7162,114.4634,0.0,2916
22.7162,114.4678,0.0,2916
22.7162,114.4723,0.0,2862
22.7162,114.4768,0.0,2916
22.7162,114.4813,0.0,2916
22.7162,114.4858,0.0,2916
22.7162,114.4903,0.0,2916
22.7162,114.4948,0.0,2916
22.7162,114.4993,0.0,2916
22.7162,114.5038,0.0,2916
22.7162,114.5083,0.0,2916
22.7162,114.5128,0.5,2916
22.7162,114.5173,20.3,2862
22.7162,114.5217,65.1,2916
22.7162,114.5262,76.1,2916
22.7162,114.5307,53.7,2916
22.7162,114.5352,54.6,2916
22.7162,114.5397,73.3,2916
22.7162,114.5442,44.1,2916
22.7162,114.5487,5.9,2916
22.7162,114.5532,3.6,2916
22.7162,114.5577,0.7,2916
22.7162,114.5622,0.2,2862
22.7162,114.5667,4.1,2916
22.7162,114.5711,0.2,2916
22.7162,114.5756,0.0,2916
22.7162,114.5801,16.2,2916
22.7162,114.5846,31.3,2916
22.7162,114.5891,20.1,2916
22.7162,114.5936,0.0,2916
22.7162,114.5981,0.0,2916
22.7162,114.6026,0.0,2916
22.7162,114.6071,0.0,2862
22.7162,114.6116,0.0,2916
22.7162,114.6161,0.0,2916
22.7162,114.6206,0.0,2916
22.7162,114.625,0.0,2916
22.7162,114.6295,0.0,2916
22.7162,114.634,0.0,2916
22.7162,114.6385,0.0,2916
22.7162,114.643,0.0,2916
22.7162,114.6475,0.0,2916
22.7162,114.652,0.0,108
22.7207,113.7222,0.0,2916
22.7207,113.7267,0.0,2916
22.7207,113.7312,0.0,2916
22.7207,113.7357,0.0,2916
22.7207,113.7402,0.0,2916
22.7207,113.7447,0.0,2916
22.7207,113.7492,0.0,2916
22.7207,113.7537,0.0,2916
22.7207,113.7582,9.2,2916
22.7207,113.7627,4.2,2862
22.7207,113.7672,0.2,2916
22.7207,113.7717,2.3,2916
22.7207,113.7761,68.6,2916
22.7207,113.7806,78.4,2916
22.7207,113.7851,80.3,2916
22.7207,113.7896,65.6,2916
22.7207,113.7941,73.1,2916
22.7207,113.7986,90.2,2916
22.7207,113.8031,80.6,2916
22.7207,113.8076,83.9,2862
22.7207,113.8121,96.1,2916
22.7207,113.8166,71.7,2916
22.7207,113.8211,59.3,2916
22.7207,113.8256,81.6,2916
22.7207,113.83,84.5,2916
22.7207,113.8345,87.0,2916
22.7207,113.839,93.4,2916
22.7207,113.8435,78.4,2916
22.7207,113.848,60.1,2916
22.7207,113.8525,95.5,2862
22.7207,113.857,76.1,2916
22.7207,113.8615,11.2,2916
22.7207,113.866,0.0,2916
22.7207,113.8705,0.0,2916
22.7207,113.875,5.9,2916
22.7207,113.8795,46.1,2916
22.7207,113.8839,85.2,2916
22.7207,113.8884,55.2,2916
22.7207,113.8929,86.9,2916
22.7207,113.8974,91.8,2862
22.7207,113.9019,92.6,2916
22.7207,113.9064,81.6,2916
22.7207,113.9109,92.5,2916
22.7207,113.9154,91.3,2916
22.7207,113.9199,77.1,2916
22.7207,113.9244,49.3,2916
22.7207,113.9289,52.2,2916
22.7207,113.9333,51.9,2916
22.7207,113.9378,40.3,2916
22.7207,113.9423,33.9,2862
22.7207,113.9468,10.5,2916
22.7207,113.9513,31.2,2916
22.7207,113.9558,0.6,2916
22.7207,113.9603,0.0,2916
22.7207,113.9648,0.0,2916
22.7207,113.9693,0.0,2916
22.7207,113.9738,0.0,2916
22.7207,113.9783,0.0,2916
22.7207,113.9828,0.0,2916
22.7207,113.9872,4.9,2862
22.7207,113.9917,0.0,2916
22.7207,113.9962,0.5,2916
22.7207,114.0007,0.1,2970
22.7207,114.0052,1.7,2916
22.7207,114.0097,0.0,2916
22.7207,114.0142,15.9,2916
22.7207,114.0187,89.8,2916
22.7207,114.0232,86.2,2916
22.7207,114.0277,65.5,2916
22.7207,114.0322,75.3,2862
22.7207,114.0367,42.8,2916
22.7207,114.0411,45.0,2916
22.7207,114.0456,84.9,2916
22.7207,114.0501,94.2,2916
22.7207,114.0546,88.8,2916
22.7207,114.0591,89.4,2916
22.7207,114.0636,89.0,2916
22.7207,114.0681,90.5,2916
22.7207,114.0726,23.4,2862
22.7207,114.0771,7.1,2916
22.7207,114.0816,63.9,2916
22.7207,114.0861,69.1,2916
22.7207,114.0906,57.4,2916
22.7207,114.095,80.2,2916
22.7207,114.0995,72.6,2916
22.7207,114.104,21.0,2916
22.7207,114.1085,0.0,2916
22.7207,114.113,0.0,2916
22.7207,114.1175,7.5,2862
22.7207,114.122,10.2,2916
22.7207,114.1265,53.0,2916
22.7207,114.131,88.9,2916
22.7207,114.1355,53.3,2916
22.7207,114.14,28.7,2916
22.7207,114.1445,79.2,2916
22.7207,114.1489,37.5,2916
22.7207,114.1534,32.5,2916
22.7207,114.1579,68.4,2916
22.7207,114.1624,76.0,2862
22.7207,114.1669,95.4,2916
22.7207,114.1714,80.6,2916
22.7207,114.1759,98.2,2916
22.7207,114.1804,98.3,2916
22.7207,114.1849,57.4,2916
22.7207,114.1894,4.0,2916
22.7207,114.1939,30.0,2916
22.7207,114.1984,64.8,2916
22.7207,114.2028,72.0,2916
22.7207,114.2073,54.6,2862
22.7207,114.2118,58.2,2916
22.7207,114.2163,41.1,2916
22.7207,114.2208,19.7,2916
22.7207,114.2253,23.1,2916
22.7207,114.2298,50.6,2916
22.7207,114.2343,76.7,2916
22.7207,114.2388,72.9,2916
22.7207,114.2433,54.3,2916
22.7207,114.2478,67.6,2916
22.7207,114.2522,85.1,2862
22.7207,114.2567,90.6,2916
22.7207,114.2612,89.2,2916
22.7207,114.2657,89.5,2916
22.7207,114.2702,19.2,2916
22.7207,114.2747,5.7,2916
22.7207,114.2792,85.5,2916
22.7207,114.2837,95.2,2916
22.7207,114.2882,97.6,2916
22.7207,114.2927,94.4,2916
22.7207,114.2972,76.4,2862
22.7207,114.3017,83.1,2916
22.7207,114.3061,91.5,2916
22.7207,114.3106,73.1,2916
22.7207,114.3151,72.9,2916
22.7207,114.3196,44.6,2916
22.7207,114.3241,1.5,2916
22.7207,114.3286,0.0,2916
22.7207,114.3331,0.0,2916
22.7207,114.3376,0.0,2916
22.7207,114.3421,0.0,2862
22.7207,114.3466,8.5,2916
22.7207,114.3511,50.0,2916
22.7207,114.3556,55.1,2916
22.7207,114.36,65.9,2916
22.7207,114.3645,32.7,2916
22.7207,114.369,2.7,2916
22.7207,114.3735,9.0,2916
22.7207,114.378,68.6,2916
22.7207,114.3825,84.7,2916
22.7207,114.387,77.8,2862
22.7207,114.3915,90.0,2916
22.7207,114.396,60.8,2916
22.7207,114.4005,56.6,2916
22.7207,114.405,84.2,2916
22.7207,114.4095,88.2,2916
22.7207,114.4139,67.2,2916
22.7207,114.4184,2.6,2916
22.7207,114.4229,18.7,2916
22.7207,114.4274,11.1,2862
22.7207,114.4319,10.0,2916
22.7207,114.4364,5.4,2916
22.7207,114.4409,25.8,2916
22.7207,114.4454,4.7,2916
22.7207,114.4499,1.6,2916
22.7207,114.4544,0.7,2916
22.7207,114.4589,0.5,2916
22.7207,114.4634,0.0,2916
22.7207,114.4678,0.0,2916
22.7207,114.4723,0.0,2862
22.7207,114.4768,0.0,2916
22.7207,114.4813,0.0,2916
22.7207,114.4858,0.0,2916
22.7207,114.4903,0.0,2916
22.7207,114.4948,0.0,2916
22.7207,114.4993,0.0,2916
22.7207,114.5038,0.0,2916
22.7207,114.5083,0.1,2916
22.7207,114.5128,0.3,2916
22.7207,114.5173,32.6,2862
22.7207,114.5217,66.2,2916
22.7207,114.5262,82.4,2916
22.7207,114.5307,66.0,2916
22.7207,114.5352,78.8,2916
22.7207,114.5397,56.8,2916
22.7207,114.5442,13.6,2916
22.7207,114.5487,31.5,2916
22.7207,114.5532,7.8,2916
22.7207,114.5577,0.8,2916
22.7207,114.5622,4.5,2862
22.7207,114.5667,2.8,2916
22.7207,114.5711,0.0,2916
22.7207,114.5756,0.0,2916
22.7207,114.5801,0.0,2916
22.7207,114.5846,0.0,2916
22.7207,114.5891,0.0,2916
22.7207,114.5936,0.0,2916
22.7207,114.5981,0.0,2916
22.7207,114.6026,0.0,2916
22.7207,114.6071,0.0,2862
22.7207,114.6116,0.0,2916
22.7207,114.6161,0.0,2916
22.7207,114.6206,0.0,2916
22.7207,114.625,0.0,2916
22.7207,114.6295,0.0,2916
22.7207,114.634,0.0,2916
22.7207,114.6385,0.0,2916
22.7207,114.643,0.0,2916
22.7207,114.6475,0.0,2916
22.7207,114.652,0.0,108
22.7252,113.7222,0.0,2916
22.7252,113.7267,0.0,2916
22.7252,113.7312,0.0,2916
22.7252,113.7357,0.0,2916
22.7252,113.7402,0.0,2916
22.7252,113.7447,0.0,2916
22.7252,113.7492,0.0,2916
22.7252,113.7537,0.0,2916
22.7252,113.7582,12.2,2916
22.7252,113.7627,15.1,2862
22.7252,113.7672,1.8,2916
22.7252,113.7717,2.6,2916
22.7252,113.7761,91.4,2916
22.7252,113.7806,40.3,2916
22.7252,113.7851,65.2,2916
22.7252,113.7896,77.0,2916
22.7252,113.7941,85.5,2916
22.7252,113.7986,98.3,2916
22.7252,113.8031,89.2,2916
22.7252,113.8076,82.6,2862
22.7252,113.8121,82.4,2916
22.7252,113.8166,77.0,2916
22.7252,113.8211,97.9,2916
22.7252,113.8256,65.4,2916
22.7252,113.83,85.8,2916
22.7252,113.8345,97.6,2916
22.7252,113.839,84.0,2916
22.7252,113.8435,90.5,2916
22.7252,113.848,71.7,2916
22.7252,113.8525,92.7,2862
22.7252,113.857,92.2,2916
22.7252,113.8615,42.2,2916
22.7252,113.866,12.4,2916
22.7252,113.8705,6.7,2916
22.7252,113.875,5.7,2916
22.7252,113.8795,23.7,2916
22.7252,113.8839,70.1,2916
22.7252,113.8884,71.3,2916
22.7252,113.8929,74.7,2916
22.7252,113.8974,76.0,2862
22.7252,113.9019,65.5,2916
22.7252,113.9064,57.8,2916
22.7252,113.9109,67.6,2916
22.7252,113.9154,47.4,2916
22.7252,113.9199,65.6,2916
22.7252,113.9244,47.8,2916
22.7252,113.9289,33.8,2916
22.7252,113.9333,22.9,2916
22.7252,113.9378,12.5,2916
22.7252,113.9423,1.6,2862
22.7252,113.9468,46.3,2916
22.7252,113.9513,36.1,2916
22.7252,113.9558,6.4,2916
22.7252,113.9603,0.3,2916
22.7252,113.9648,0.0,2916
22.7252,113.9693,0.0,2916
22.7252,113.9738,12.1,2916
22.7252,113.9783,35.0,2916
22.7252,113.9828,0.0,2916
22.7252,113.9872,0.0,2862
22.7252,113.9917,0.2,2916
22.7252,113.9962,0.1,2916
22.7252,114.0007,9.5,2970
22.7252,114.0052,17.5,2916
22.7252,114.0097,12.5,2916
22.7252,114.0142,30.6,2916
22.7252,114.0187,80.5,2916
22.7252,114.0232,77.2,2916
22.7252,114.0277,52.5,2916
22.7252,114.0322,78.4,2862
22.7252,114.0367,68.0,2916
22.7252,114.0411,73.7,2916
22.7252,114.0456,59.8,2916
22.7252,114.0501,87.6,2916
22.7252,114.0546,99.9,2916
22.7252,114.0591,84.7,2916
22.7252,114.0636,62.3,2916
22.7252,114.0681,67.9,2916
22.7252,114.0726,60.5,2862
22.7252,114.0771,25.8,2916
22.7252,114.0816,88.4,2916
22.7252,114.0861,79.6,2916
22.7252,114.0906,67.5,2916
22.7252,114.095,68.3,2916
22.7252,114.0995,93.9,2916
22.7252,114.104,84.7,2916
22.7252,114.1085,6.5,2916
22.7252,114.113,1.0,2916
22.7252,114.1175,1.1,2862
22.7252,114.122,43.1,2916
22.7252,114.1265,90.5,2916
22.7252,114.131,52.7,2916
22.7252,114.1355,42.3,2916
22.7252,114.14,49.7,2916
22.7252,114.1445,49.0,2916
22.7252,114.1489,68.6,2916
22.7252,114.1534,67.1,2916
22.7252,114.1579,24.0,2916
22.7252,114.1624,66.9,2862
22.7252,114.1669,89.3,2916
22.7252,114.1714,76.9,2916
22.7252,114.1759,94.9,2916
22.7252,114.1804,92.7,2916
22.7252,114.1849,92.1,2916
22.7252,114.1894,48.0,2916
22.7252,114.1939,85.0,2916
22.7252,114.1984,35.4,2916
22.7252,114.2028,35.9,2916
22.7252,114.2073,71.2,2862
22.7252,114.2118,83.0,2916
22.7252,114.2163,85.8,2916
22.7252,114.2208,77.2,2916
22.7252,114.2253,80.3,2916
22.7252,114.2298,83.0,2916
22.7252,114.2343,64.1,2916
22.7252,114.2388,25.7,2916
22.7252,114.2433,66.7,2916
22.7252,114.2478,64.2,2916
22.7252,114.2522,82.5,2862
22.7252,114.2567,85.9,2916
22.7252,114.2612,82.5,2916
22.7252,114.2657,88.9,2916
22.7252,114.2702,42.2,2916
22.7252,114.2747,5.8,2916
22.7252,114.2792,82.9,2916
22.7252,114.2837,84.6,2916
22.7252,114.2882,96.2,2916
22.7252,114.2927,84.6,2916
22.7252,114.2972,43.8,2862
22.7252,114.3017,41.1,2916
22.7252,114.3061,61.2,2916
22.7252,114.3106,67.4,2916
22.7252,114.3151,85.4,2916
22.7252,114.3196,81.4,2916
22.7252,114.3241,27.2,2916
22.7252,114.3286,7.3,2916
22.7252,114.3331,0.0,2916
22.7252,114.3376,0.0,2916
22.7252,114.3421,6.6,2862
22.7252,114.3466,7.7,2916
22.7252,114.3511,76.6,2916
22.7252,114.3556,52.4,2916
22.7252,114.36,53.9,2916
22.7252,114.3645,4.9,2916
22.7252,114.369,13.2,2916
22.7252,114.3735,31.7,2916
22.7252,114.378,85.6,2916
22.7252,114.3825,51.3,2916
22.7252,114.387,52.0,2862
22.7252,114.3915,67.6,2916
22.7252,114.396,42.4,2916
22.7252,114.4005,21.9,2916
22.7252,114.405,63.2,2916
22.7252,114.4095,58.6,2916
22.7252,114.4139,21.0,2916
22.7252,114.4184,6.2,2916
22.7252,114.4229,14.0,2916
22.7252,114.4274,30.2,2862
22.7252,114.4319,10.0,2916
22.7252,114.4364,2.1,2916
22.7252,114.4409,13.0,2916
22.7252,114.4454,20.1,2916
22.7252,114.4499,10.2,2916
22.7252,114.4544,20.4,2916
22.7252,114.4589,52.5,2916
22.7252,114.4634,26.8,2916
22.7252,114.4678,56.1,2916
22.7252,114.4723,2.1,2862
22.7252,114.4768,0.0,2916
22.7252,114.4813,5.9,2916
22.7252,114.4858,11.2,2916
22.7252,114.4903,17.4,2916
22.7252,114.4948,21.4,2916
22.7252,114.4993,0.0,2916
22.7252,114.5038,0.0,2916
22.7252,114.5083,2.0,2916
22.7252,114.5128,12.6,2916
22.7252,114.5173,31.7,2862
22.7252,114.5217,46.3,2916
22.7252,114.5262,87.0,2916
22.7252,114.5307,78.5,2916
22.7252,114.5352,74.3,2916
22.7252,114.5397,43.3,2916
22.7252,114.5442,0.0,2916
22.7252,114.5487,7.1,2916
22.7252,114.5532,0.0,2916
22.7252,114.5577,1.9,2916
22.7252,114.5622,0.0,2862
22.7252,114.5667,0.0,2916
22.7252,114.5711,0.0,2916
22.7252,114.5756,4.4,2916
22.7252,114.5801,4.0,2916
22.7252,114.5846,0.0,2916
22.7252,114.5891,0.0,2916
22.7252,114.5936,0.0,2916
22.7252,114.5981,0.0,2916
22.7252,114.6026,0.0,2916
22.7252,114.6071,0.0,2862
22.7252,114.6116,0.0,2916
22.7252,114.6161,0.0,2916
22.7252,114.6206,0.0,2916
22.7252,114.625,0.0,2916
22.7252,114.6295,0.0,2916
22.7252,114.634,0.0,2916
22.7252,114.6385,0.0,2916
22.7252,114.643,0.0,2916
22.7252,114.6475,0.0,2916
22.7252,114.652,0.0,108
22.7297,113.7222,0.0,2916
22.7297,113.7267,0.0,2916
22.7297,113.7312,0.0,2916
22.7297,113.7357,0.0,2916
22.7297,113.7402,0.0,2916
22.7297,113.7447,0.0,2916
22.7297,113.7492,0.0,2916
22.7297,113.7537,0.0,2916
22.7297,113.7582,17.7,2916
22.7297,113.7627,11.9,2862
22.7297,113.7672,6.1,2916
22.7297,113.7717,3.8,2916
22.7297,113.7761,45.4,2916
22.7297,113.7806,92.7,2916
22.7297,113.7851,91.3,2916
22.7297,113.7896,82.7,2916
22.7297,113.7941,91.9,2916
22.7297,113.7986,87.3,2916
22.7297,113.8031,77.9,2916
22.7297,113.8076,65.6,2862
22.7297,113.8121,59.8,2916
22.7297,113.8166,85.6,2916
22.7297,113.8211,97.5,2916
22.7297,113.8256,75.9,2916
22.7297,113.83,89.1,2916
22.7297,113.8345,96.6,2916
22.7297,113.839,86.7,2916
22.7297,113.8435,94.1,2916
22.7297,113.848,75.7,2916
22.7297,113.8525,98.7,2862
22.7297,113.857,79.1,2916
22.7297,113.8615,66.3,2916
22.7297,113.866,35.2,2916
22.7297,113.8705,5.2,2916
22.7297,113.875,7.9,2916
22.7297,113.8795,1.8,2916
22.7297,113.8839,32.5,2916
22.7297,113.8884,62.2,2916
22.7297,113.8929,81.5,2916
22.7297,113.8974,88.9,2862
22.7297,113.9019,85.4,2916
22.7297,113.9064,50.8,2916
22.7297,113.9109,82.2,2916
22.7297,113.9154,39.8,2916
22.7297,113.9199,51.5,2916
22.7297,113.9244,45.4,2916
22.7297,113.9289,17.5,2916
22.7297,113.9333,25.3,2916
22.7297,113.9378,55.3,2916
22.7297,113.9423,33.7,2862
22.7297,113.9468,6.1,2916
22.7297,113.9513,18.9,2916
22.7297,113.9558,16.9,2916
22.7297,113.9603,18.8,2916
22.7297,113.9648,0.0,2916
22.7297,113.9693,0.0,2916
22.7297,113.9738,21.1,2916
22.7297,113.9783,74.1,2916
22.7297,113.9828,10.2,2916
22.7297,113.9872,0.0,2862
22.7297,113.9917,3.7,2916
22.7297,113.9962,14.0,2916
22.7297,114.0007,67.6,2970
22.7297,114.0052,69.3,2916
22.7297,114.0097,88.0,2916
22.7297,114.0142,76.0,2916
22.7297,114.0187,79.5,2916
22.7297,114.0232,72.8,2916
22.7297,114.0277,72.0,2916
22.7297,114.0322,90.0,2862
22.7297,114.0367,61.9,2916
22.7297,114.0411,71.5,2916
22.7297,114.0456,92.9,2916
22.7297,114.0501,57.4,2916
22.7297,114.0546,84.9,2916
22.7297,114.0591,74.9,2916
22.7297,114.0636,52.3,2916
22.7297,114.0681,9.8,2916
22.7297,114.0726,8.7,2862
22.7297,114.0771,75.0,2916
22.7297,114.0816,83.3,2916
22.7297,114.0861,91.3,2916
22.7297,114.0906,47.1,2916
22.7297,114.095,83.3,2916
22.7297,114.0995,90.3,2916
22.7297,114.104,95.3,2916
22.7297,114.1085,42.8,2916
22.7297,114.113,23.8,2916
22.7297,114.1175,13.1,2862
22.7297,114.122,24.3,2916
22.7297,114.1265,86.9,2916
22.7297,114.131,88.3,2916
22.7297,114.1355,48.3,2916
22.7297,114.14,16.6,2916
22.7297,114.1445,55.0,2916
22.7297,114.1489,30.7,2916
22.7297,114.1534,21.3,2916
22.7297,114.1579,66.6,2916
22.7297,114.1624,77.2,2862
22.7297,114.1669,72.2,2916
22.7297,114.1714,35.4,2916
22.7297,114.1759,51.6,2916
22.7297,114.1804,53.5,2916
22.7297,114.1849,89.6,2916
22.7297,114.1894,88.0,2916
22.7297,114.1939,87.2,2916
22.7297,114.1984,19.3,2916
22.7297,114.2028,3.4,2916
22.7297,114.2073,40.1,2862
22.7297,114.2118,55.2,2916
22.7297,114.2163,62.8,2916
22.7297,114.2208,65.1,2916
22.7297,114.2253,57.7,2916
22.7297,114.2298,76.6,2916
22.7297,114.2343,64.2,2916
22.7297,114.2388,58.0,2916
22.7297,114.2433,78.1,2916
22.7297,114.2478,66.7,2916
22.7297,114.2522,79.0,2862
22.7297,114.2567,76.2,2916
22.7297,114.2612,89.4,2916
22.7297,114.2657,98.6,2916
22.7297,114.2702,91.5,2916
22.7297,114.2747,83.4,2916
22.7297,114.2792,95.4,2916
22.7297,114.2837,95.3,2916
22.7297,114.2882,96.1,2916
22.7297,114.2927,65.4,2916
22.7297,114.2972,27.5,2862
22.7297,114.3017,52.6,2916
22.7297,114.3061,33.1,2916
22.7297,114.3106,61.0,2916
22.7297,114.3151,53.0,2916
22.7297,114.3196,59.5,2916
22.7297,114.3241,27.5,2916
22.7297,114.3286,10.6,2916
22.7297,114.3331,14.6,2916
22.7297,114.3376,8.3,2916
22.7297,114.3421,10.3,2862
22.7297,114.3466,17.0,2916
22.7297,114.3511,51.0,2916
22.7297,114.3556,74.8,2916
22.7297,114.36,23.9,2916
22.7297,114.3645,29.4,2916
22.7297,114.369,20.5,2916
22.7297,114.3735,56.1,2916
22.7297,114.378,76.6,2916
22.7297,114.3825,46.9,2916
22.7297,114.387,0.0,2862
22.7297,114.3915,10.8,2916
22.7297,114.396,15.0,2916
22.7297,114.4005,7.0,2916
22.7297,114.405,28.0,2916
22.7297,114.4095,39.4,2916
22.7297,114.4139,58.0,2916
22.7297,114.4184,25.8,2916
22.7297,114.4229,8.7,2916
22.7297,114.4274,13.5,2862
22.7297,114.4319,31.0,2916
22.7297,114.4364,12.1,2916
22.7297,114.4409,10.8,2916
22.7297,114.4454,21.7,2916
22.7297,114.4499,24.8,2916
22.7297,114.4544,56.6,2916
22.7297,114.4589,76.2,2916
22.7297,114.4634,71.3,2916
22.7297,114.4678,47.2,2916
22.7297,114.4723,48.3,2862
22.7297,114.4768,5.2,2916
22.7297,114.4813,8.7,2916
22.7297,114.4858,46.4,2916
22.7297,114.4903,39.2,2916
22.7297,114.4948,6.1,2916
22.7297,114.4993,2.2,2916
22.7297,114.5038,36.4,2916
22.7297,114.5083,29.8,2916
22.7297,114.5128,38.2,2916
22.7297,114.5173,46.0,2862
22.7297,114.5217,79.9,2916
22.7297,114.5262,71.9,2916
22.7297,114.5307,83.2,2916
22.7297,114.5352,19.3,2916
22.7297,114.5397,7.6,2916
22.7297,114.5442,0.1,2916
22.7297,114.5487,7.1,2916
22.7297,114.5532,4.4,2916
22.7297,114.5577,1.5,2916
22.7297,114.5622,2.4,2862
22.7297,114.5667,1.6,2916
22.7297,114.5711,0.0,2916
22.7297,114.5756,27.3,2916
22.7297,114.5801,9.0,2916
22.7297,114.5846,0.0,2916
22.7297,114.5891,0.0,2916
22.7297,114.5936,0.0,2916
22.7297,114.5981,0.0,2916
22.7297,114.6026,0.0,2916
22.7297,114.6071,0.0,2862
22.7297,114.6116,0.0,2916
22.7297,114.6161,0.3,2916
22.7297,114.6206,0.0,2916
22.7297,114.625,0.0,2916
22.7297,114.6295,0.0,2916
22.7297,114.634,0.0,2916
22.7297,114.6385,0.0,2916
22.7297,114.643,0.0,2916
22.7297,114.6475,0.0,2916
22.7297,114.652,0.0,108
22.7342,113.7222,0.0,2916
22.7342,113.7267,0.0,2916
22.7342,113.7312,0.0,2916
22.7342,113.7357,0.0,2916
22.7342,113.7402,0.0,2916
22.7342,113.7447,2.3,2916
22.7342,113.7492,2.2,2916
22.7342,113.7537,0.0,2916
22.7342,113.7582,14.8,2916
22.7342,113.7627,21.1,2862
22.7342,113.7672,4.0,2916
22.7342,113.7717,35.0,2916
22.7342,113.7761,13.0,2916
22.7342,113.7806,66.4,2916
22.7342,113.7851,94.9,2916
22.7342,113.7896,82.6,2916
22.7342,113.7941,85.6,2916
22.7342,113.7986,95.6,2916
22.7342,113.8031,99.3,2916
22.7342,113.8076,92.3,2862
22.7342,113.8121,89.3,2916
22.7342,113.8166,88.1,2916
22.7342,113.8211,74.2,2916
22.7342,113.8256,65.3,2916
22.7342,113.83,99.2,2916
22.7342,113.8345,89.2,2916
22.7342,113.839,91.9,2916
22.7342,113.8435,73.6,2916
22.7342,113.848,52.7,2916
22.7342,113.8525,89.1,2862
22.7342,113.857,64.5,2916
22.7342,113.8615,56.0,2916
22.7342,113.866,14.9,2916
22.7342,113.8705,9.2,2916
22.7342,113.875,0.0,2916
22.7342,113.8795,10.0,2916
22.7342,113.8839,42.2,2916
22.7342,113.8884,80.7,2916
22.7342,113.8929,52.8,2916
22.7342,113.8974,98.0,2862
22.7342,113.9019,80.1,2916
22.7342,113.9064,26.1,2916
22.7342,113.9109,60.3,2916
22.7342,113.9154,77.6,2916
22.7342,113.9199,22.4,2916
22.7342,113.9244,33.4,2916
22.7342,113.9289,55.4,2916
22.7342,113.9333,83.2,2916
22.7342,113.9378,67.4,2916
22.7342,113.9423,30.5,2862
22.7342,113.9468,7.6,2916
22.7342,113.9513,32.0,2916
22.7342,113.9558,12.7,2916
22.7342,113.9603,10.9,2916
22.7342,113.9648,20.1,2916
22.7342,113.9693,13.3,2916
22.7342,113.9738,16.7,2916
22.7342,113.9783,30.5,2916
22.7342,113.9828,61.6,2916
22.7342,113.9872,41.3,2862
22.7342,113.9917,15.9,2916
22.7342,113.9962,58.3,2916
22.7342,114.0007,67.2,2970
22.7342,114.0052,97.4,2916
22.7342,114.0097,90.0,2916
22.7342,114.0142,62.7,2916
22.7342,114.0187,86.8,2916
22.7342,114.0232,73.6,2916
22.7342,114.0277,51.2,2916
22.7342,114.0322,77.4,2862
22.7342,114.0367,56.0,2916
22.7342,114.0411,65.4,2916
22.7342,114.0456,62.2,2916
22.7342,114.0501,82.5,2916
22.7342,114.0546,75.5,2916
22.7342,114.0591,49.8,2916
22.7342,114.0636,41.7,2916
22.7342,114.0681,14.2,2916
22.7342,114.0726,14.4,2862
22.7342,114.0771,56.3,2916
22.7342,114.0816,66.7,2916
22.7342,114.0861,38.3,2916
22.7342,114.0906,18.1,2916
22.7342,114.095,67.3,2916
22.7342,114.0995,63.8,2916
22.7342,114.104,69.3,2916
22.7342,114.1085,92.7,2916
22.7342,114.113,86.8,2916
22.7342,114.1175,20.8,2862
22.7342,114.122,9.2,2916
22.7342,114.1265,95.6,2916
22.7342,114.131,79.4,2916
22.7342,114.1355,47.4,2916
22.7342,114.14,0.4,2916
22.7342,114.1445,12.8,2916
22.7342,114.1489,64.5,2916
22.7342,114.1534,36.0,2916
22.7342,114.1579,92.3,2916
22.7342,114.1624,97.9,2862
22.7342,114.1669,53.4,2916
22.7342,114.1714,43.3,2916
22.7342,114.1759,12.8,2916
22.7342,114.1804,11.6,2916
22.7342,114.1849,29.9,2916
22.7342,114.1894,40.2,2916
22.7342,114.1939,41.6,2916
22.7342,114.1984,5.1,2916
22.7342,114.2028,12.9,2916
22.7342,114.2073,9.9,2862
22.7342,114.2118,67.9,2916
22.7342,114.2163,54.6,2916
22.7342,114.2208,26.3,2916
22.7342,114.2253,63.8,2916
22.7342,114.2298,54.9,2916
22.7342,114.2343,52.5,2916
22.7342,114.2388,78.4,2916
22.7342,114.2433,66.0,2916
22.7342,114.2478,75.0,2916
22.7342,114.2522,98.4,2862
22.7342,114.2567,70.4,2916
22.7342,114.2612,75.2,2916
22.7342,114.2657,89.0,2916
22.7342,114.2702,98.7,2916
22.7342,114.2747,93.0,2916
22.7342,114.2792,96.3,2916
22.7342,114.2837,85.9,2916
22.7342,114.2882,81.2,2916
22.7342,114.2927,63.6,2916
22.7342,114.2972,86.9,2862
22.7342,114.3017,65.8,2916
22.7342,114.3061,75.1,2916
22.7342,114.3106,89.7,2916
22.7342,114.3151,66.7,2916
22.7342,114.3196,82.4,2916
22.7342,114.3241,52.0,2916
22.7342,114.3286,6.2,2916
22.7342,114.3331,5.3,2916
22.7342,114.3376,0.0,2916
22.7342,114.3421,2.7,2862
22.7342,114.3466,14.3,2916
22.7342,114.3511,82.3,2916
22.7342,114.3556,24.6,2916
22.7342,114.36,9.9,2916
22.7342,114.3645,63.3,2916
22.7342,114.369,67.6,2916
22.7342,114.3735,44.2,2916
22.7342,114.378,91.6,2916
22.7342,114.3825,53.8,2916
22.7342,114.387,1.9,2862
22.7342,114.3915,2.0,2916
22.7342,114.396,10.9,2916
22.7342,114.4005,10.0,2916
22.7342,114.405,32.0,2916
22.7342,114.4095,57.2,2916
22.7342,114.4139,35.4,2916
22.7342,114.4184,53.6,2916
22.7342,114.4229,70.0,2916
22.7342,114.4274,26.0,2862
22.7342,114.4319,8.7,2916
22.7342,114.4364,11.7,2916
22.7342,114.4409,18.0,2916
22.7342,114.4454,37.5,2916
22.7342,114.4499,16.8,2916
22.7342,114.4544,5.9,2916
22.7342,114.4589,39.8,2916
22.7342,114.4634,75.8,2916
22.7342,114.4678,75.0,2916
22.7342,114.4723,53.7,2862
22.7342,114.4768,43.1,2916
22.7342,114.4813,40.7,2916
22.7342,114.4858,5.8,2916
22.7342,114.4903,0.1,2916
22.7342,114.4948,0.0,2916
22.7342,114.4993,0.1,2916
22.7342,114.5038,15.9,2916
22.7342,114.5083,38.4,2916
22.7342,114.5128,51.0,2916
22.7342,114.5173,42.1,2862
22.7342,114.5217,27.9,2916
22.7342,114.5262,31.6,2916
22.7342,114.5307,40.9,2916
22.7342,114.5352,11.2,2916
22.7342,114.5397,12.9,2916
22.7342,114.5442,35.2,2916
22.7342,114.5487,11.7,2916
22.7342,114.5532,7.2,2916
22.7342,114.5577,2.6,2916
22.7342,114.5622,13.6,2862
22.7342,114.5667,9.3,2916
22.7342,114.5711,5.4,2916
22.7342,114.5756,81.6,2916
22.7342,114.5801,88.6,2916
22.7342,114.5846,52.6,2916
22.7342,114.5891,15.7,2916
22.7342,114.5936,0.3,2916
22.7342,114.5981,0.0,2916
22.7342,114.6026,0.0,2916
22.7342,114.6071,0.0,2862
22.7342,114.6116,1.0,2916
22.7342,114.6161,0.0,2916
22.7342,114.6206,0.0,2916
22.7342,114.625,0.0,2916
22.7342,114.6295,0.0,2916
22.7342,114.634,0.0,2916
22.7342,114.6385,0.0,2916
22.7342,114.643,0.0,2916
22.7342,114.6475,0.0,2916
22.7342,114.652,0.0,108
22.7387,113.7222,0.0,2916
22.7387,113.7267,0.0,2916
22.7387,113.7312,0.0,2916
22.7387,113.7357,0.0,2916
22.7387,113.7402,4.3,2916
22.7387,113.7447,14.9,2916
22.7387,113.7492,6.9,2916
22.7387,113.7537,6.2,2916
22.7387,113.7582,23.7,2916
22.7387,113.7627,30.2,2862
22.7387,113.7672,12.1,2916
22.7387,113.7717,69.3,2916
22.7387,113.7761,87.8,2916
22.7387,113.7806,85.3,2916
22.7387,113.7851,94.5,2916
22.7387,113.7896,91.8,2916
22.7387,113.7941,68.3,2916
22.7387,113.7986,98.6,2916
22.7387,113.8031,95.0,2916
22.7387,113.8076,71.9,2862
22.7387,113.8121,69.7,2916
22.7387,113.8166,73.9,2916
22.7387,113.8211,49.9,2916
22.7387,113.8256,75.4,2916
22.7387,113.83,95.3,2916
22.7387,113.8345,87.9,2916
22.7387,113.839,92.1,2916
22.7387,113.8435,84.1,2916
22.7387,113.848,75.1,2916
22.7387,113.8525,79.5,2862
22.7387,113.857,54.0,2916
22.7387,113.8615,10.3,2916
22.7387,113.866,19.7,2916
22.7387,113.8705,45.9,2916
22.7387,113.875,0.2,2916
22.7387,113.8795,9.0,2916
22.7387,113.8839,56.3,2916
22.7387,113.8884,45.9,2916
22.7387,113.8929,51.8,2916
22.7387,113.8974,93.5,2862
22.7387,113.9019,80.8,2916
22.7387,113.9064,38.3,2916
22.7387,113.9109,58.5,2916
22.7387,113.9154,35.4,2916
22.7387,113.9199,37.4,2916
22.7387,113.9244,67.1,2916
22.7387,113.9289,75.5,2916
22.7387,113.9333,60.4,2916
22.7387,113.9378,79.7,2916
22.7387,113.9423,57.4,2862
22.7387,113.9468,24.8,2916
22.7387,113.9513,39.5,2916
22.7387,113.9558,34.8,2916
22.7387,113.9603,1.1,2916
22.7387,113.9648,0.0,2916
22.7387,113.9693,13.2,2916
22.7387,113.9738,18.1,2916
22.7387,113.9783,3.3,2916
22.7387,113.9828,65.1,2916
22.7387,113.9872,52.3,2862
22.7387,113.9917,59.4,2916
22.7387,113.9962,18.5,2916
22.7387,114.0007,54.1,2970
22.7387,114.0052,91.3,2916
22.7387,114.0097,69.9,2916
22.7387,114.0142,31.1,2916
22.7387,114.0187,85.9,2916
22.7387,114.0232,75.7,2916
22.7387,114.0277,73.4,2916
22.7387,114.0322,89.5,2862
22.7387,114.0367,81.9,2916
22.7387,114.0411,60.0,2916
22.7387,114.0456,71.9,2916
22.7387,114.0501,91.6,2916
22.7387,114.0546,62.1,2916
22.7387,114.0591,29.6,2916
22.7387,114.0636,14.0,2916
22.7387,114.0681,21.3,2916
22.7387,114.0726,17.5,2862
22.7387,114.0771,18.0,2916
22.7387,114.0816,33.5,2916
22.7387,114.0861,33.8,2916
22.7387,114.0906,52.6,2916
22.7387,114.095,57.7,2916
22.7387,114.0995,69.1,2916
22.7387,114.104,89.1,2916
22.7387,114.1085,97.7,2916
22.7387,114.113,94.1,2916
22.7387,114.1175,37.6,2862
22.7387,114.122,0.6,2916
22.7387,114.1265,65.4,2916
22.7387,114.131,56.9,2916
22.7387,114.1355,26.5,2916
22.7387,114.14,16.6,2916
22.7387,114.1445,5.6,2916
22.7387,114.1489,85.5,2916
22.7387,114.1534,76.1,2916
22.7387,114.1579,90.7,2916
22.7387,114.1624,87.6,2862
22.7387,114.1669,38.3,2916
22.7387,114.1714,50.0,2916
22.7387,114.1759,8.2,2916
22.7387,114.1804,6.7,2916
22.7387,114.1849,5.9,2916
22.7387,114.1894,10.1,2916
22.7387,114.1939,1.1,2916
22.7387,114.1984,8.3,2916
22.7387,114.2028,30.9,2916
22.7387,114.2073,16.5,2862
22.7387,114.2118,3.3,2916
22.7387,114.2163,2.8,2916
22.7387,114.2208,2.9,2916
22.7387,114.2253,37.7,2916
22.7387,114.2298,58.3,2916
22.7387,114.2343,57.5,2916
22.7387,114.2388,41.6,2916
22.7387,114.2433,61.5,2916
22.7387,114.2478,58.9,2916
22.7387,114.2522,90.4,2862
22.7387,114.2567,58.2,2916
22.7387,114.2612,72.3,2916
22.7387,114.2657,78.7,2916
22.7387,114.2702,76.0,2916
22.7387,114.2747,81.1,2916
22.7387,114.2792,77.9,2916
22.7387,114.2837,65.5,2916
22.7387,114.2882,49.5,2916
22.7387,114.2927,68.5,2916
22.7387,114.2972,29.3,2862
22.7387,114.3017,1.0,2916
22.7387,114.3061,21.4,2916
22.7387,114.3106,63.0,2916
22.7387,114.3151,13.5,2916
22.7387,114.3196,14.8,2916
22.7387,114.3241,78.5,2916
22.7387,114.3286,15.4,2916
22.7387,114.3331,0.0,2916
22.7387,114.3376,2.0,2916
22.7387,114.3421,1.2,2862
22.7387,114.3466,8.9,2916
22.7387,114.3511,36.5,2916
22.7387,114.3556,29.0,2916
22.7387,114.36,4.8,2916
22.7387,114.3645,59.1,2916
22.7387,114.369,74.8,2916
22.7387,114.3735,44.8,2916
22.7387,114.378,64.5,2916
22.7387,114.3825,72.4,2916
22.7387,114.387,49.4,2862
22.7387,114.3915,51.6,2916
22.7387,114.396,42.5,2916
22.7387,114.4005,38.0,2916
22.7387,114.405,8.2,2916
22.7387,114.4095,4.4,2916
22.7387,114.4139,20.6,2916
22.7387,114.4184,27.4,2916
22.7387,114.4229,70.1,2916
22.7387,114.4274,36.3,2862
22.7387,114.4319,6.2,2916
22.7387,114.4364,14.8,2916
22.7387,114.4409,50.8,2916
22.7387,114.4454,45.5,2916
22.7387,114.4499,35.2,2916
22.7387,114.4544,6.7,2916
22.7387,114.4589,3.9,2916
22.7387,114.4634,84.7,2916
22.7387,114.4678,75.4,2916
22.7387,114.4723,61.4,2862
22.7387,114.4768,47.5,2916
22.7387,114.4813,23.6,2916
22.7387,114.4858,1.5,2916
22.7387,114.4903,1.8,2916
22.7387,114.4948,2.4,2916
22.7387,114.4993,8.1,2916
22.7387,114.5038,30.1,2916
22.7387,114.5083,36.5,2916
22.7387,114.5128,32.6,2916
22.7387,114.5173,26.1,2862
22.7387,114.5217,9.1,2916
22.7387,114.5262,2.0,2916
22.7387,114.5307,16.4,2916
22.7387,114.5352,42.0,2916
22.7387,114.5397,81.4,2916
22.7387,114.5442,41.1,2916
22.7387,114.5487,15.4,2916
22.7387,114.5532,7.8,2916
22.7387,114.5577,5.7,2916
22.7387,114.5622,15.4,2862
22.7387,114.5667,8.4,2916
22.7387,114.5711,2.2,2916
22.7387,114.5756,69.9,2916
22.7387,114.5801,99.0,2916
22.7387,114.5846,65.0,2916
22.7387,114.5891,68.1,2916
22.7387,114.5936,64.5,2916
22.7387,114.5981,35.6,2916
22.7387,114.6026,7.5,2916
22.7387,114.6071,0.0,2862
22.7387,114.6116,0.3,2916
22.7387,114.6161,0.1,2916
22.7387,114.6206,0.0,2916
22.7387,114.625,0.3,2916
22.7387,114.6295,0.0,2916
22.7387,114.634,0.0,2916
22.7387,114.6385,0.0,2916
22.7387,114.643,0.0,2916
22.7387,114.6475,0.0,2916
22.7387,114.652,0.0,108
22.7432,113.7222,0.0,2916
22.7432,113.7267,0.0,2916
22.7432,113.7312,0.0,2916
22.7432,113.7357,8.2,2916
22.7432,113.7402,8.1,2916
22.7432,113.7447,0.0,2916
22.7432,113.7492,4.1,2916
22.7432,113.7537,14.6,2916
22.7432,113.7582,6.1,2916
22.7432,113.7627,10.0,2862
22.7432,113.7672,26.1,2916
22.7432,113.7717,37.4,2916
22.7432,113.7761,66.2,2916
22.7432,113.7806,71.4,2916
22.7432,113.7851,95.0,2916
22.7432,113.7896,82.9,2916
22.7432,113.7941,88.9,2916
22.7432,113.7986,95.7,2916
22.7432,113.8031,93.4,2916
22.7432,113.8076,89.7,2862
22.7432,113.8121,82.1,2916
22.7432,113.8166,67.0,2916
22.7432,113.8211,30.6,2916
22.7432,113.8256,63.6,2916
22.7432,113.83,78.9,2916
22.7432,113.8345,97.8,2916
22.7432,113.839,92.4,2916
22.7432,113.8435,91.8,2916
22.7432,113.848,91.3,2916
22.7432,113.8525,71.3,2862
22.7432,113.857,37.3,2916
22.7432,113.8615,18.8,2916
22.7432,113.866,0.3,2916
22.7432,113.8705,5.4,2916
22.7432,113.875,19.6,2916
22.7432,113.8795,15.2,2916
22.7432,113.8839,32.5,2916
22.7432,113.8884,52.5,2916
22.7432,113.8929,2.1,2916
22.7432,113.8974,78.0,2862
22.7432,113.9019,68.6,2916
22.7432,113.9064,13.6,2916
22.7432,113.9109,14.1,2916
22.7432,113.9154,96.4,2916
22.7432,113.9199,65.9,2916
22.7432,113.9244,44.3,2916
22.7432,113.9289,30.4,2916
22.7432,113.9333,60.7,2916
22.7432,113.9378,52.7,2916
22.7432,113.9423,50.3,2862
22.7432,113.9468,27.7,2916
22.7432,113.9513,56.8,2916
22.7432,113.9558,22.3,2916
22.7432,113.9603,0.2,2916
22.7432,113.9648,0.0,2916
22.7432,113.9693,0.0,2916
22.7432,113.9738,1.7,2916
22.7432,113.9783,10.3,2916
22.7432,113.9828,49.1,2916
22.7432,113.9872,32.5,2862
22.7432,113.9917,16.1,2916
22.7432,113.9962,12.7,2916
22.7432,114.0007,2.8,2970
22.7432,114.0052,45.7,2916
22.7432,114.0097,79.0,2916
22.7432,114.0142,79.9,2916
22.7432,114.0187,90.6,2916
22.7432,114.0232,41.2,2916
22.7432,114.0277,74.8,2916
22.7432,114.0322,50.5,2862
22.7432,114.0367,61.5,2916
22.7432,114.0411,13.4,2916
22.7432,114.0456,52.6,2916
22.7432,114.0501,81.8,2916
22.7432,114.0546,68.2,2916
22.7432,114.0591,13.3,2916
22.7432,114.0636,30.2,2916
22.7432,114.0681,19.9,2916
22.7432,114.0726,7.0,2862
22.7432,114.0771,7.9,2916
22.7432,114.0816,16.9,2916
22.7432,114.0861,39.3,2916
22.7432,114.0906,75.4,2916
22.7432,114.095,48.0,2916
22.7432,114.0995,62.2,2916
22.7432,114.104,78.1,2916
22.7432,114.1085,63.0,2916
22.7432,114.113,39.2,2916
22.7432,114.1175,37.7,2862
22.7432,114.122,63.0,2916
22.7432,114.1265,76.3,2916
22.7432,114.131,80.1,2916
22.7432,114.1355,89.3,2916
22.7432,114.14,32.7,2916
22.7432,114.1445,26.9,2916
22.7432,114.1489,73.9,2916
22.7432,114.1534,70.3,2916
22.7432,114.1579,52.7,2916
22.7432,114.1624,85.8,2862
22.7432,114.1669,81.4,2916
22.7432,114.1714,60.8,2916
22.7432,114.1759,20.0,2916
22.7432,114.1804,0.1,2916
22.7432,114.1849,11.9,2916
22.7432,114.1894,6.6,2916
22.7432,114.1939,9.6,2916
22.7432,114.1984,19.1,2916
22.7432,114.2028,2.7,2916
22.7432,114.2073,0.7,2862
22.7432,114.2118,0.0,2916
22.7432,114.2163,4.8,2916
22.7432,114.2208,26.0,2916
22.7432,114.2253,30.9,2916
22.7432,114.2298,31.5,2916
22.7432,114.2343,15.2,2916
22.7432,114.2388,61.8,2916
22.7432,114.2433,67.0,2916
22.7432,114.2478,66.7,2916
22.7432,114.2522,68.6,2862
22.7432,114.2567,82.8,2916
22.7432,114.2612,94.7,2916
22.7432,114.2657,96.3,2916
22.7432,114.2702,78.7,2916
22.7432,114.2747,84.7,2916
22.7432,114.2792,83.6,2916
22.7432,114.2837,80.9,2916
22.7432,114.2882,21.7,2916
22.7432,114.2927,29.4,2916
22.7432,114.2972,5.6,2862
22.7432,114.3017,0.0,2916
22.7432,114.3061,8.2,2916
22.7432,114.3106,4.6,2916
22.7432,114.3151,0.1,2916
22.7432,114.3196,1.1,2916
22.7432,114.3241,31.9,2916
22.7432,114.3286,0.1,2916
22.7432,114.3331,0.0,2916
22.7432,114.3376,0.2,2916
22.7432,114.3421,0.0,2862
22.7432,114.3466,15.7,2916
22.7432,114.3511,2.0,2916
22.7432,114.3556,33.6,2916
22.7432,114.36,42.6,2916
22.7432,114.3645,63.7,2916
22.7432,114.369,89.4,2916
22.7432,114.3735,75.3,2916
22.7432,114.378,83.9,2916
22.7432,114.3825,54.7,2916
22.7432,114.387,48.9,2862
22.7432,114.3915,47.8,2916
22.7432,114.396,76.6,2916
22.7432,114.4005,77.4,2916
22.7432,114.405,19.3,2916
22.7432,114.4095,6.4,2916
22.7432,114.4139,10.5,2916
22.7432,114.4184,26.3,2916
22.7432,114.4229,50.4,2916
22.7432,114.4274,54.5,2862
22.7432,114.4319,48.2,2916
22.7432,114.4364,9.6,2916
22.7432,114.4409,53.3,2916
22.7432,114.4454,57.6,2916
22.7432,114.4499,42.5,2916
22.7432,114.4544,43.5,2916
22.7432,114.4589,32.6,2916
22.7432,114.4634,79.2,2916
22.7432,114.4678,79.9,2916
22.7432,114.4723,66.7,2862
22.7432,114.4768,41.8,2916
22.7432,114.4813,59.4,2916
22.7432,114.4858,50.1,2916
22.7432,114.4903,27.4,2916
22.7432,114.4948,27.9,2916
22.7432,114.4993,48.0,2916
22.7432,114.5038,39.3,2916
22.7432,114.5083,30.0,2916
22.7432,114.5128,39.9,2916
22.7432,114.5173,75.5,2862
22.7432,114.5217,72.0,2916
22.7432,114.5262,30.9,2916
22.7432,114.5307,40.3,2916
22.7432,114.5352,71.7,2916
22.7432,114.5397,78.1,2916
22.7432,114.5442,37.9,2916
22.7432,114.5487,47.6,2916
22.7432,114.5532,15.0,2916
22.7432,114.5577,14.2,2916
22.7432,114.5622,24.9,2862
22.7432,114.5667,59.8,2916
22.7432,114.5711,48.4,2916
22.7432,114.5756,73.0,2916
22.7432,114.5801,73.1,2916
22.7432,114.5846,83.2,2916
22.7432,114.5891,77.8,2916
22.7432,114.5936,74.2,2916
22.7432,114.5981,92.1,2916
22.7432,114.6026,85.0,2916
22.7432,114.6071,57.2,2862
22.7432,114.6116,24.5,2916
22.7432,114.6161,0.1,2916
22.7432,114.6206,0.0,2916
22.7432,114.625,0.0,2916
22.7432,114.6295,0.0,2916
22.7432,114.634,0.0,2916
22.7432,114.6385,0.0,2916
22.7432,114.643,0.0,2916
22.7432,114.6475,0.0,2916
22.7432,114.652,0.0,108
22.7477,113.7222,0.0,2916
22.7477,113.7267,0.0,2916
22.7477,113.7312,2.3,2916
22.7477,113.7357,7.4,2916
22.7477,113.7402,2.1,2916
22.7477,113.7447,0.4,2916
22.7477,113.7492,12.2,2916
22.7477,113.7537,5.2,2916
22.7477,113.7582,5.0,2916
22.7477,113.7627,3.1,2862
22.7477,113.7672,2.5,2916
22.7477,113.7717,28.2,2916
22.7477,113.7761,44.5,2916
22.7477,113.7806,55.3,2916
22.7477,113.7851,91.0,2916
22.7477,113.7896,91.5,2916
22.7477,113.7941,97.2,2916
22.7477,113.7986,98.3,2916
22.7477,113.8031,98.9,2916
22.7477,113.8076,97.4,2862
22.7477,113.8121,88.9,2916
22.7477,113.8166,72.1,2916
22.7477,113.8211,44.1,2916
22.7477,113.8256,51.9,2916
22.7477,113.83,54.4,2916
22.7477,113.8345,50.0,2916
22.7477,113.839,57.9,2916
22.7477,113.8435,87.3,2916
22.7477,113.848,90.8,2916
22.7477,113.8525,64.8,2862
22.7477,113.857,68.0,2916
22.7477,113.8615,57.2,2916
22.7477,113.866,0.0,2916
22.7477,113.8705,0.9,2916
22.7477,113.875,2.0,2916
22.7477,113.8795,18.5,2916
22.7477,113.8839,30.2,2916
22.7477,113.8884,86.6,2916
22.7477,113.8929,3.5,2916
22.7477,113.8974,62.4,2862
22.7477,113.9019,71.8,2916
22.7477,113.9064,48.2,2916
22.7477,113.9109,39.5,2916
22.7477,113.9154,83.1,2916
22.7477,113.9199,38.0,2916
22.7477,113.9244,31.6,2916
22.7477,113.9289,75.1,2916
22.7477,113.9333,61.8,2916
22.7477,113.9378,39.3,2916
22.7477,113.9423,28.3,2862
22.7477,113.9468,39.1,2916
22.7477,113.9513,9.4,2916
22.7477,113.9558,0.0,2916
22.7477,113.9603,0.0,2916
22.7477,113.9648,0.0,2916
22.7477,113.9693,0.0,2916
22.7477,113.9738,0.0,2916
22.7477,113.9783,0.0,2916
22.7477,113.9828,5.7,2916
22.7477,113.9872,3.0,2862
22.7477,113.9917,36.4,2916
22.7477,113.9962,0.3,2916
22.7477,114.0007,0.0,2970
22.7477,114.0052,1.4,2916
22.7477,114.0097,47.2,2916
22.7477,114.0142,90.1,2916
22.7477,114.0187,91.4,2916
22.7477,114.0232,45.3,2916
22.7477,114.0277,72.5,2916
22.7477,114.0322,61.7,2862
22.7477,114.0367,69.5,2916
22.7477,114.0411,52.0,2916
22.7477,114.0456,62.6,2916
22.7477,114.0501,80.7,2916
22.7477,114.0546,38.4,2916
22.7477,114.0591,10.1,2916
22.7477,114.0636,11.6,2916
22.7477,114.0681,7.6,2916
22.7477,114.0726,10.3,2862
22.7477,114.0771,7.6,2916
22.7477,114.0816,0.2,2916
22.7477,114.0861,1.4,2916
22.7477,114.0906,44.2,2916
22.7477,114.095,1.8,2916
22.7477,114.0995,17.3,2916
22.7477,114.104,58.3,2916
22.7477,114.1085,19.5,2916
22.7477,114.113,0.0,2916
22.7477,114.1175,10.7,2862
22.7477,114.122,21.6,2916
22.7477,114.1265,18.9,2916
22.7477,114.131,90.2,2916
22.7477,114.1355,97.8,2916
22.7477,114.14,94.4,2916
22.7477,114.1445,77.2,2916
22.7477,114.1489,22.6,2916
22.7477,114.1534,37.2,2916
22.7477,114.1579,25.9,2916
22.7477,114.1624,57.2,2862
22.7477,114.1669,86.6,2916
22.7477,114.1714,77.1,2916
22.7477,114.1759,26.0,2916
22.7477,114.1804,8.5,2916
22.7477,114.1849,0.0,2916
22.7477,114.1894,0.0,2916
22.7477,114.1939,10.1,2916
22.7477,114.1984,11.2,2916
22.7477,114.2028,0.0,2916
22.7477,114.2073,0.0,2862
22.7477,114.2118,19.8,2916
22.7477,114.2163,55.4,2916
22.7477,114.2208,84.0,2916
22.7477,114.2253,65.9,2916
22.7477,114.2298,70.9,2916
22.7477,114.2343,63.0,2916
22.7477,114.2388,60.9,2916
22.7477,114.2433,88.1,2916
22.7477,114.2478,72.8,2916
22.7477,114.2522,37.9,2862
22.7477,114.2567,45.8,2916
22.7477,114.2612,84.2,2916
22.7477,114.2657,95.1,2916
22.7477,114.2702,80.0,2916
22.7477,114.2747,94.7,2916
22.7477,114.2792,93.7,2916
22.7477,114.2837,81.2,2916
22.7477,114.2882,7.7,2916
22.7477,114.2927,0.8,2916
22.7477,114.2972,0.0,2862
22.7477,114.3017,0.0,2916
22.7477,114.3061,2.5,2916
22.7477,114.3106,9.5,2916
22.7477,114.3151,9.9,2916
22.7477,114.3196,15.0,2916
22.7477,114.3241,1.4,2916
22.7477,114.3286,0.6,2916
22.7477,114.3331,0.4,2916
22.7477,114.3376,0.0,2916
22.7477,114.3421,0.0,2862
22.7477,114.3466,0.4,2916
22.7477,114.3511,0.7,2916
22.7477,114.3556,6.7,2916
22.7477,114.36,47.5,2916
22.7477,114.3645,84.4,2916
22.7477,114.369,96.9,2916
22.7477,114.3735,90.5,2916
22.7477,114.378,96.5,2916
22.7477,114.3825,93.4,2916
22.7477,114.387,48.9,2862
22.7477,114.3915,72.8,2916
22.7477,114.396,59.6,2916
22.7477,114.4005,39.8,2916
22.7477,114.405,23.9,2916
22.7477,114.4095,25.9,2916
22.7477,114.4139,79.3,2916
22.7477,114.4184,65.2,2916
22.7477,114.4229,73.2,2916
22.7477,114.4274,53.6,2862
22.7477,114.4319,64.8,2916
22.7477,114.4364,50.4,2916
22.7477,114.4409,58.8,2916
22.7477,114.4454,27.6,2916
22.7477,114.4499,36.1,2916
22.7477,114.4544,53.6,2916
22.7477,114.4589,39.5,2916
22.7477,114.4634,75.4,2916
22.7477,114.4678,55.7,2916
22.7477,114.4723,81.3,2862
22.7477,114.4768,71.3,2916
22.7477,114.4813,53.5,2916
22.7477,114.4858,79.3,2916
22.7477,114.4903,33.7,2916
22.7477,114.4948,45.2,2916
22.7477,114.4993,38.9,2916
22.7477,114.5038,36.1,2916
22.7477,114.5083,14.2,2916
22.7477,114.5128,19.7,2916
22.7477,114.5173,59.9,2862
22.7477,114.5217,57.2,2916
22.7477,114.5262,41.9,2916
22.7477,114.5307,48.8,2916
22.7477,114.5352,75.6,2916
22.7477,114.5397,41.1,2916
22.7477,114.5442,39.3,2916
22.7477,114.5487,54.6,2916
22.7477,114.5532,3.2,2916
22.7477,114.5577,2.8,2916
22.7477,114.5622,0.7,2862
22.7477,114.5667,39.6,2916
22.7477,114.5711,93.4,2916
22.7477,114.5756,92.4,2916
22.7477,114.5801,84.9,2916
22.7477,114.5846,92.7,2916
22.7477,114.5891,83.6,2916
22.7477,114.5936,68.0,2916
22.7477,114.5981,92.1,2916
22.7477,114.6026,70.4,2916
22.7477,114.6071,85.6,2862
22.7477,114.6116,35.4,2916
22.7477,114.6161,54.4,2916
22.7477,114.6206,5.9,2916
22.7477,114.625,3.3,2916
22.7477,114.6295,0.0,2916
22.7477,114.634,0.0,2916
22.7477,114.6385,0.0,2916
22.7477,114.643,0.0,2916
22.7477,114.6475,0.0,2916
22.7477,114.652,0.0,108
22.7522,113.7222,0.0,2862
22.7522,113.7267,0.0,2862
22.7522,113.7312,0.0,2862
22.7522,113.7357,3.8,2862
22.7522,113.7402,1.4,2862
22.7522,113.7447,16.5,2862
22.7522,113.7492,2.2,2862
22.7522,113.7537,7.7,2862
22.7522,113.7582,20.6,2862
22.7522,113.7627,24.0,2809
22.7522,113.7672,20.8,2862
22.7522,113.7717,33.1,2862
22.7522,113.7761,21.6,2862
22.7522,113.7806,37.9,2862
22.7522,113.7851,68.4,2862
22.7522,113.7896,80.5,2862
22.7522,113.7941,78.5,2862
22.7522,113.7986,75.3,2862
22.7522,113.8031,81.9,2862
22.7522,113.8076,89.8,2809
22.7522,113.8121,88.1,2862
22.7522,113.8166,75.8,2862
22.7522,113.8211,64.7,2862
22.7522,113.8256,63.2,2862
22.7522,113.83,63.3,2862
22.7522,113.8345,87.9,2862
22.7522,113.839,83.1,2862
22.7522,113.8435,97.8,2862
22.7522,113.848,93.9,2862
22.7522,113.8525,74.2,2809
22.7522,113.857,66.4,2862
22.7522,113.8615,79.5,2862
22.7522,113.866,35.0,2862
22.7522,113.8705,30.1,2862
22.7522,113.875,28.0,2862
22.7522,113.8795,22.0,2862
22.7522,113.8839,7.2,2862
22.7522,113.8884,35.4,2862
22.7522,113.8929,63.8,2862
22.7522,113.8974,90.3,2809
22.7522,113.9019,87.6,2862
22.7522,113.9064,81.0,2862
22.7522,113.9109,10.7,2862
22.7522,113.9154,53.4,2862
22.7522,113.9199,48.6,2862
22.7522,113.9244,18.6,2862
22.7522,113.9289,33.2,2862
22.7522,113.9333,55.6,2862
22.7522,113.9378,26.0,2862
22.7522,113.9423,31.0,2809
22.7522,113.9468,20.2,2862
22.7522,113.9513,18.5,2862
22.7522,113.9558,1.3,2862
22.7522,113.9603,1.1,2862
22.7522,113.9648,0.0,2862
22.7522,113.9693,0.0,2862
22.7522,113.9738,0.0,2862
22.7522,113.9783,0.0,2862
22.7522,113.9828,0.0,2862
22.7522,113.9872,7.1,2809
22.7522,113.9917,39.1,2862
22.7522,113.9962,4.2,2862
22.7522,114.0007,0.0,2915
22.7522,114.0052,0.0,2862
22.7522,114.0097,38.7,2862
22.7522,114.0142,87.3,2862
22.7522,114.0187,64.0,2862
22.7522,114.0232,49.1,2862
22.7522,114.0277,86.5,2862
22.7522,114.0322,68.8,2809
22.7522,114.0367,25.3,2862
22.7522,114.0411,46.3,2862
22.7522,114.0456,73.3,2862
22.7522,114.0501,51.3,2862
22.7522,114.0546,22.3,2862
22.7522,114.0591,17.5,2862
22.7522,114.0636,25.8,2862
22.7522,114.0681,3.9,2862
22.7522,114.0726,29.7,2809
22.7522,114.0771,57.0,2862
22.7522,114.0816,10.1,2862
22.7522,114.0861,12.6,2862
22.7522,114.0906,44.2,2862
22.7522,114.095,56.5,2862
22.7522,114.0995,24.5,2862
22.7522,114.104,51.1,2862
22.7522,114.1085,11.9,2862
22.7522,114.113,0.0,2862
22.7522,114.1175,5.3,2809
22.7522,114.122,22.3,2862
22.7522,114.1265,26.5,2862
22.7522,114.131,70.3,2862
22.7522,114.1355,94.8,2862
22.7522,114.14,67.6,2862
22.7522,114.1445,62.9,2862
22.7522,114.1489,47.6,2862
22.7522,114.1534,60.8,2862
22.7522,114.1579,85.4,2862
22.7522,114.1624,51.6,2809
22.7522,114.1669,68.8,2862
22.7522,114.1714,51.4,2862
22.7522,114.1759,8.4,2862
22.7522,114.1804,0.0,2862
22.7522,114.1849,0.0,2862
22.7522,114.1894,0.6,2862
22.7522,114.1939,28.3,2862
22.7522,114.1984,18.6,2862
22.7522,114.2028,2.7,2862
22.7522,114.2073,0.0,2809
22.7522,114.2118,42.1,2862
22.7522,114.2163,67.2,2862
22.7522,114.2208,80.6,2862
22.7522,114.2253,53.5,2862
22.7522,114.2298,77.6,2862
22.7522,114.2343,79.4,2862
22.7522,114.2388,79.0,2862
22.7522,114.2433,92.4,2862
22.7522,114.2478,96.9,2862
22.7522,114.2522,9.6,2809
22.7522,114.2567,1.8,2862
22.7522,114.2612,11.4,2862
22.7522,114.2657,46.5,2862
22.7522,114.2702,32.7,2862
22.7522,114.2747,76.2,2862
22.7522,114.2792,78.2,2862
22.7522,114.2837,31.3,2862
22.7522,114.2882,0.0,2862
22.7522,114.2927,0.7,2862
22.7522,114.2972,0.0,2809
22.7522,114.3017,0.0,2862
22.7522,114.3061,0.1,2862
22.7522,114.3106,7.7,2862
22.7522,114.3151,5.9,2862
22.7522,114.3196,15.6,2862
22.7522,114.3241,4.2,2862
22.7522,114.3286,1.1,2862
22.7522,114.3331,0.0,2862
22.7522,114.3376,0.7,2862
22.7522,114.3421,0.1,2809
22.7522,114.3466,0.6,2862
22.7522,114.3511,0.0,2862
22.7522,114.3556,45.4,2862
22.7522,114.36,86.1,2862
22.7522,114.3645,85.6,2862
22.7522,114.369,71.7,2862
22.7522,114.3735,94.3,2862
22.7522,114.378,99.3,2862
22.7522,114.3825,77.8,2862
22.7522,114.387,49.5,2809
22.7522,114.3915,61.8,2862
22.7522,114.396,74.5,2862
22.7522,114.4005,44.4,2862
22.7522,114.405,24.9,2862
22.7522,114.4095,10.9,2862
22.7522,114.4139,36.5,2862
22.7522,114.4184,88.5,2862
22.7522,114.4229,71.9,2862
22.7522,114.4274,56.3,2809
22.7522,114.4319,73.9,2862
22.7522,114.4364,45.7,2862
22.7522,114.4409,64.6,2862
22.7522,114.4454,27.5,2862
22.7522,114.4499,20.9,2862
22.7522,114.4544,6.7,2862
22.7522,114.4589,7.2,2862
22.7522,114.4634,7.0,2862
22.7522,114.4678,31.4,2862
22.7522,114.4723,60.5,2809
22.7522,114.4768,73.3,2862
22.7522,114.4813,65.4,2862
22.7522,114.4858,79.4,2862
22.7522,114.4903,56.6,2862
22.7522,114.4948,21.5,2862
22.7522,114.4993,56.6,2862
22.7522,114.5038,25.1,2862
22.7522,114.5083,16.8,2862
22.7522,114.5128,39.3,2862
22.7522,114.5173,65.4,2809
22.7522,114.5217,75.9,2862
22.7522,114.5262,40.8,2862
22.7522,114.5307,47.7,2862
22.7522,114.5352,63.4,2862
22.7522,114.5397,60.5,2862
22.7522,114.5442,59.9,2862
22.7522,114.5487,49.3,2862
22.7522,114.5532,13.9,2862
22.7522,114.5577,21.2,2862
22.7522,114.5622,15.3,2809
22.7522,114.5667,47.4,2862
22.7522,114.5711,90.0,2862
22.7522,114.5756,98.4,2862
22.7522,114.5801,86.3,2862
22.7522,114.5846,98.4,2862
22.7522,114.5891,99.0,2862
22.7522,114.5936,94.0,2862
22.7522,114.5981,89.8,2862
22.7522,114.6026,70.1,2862
22.7522,114.6071,79.5,2809
22.7522,114.6116,60.7,2862
22.7522,114.6161,54.1,2862
22.7522,114.6206,15.1,2862
22.7522,114.625,58.9,2862
22.7522,114.6295,35.1,2862
22.7522,114.634,31.9,2862
22.7522,114.6385,0.6,2862
22.7522,114.643,0.0,2862
22.7522,114.6475,0.0,2862
22.7522,114.652,0.0,106
22.7567,113.7222,2.6,2916
22.7567,113.7267,0.0,2916
22.7567,113.7312,0.0,2916
22.7567,113.7357,2.9,2916
22.7567,113.7402,22.7,2916
22.7567,113.7447,3.1,2916
22.7567,113.7492,6.1,2916
22.7567,113.7537,32.4,2916
22.7567,113.7582,8.6,2916
22.7567,113.7627,9.5,2862
22.7567,113.7672,56.1,2916
22.7567,113.7717,31.7,2916
22.7567,113.7761,7.3,2916
22.7567,113.7806,84.6,2916
22.7567,113.7851,41.8,2916
22.7567,113.7896,77.2,2916
22.7567,113.7941,95.7,2916
22.7567,113.7986,87.0,2916
22.7567,113.8031,83.7,2916
22.7567,113.8076,93.2,2862
22.7567,113.8121,91.5,2916
22.7567,113.8166,86.0,2916
22.7567,113.8211,91.6,2916
22.7567,113.8256,80.1,2916
22.7567,113.83,71.4,2916
22.7567,113.8345,83.4,2916
22.7567,113.839,94.1,2916
22.7567,113.8435,97.8,2916
22.7567,113.848,96.8,2916
22.7567,113.8525,90.8,2862
22.7567,113.857,56.5,2916
22.7567,113.8615,77.2,2916
22.7567,113.866,89.7,2916
22.7567,113.8705,91.5,2916
22.7567,113.875,58.7,2916
22.7567,113.8795,12.5,2916
22.7567,113.8839,3.3,2916
22.7567,113.8884,30.2,2916
22.7567,113.8929,51.7,2916
22.7567,113.8974,79.6,2862
22.7567,113.9019,96.6,2916
22.7567,113.9064,85.5,2916
22.7567,113.9109,69.2,2916
22.7567,113.9154,97.4,2916
22.7567,113.9199,40.9,2916
22.7567,113.9244,40.5,2916
22.7567,113.9289,15.2,2916
22.7567,113.9333,40.4,2916
22.7567,113.9378,78.3,2916
22.7567,113.9423,77.8,2862
22.7567,113.9468,72.4,2916
22.7567,113.9513,22.2,2916
22.7567,113.9558,6.3,2916
22.7567,113.9603,3.5,2916
22.7567,113.9648,0.0,2916
22.7567,113.9693,0.0,2916
22.7567,113.9738,0.0,2916
22.7567,113.9783,0.0,2916
22.7567,113.9828,0.0,2916
22.7567,113.9872,0.0,2862
22.7567,113.9917,0.0,2916
22.7567,113.9962,4.4,2916
22.7567,114.0007,12.2,2970
22.7567,114.0052,10.5,2916
22.7567,114.0097,22.5,2916
22.7567,114.0142,32.9,2916
22.7567,114.0187,17.7,2916
22.7567,114.0232,66.7,2916
22.7567,114.0277,85.4,2916
22.7567,114.0322,50.8,2862
22.7567,114.0367,1.5,2916
22.7567,114.0411,3.5,2916
22.7567,114.0456,41.5,2916
22.7567,114.0501,16.4,2916
22.7567,114.0546,11.6,2916
22.7567,114.0591,31.1,2916
22.7567,114.0636,17.0,2916
22.7567,114.0681,20.0,2916
22.7567,114.0726,67.3,2862
22.7567,114.0771,71.9,2916
22.7567,114.0816,33.3,2916
22.7567,114.0861,34.9,2916
22.7567,114.0906,84.3,2916
22.7567,114.095,96.3,2916
22.7567,114.0995,75.9,2916
22.7567,114.104,63.4,2916
22.7567,114.1085,20.2,2916
22.7567,114.113,4.5,2916
22.7567,114.1175,7.2,2862
22.7567,114.122,53.7,2916
22.7567,114.1265,83.6,2916
22.7567,114.131,65.0,2916
22.7567,114.1355,63.7,2916
22.7567,114.14,71.4,2916
22.7567,114.1445,70.5,2916
22.7567,114.1489,62.2,2916
22.7567,114.1534,58.1,2916
22.7567,114.1579,62.3,2916
22.7567,114.1624,55.9,2862
22.7567,114.1669,81.2,2916
22.7567,114.1714,73.7,2916
22.7567,114.1759,7.2,2916
22.7567,114.1804,0.0,2916
22.7567,114.1849,1.0,2916
22.7567,114.1894,14.9,2916
22.7567,114.1939,2.6,2916
22.7567,114.1984,10.7,2916
22.7567,114.2028,1.8,2916
22.7567,114.2073,1.2,2862
22.7567,114.2118,27.5,2916
22.7567,114.2163,36.2,2916
22.7567,114.2208,26.7,2916
22.7567,114.2253,21.3,2916
22.7567,114.2298,34.8,2916
22.7567,114.2343,54.3,2916
22.7567,114.2388,97.5,2916
22.7567,114.2433,81.2,2916
22.7567,114.2478,63.6,2916
22.7567,114.2522,12.0,2862
22.7567,114.2567,0.1,2916
22.7567,114.2612,1.3,2916
22.7567,114.2657,20.4,2916
22.7567,114.2702,15.4,2916
22.7567,114.2747,54.3,2916
22.7567,114.2792,57.3,2916
22.7567,114.2837,40.4,2916
22.7567,114.2882,34.0,2916
22.7567,114.2927,60.8,2916
22.7567,114.2972,13.9,2862
22.7567,114.3017,49.3,2916
22.7567,114.3061,17.1,2916
22.7567,114.3106,30.0,2916
22.7567,114.3151,28.3,2916
22.7567,114.3196,30.6,2916
22.7567,114.3241,42.1,2916
22.7567,114.3286,18.7,2916
22.7567,114.3331,0.0,2916
22.7567,114.3376,1.6,2916
22.7567,114.3421,4.8,2862
22.7567,114.3466,16.5,2916
22.7567,114.3511,26.0,2916
22.7567,114.3556,70.9,2916
22.7567,114.36,70.8,2916
22.7567,114.3645,90.4,2916
22.7567,114.369,62.9,2916
22.7567,114.3735,85.1,2916
22.7567,114.378,86.9,2916
22.7567,114.3825,69.2,2916
22.7567,114.387,21.7,2862
22.7567,114.3915,78.9,2916
22.7567,114.396,81.0,2916
22.7567,114.4005,64.5,2916
22.7567,114.405,43.6,2916
22.7567,114.4095,35.0,2916
22.7567,114.4139,12.8,2916
22.7567,114.4184,64.0,2916
22.7567,114.4229,53.9,2916
22.7567,114.4274,59.7,2862
22.7567,114.4319,63.1,2916
22.7567,114.4364,31.8,2916
22.7567,114.4409,55.8,2916
22.7567,114.4454,30.0,2916
22.7567,114.4499,37.7,2916
22.7567,114.4544,15.2,2916
22.7567,114.4589,41.3,2916
22.7567,114.4634,32.0,2916
22.7567,114.4678,43.0,2916
22.7567,114.4723,78.5,2862
22.7567,114.4768,79.2,2916
22.7567,114.4813,71.9,2916
22.7567,114.4858,84.6,2916
22.7567,114.4903,70.5,2916
22.7567,114.4948,51.1,2916
22.7567,114.4993,70.4,2916
22.7567,114.5038,25.2,2916
22.7567,114.5083,1.1,2916
22.7567,114.5128,21.9,2916
22.7567,114.5173,20.8,2862
22.7567,114.5217,43.5,2916
22.7567,114.5262,31.3,2916
22.7567,114.5307,41.3,2916
22.7567,114.5352,35.0,2916
22.7567,114.5397,23.5,2916
22.7567,114.5442,37.1,2916
22.7567,114.5487,40.4,2916
22.7567,114.5532,11.1,2916
22.7567,114.5577,16.4,2916
22.7567,114.5622,8.5,2862
22.7567,114.5667,21.7,2916
22.7567,114.5711,57.0,2916
22.7567,114.5756,62.5,2916
22.7567,114.5801,78.4,2916
22.7567,114.5846,73.1,2916
22.7567,114.5891,93.7,2916
22.7567,114.5936,85.4,2916
22.7567,114.5981,93.7,2916
22.7567,114.6026,97.8,2916
22.7567,114.6071,77.3,2862
22.7567,114.6116,81.2,2916
22.7567,114.6161,73.1,2916
22.7567,114.6206,61.1,2916
22.7567,114.625,53.4,2916
22.7567,114.6295,83.3,2916
22.7567,114.634,83.2,2916
22.7567,114.6385,44.2,2916
22.7567,114.643,0.0,2916
22.7567,114.6475,0.0,2916
22.7567,114.652,0.0,108
22.7611,113.7222,12.8,2916
22.7611,113.7267,5.6,2916
22.7611,113.7312,8.4,2916
22.7611,113.7357,11.5,2916
22.7611,113.7402,11.6,2916
22.7611,113.7447,40.9,2916
22.7611,113.7492,59.3,2916
22.7611,113.7537,35.0,2916
22.7611,113.7582,6.3,2916
22.7611,113.7627,1.1,2862
22.7611,113.7672,77.7,2916
22.7611,113.7717,49.9,2916
22.7611,113.7761,73.5,2916
22.7611,113.7806,85.3,2916
22.7611,113.7851,90.3,2916
22.7611,113.7896,51.7,2916
22.7611,113.7941,92.4,2916
22.7611,113.7986,97.5,2916
22.7611,113.8031,72.9,2916
22.7611,113.8076,82.4,2862
22.7611,113.8121,92.0,2916
22.7611,113.8166,98.2,2916
22.7611,113.8211,92.7,2916
22.7611,113.8256,78.3,2916
22.7611,113.83,87.3,2916
22.7611,113.8345,96.9,2916
22.7611,113.839,99.3,2916
22.7611,113.8435,98.6,2916
22.7611,113.848,79.4,2916
22.7611,113.8525,75.1,2862
22.7611,113.857,50.3,2916
22.7611,113.8615,60.7,2916
22.7611,113.866,90.6,2916
22.7611,113.8705,81.8,2916
22.7611,113.875,37.1,2916
22.7611,113.8795,13.5,2916
22.7611,113.8839,8.5,2916
22.7611,113.8884,79.7,2916
22.7611,113.8929,68.0,2916
22.7611,113.8974,84.6,2862
22.7611,113.9019,84.6,2916
22.7611,113.9064,38.3,2916
22.7611,113.9109,76.8,2916
22.7611,113.9154,74.0,2916
22.7611,113.9199,54.4,2916
22.7611,113.9244,19.2,2916
22.7611,113.9289,15.9,2916
22.7611,113.9333,55.0,2916
22.7611,113.9378,90.6,2916
22.7611,113.9423,81.2,2862
22.7611,113.9468,53.9,2916
22.7611,113.9513,38.5,2916
22.7611,113.9558,33.3,2916
22.7611,113.9603,12.5,2916
22.7611,113.9648,0.0,2916
22.7611,113.9693,0.0,2916
22.7611,113.9738,0.0,2916
22.7611,113.9783,0.0,2916
22.7611,113.9828,0.2,2916
22.7611,113.9872,0.0,2862
22.7611,113.9917,0.3,2916
22.7611,113.9962,2.6,2916
22.7611,114.0007,0.0,2970
22.7611,114.0052,0.0,2916
22.7611,114.0097,1.0,2916
22.7611,114.0142,5.7,2916
22.7611,114.0187,5.0,2916
22.7611,114.0232,24.9,2916
22.7611,114.0277,26.0,2916
22.7611,114.0322,88.2,2862
22.7611,114.0367,7.1,2916
22.7611,114.0411,3.1,2916
22.7611,114.0456,0.0,2916
22.7611,114.0501,1.0,2916
22.7611,114.0546,2.5,2916
22.7611,114.0591,59.5,2916
22.7611,114.0636,27.9,2916
22.7611,114.0681,65.6,2916
22.7611,114.0726,89.9,2862
22.7611,114.0771,97.9,2916
22.7611,114.0816,27.3,2916
22.7611,114.0861,11.9,2916
22.7611,114.0906,78.1,2916
22.7611,114.095,97.2,2916
22.7611,114.0995,75.6,2916
22.7611,114.104,86.7,2916
22.7611,114.1085,56.5,2916
22.7611,114.113,70.0,2916
22.7611,114.1175,81.0,2862
22.7611,114.122,80.6,2916
22.7611,114.1265,72.9,2916
22.7611,114.131,67.5,2916
22.7611,114.1355,60.3,2916
22.7611,114.14,85.5,2916
22.7611,114.1445,71.0,2916
22.7611,114.1489,65.5,2916
22.7611,114.1534,92.9,2916
22.7611,114.1579,81.7,2916
22.7611,114.1624,41.9,2862
22.7611,114.1669,50.0,2916
22.7611,114.1714,14.6,2916
22.7611,114.1759,0.0,2916
22.7611,114.1804,4.3,2916
22.7611,114.1849,11.1,2916
22.7611,114.1894,1.8,2916
22.7611,114.1939,0.3,2916
22.7611,114.1984,0.0,2916
22.7611,114.2028,11.0,2916
22.7611,114.2073,0.1,2862
22.7611,114.2118,0.0,2916
22.7611,114.2163,0.0,2916
22.7611,114.2208,0.0,2916
22.7611,114.2253,0.0,2916
22.7611,114.2298,3.4,2916
22.7611,114.2343,41.8,2916
22.7611,114.2388,54.4,2916
22.7611,114.2433,29.3,2916
22.7611,114.2478,20.2,2916
22.7611,114.2522,40.0,2862
22.7611,114.2567,1.6,2916
22.7611,114.2612,4.3,2916
22.7611,114.2657,24.2,2916
22.7611,114.2702,15.5,2916
22.7611,114.2747,69.9,2916
22.7611,114.2792,65.3,2916
22.7611,114.2837,35.2,2916
22.7611,114.2882,83.1,2916
22.7611,114.2927,86.1,2916
22.7611,114.2972,78.4,2862
22.7611,114.3017,63.2,2916
22.7611,114.3061,34.4,2916
22.7611,114.3106,46.4,2916
22.7611,114.3151,53.3,2916
22.7611,114.3196,74.6,2916
22.7611,114.3241,51.0,2916
22.7611,114.3286,8.5,2916
22.7611,114.3331,6.9,2916
22.7611,114.3376,2.3,2916
22.7611,114.3421,42.8,2862
22.7611,114.3466,62.7,2916
22.7611,114.3511,48.3,2916
22.7611,114.3556,88.3,2916
22.7611,114.36,90.3,2916
22.7611,114.3645,80.6,2916
22.7611,114.369,53.9,2916
22.7611,114.3735,49.9,2916
22.7611,114.378,41.2,2916
22.7611,114.3825,46.4,2916
22.7611,114.387,44.0,2862
22.7611,114.3915,29.8,2916
22.7611,114.396,85.1,2916
22.7611,114.4005,51.4,2916
22.7611,114.405,81.2,2916
22.7611,114.4095,24.6,2916
22.7611,114.4139,20.1,2916
22.7611,114.4184,49.3,2916
22.7611,114.4229,57.6,2916
22.7611,114.4274,54.5,2862
22.7611,114.4319,82.0,2916
22.7611,114.4364,14.0,2916
22.7611,114.4409,36.3,2916
22.7611,114.4454,22.4,2916
22.7611,114.4499,53.4,2916
22.7611,114.4544,14.3,2916
22.7611,114.4589,25.4,2916
22.7611,114.4634,52.5,2916
22.7611,114.4678,88.2,2916
22.7611,114.4723,97.3,2862
22.7611,114.4768,90.1,2916
22.7611,114.4813,75.4,2916
22.7611,114.4858,69.0,2916
22.7611,114.4903,46.4,2916
22.7611,114.4948,69.5,2916
22.7611,114.4993,4.6,2916
22.7611,114.5038,0.1,2916
22.7611,114.5083,0.8,2916
22.7611,114.5128,0.8,2916
22.7611,114.5173,22.5,2862
22.7611,114.5217,32.4,2916
22.7611,114.5262,18.1,2916
22.7611,114.5307,35.6,2916
22.7611,114.5352,4.8,2916
22.7611,114.5397,5.0,2916
22.7611,114.5442,9.7,2916
22.7611,114.5487,26.3,2916
22.7611,114.5532,0.3,2916
22.7611,114.5577,0.0,2916
22.7611,114.5622,0.0,2862
22.7611,114.5667,0.0,2916
22.7611,114.5711,0.0,2916
22.7611,114.5756,10.5,2916
22.7611,114.5801,27.3,2916
22.7611,114.5846,75.9,2916
22.7611,114.5891,61.2,2916
22.7611,114.5936,78.1,2916
22.7611,114.5981,91.6,2916
22.7611,114.6026,93.5,2916
22.7611,114.6071,73.1,2862
22.7611,114.6116,94.2,2916
22.7611,114.6161,76.9,2916
22.7611,114.6206,73.2,2916
22.7611,114.625,57.2,2916
22.7611,114.6295,98.9,2916
22.7611,114.634,68.8,2916
22.7611,114.6385,39.5,2916
22.7611,114.643,2.3,2916
22.7611,114.6475,0.0,2916
22.7611,114.652,0.0,108
22.7656,113.7222,6.9,2916
22.7656,113.7267,51.2,2916
22.7656,113.7312,12.0,2916
22.7656,113.7357,10.3,2916
22.7656,113.7402,6.7,2916
22.7656,113.7447,82.9,2916
22.7656,113.7492,61.9,2916
22.7656,113.7537,36.1,2916
22.7656,113.7582,5.7,2916
22.7656,113.7627,23.4,2862
22.7656,113.7672,81.4,2916
22.7656,113.7717,88.3,2916
22.7656,113.7761,60.3,2916
22.7656,113.7806,86.7,2916
22.7656,113.7851,91.2,2916
22.7656,113.7896,59.3,2916
22.7656,113.7941,76.6,2916
22.7656,113.7986,79.1,2916
22.7656,113.8031,94.5,2916
22.7656,113.8076,81.9,2862
22.7656,113.8121,64.3,2916
22.7656,113.8166,63.3,2916
22.7656,113.8211,79.1,2916
22.7656,113.8256,78.5,2916
22.7656,113.83,97.4,2916
22.7656,113.8345,96.4,2916
22.7656,113.839,97.8,2916
22.7656,113.8435,92.9,2916
22.7656,113.848,93.7,2916
22.7656,113.8525,65.0,2862
22.7656,113.857,52.1,2916
22.7656,113.8615,75.7,2916
22.7656,113.866,53.7,2916
22.7656,113.8705,30.1,2916
22.7656,113.875,26.6,2916
22.7656,113.8795,31.4,2916
22.7656,113.8839,26.3,2916
22.7656,113.8884,59.4,2916
22.7656,113.8929,88.8,2916
22.7656,113.8974,83.4,2862
22.7656,113.9019,85.8,2916
22.7656,113.9064,71.7,2916
22.7656,113.9109,73.0,2916
22.7656,113.9154,57.6,2916
22.7656,113.9199,47.9,2916
22.7656,113.9244,16.3,2916
22.7656,113.9289,25.3,2916
22.7656,113.9333,52.3,2916
22.7656,113.9378,82.7,2916
22.7656,113.9423,72.4,2862
22.7656,113.9468,39.8,2916
22.7656,113.9513,47.2,2916
22.7656,113.9558,7.2,2916
22.7656,113.9603,16.4,2916
22.7656,113.9648,13.7,2916
22.7656,113.9693,5.0,2916
22.7656,113.9738,0.0,2916
22.7656,113.9783,0.0,2916
22.7656,113.9828,0.0,2916
22.7656,113.9872,0.0,2862
22.7656,113.9917,0.0,2916
22.7656,113.9962,0.0,2916
22.7656,114.0007,0.0,2970
22.7656,114.0052,0.0,2916
22.7656,114.0097,0.0,2916
22.7656,114.0142,0.0,2916
22.7656,114.0187,0.8,2916
22.7656,114.0232,0.6,2916
22.7656,114.0277,26.7,2916
22.7656,114.0322,56.6,2862
22.7656,114.0367,10.6,2916
22.7656,114.0411,0.0,2916
22.7656,114.0456,0.0,2916
22.7656,114.0501,7.9,2916
22.7656,114.0546,75.0,2916
22.7656,114.0591,76.6,2916
22.7656,114.0636,76.5,2916
22.7656,114.0681,64.5,2916
22.7656,114.0726,95.1,2862
22.7656,114.0771,93.0,2916
22.7656,114.0816,80.9,2916
22.7656,114.0861,43.5,2916
22.7656,114.0906,59.5,2916
22.7656,114.095,96.5,2916
22.7656,114.0995,92.9,2916
22.7656,114.104,85.0,2916
22.7656,114.1085,36.6,2916
22.7656,114.113,68.7,2916
22.7656,114.1175,71.8,2862
22.7656,114.122,51.6,2916
22.7656,114.1265,69.9,2916
22.7656,114.131,40.9,2916
22.7656,114.1355,61.5,2916
22.7656,114.14,54.6,2916
22.7656,114.1445,23.9,2916
22.7656,114.1489,48.3,2916
22.7656,114.1534,67.9,2916
22.7656,114.1579,59.9,2916
22.7656,114.1624,21.7,2862
22.7656,114.1669,2.4,2916
22.7656,114.1714,8.6,2916
22.7656,114.1759,9.1,2916
22.7656,114.1804,6.5,2916
22.7656,114.1849,1.1,2916
22.7656,114.1894,3.6,2916
22.7656,114.1939,3.2,2916
22.7656,114.1984,0.0,2916
22.7656,114.2028,10.4,2916
22.7656,114.2073,0.0,2862
22.7656,114.2118,0.0,2916
22.7656,114.2163,0.0,2916
22.7656,114.2208,0.0,2916
22.7656,114.2253,0.0,2916
22.7656,114.2298,0.0,2916
22.7656,114.2343,3.7,2916
22.7656,114.2388,12.1,2916
22.7656,114.2433,8.8,2916
22.7656,114.2478,1.1,2916
22.7656,114.2522,9.2,2862
22.7656,114.2567,0.5,2916
22.7656,114.2612,30.2,2916
22.7656,114.2657,17.2,2916
22.7656,114.2702,31.8,2916
22.7656,114.2747,72.4,2916
22.7656,114.2792,88.6,2916
22.7656,114.2837,69.2,2916
22.7656,114.2882,67.1,2916
22.7656,114.2927,71.4,2916
22.7656,114.2972,69.4,2862
22.7656,114.3017,85.9,2916
22.7656,114.3061,88.6,2916
22.7656,114.3106,89.4,2916
22.7656,114.3151,93.3,2916
22.7656,114.3196,82.2,2916
22.7656,114.3241,86.2,2916
22.7656,114.3286,63.2,2916
22.7656,114.3331,22.6,2916
22.7656,114.3376,47.9,2916
22.7656,114.3421,40.4,2862
22.7656,114.3466,30.1,2916
22.7656,114.3511,25.7,2916
22.7656,114.3556,35.8,2916
22.7656,114.36,26.2,2916
22.7656,114.3645,79.7,2916
22.7656,114.369,84.4,2916
22.7656,114.3735,81.5,2916
22.7656,114.378,93.4,2916
22.7656,114.3825,85.4,2916
22.7656,114.387,86.8,2862
22.7656,114.3915,42.2,2916
22.7656,114.396,67.4,2916
22.7656,114.4005,57.7,2916
22.7656,114.405,64.1,2916
22.7656,114.4095,78.8,2916
22.7656,114.4139,74.5,2916
22.7656,114.4184,68.1,2916
22.7656,114.4229,63.1,2916
22.7656,114.4274,80.6,2862
22.7656,114.4319,75.5,2916
22.7656,114.4364,29.9,2916
22.7656,114.4409,12.5,2916
22.7656,114.4454,23.7,2916
22.7656,114.4499,21.5,2916
22.7656,114.4544,28.1,2916
22.7656,114.4589,17.6,2916
22.7656,114.4634,23.8,2916
22.7656,114.4678,74.6,2916
22.7656,114.4723,88.2,2862
22.7656,114.4768,87.6,2916
22.7656,114.4813,68.2,2916
22.7656,114.4858,40.0,2916
22.7656,114.4903,22.7,2916
22.7656,114.4948,0.4,2916
22.7656,114.4993,0.6,2916
22.7656,114.5038,0.1,2916
22.7656,114.5083,8.4,2916
22.7656,114.5128,19.0,2916
22.7656,114.5173,2.9,2862
22.7656,114.5217,0.4,2916
22.7656,114.5262,0.6,2916
22.7656,114.5307,1.9,2916
22.7656,114.5352,7.3,2916
22.7656,114.5397,5.6,2916
22.7656,114.5442,0.1,2916
22.7656,114.5487,6.5,2916
22.7656,114.5532,0.0,2916
22.7656,114.5577,0.0,2916
22.7656,114.5622,0.0,2862
22.7656,114.5667,0.0,2916
22.7656,114.5711,0.0,2916
22.7656,114.5756,0.0,2916
22.7656,114.5801,2.7,2916
22.7656,114.5846,8.6,2916
22.7656,114.5891,19.0,2916
22.7656,114.5936,35.6,2916
22.7656,114.5981,64.5,2916
22.7656,114.6026,54.0,2916
22.7656,114.6071,61.3,2862
22.7656,114.6116,63.5,2916
22.7656,114.6161,53.3,2916
22.7656,114.6206,78.1,2916
22.7656,114.625,34.1,2916
22.7656,114.6295,87.4,2916
22.7656,114.634,85.5,2916
22.7656,114.6385,40.6,2916
22.7656,114.643,16.4,2916
22.7656,114.6475,0.0,2916
22.7656,114.652,0.0,108
22.7701,113.7222,20.5,2916
22.7701,113.7267,26.9,2916
22.7701,113.7312,3.3,2916
22.7701,113.7357,72.2,2916
22.7701,113.7402,11.9,2916
22.7701,113.7447,37.7,2916
22.7701,113.7492,75.0,2916
22.7701,113.7537,43.9,2916
22.7701,113.7582,10.5,2916
22.7701,113.7627,16.7,2862
22.7701,113.7672,60.6,2916
22.7701,113.7717,93.3,2916
22.7701,113.7761,69.1,2916
22.7701,113.7806,67.7,2916
22.7701,113.7851,68.0,2916
22.7701,113.7896,39.8,2916
22.7701,113.7941,72.7,2916
22.7701,113.7986,60.2,2916
22.7701,113.8031,65.3,2916
22.7701,113.8076,62.0,2862
22.7701,113.8121,84.2,2916
22.7701,113.8166,71.4,2916
22.7701,113.8211,44.8,2916
22.7701,113.8256,54.0,2916
22.7701,113.83,87.3,2916
22.7701,113.8345,89.0,2916
22.7701,113.839,94.7,2916
22.7701,113.8435,98.6,2916
22.7701,113.848,91.2,2916
22.7701,113.8525,78.8,2862
22.7701,113.857,83.1,2916
22.7701,113.8615,87.3,2916
22.7701,113.866,63.0,2916
22.7701,113.8705,78.9,2916
22.7701,113.875,57.9,2916
22.7701,113.8795,62.6,2916
22.7701,113.8839,30.2,2916
22.7701,113.8884,38.0,2916
22.7701,113.8929,76.9,2916
22.7701,113.8974,85.5,2862
22.7701,113.9019,79.6,2916
22.7701,113.9064,59.6,2916
22.7701,113.9109,74.7,2916
22.7701,113.9154,26.2,2916
22.7701,113.9199,65.2,2916
22.7701,113.9244,38.9,2916
22.7701,113.9289,40.5,2916
22.7701,113.9333,72.8,2916
22.7701,113.9378,53.1,2916
22.7701,113.9423,51.3,2862
22.7701,113.9468,46.0,2916
22.7701,113.9513,10.7,2916
22.7701,113.9558,10.7,2916
22.7701,113.9603,1.0,2916
22.7701,113.9648,25.3,2916
22.7701,113.9693,21.7,2916
22.7701,113.9738,0.0,2916
22.7701,113.9783,0.0,2916
22.7701,113.9828,0.0,2916
22.7701,113.9872,0.0,2862
22.7701,113.9917,2.0,2916
22.7701,113.9962,17.2,2916
22.7701,114.0007,0.0,2970
22.7701,114.0052,0.0,2916
22.7701,114.0097,0.0,2916
22.7701,114.0142,0.2,2916
22.7701,114.0187,17.5,2916
22.7701,114.0232,16.9,2916
22.7701,114.0277,23.7,2916
22.7701,114.0322,61.8,2862
22.7701,114.0367,39.1,2916
22.7701,114.0411,9.6,2916
22.7701,114.0456,34.2,2916
22.7701,114.0501,10.1,2916
22.7701,114.0546,54.0,2916
22.7701,114.0591,65.9,2916
22.7701,114.0636,81.2,2916
22.7701,114.0681,55.4,2916
22.7701,114.0726,84.1,2862
22.7701,114.0771,89.7,2916
22.7701,114.0816,79.4,2916
22.7701,114.0861,89.2,2916
22.7701,114.0906,50.9,2916
22.7701,114.095,72.4,2916
22.7701,114.0995,71.6,2916
22.7701,114.104,66.5,2916
22.7701,114.1085,53.7,2916
22.7701,114.113,84.7,2916
22.7701,114.1175,40.4,2862
22.7701,114.122,17.0,2916
22.7701,114.1265,27.9,2916
22.7701,114.131,69.9,2916
22.7701,114.1355,76.7,2916
22.7701,114.14,13.7,2916
22.7701,114.1445,0.7,2916
22.7701,114.1489,0.5,2916
22.7701,114.1534,10.2,2916
22.7701,114.1579,7.3,2916
22.7701,114.1624,15.9,2862
22.7701,114.1669,10.3,2916
22.7701,114.1714,5.5,2916
22.7701,114.1759,0.7,2916
22.7701,114.1804,1.0,2916
22.7701,114.1849,0.1,2916
22.7701,114.1894,0.0,2916
22.7701,114.1939,0.0,2916
22.7701,114.1984,0.0,2916
22.7701,114.2028,9.9,2916
22.7701,114.2073,0.0,2862
22.7701,114.2118,0.0,2916
22.7701,114.2163,0.0,2916
22.7701,114.2208,0.0,2916
22.7701,114.2253,0.0,2916
22.7701,114.2298,0.0,2916
22.7701,114.2343,0.0,2916
22.7701,114.2388,0.0,2916
22.7701,114.2433,0.8,2916
22.7701,114.2478,0.0,2916
22.7701,114.2522,0.0,2862
22.7701,114.2567,2.5,2916
22.7701,114.2612,25.9,2916
22.7701,114.2657,21.1,2916
22.7701,114.2702,57.5,2916
22.7701,114.2747,55.7,2916
22.7701,114.2792,29.5,2916
22.7701,114.2837,49.5,2916
22.7701,114.2882,80.3,2916
22.7701,114.2927,55.2,2916
22.7701,114.2972,78.9,2862
22.7701,114.3017,92.9,2916
22.7701,114.3061,79.8,2916
22.7701,114.3106,98.4,2916
22.7701,114.3151,82.7,2916
22.7701,114.3196,87.0,2916
22.7701,114.3241,89.7,2916
22.7701,114.3286,52.0,2916
22.7701,114.3331,40.0,2916
22.7701,114.3376,27.2,2916
22.7701,114.3421,34.1,2862
22.7701,114.3466,20.9,2916
22.7701,114.3511,35.8,2916
22.7701,114.3556,24.8,2916
22.7701,114.36,45.0,2916
22.7701,114.3645,82.0,2916
22.7701,114.369,96.5,2916
22.7701,114.3735,92.1,2916
22.7701,114.378,54.2,2916
22.7701,114.3825,56.9,2916
22.7701,114.387,75.1,2862
22.7701,114.3915,24.5,2916
22.7701,114.396,56.6,2916
22.7701,114.4005,39.2,2916
22.7701,114.405,34.0,2916
22.7701,114.4095,61.5,2916
22.7701,114.4139,18.1,2916
22.7701,114.4184,36.2,2916
22.7701,114.4229,76.6,2916
22.7701,114.4274,85.4,2862
22.7701,114.4319,74.6,2916
22.7701,114.4364,50.1,2916
22.7701,114.4409,20.0,2916
22.7701,114.4454,11.1,2916
22.7701,114.4499,17.7,2916
22.7701,114.4544,29.9,2916
22.7701,114.4589,18.1,2916
22.7701,114.4634,48.2,2916
22.7701,114.4678,74.7,2916
22.7701,114.4723,91.6,2862
22.7701,114.4768,50.0,2916
22.7701,114.4813,22.6,2916
22.7701,114.4858,44.5,2916
22.7701,114.4903,15.9,2916
22.7701,114.4948,0.0,2916
22.7701,114.4993,0.2,2916
22.7701,114.5038,0.0,2916
22.7701,114.5083,12.4,2916
22.7701,114.5128,0.0,2916
22.7701,114.5173,0.0,2862
22.7701,114.5217,0.0,2916
22.7701,114.5262,0.0,2916
22.7701,114.5307,0.0,2916
22.7701,114.5352,0.0,2916
22.7701,114.5397,0.0,2916
22.7701,114.5442,0.1,2916
22.7701,114.5487,8.7,2916
22.7701,114.5532,0.0,2916
22.7701,114.5577,0.4,2916
22.7701,114.5622,0.0,2862
22.7701,114.5667,0.0,2916
22.7701,114.5711,0.0,2916
22.7701,114.5756,0.0,2916
22.7701,114.5801,0.0,2916
22.7701,114.5846,0.0,2916
22.7701,114.5891,0.2,2916
22.7701,114.5936,0.1,2916
22.7701,114.5981,9.1,2916
22.7701,114.6026,16.6,2916
22.7701,114.6071,16.4,2862
22.7701,114.6116,32.7,2916
22.7701,114.6161,8.0,2916
22.7701,114.6206,17.6,2916
22.7701,114.625,22.5,2916
22.7701,114.6295,20.7,2916
22.7701,114.634,52.6,2916
22.7701,114.6385,49.3,2916
22.7701,114.643,45.3,2916
22.7701,114.6475,29.4,2916
22.7701,114.652,31.5,108
22.7746,113.7222,13.6,2916
22.7746,113.7267,24.3,2916
22.7746,113.7312,43.9,2916
22.7746,113.7357,80.1,2916
22.7746,113.7402,80.0,2916
22.7746,113.7447,72.5,2916
22.7746,113.7492,87.1,2916
22.7746,113.7537,92.0,2916
22.7746,113.7582,76.6,2916
22.7746,113.7627,82.1,2862
22.7746,113.7672,54.7,2916
22.7746,113.7717,91.7,2916
22.7746,113.7761,92.3,2916
22.7746,113.7806,96.6,2916
22.7746,113.7851,89.0,2916
22.7746,113.7896,39.6,2916
22.7746,113.7941,71.0,2916
22.7746,113.7986,88.6,2916
22.7746,113.8031,81.9,2916
22.7746,113.8076,88.5,2862
22.7746,113.8121,86.7,2916
22.7746,113.8166,78.6,2916
22.7746,113.8211,57.3,2916
22.7746,113.8256,80.2,2916
22.7746,113.83,97.8,2916
22.7746,113.8345,98.4,2916
22.7746,113.839,89.2,2916
22.7746,113.8435,92.8,2916
22.7746,113.848,92.3,2916
22.7746,113.8525,86.4,2862
22.7746,113.857,45.3,2916
22.7746,113.8615,56.2,2916
22.7746,113.866,79.6,2916
22.7746,113.8705,82.3,2916
22.7746,113.875,97.4,2916
22.7746,113.8795,69.9,2916
22.7746,113.8839,74.3,2916
22.7746,113.8884,78.6,2916
22.7746,113.8929,77.8,2916
22.7746,113.8974,69.2,2862
22.7746,113.9019,68.8,2916
22.7746,113.9064,72.0,2916
22.7746,113.9109,32.2,2916
22.7746,113.9154,71.2,2916
22.7746,113.9199,35.3,2916
22.7746,113.9244,1.1,2916
22.7746,113.9289,5.8,2916
22.7746,113.9333,11.7,2916
22.7746,113.9378,9.6,2916
22.7746,113.9423,40.5,2862
22.7746,113.9468,33.5,2916
22.7746,113.9513,7.5,2916
22.7746,113.9558,5.3,2916
22.7746,113.9603,1.5,2916
22.7746,113.9648,21.1,2916
22.7746,113.9693,4.3,2916
22.7746,113.9738,0.0,2916
22.7746,113.9783,0.0,2916
22.7746,113.9828,0.0,2916
22.7746,113.9872,0.0,2862
22.7746,113.9917,2.2,2916
22.7746,113.9962,6.6,2916
22.7746,114.0007,0.0,2970
22.7746,114.0052,10.5,2916
22.7746,114.0097,0.0,2916
22.7746,114.0142,2.1,2916
22.7746,114.0187,18.8,2916
22.7746,114.0232,5.1,2916
22.7746,114.0277,67.6,2916
22.7746,114.0322,61.3,2862
22.7746,114.0367,53.1,2916
22.7746,114.0411,60.7,2916
22.7746,114.0456,27.4,2916
22.7746,114.0501,68.7,2916
22.7746,114.0546,48.6,2916
22.7746,114.0591,77.4,2916
22.7746,114.0636,57.9,2916
22.7746,114.0681,71.6,2916
22.7746,114.0726,62.6,2862
22.7746,114.0771,71.1,2916
22.7746,114.0816,96.0,2916
22.7746,114.0861,65.0,2916
22.7746,114.0906,54.8,2916
22.7746,114.095,40.3,2916
22.7746,114.0995,57.1,2916
22.7746,114.104,45.8,2916
22.7746,114.1085,75.0,2916
22.7746,114.113,67.9,2916
22.7746,114.1175,77.4,2862
22.7746,114.122,65.0,2916
22.7746,114.1265,35.8,2916
22.7746,114.131,89.0,2916
22.7746,114.1355,84.2,2916
22.7746,114.14,44.3,2916
22.7746,114.1445,23.0,2916
22.7746,114.1489,0.0,2916
22.7746,114.1534,0.0,2916
22.7746,114.1579,0.0,2916
22.7746,114.1624,1.3,2862
22.7746,114.1669,0.2,2916
22.7746,114.1714,0.4,2916
22.7746,114.1759,1.2,2916
22.7746,114.1804,0.7,2916
22.7746,114.1849,0.0,2916
22.7746,114.1894,0.0,2916
22.7746,114.1939,0.0,2916
22.7746,114.1984,0.0,2916
22.7746,114.2028,9.8,2916
22.7746,114.2073,0.0,2862
22.7746,114.2118,0.0,2916
22.7746,114.2163,0.0,2916
22.7746,114.2208,0.0,2916
22.7746,114.2253,0.0,2916
22.7746,114.2298,0.0,2916
22.7746,114.2343,0.0,2916
22.7746,114.2388,0.1,2916
22.7746,114.2433,0.2,2916
22.7746,114.2478,0.0,2916
22.7746,114.2522,0.0,2862
22.7746,114.2567,0.2,2916
22.7746,114.2612,1.2,2916
22.7746,114.2657,9.8,2916
22.7746,114.2702,21.3,2916
22.7746,114.2747,40.6,2916
22.7746,114.2792,52.2,2916
22.7746,114.2837,64.1,2916
22.7746,114.2882,77.8,2916
22.7746,114.2927,72.1,2916
22.7746,114.2972,72.3,2862
22.7746,114.3017,90.4,2916
22.7746,114.3061,97.5,2916
22.7746,114.3106,77.3,2916
22.7746,114.3151,80.4,2916
22.7746,114.3196,68.1,2916
22.7746,114.3241,36.8,2916
22.7746,114.3286,11.7,2916
22.7746,114.3331,16.0,2916
22.7746,114.3376,0.5,2916
22.7746,114.3421,16.7,2862
22.7746,114.3466,57.4,2916
22.7746,114.3511,25.9,2916
22.7746,114.3556,3.6,2916
22.7746,114.36,32.2,2916
22.7746,114.3645,62.5,2916
22.7746,114.369,68.8,2916
22.7746,114.3735,67.5,2916
22.7746,114.378,84.8,2916
22.7746,114.3825,69.4,2916
22.7746,114.387,82.8,2862
22.7746,114.3915,16.4,2916
22.7746,114.396,51.6,2916
22.7746,114.4005,17.9,2916
22.7746,114.405,30.0,2916
22.7746,114.4095,21.2,2916
22.7746,114.4139,12.2,2916
22.7746,114.4184,53.0,2916
22.7746,114.4229,42.9,2916
22.7746,114.4274,75.6,2862
22.7746,114.4319,73.4,2916
22.7746,114.4364,47.4,2916
22.7746,114.4409,25.7,2916
22.7746,114.4454,72.3,2916
22.7746,114.4499,14.7,2916
22.7746,114.4544,49.8,2916
22.7746,114.4589,84.2,2916
22.7746,114.4634,77.3,2916
22.7746,114.4678,60.3,2916
22.7746,114.4723,80.6,2862
22.7746,114.4768,54.5,2916
22.7746,114.4813,41.5,2916
22.7746,114.4858,30.3,2916
22.7746,114.4903,28.1,2916
22.7746,114.4948,0.2,2916
22.7746,114.4993,0.0,2916
22.7746,114.5038,0.0,2916
22.7746,114.5083,11.2,2916
22.7746,114.5128,0.0,2916
22.7746,114.5173,0.0,2862
22.7746,114.5217,0.0,2916
22.7746,114.5262,0.0,2916
22.7746,114.5307,0.0,2916
22.7746,114.5352,0.0,2916
22.7746,114.5397,6.6,2916
22.7746,114.5442,12.4,2916
22.7746,114.5487,0.1,2916
22.7746,114.5532,0.5,2916
22.7746,114.5577,0.0,2916
22.7746,114.5622,0.0,2862
22.7746,114.5667,0.0,2916
22.7746,114.5711,0.0,2916
22.7746,114.5756,0.0,2916
22.7746,114.5801,0.0,2916
22.7746,114.5846,0.0,2916
22.7746,114.5891,0.0,2916
22.7746,114.5936,0.0,2916
22.7746,114.5981,2.4,2916
22.7746,114.6026,0.0,2916
22.7746,114.6071,0.0,2862
22.7746,114.6116,0.5,2916
22.7746,114.6161,0.0,2916
22.7746,114.6206,0.7,2916
22.7746,114.625,1.5,2916
22.7746,114.6295,10.8,2916
22.7746,114.634,1.7,2916
22.7746,114.6385,23.4,2916
22.7746,114.643,39.9,2916
22.7746,114.6475,67.4,2916
22.7746,114.652,73.1,108
22.7791,113.7222,15.9,2916
22.7791,113.7267,55.8,2916
22.7791,113.7312,83.3,2916
22.7791,113.7357,96.4,2916
22.7791,113.7402,91.8,2916
22.7791,113.7447,95.8,2916
22.7791,113.7492,82.2,2916
22.7791,113.7537,98.6,2916
22.7791,113.7582,98.4,2916
22.7791,113.7627,86.2,2862
22.7791,113.7672,87.9,2916
22.7791,113.7717,90.3,2916
22.7791,113.7761,89.3,2916
22.7791,113.7806,94.7,2916
22.7791,113.7851,87.6,2916
22.7791,113.7896,96.1,2916
22.7791,113.7941,66.5,2916
22.7791,113.7986,78.4,2916
22.7791,113.8031,80.1,2916
22.7791,113.8076,73.6,2862
22.7791,113.8121,66.5,2916
22.7791,113.8166,90.2,2916
22.7791,113.8211,85.1,2916
22.7791,113.8256,84.4,2916
22.7791,113.83,92.0,2916
22.7791,113.8345,87.4,2916
22.7791,113.839,48.5,2916
22.7791,113.8435,77.8,2916
22.7791,113.848,69.9,2916
22.7791,113.8525,91.4,2862
22.7791,113.857,55.6,2916
22.7791,113.8615,78.9,2916
22.7791,113.866,87.9,2916
22.7791,113.8705,43.0,2916
22.7791,113.875,86.4,2916
22.7791,113.8795,93.6,2916
22.7791,113.8839,89.6,2916
22.7791,113.8884,81.4,2916
22.7791,113.8929,85.2,2916
22.7791,113.8974,70.2,2862
22.7791,113.9019,66.5,2916
22.7791,113.9064,74.2,2916
22.7791,113.9109,51.1,2916
22.7791,113.9154,82.0,2916
22.7791,113.9199,37.1,2916
22.7791,113.9244,24.8,2916
22.7791,113.9289,7.2,2916
22.7791,113.9333,1.5,2916
22.7791,113.9378,7.5,2916
22.7791,113.9423,40.7,2862
22.7791,113.9468,52.3,2916
22.7791,113.9513,1.2,2916
22.7791,113.9558,6.3,2916
22.7791,113.9603,3.2,2916
22.7791,113.9648,19.7,2916
22.7791,113.9693,0.0,2916
22.7791,113.9738,0.0,2916
22.7791,113.9783,0.0,2916
22.7791,113.9828,0.0,2916
22.7791,113.9872,0.0,2862
22.7791,113.9917,0.0,2916
22.7791,113.9962,0.0,2916
22.7791,114.0007,0.0,2970
22.7791,114.0052,2.8,2916
22.7791,114.0097,4.6,2916
22.7791,114.0142,52.2,2916
22.7791,114.0187,47.5,2916
22.7791,114.0232,38.8,2916
22.7791,114.0277,60.7,2916
22.7791,114.0322,75.9,2862
22.7791,114.0367,43.7,2916
22.7791,114.0411,49.9,2916
22.7791,114.0456,83.8,2916
22.7791,114.0501,72.7,2916
22.7791,114.0546,87.1,2916
22.7791,114.0591,41.0,2916
22.7791,114.0636,40.3,2916
22.7791,114.0681,54.1,2916
22.7791,114.0726,47.0,2862
22.7791,114.0771,40.5,2916
22.7791,114.0816,57.1,2916
22.7791,114.0861,73.8,2916
22.7791,114.0906,61.9,2916
22.7791,114.095,60.0,2916
22.7791,114.0995,52.0,2916
22.7791,114.104,54.3,2916
22.7791,114.1085,85.9,2916
22.7791,114.113,83.5,2916
22.7791,114.1175,18.3,2862
22.7791,114.122,4.9,2916
22.7791,114.1265,15.2,2916
22.7791,114.131,30.3,2916
22.7791,114.1355,45.6,2916
22.7791,114.14,69.9,2916
22.7791,114.1445,49.1,2916
22.7791,114.1489,0.1,2916
22.7791,114.1534,0.0,2916
22.7791,114.1579,0.1,2916
22.7791,114.1624,0.0,2862
22.7791,114.1669,0.0,2916
22.7791,114.1714,0.0,2916
22.7791,114.1759,0.0,2916
22.7791,114.1804,0.0,2916
22.7791,114.1849,0.0,2916
22.7791,114.1894,0.2,2916
22.7791,114.1939,0.0,2916
22.7791,114.1984,0.0,2916
22.7791,114.2028,9.6,2916
22.7791,114.2073,0.0,2862
22.7791,114.2118,0.0,2916
22.7791,114.2163,0.0,2916
22.7791,114.2208,0.0,2916
22.7791,114.2253,0.0,2916
22.7791,114.2298,0.0,2916
22.7791,114.2343,0.0,2916
22.7791,114.2388,0.0,2916
22.7791,114.2433,0.0,2916
22.7791,114.2478,0.0,2916
22.7791,114.2522,0.0,2862
22.7791,114.2567,0.0,2916
22.7791,114.2612,0.0,2916
22.7791,114.2657,0.0,2916
22.7791,114.2702,0.0,2916
22.7791,114.2747,5.4,2916
22.7791,114.2792,9.8,2916
22.7791,114.2837,58.1,2916
22.7791,114.2882,48.4,2916
22.7791,114.2927,90.9,2916
22.7791,114.2972,65.1,2862
22.7791,114.3017,26.7,2916
22.7791,114.3061,88.6,2916
22.7791,114.3106,89.0,2916
22.7791,114.3151,61.8,2916
22.7791,114.3196,9.9,2916
22.7791,114.3241,12.3,2916
22.7791,114.3286,0.7,2916
22.7791,114.3331,9.4,2916
22.7791,114.3376,3.9,2916
22.7791,114.3421,16.7,2862
22.7791,114.3466,26.9,2916
22.7791,114.3511,10.6,2916
22.7791,114.3556,0.0,2916
22.7791,114.36,0.1,2916
22.7791,114.3645,1.5,2916
22.7791,114.369,43.1,2916
22.7791,114.3735,57.0,2916
22.7791,114.378,79.6,2916
22.7791,114.3825,66.8,2916
22.7791,114.387,37.8,2862
22.7791,114.3915,0.3,2916
22.7791,114.396,14.2,2916
22.7791,114.4005,8.8,2916
22.7791,114.405,32.3,2916
22.7791,114.4095,1.0,2916
22.7791,114.4139,6.2,2916
22.7791,114.4184,52.4,2916
22.7791,114.4229,59.9,2916
22.7791,114.4274,46.4,2862
22.7791,114.4319,60.7,2916
22.7791,114.4364,62.7,2916
22.7791,114.4409,89.1,2916
22.7791,114.4454,76.9,2916
22.7791,114.4499,68.3,2916
22.7791,114.4544,35.2,2916
22.7791,114.4589,93.0,2916
22.7791,114.4634,97.2,2916
22.7791,114.4678,98.3,2916
22.7791,114.4723,97.1,2862
22.7791,114.4768,48.0,2916
22.7791,114.4813,31.8,2916
22.7791,114.4858,10.1,2916
22.7791,114.4903,20.4,2916
22.7791,114.4948,3.3,2916
22.7791,114.4993,0.0,2916
22.7791,114.5038,0.0,2916
22.7791,114.5083,12.6,2916
22.7791,114.5128,0.0,2916
22.7791,114.5173,0.0,2862
22.7791,114.5217,0.0,2916
22.7791,114.5262,0.0,2916
22.7791,114.5307,0.0,2916
22.7791,114.5352,0.0,2916
22.7791,114.5397,0.0,2916
22.7791,114.5442,0.2,2916
22.7791,114.5487,0.1,2916
22.7791,114.5532,0.0,2916
22.7791,114.5577,0.0,2916
22.7791,114.5622,0.0,2862
22.7791,114.5667,0.0,2916
22.7791,114.5711,0.0,2916
22.7791,114.5756,0.0,2916
22.7791,114.5801,0.0,2916
22.7791,114.5846,0.0,2916
22.7791,114.5891,0.0,2916
22.7791,114.5936,0.0,2916
22.7791,114.5981,1.3,2916
22.7791,114.6026,0.0,2916
22.7791,114.6071,0.0,2862
22.7791,114.6116,0.0,2916
22.7791,114.6161,0.0,2916
22.7791,114.6206,0.0,2916
22.7791,114.625,0.3,2916
22.7791,114.6295,11.9,2916
22.7791,114.634,13.3,2916
22.7791,114.6385,19.2,2916
22.7791,114.643,37.9,2916
22.7791,114.6475,69.3,2916
22.7791,114.652,14.8,108
22.7836,113.7222,0.7,2916
22.7836,113.7267,37.2,2916
22.7836,113.7312,92.0,2916
22.7836,113.7357,93.7,2916
22.7836,113.7402,84.8,2916
22.7836,113.7447,93.7,2916
22.7836,113.7492,82.8,2916
22.7836,113.7537,87.1,2916
22.7836,113.7582,92.8,2916
22.7836,113.7627,79.9,2862
22.7836,113.7672,96.3,2916
22.7836,113.7717,95.7,2916
22.7836,113.7761,93.2,2916
22.7836,113.7806,84.0,2916
22.7836,113.7851,96.5,2916
22.7836,113.7896,90.2,2916
22.7836,113.7941,78.6,2916
22.7836,113.7986,79.5,2916
22.7836,113.8031,52.4,2916
22.7836,113.8076,69.1,2862
22.7836,113.8121,58.1,2916
22.7836,113.8166,88.9,2916
22.7836,113.8211,87.7,2916
22.7836,113.8256,86.8,2916
22.7836,113.83,90.9,2916
22.7836,113.8345,87.1,2916
22.7836,113.839,15.6,2916
22.7836,113.8435,37.4,2916
22.7836,113.848,54.6,2916
22.7836,113.8525,72.1,2862
22.7836,113.857,62.3,2916
22.7836,113.8615,64.9,2916
22.7836,113.866,70.5,2916
22.7836,113.8705,95.0,2916
22.7836,113.875,95.6,2916
22.7836,113.8795,95.0,2916
22.7836,113.8839,95.3,2916
22.7836,113.8884,97.7,2916
22.7836,113.8929,66.9,2916
22.7836,113.8974,23.0,2862
22.7836,113.9019,80.4,2916
22.7836,113.9064,88.8,2916
22.7836,113.9109,61.5,2916
22.7836,113.9154,55.2,2916
22.7836,113.9199,69.4,2916
22.7836,113.9244,91.4,2916
22.7836,113.9289,46.6,2916
22.7836,113.9333,68.0,2916
22.7836,113.9378,0.2,2916
22.7836,113.9423,14.2,2862
22.7836,113.9468,42.5,2916
22.7836,113.9513,15.4,2916
22.7836,113.9558,4.9,2916
22.7836,113.9603,0.1,2916
22.7836,113.9648,26.2,2916
22.7836,113.9693,0.0,2916
22.7836,113.9738,0.0,2916
22.7836,113.9783,0.0,2916
22.7836,113.9828,0.0,2916
22.7836,113.9872,0.0,2862
22.7836,113.9917,0.0,2916
22.7836,113.9962,0.0,2916
22.7836,114.0007,1.3,2970
22.7836,114.0052,16.6,2916
22.7836,114.0097,20.6,2916
22.7836,114.0142,30.3,2916
22.7836,114.0187,8.1,2916
22.7836,114.0232,14.5,2916
22.7836,114.0277,25.1,2916
22.7836,114.0322,83.9,2862
22.7836,114.0367,38.1,2916
22.7836,114.0411,77.9,2916
22.7836,114.0456,40.3,2916
22.7836,114.0501,2.7,2916
22.7836,114.0546,57.8,2916
22.7836,114.0591,36.0,2916
22.7836,114.0636,50.5,2916
22.7836,114.0681,28.9,2916
22.7836,114.0726,55.9,2862
22.7836,114.0771,95.6,2916
22.7836,114.0816,32.5,2916
22.7836,114.0861,95.0,2916
22.7836,114.0906,96.1,2916
22.7836,114.095,87.8,2916
22.7836,114.0995,66.2,2916
22.7836,114.104,50.8,2916
22.7836,114.1085,78.8,2916
22.7836,114.113,69.2,2916
22.7836,114.1175,1.5,2862
22.7836,114.122,2.6,2916
22.7836,114.1265,8.1,2916
22.7836,114.131,29.0,2916
22.7836,114.1355,83.6,2916
22.7836,114.14,81.1,2916
22.7836,114.1445,47.6,2916
22.7836,114.1489,8.1,2916
22.7836,114.1534,0.7,2916
22.7836,114.1579,0.7,2916
22.7836,114.1624,0.0,2862
22.7836,114.1669,0.0,2916
22.7836,114.1714,0.6,2916
22.7836,114.1759,0.0,2916
22.7836,114.1804,0.0,2916
22.7836,114.1849,0.0,2916
22.7836,114.1894,0.0,2916
22.7836,114.1939,0.1,2916
22.7836,114.1984,0.0,2916
22.7836,114.2028,11.0,2916
22.7836,114.2073,0.0,2862
22.7836,114.2118,0.0,2916
22.7836,114.2163,0.0,2916
22.7836,114.2208,0.0,2916
22.7836,114.2253,0.0,2916
22.7836,114.2298,0.0,2916
22.7836,114.2343,0.0,2916
22.7836,114.2388,0.0,2916
22.7836,114.2433,0.0,2916
22.7836,114.2478,0.0,2916
22.7836,114.2522,0.0,2862
22.7836,114.2567,0.0,2916
22.7836,114.2612,0.0,2916
22.7836,114.2657,0.0,2916
22.7836,114.2702,0.0,2916
22.7836,114.2747,0.9,2916
22.7836,114.2792,10.8,2916
22.7836,114.2837,29.5,2916
22.7836,114.2882,19.7,2916
22.7836,114.2927,62.0,2916
22.7836,114.2972,73.1,2862
22.7836,114.3017,58.7,2916
22.7836,114.3061,63.1,2916
22.7836,114.3106,41.0,2916
22.7836,114.3151,41.8,2916
22.7836,114.3196,76.0,2916
22.7836,114.3241,39.1,2916
22.7836,114.3286,18.5,2916
22.7836,114.3331,46.7,2916
22.7836,114.3376,23.9,2916
22.7836,114.3421,0.8,2862
22.7836,114.3466,1.2,2916
22.7836,114.3511,8.1,2916
22.7836,114.3556,45.9,2916
22.7836,114.36,24.2,2916
22.7836,114.3645,5.6,2916
22.7836,114.369,22.2,2916
22.7836,114.3735,25.4,2916
22.7836,114.378,29.8,2916
22.7836,114.3825,63.1,2916
22.7836,114.387,79.4,2862
22.7836,114.3915,68.1,2916
22.7836,114.396,3.4,2916
22.7836,114.4005,7.9,2916
22.7836,114.405,14.5,2916
22.7836,114.4095,40.4,2916
22.7836,114.4139,21.9,2916
22.7836,114.4184,58.0,2916
22.7836,114.4229,32.2,2916
22.7836,114.4274,55.7,2862
22.7836,114.4319,21.4,2916
22.7836,114.4364,46.9,2916
22.7836,114.4409,88.6,2916
22.7836,114.4454,91.5,2916
22.7836,114.4499,92.8,2916
22.7836,114.4544,93.8,2916
22.7836,114.4589,98.0,2916
22.7836,114.4634,94.8,2916
22.7836,114.4678,97.4,2916
22.7836,114.4723,99.4,2862
22.7836,114.4768,57.9,2916
22.7836,114.4813,31.1,2916
22.7836,114.4858,13.7,2916
22.7836,114.4903,0.0,2916
22.7836,114.4948,0.0,2916
22.7836,114.4993,0.0,2916
22.7836,114.5038,0.1,2916
22.7836,114.5083,16.0,2916
22.7836,114.5128,0.0,2916
22.7836,114.5173,0.0,2862
22.7836,114.5217,0.0,2916
22.7836,114.5262,0.0,2916
22.7836,114.5307,0.0,2916
22.7836,114.5352,0.0,2916
22.7836,114.5397,0.0,2916
22.7836,114.5442,0.0,2916
22.7836,114.5487,0.0,2916
22.7836,114.5532,0.0,2916
22.7836,114.5577,0.0,2916
22.7836,114.5622,0.0,2862
22.7836,114.5667,0.0,2916
22.7836,114.5711,0.0,2916
22.7836,114.5756,0.7,2916
22.7836,114.5801,0.0,2916
22.7836,114.5846,0.0,2916
22.7836,114.5891,0.0,2916
22.7836,114.5936,0.1,2916
22.7836,114.5981,0.0,2916
22.7836,114.6026,0.0,2916
22.7836,114.6071,0.0,2862
22.7836,114.6116,0.0,2916
22.7836,114.6161,0.0,2916
22.7836,114.6206,0.0,2916
22.7836,114.625,0.0,2916
22.7836,114.6295,4.1,2916
22.7836,114.634,8.5,2916
22.7836,114.6385,10.0,2916
22.7836,114.643,2.9,2916
22.7836,114.6475,32.9,2916
22.7836,114.652,34.3,108
22.7881,113.7222,50.9,2916
22.7881,113.7267,95.0,2916
22.7881,113.7312,88.9,2916
22.7881,113.7357,93.3,2916
22.7881,113.7402,82.5,2916
22.7881,113.7447,90.2,2916
22.7881,113.7492,93.1,2916
22.7881,113.7537,87.8,2916
22.7881,113.7582,89.1,2916
22.7881,113.7627,84.8,2862
22.7881,113.7672,98.0,2916
22.7881,113.7717,91.6,2916
22.7881,113.7761,82.3,2916
22.7881,113.7806,92.0,2916
22.7881,113.7851,99.0,2916
22.7881,113.7896,97.6,2916
22.7881,113.7941,82.1,2916
22.7881,113.7986,64.4,2916
22.7881,113.8031,74.3,2916
22.7881,113.8076,26.8,2862
22.7881,113.8121,74.5,2916
22.7881,113.8166,63.0,2916
22.7881,113.8211,56.8,2916
22.7881,113.8256,85.7,2916
22.7881,113.83,86.2,2916
22.7881,113.8345,88.9,2916
22.7881,113.839,25.4,2916
22.7881,113.8435,4.7,2916
22.7881,113.848,30.3,2916
22.7881,113.8525,74.8,2862
22.7881,113.857,51.4,2916
22.7881,113.8615,70.1,2916
22.7881,113.866,40.0,2916
22.7881,113.8705,88.1,2916
22.7881,113.875,99.4,2916
22.7881,113.8795,99.5,2916
22.7881,113.8839,99.2,2916
22.7881,113.8884,99.8,2916
22.7881,113.8929,94.4,2916
22.7881,113.8974,77.6,2862
22.7881,113.9019,86.2,2916
22.7881,113.9064,74.5,2916
22.7881,113.9109,20.1,2916
22.7881,113.9154,14.2,2916
22.7881,113.9199,36.7,2916
22.7881,113.9244,80.6,2916
22.7881,113.9289,86.1,2916
22.7881,113.9333,72.7,2916
22.7881,113.9378,8.0,2916
22.7881,113.9423,31.8,2862
22.7881,113.9468,48.1,2916
22.7881,113.9513,14.6,2916
22.7881,113.9558,0.5,2916
22.7881,113.9603,5.8,2916
22.7881,113.9648,17.4,2916
22.7881,113.9693,10.2,2916
22.7881,113.9738,0.0,2916
22.7881,113.9783,0.0,2916
22.7881,113.9828,0.0,2916
22.7881,113.9872,0.0,2862
22.7881,113.9917,0.0,2916
22.7881,113.9962,0.0,2916
22.7881,114.0007,4.0,2970
22.7881,114.0052,1.7,2916
22.7881,114.0097,22.2,2916
22.7881,114.0142,13.4,2916
22.7881,114.0187,0.7,2916
22.7881,114.0232,0.0,2916
22.7881,114.0277,0.0,2916
22.7881,114.0322,25.4,2862
22.7881,114.0367,80.2,2916
22.7881,114.0411,80.6,2916
22.7881,114.0456,47.4,2916
22.7881,114.0501,22.1,2916
22.7881,114.0546,44.3,2916
22.7881,114.0591,1.9,2916
22.7881,114.0636,13.9,2916
22.7881,114.0681,9.3,2916
22.7881,114.0726,40.3,2862
22.7881,114.0771,67.0,2916
22.7881,114.0816,56.2,2916
22.7881,114.0861,84.2,2916
22.7881,114.0906,90.5,2916
22.7881,114.095,87.7,2916
22.7881,114.0995,75.2,2916
22.7881,114.104,83.2,2916
22.7881,114.1085,31.1,2916
22.7881,114.113,9.2,2916
22.7881,114.1175,9.6,2862
22.7881,114.122,8.8,2916
22.7881,114.1265,4.5,2916
22.7881,114.131,53.0,2916
22.7881,114.1355,94.6,2916
22.7881,114.14,78.6,2916
22.7881,114.1445,91.6,2916
22.7881,114.1489,92.5,2916
22.7881,114.1534,13.2,2916
22.7881,114.1579,0.0,2916
22.7881,114.1624,0.0,2862
22.7881,114.1669,0.0,2916
22.7881,114.1714,0.0,2916
22.7881,114.1759,0.0,2916
22.7881,114.1804,0.0,2916
22.7881,114.1849,0.0,2916
22.7881,114.1894,0.0,2916
22.7881,114.1939,0.0,2916
22.7881,114.1984,0.0,2916
22.7881,114.2028,11.1,2916
22.7881,114.2073,0.0,2862
22.7881,114.2118,0.0,2916
22.7881,114.2163,0.0,2916
22.7881,114.2208,0.0,2916
22.7881,114.2253,0.0,2916
22.7881,114.2298,0.0,2916
22.7881,114.2343,0.0,2916
22.7881,114.2388,0.0,2916
22.7881,114.2433,0.0,2916
22.7881,114.2478,0.0,2916
22.7881,114.2522,0.0,2862
22.7881,114.2567,0.1,2916
22.7881,114.2612,0.0,2916
22.7881,114.2657,0.0,2916
22.7881,114.2702,0.0,2916
22.7881,114.2747,0.1,2916
22.7881,114.2792,5.8,2916
22.7881,114.2837,41.2,2916
22.7881,114.2882,38.4,2916
22.7881,114.2927,69.3,2916
22.7881,114.2972,54.6,2862
22.7881,114.3017,15.6,2916
22.7881,114.3061,4.9,2916
22.7881,114.3106,11.2,2916
22.7881,114.3151,86.4,2916
22.7881,114.3196,92.0,2916
22.7881,114.3241,89.3,2916
22.7881,114.3286,91.5,2916
22.7881,114.3331,65.3,2916
22.7881,114.3376,3.5,2916
22.7881,114.3421,5.6,2862
22.7881,114.3466,38.2,2916
22.7881,114.3511,46.5,2916
22.7881,114.3556,50.4,2916
22.7881,114.36,51.2,2916
22.7881,114.3645,26.2,2916
22.7881,114.369,9.6,2916
22.7881,114.3735,0.2,2916
22.7881,114.378,7.9,2916
22.7881,114.3825,51.5,2916
22.7881,114.387,78.5,2862
22.7881,114.3915,67.4,2916
22.7881,114.396,84.1,2916
22.7881,114.4005,48.8,2916
22.7881,114.405,15.5,2916
22.7881,114.4095,23.0,2916
22.7881,114.4139,26.2,2916
22.7881,114.4184,67.1,2916
22.7881,114.4229,32.3,2916
22.7881,114.4274,30.5,2862
22.7881,114.4319,7.0,2916
22.7881,114.4364,73.1,2916
22.7881,114.4409,67.0,2916
22.7881,114.4454,90.5,2916
22.7881,114.4499,68.4,2916
22.7881,114.4544,84.3,2916
22.7881,114.4589,98.1,2916
22.7881,114.4634,97.7,2916
22.7881,114.4678,97.6,2916
22.7881,114.4723,97.4,2862
22.7881,114.4768,71.7,2916
22.7881,114.4813,46.4,2916
22.7881,114.4858,62.7,2916
22.7881,114.4903,18.2,2916
22.7881,114.4948,0.8,2916
22.7881,114.4993,2.4,2916
22.7881,114.5038,1.9,2916
22.7881,114.5083,17.8,2916
22.7881,114.5128,0.0,2916
22.7881,114.5173,0.0,2862
22.7881,114.5217,0.0,2916
22.7881,114.5262,0.0,2916
22.7881,114.5307,0.0,2916
22.7881,114.5352,0.0,2916
22.7881,114.5397,0.0,2916
22.7881,114.5442,0.0,2916
22.7881,114.5487,0.0,2916
22.7881,114.5532,0.0,2916
22.7881,114.5577,0.0,2916
22.7881,114.5622,0.0,2862
22.7881,114.5667,0.0,2916
22.7881,114.5711,0.0,2916
22.7881,114.5756,0.0,2916
22.7881,114.5801,0.0,2916
22.7881,114.5846,0.0,2916
22.7881,114.5891,0.0,2916
22.7881,114.5936,0.0,2916
22.7881,114.5981,0.0,2916
22.7881,114.6026,0.0,2916
22.7881,114.6071,0.0,2862
22.7881,114.6116,0.0,2916
22.7881,114.6161,0.0,2916
22.7881,114.6206,0.0,2916
22.7881,114.625,0.0,2916
22.7881,114.6295,0.8,2916
22.7881,114.634,4.0,2916
22.7881,114.6385,0.0,2916
22.7881,114.643,6.8,2916
22.7881,114.6475,17.1,2916
22.7881,114.652,0.0,108
22.7926,113.7222,96.4,2862
22.7926,113.7267,98.6,2862
22.7926,113.7312,96.8,2862
22.7926,113.7357,77.8,2862
22.7926,113.7402,84.0,2862
22.7926,113.7447,98.1,2862
22.7926,113.7492,94.0,2862
22.7926,113.7537,82.4,2862
22.7926,113.7582,86.9,2862
22.7926,113.7627,96.3,2809
22.7926,113.7672,98.3,2862
22.7926,113.7717,99.2,2862
22.7926,113.7761,87.2,2862
22.7926,113.7806,94.1,2862
22.7926,113.7851,91.3,2862
22.7926,113.7896,97.1,2862
22.7926,113.7941,95.9,2862
22.7926,113.7986,96.9,2862
22.7926,113.8031,61.4,2862
22.7926,113.8076,31.0,2809
22.7926,113.8121,45.8,2862
22.7926,113.8166,8.2,2862
22.7926,113.8211,63.2,2862
22.7926,113.8256,65.4,2862
22.7926,113.83,80.4,2862
22.7926,113.8345,88.6,2862
22.7926,113.839,83.2,2862
22.7926,113.8435,36.7,2862
22.7926,113.848,31.7,2862
22.7926,113.8525,51.9,2809
22.7926,113.857,43.4,2862
22.7926,113.8615,43.3,2862
22.7926,113.866,23.8,2862
22.7926,113.8705,65.5,2862
22.7926,113.875,95.4,2862
22.7926,113.8795,92.0,2862
22.7926,113.8839,95.9,2862
22.7926,113.8884,89.8,2862
22.7926,113.8929,82.6,2862
22.7926,113.8974,70.3,2809
22.7926,113.9019,65.2,2862
22.7926,113.9064,49.7,2862
22.7926,113.9109,19.8,2862
22.7926,113.9154,0.0,2862
22.7926,113.9199,0.4,2862
22.7926,113.9244,17.1,2862
22.7926,113.9289,37.2,2862
22.7926,113.9333,55.6,2862
22.7926,113.9378,52.1,2862
22.7926,113.9423,89.4,2809
22.7926,113.9468,45.5,2862
22.7926,113.9513,39.0,2862
22.7926,113.9558,35.6,2862
22.7926,113.9603,24.7,2862
22.7926,113.9648,3.4,2862
22.7926,113.9693,29.9,2862
22.7926,113.9738,3.5,2862
22.7926,113.9783,0.0,2862
22.7926,113.9828,0.0,2862
22.7926,113.9872,0.0,2809
22.7926,113.9917,0.0,2862
22.7926,113.9962,0.0,2862
22.7926,114.0007,5.8,2915
22.7926,114.0052,0.2,2862
22.7926,114.0097,1.9,2862
22.7926,114.0142,0.0,2862
22.7926,114.0187,0.5,2862
22.7926,114.0232,0.2,2862
22.7926,114.0277,0.4,2862
22.7926,114.0322,63.0,2809
22.7926,114.0367,81.4,2862
22.7926,114.0411,71.9,2862
22.7926,114.0456,79.6,2862
22.7926,114.0501,92.1,2862
22.7926,114.0546,53.1,2862
22.7926,114.0591,17.8,2862
22.7926,114.0636,29.0,2862
22.7926,114.0681,35.5,2862
22.7926,114.0726,41.2,2809
22.7926,114.0771,45.8,2862
22.7926,114.0816,40.6,2862
22.7926,114.0861,38.7,2862
22.7926,114.0906,86.7,2862
22.7926,114.095,92.3,2862
22.7926,114.0995,86.5,2862
22.7926,114.104,96.8,2862
22.7926,114.1085,25.4,2862
22.7926,114.113,4.2,2862
22.7926,114.1175,3.8,2809
22.7926,114.122,14.2,2862
22.7926,114.1265,28.9,2862
22.7926,114.131,82.9,2862
22.7926,114.1355,88.1,2862
22.7926,114.14,67.4,2862
22.7926,114.1445,99.0,2862
22.7926,114.1489,68.0,2862
22.7926,114.1534,2.7,2862
22.7926,114.1579,15.5,2862
22.7926,114.1624,14.6,2809
22.7926,114.1669,36.8,2862
22.7926,114.1714,18.0,2862
22.7926,114.1759,0.1,2862
22.7926,114.1804,0.0,2862
22.7926,114.1849,0.0,2862
22.7926,114.1894,0.0,2862
22.7926,114.1939,0.0,2862
22.7926,114.1984,0.0,2862
22.7926,114.2028,0.0,2862
22.7926,114.2073,1.5,2809
22.7926,114.2118,0.3,2862
22.7926,114.2163,0.0,2862
22.7926,114.2208,0.0,2862
22.7926,114.2253,0.6,2862
22.7926,114.2298,2.0,2862
22.7926,114.2343,0.0,2862
22.7926,114.2388,0.0,2862
22.7926,114.2433,0.0,2862
22.7926,114.2478,0.8,2862
22.7926,114.2522,1.5,2809
22.7926,114.2567,0.6,2862
22.7926,114.2612,0.0,2862
22.7926,114.2657,0.0,2862
22.7926,114.2702,0.1,2862
22.7926,114.2747,5.4,2862
22.7926,114.2792,10.0,2862
22.7926,114.2837,6.4,2862
22.7926,114.2882,10.3,2862
22.7926,114.2927,19.1,2862
22.7926,114.2972,31.1,2809
22.7926,114.3017,15.6,2862
22.7926,114.3061,11.9,2862
22.7926,114.3106,10.1,2862
22.7926,114.3151,40.8,2862
22.7926,114.3196,63.7,2862
22.7926,114.3241,68.6,2862
22.7926,114.3286,72.4,2862
22.7926,114.3331,41.6,2862
22.7926,114.3376,1.5,2862
22.7926,114.3421,2.8,2809
22.7926,114.3466,7.1,2862
22.7926,114.3511,14.6,2862
22.7926,114.3556,2.6,2862
22.7926,114.36,10.4,2862
22.7926,114.3645,3.8,2862
22.7926,114.369,0.0,2862
22.7926,114.3735,0.5,2862
22.7926,114.378,0.0,2862
22.7926,114.3825,0.1,2862
22.7926,114.387,28.0,2809
22.7926,114.3915,45.3,2862
22.7926,114.396,86.4,2862
22.7926,114.4005,44.7,2862
22.7926,114.405,58.8,2862
22.7926,114.4095,42.0,2862
22.7926,114.4139,70.5,2862
22.7926,114.4184,84.3,2862
22.7926,114.4229,33.2,2862
22.7926,114.4274,20.3,2809
22.7926,114.4319,8.1,2862
22.7926,114.4364,50.5,2862
22.7926,114.4409,47.6,2862
22.7926,114.4454,64.7,2862
22.7926,114.4499,75.5,2862
22.7926,114.4544,79.2,2862
22.7926,114.4589,84.0,2862
22.7926,114.4634,97.4,2862
22.7926,114.4678,93.2,2862
22.7926,114.4723,68.9,2809
22.7926,114.4768,90.0,2862
22.7926,114.4813,62.2,2862
22.7926,114.4858,28.9,2862
22.7926,114.4903,6.1,2862
22.7926,114.4948,19.1,2862
22.7926,114.4993,9.5,2862
22.7926,114.5038,30.4,2862
22.7926,114.5083,22.9,2862
22.7926,114.5128,0.0,2862
22.7926,114.5173,0.0,2809
22.7926,114.5217,0.0,2862
22.7926,114.5262,0.0,2862
22.7926,114.5307,0.0,2862
22.7926,114.5352,0.0,2862
22.7926,114.5397,0.0,2862
22.7926,114.5442,0.0,2862
22.7926,114.5487,0.0,2862
22.7926,114.5532,0.0,2862
22.7926,114.5577,0.0,2862
22.7926,114.5622,0.0,2809
22.7926,114.5667,0.0,2862
22.7926,114.5711,0.0,2862
22.7926,114.5756,0.0,2862
22.7926,114.5801,0.0,2862
22.7926,114.5846,0.0,2862
22.7926,114.5891,0.0,2862
22.7926,114.5936,0.0,2862
22.7926,114.5981,0.0,2862
22.7926,114.6026,0.0,2862
22.7926,114.6071,0.0,2809
22.7926,114.6116,0.0,2862
22.7926,114.6161,0.0,2862
22.7926,114.6206,0.0,2862
22.7926,114.625,0.0,2862
22.7926,114.6295,0.0,2862
22.7926,114.634,0.0,2862
22.7926,114.6385,0.0,2862
22.7926,114.643,0.0,2862
22.7926,114.6475,21.2,2862
22.7926,114.652,27.4,106
22.7971,113.7222,95.9,2916
22.7971,113.7267,87.1,2916
22.7971,113.7312,93.6,2916
22.7971,113.7357,78.9,2916
22.7971,113.7402,92.2,2916
22.7971,113.7447,99.8,2916
22.7971,113.7492,99.0,2916
22.7971,113.7537,90.6,2916
22.7971,113.7582,91.3,2916
22.7971,113.7627,89.8,2862
22.7971,113.7672,99.3,2916
22.7971,113.7717,99.9,2916
22.7971,113.7761,97.4,2916
22.7971,113.7806,86.8,2916
22.7971,113.7851,98.0,2916
22.7971,113.7896,94.5,2916
22.7971,113.7941,95.7,2916
22.7971,113.7986,81.0,2916
22.7971,113.8031,56.4,2916
22.7971,113.8076,72.1,2862
22.7971,113.8121,67.9,2916
22.7971,113.8166,71.2,2916
22.7971,113.8211,53.2,2916
22.7971,113.8256,71.1,2916
22.7971,113.83,67.1,2916
22.7971,113.8345,60.4,2916
22.7971,113.839,53.9,2916
22.7971,113.8435,32.7,2916
22.7971,113.848,21.8,2916
22.7971,113.8525,71.1,2862
22.7971,113.857,70.1,2916
22.7971,113.8615,80.6,2916
22.7971,113.866,64.8,2916
22.7971,113.8705,43.8,2916
22.7971,113.875,57.0,2916
22.7971,113.8795,94.1,2916
22.7971,113.8839,57.8,2916
22.7971,113.8884,19.9,2916
22.7971,113.8929,61.8,2916
22.7971,113.8974,51.6,2862
22.7971,113.9019,73.5,2916
22.7971,113.9064,46.9,2916
22.7971,113.9109,2.8,2916
22.7971,113.9154,0.0,2916
22.7971,113.9199,0.0,2916
22.7971,113.9244,0.5,2916
22.7971,113.9289,33.5,2916
22.7971,113.9333,87.6,2916
22.7971,113.9378,79.6,2916
22.7971,113.9423,77.3,2862
22.7971,113.9468,75.2,2916
22.7971,113.9513,42.4,2916
22.7971,113.9558,32.1,2916
22.7971,113.9603,14.8,2916
22.7971,113.9648,2.2,2916
22.7971,113.9693,1.7,2916
22.7971,113.9738,23.2,2916
22.7971,113.9783,10.8,2916
22.7971,113.9828,0.0,2916
22.7971,113.9872,0.0,2862
22.7971,113.9917,0.0,2916
22.7971,113.9962,0.0,2916
22.7971,114.0007,0.0,2970
22.7971,114.0052,0.0,2916
22.7971,114.0097,0.0,2916
22.7971,114.0142,0.0,2916
22.7971,114.0187,0.1,2916
22.7971,114.0232,0.7,2916
22.7971,114.0277,33.0,2916
22.7971,114.0322,99.4,2862
22.7971,114.0367,82.4,2916
22.7971,114.0411,83.6,2916
22.7971,114.0456,93.2,2916
22.7971,114.0501,98.2,2916
22.7971,114.0546,61.2,2916
22.7971,114.0591,45.1,2916
22.7971,114.0636,61.6,2916
22.7971,114.0681,58.2,2916
22.7971,114.0726,78.2,2862
22.7971,114.0771,91.8,2916
22.7971,114.0816,76.0,2916
22.7971,114.0861,19.6,2916
22.7971,114.0906,49.2,2916
22.7971,114.095,93.7,2916
22.7971,114.0995,84.9,2916
22.7971,114.104,52.1,2916
22.7971,114.1085,56.2,2916
22.7971,114.113,22.0,2916
22.7971,114.1175,17.4,2862
22.7971,114.122,6.2,2916
22.7971,114.1265,53.8,2916
22.7971,114.131,72.5,2916
22.7971,114.1355,87.6,2916
22.7971,114.14,86.7,2916
22.7971,114.1445,92.1,2916
22.7971,114.1489,83.8,2916
22.7971,114.1534,15.7,2916
22.7971,114.1579,49.0,2916
22.7971,114.1624,63.2,2862
22.7971,114.1669,59.0,2916
22.7971,114.1714,28.0,2916
22.7971,114.1759,0.0,2916
22.7971,114.1804,0.0,2916
22.7971,114.1849,0.0,2916
22.7971,114.1894,0.0,2916
22.7971,114.1939,0.0,2916
22.7971,114.1984,0.2,2916
22.7971,114.2028,0.7,2916
22.7971,114.2073,16.3,2862
22.7971,114.2118,0.0,2916
22.7971,114.2163,0.0,2916
22.7971,114.2208,0.0,2916
22.7971,114.2253,0.2,2916
22.7971,114.2298,0.0,2916
22.7971,114.2343,0.0,2916
22.7971,114.2388,0.9,2916
22.7971,114.2433,2.1,2916
22.7971,114.2478,23.3,2916
22.7971,114.2522,5.8,2862
22.7971,114.2567,0.0,2916
22.7971,114.2612,2.8,2916
22.7971,114.2657,0.1,2916
22.7971,114.2702,10.9,2916
22.7971,114.2747,4.5,2916
22.7971,114.2792,2.0,2916
22.7971,114.2837,0.0,2916
22.7971,114.2882,0.0,2916
22.7971,114.2927,0.1,2916
22.7971,114.2972,1.4,2862
22.7971,114.3017,0.0,2916
22.7971,114.3061,0.0,2916
22.7971,114.3106,0.0,2916
22.7971,114.3151,5.5,2916
22.7971,114.3196,26.9,2916
22.7971,114.3241,60.5,2916
22.7971,114.3286,75.8,2916
22.7971,114.3331,76.1,2916
22.7971,114.3376,57.0,2916
22.7971,114.3421,2.0,2862
22.7971,114.3466,0.4,2916
22.7971,114.3511,0.0,2916
22.7971,114.3556,0.0,2916
22.7971,114.36,0.0,2916
22.7971,114.3645,0.0,2916
22.7971,114.369,0.0,2916
22.7971,114.3735,0.0,2916
22.7971,114.378,0.3,2916
22.7971,114.3825,5.1,2916
22.7971,114.387,9.5,2862
22.7971,114.3915,0.2,2916
22.7971,114.396,42.4,2916
22.7971,114.4005,68.5,2916
22.7971,114.405,77.3,2916
22.7971,114.4095,71.0,2916
22.7971,114.4139,72.8,2916
22.7971,114.4184,32.1,2916
22.7971,114.4229,31.8,2916
22.7971,114.4274,3.9,2862
22.7971,114.4319,6.4,2916
22.7971,114.4364,13.5,2916
22.7971,114.4409,18.8,2916
22.7971,114.4454,19.9,2916
22.7971,114.4499,83.3,2916
22.7971,114.4544,80.7,2916
22.7971,114.4589,72.5,2916
22.7971,114.4634,96.9,2916
22.7971,114.4678,89.0,2916
22.7971,114.4723,66.8,2862
22.7971,114.4768,27.4,2916
22.7971,114.4813,24.0,2916
22.7971,114.4858,23.6,2916
22.7971,114.4903,9.1,2916
22.7971,114.4948,14.2,2916
22.7971,114.4993,18.2,2916
22.7971,114.5038,9.3,2916
22.7971,114.5083,13.4,2916
22.7971,114.5128,0.0,2916
22.7971,114.5173,0.0,2862
22.7971,114.5217,0.0,2916
22.7971,114.5262,0.0,2916
22.7971,114.5307,0.0,2916
22.7971,114.5352,0.0,2916
22.7971,114.5397,0.0,2916
22.7971,114.5442,0.0,2916
22.7971,114.5487,0.0,2916
22.7971,114.5532,0.0,2916
22.7971,114.5577,0.0,2916
22.7971,114.5622,0.0,2862
22.7971,114.5667,0.0,2916
22.7971,114.5711,0.0,2916
22.7971,114.5756,0.0,2916
22.7971,114.5801,0.0,2916
22.7971,114.5846,0.0,2916
22.7971,114.5891,0.0,2916
22.7971,114.5936,0.0,2916
22.7971,114.5981,0.0,2916
22.7971,114.6026,0.0,2916
22.7971,114.6071,0.0,2862
22.7971,114.6116,0.0,2916
22.7971,114.6161,0.0,2916
22.7971,114.6206,0.0,2916
22.7971,114.625,0.0,2916
22.7971,114.6295,0.0,2916
22.7971,114.634,0.0,2916
22.7971,114.6385,0.0,2916
22.7971,114.643,12.7,2916
22.7971,114.6475,15.9,2916
22.7971,114.652,0.0,108
22.8016,113.7222,55.2,2916
22.8016,113.7267,76.4,2916
22.8016,113.7312,99.1,2916
22.8016,113.7357,97.1,2916
22.8016,113.7402,97.2,2916
22.8016,113.7447,97.0,2916
22.8016,113.7492,81.5,2916
22.8016,113.7537,49.5,2916
22.8016,113.7582,17.6,2916
22.8016,113.7627,18.6,2862
22.8016,113.7672,83.0,2916
22.8016,113.7717,99.2,2916
22.8016,113.7761,99.8,2916
22.8016,113.7806,99.6,2916
22.8016,113.7851,74.0,2916
22.8016,113.7896,86.7,2916
22.8016,113.7941,99.2,2916
22.8016,113.7986,95.7,2916
22.8016,113.8031,94.2,2916
22.8016,113.8076,88.0,2862
22.8016,113.8121,89.7,2916
22.8016,113.8166,90.2,2916
22.8016,113.8211,98.4,2916
22.8016,113.8256,96.1,2916
22.8016,113.83,86.3,2916
22.8016,113.8345,92.6,2916
22.8016,113.839,85.5,2916
22.8016,113.8435,65.8,2916
22.8016,113.848,25.5,2916
22.8016,113.8525,49.2,2862
22.8016,113.857,87.5,2916
22.8016,113.8615,91.2,2916
22.8016,113.866,75.3,2916
22.8016,113.8705,92.9,2916
22.8016,113.875,80.8,2916
22.8016,113.8795,62.1,2916
22.8016,113.8839,63.4,2916
22.8016,113.8884,62.9,2916
22.8016,113.8929,80.5,2916
22.8016,113.8974,88.2,2862
22.8016,113.9019,90.3,2916
22.8016,113.9064,74.2,2916
22.8016,113.9109,1.3,2916
22.8016,113.9154,0.0,2916
22.8016,113.9199,0.0,2916
22.8016,113.9244,1.4,2916
22.8016,113.9289,62.9,2916
22.8016,113.9333,45.0,2916
22.8016,113.9378,61.7,2916
22.8016,113.9423,71.4,2862
22.8016,113.9468,76.3,2916
22.8016,113.9513,54.4,2916
22.8016,113.9558,53.0,2916
22.8016,113.9603,30.8,2916
22.8016,113.9648,7.6,2916
22.8016,113.9693,0.6,2916
22.8016,113.9738,0.8,2916
22.8016,113.9783,0.3,2916
22.8016,113.9828,0.3,2916
22.8016,113.9872,0.0,2862
22.8016,113.9917,0.0,2916
22.8016,113.9962,5.1,2916
22.8016,114.0007,4.3,2970
22.8016,114.0052,0.0,2916
22.8016,114.0097,0.0,2916
22.8016,114.0142,0.0,2916
22.8016,114.0187,3.7,2916
22.8016,114.0232,32.4,2916
22.8016,114.0277,77.0,2916
22.8016,114.0322,96.0,2862
22.8016,114.0367,71.0,2916
22.8016,114.0411,79.9,2916
22.8016,114.0456,89.7,2916
22.8016,114.0501,99.1,2916
22.8016,114.0546,83.0,2916
22.8016,114.0591,80.9,2916
22.8016,114.0636,66.7,2916
22.8016,114.0681,55.4,2916
22.8016,114.0726,85.7,2862
22.8016,114.0771,79.8,2916
22.8016,114.0816,80.3,2916
22.8016,114.0861,55.4,2916
22.8016,114.0906,63.4,2916
22.8016,114.095,81.5,2916
22.8016,114.0995,54.2,2916
22.8016,114.104,7.0,2916
22.8016,114.1085,84.7,2916
22.8016,114.113,72.3,2916
22.8016,114.1175,4.4,2862
22.8016,114.122,1.4,2916
22.8016,114.1265,46.1,2916
22.8016,114.131,71.8,2916
22.8016,114.1355,83.8,2916
22.8016,114.14,88.4,2916
22.8016,114.1445,79.9,2916
22.8016,114.1489,60.7,2916
22.8016,114.1534,27.6,2916
22.8016,114.1579,43.1,2916
22.8016,114.1624,42.8,2862
22.8016,114.1669,54.0,2916
22.8016,114.1714,19.1,2916
22.8016,114.1759,1.1,2916
22.8016,114.1804,1.2,2916
22.8016,114.1849,0.3,2916
22.8016,114.1894,0.0,2916
22.8016,114.1939,0.0,2916
22.8016,114.1984,0.0,2916
22.8016,114.2028,0.2,2916
22.8016,114.2073,9.3,2862
22.8016,114.2118,5.1,2916
22.8016,114.2163,0.0,2916
22.8016,114.2208,0.0,2916
22.8016,114.2253,0.0,2916
22.8016,114.2298,0.3,2916
22.8016,114.2343,0.0,2916
22.8016,114.2388,0.0,2916
22.8016,114.2433,1.4,2916
22.8016,114.2478,2.0,2916
22.8016,114.2522,30.1,2862
22.8016,114.2567,36.7,2916
22.8016,114.2612,39.3,2916
22.8016,114.2657,51.3,2916
22.8016,114.2702,29.0,2916
22.8016,114.2747,0.1,2916
22.8016,114.2792,0.0,2916
22.8016,114.2837,0.0,2916
22.8016,114.2882,0.1,2916
22.8016,114.2927,0.0,2916
22.8016,114.2972,0.0,2862
22.8016,114.3017,0.0,2916
22.8016,114.3061,0.0,2916
22.8016,114.3106,0.0,2916
22.8016,114.3151,0.0,2916
22.8016,114.3196,0.8,2916
22.8016,114.3241,43.4,2916
22.8016,114.3286,66.1,2916
22.8016,114.3331,69.2,2916
22.8016,114.3376,14.7,2916
22.8016,114.3421,0.0,2862
22.8016,114.3466,0.0,2916
22.8016,114.3511,0.0,2916
22.8016,114.3556,0.0,2916
22.8016,114.36,0.0,2916
22.8016,114.3645,0.0,2916
22.8016,114.369,0.0,2916
22.8016,114.3735,0.0,2916
22.8016,114.378,0.0,2916
22.8016,114.3825,3.0,2916
22.8016,114.387,19.2,2862
22.8016,114.3915,6.8,2916
22.8016,114.396,24.6,2916
22.8016,114.4005,41.4,2916
22.8016,114.405,51.9,2916
22.8016,114.4095,79.4,2916
22.8016,114.4139,67.6,2916
22.8016,114.4184,27.4,2916
22.8016,114.4229,40.5,2916
22.8016,114.4274,16.0,2862
22.8016,114.4319,31.9,2916
22.8016,114.4364,62.1,2916
22.8016,114.4409,56.1,2916
22.8016,114.4454,16.4,2916
22.8016,114.4499,45.5,2916
22.8016,114.4544,15.9,2916
22.8016,114.4589,36.5,2916
22.8016,114.4634,94.5,2916
22.8016,114.4678,98.4,2916
22.8016,114.4723,87.4,2862
22.8016,114.4768,36.0,2916
22.8016,114.4813,12.1,2916
22.8016,114.4858,11.2,2916
22.8016,114.4903,22.7,2916
22.8016,114.4948,9.5,2916
22.8016,114.4993,2.9,2916
22.8016,114.5038,15.5,2916
22.8016,114.5083,16.9,2916
22.8016,114.5128,4.5,2916
22.8016,114.5173,0.1,2862
22.8016,114.5217,0.0,2916
22.8016,114.5262,0.0,2916
22.8016,114.5307,0.0,2916
22.8016,114.5352,0.0,2916
22.8016,114.5397,0.0,2916
22.8016,114.5442,0.0,2916
22.8016,114.5487,0.0,2916
22.8016,114.5532,0.0,2916
22.8016,114.5577,0.0,2916
22.8016,114.5622,0.0,2862
22.8016,114.5667,0.0,2916
22.8016,114.5711,0.0,2916
22.8016,114.5756,0.0,2916
22.8016,114.5801,0.0,2916
22.8016,114.5846,0.0,2916
22.8016,114.5891,0.0,2916
22.8016,114.5936,0.0,2916
22.8016,114.5981,0.0,2916
22.8016,114.6026,0.0,2916
22.8016,114.6071,0.0,2862
22.8016,114.6116,0.0,2916
22.8016,114.6161,0.0,2916
22.8016,114.6206,0.0,2916
22.8016,114.625,0.0,2916
22.8016,114.6295,0.0,2916
22.8016,114.634,0.0,2916
22.8016,114.6385,0.0,2916
22.8016,114.643,0.0,2916
22.8016,114.6475,9.1,2916
22.8016,114.652,0.0,108
22.8061,113.7222,34.4,2916
22.8061,113.7267,28.5,2916
22.8061,113.7312,86.4,2916
22.8061,113.7357,56.9,2916
22.8061,113.7402,17.5,2916
22.8061,113.7447,33.4,2916
22.8061,113.7492,12.4,2916
22.8061,113.7537,13.0,2916
22.8061,113.7582,11.2,2916
22.8061,113.7627,2.0,2862
22.8061,113.7672,40.0,2916
22.8061,113.7717,79.6,2916
22.8061,113.7761,67.9,2916
22.8061,113.7806,77.3,2916
22.8061,113.7851,49.3,2916
22.8061,113.7896,67.5,2916
22.8061,113.7941,97.4,2916
22.8061,113.7986,94.5,2916
22.8061,113.8031,92.5,2916
22.8061,113.8076,82.8,2862
22.8061,113.8121,91.6,2916
22.8061,113.8166,91.1,2916
22.8061,113.8211,97.1,2916
22.8061,113.8256,77.7,2916
22.8061,113.83,93.4,2916
22.8061,113.8345,96.7,2916
22.8061,113.839,97.4,2916
22.8061,113.8435,61.8,2916
22.8061,113.848,76.1,2916
22.8061,113.8525,78.0,2862
22.8061,113.857,61.4,2916
22.8061,113.8615,73.5,2916
22.8061,113.866,51.7,2916
22.8061,113.8705,59.1,2916
22.8061,113.875,91.6,2916
22.8061,113.8795,62.2,2916
22.8061,113.8839,59.3,2916
22.8061,113.8884,83.2,2916
22.8061,113.8929,94.5,2916
22.8061,113.8974,63.6,2862
22.8061,113.9019,65.1,2916
22.8061,113.9064,4.9,2916
22.8061,113.9109,1.5,2916
22.8061,113.9154,0.0,2916
22.8061,113.9199,0.2,2916
22.8061,113.9244,13.9,2916
22.8061,113.9289,22.6,2916
22.8061,113.9333,3.7,2916
22.8061,113.9378,61.5,2916
22.8061,113.9423,19.6,2862
22.8061,113.9468,32.9,2916
22.8061,113.9513,43.6,2916
22.8061,113.9558,27.0,2916
22.8061,113.9603,57.1,2916
22.8061,113.9648,14.3,2916
22.8061,113.9693,1.6,2916
22.8061,113.9738,0.5,2916
22.8061,113.9783,0.2,2916
22.8061,113.9828,1.0,2916
22.8061,113.9872,0.0,2862
22.8061,113.9917,0.0,2916
22.8061,113.9962,4.0,2916
22.8061,114.0007,0.0,2970
22.8061,114.0052,0.0,2916
22.8061,114.0097,0.0,2916
22.8061,114.0142,0.0,2916
22.8061,114.0187,7.6,2916
22.8061,114.0232,23.2,2916
22.8061,114.0277,75.6,2916
22.8061,114.0322,84.8,2862
22.8061,114.0367,50.4,2916
22.8061,114.0411,48.5,2916
22.8061,114.0456,76.7,2916
22.8061,114.0501,64.3,2916
22.8061,114.0546,46.0,2916
22.8061,114.0591,41.8,2916
22.8061,114.0636,67.2,2916
22.8061,114.0681,61.9,2916
22.8061,114.0726,90.5,2862
22.8061,114.0771,73.8,2916
22.8061,114.0816,92.0,2916
22.8061,114.0861,75.3,2916
22.8061,114.0906,85.5,2916
22.8061,114.095,79.9,2916
22.8061,114.0995,22.5,2916
22.8061,114.104,17.9,2916
22.8061,114.1085,69.0,2916
22.8061,114.113,65.3,2916
22.8061,114.1175,60.4,2862
22.8061,114.122,14.7,2916
22.8061,114.1265,32.3,2916
22.8061,114.131,31.4,2916
22.8061,114.1355,89.3,2916
22.8061,114.14,83.9,2916
22.8061,114.1445,76.0,2916
22.8061,114.1489,68.6,2916
22.8061,114.1534,16.8,2916
22.8061,114.1579,0.0,2916
22.8061,114.1624,0.0,2862
22.8061,114.1669,0.2,2916
22.8061,114.1714,33.4,2916
22.8061,114.1759,35.9,2916
22.8061,114.1804,19.6,2916
22.8061,114.1849,3.2,2916
22.8061,114.1894,0.1,2916
22.8061,114.1939,0.0,2916
22.8061,114.1984,0.0,2916
22.8061,114.2028,0.1,2916
22.8061,114.2073,0.1,2862
22.8061,114.2118,7.3,2916
22.8061,114.2163,12.8,2916
22.8061,114.2208,1.2,2916
22.8061,114.2253,0.0,2916
22.8061,114.2298,0.0,2916
22.8061,114.2343,0.0,2916
22.8061,114.2388,0.0,2916
22.8061,114.2433,0.0,2916
22.8061,114.2478,0.4,2916
22.8061,114.2522,25.0,2862
22.8061,114.2567,59.2,2916
22.8061,114.2612,40.9,2916
22.8061,114.2657,5.9,2916
22.8061,114.2702,0.2,2916
22.8061,114.2747,0.0,2916
22.8061,114.2792,0.2,2916
22.8061,114.2837,0.0,2916
22.8061,114.2882,0.1,2916
22.8061,114.2927,3.2,2916
22.8061,114.2972,0.3,2862
22.8061,114.3017,0.2,2916
22.8061,114.3061,0.0,2916
22.8061,114.3106,1.3,2916
22.8061,114.3151,0.0,2916
22.8061,114.3196,4.9,2916
22.8061,114.3241,60.3,2916
22.8061,114.3286,53.3,2916
22.8061,114.3331,23.0,2916
22.8061,114.3376,0.0,2916
22.8061,114.3421,0.0,2862
22.8061,114.3466,0.0,2916
22.8061,114.3511,0.0,2916
22.8061,114.3556,0.0,2916
22.8061,114.36,0.0,2916
22.8061,114.3645,0.0,2916
22.8061,114.369,0.0,2916
22.8061,114.3735,0.0,2916
22.8061,114.378,0.0,2916
22.8061,114.3825,7.8,2916
22.8061,114.387,15.1,2862
22.8061,114.3915,42.2,2916
22.8061,114.396,16.9,2916
22.8061,114.4005,0.6,2916
22.8061,114.405,0.3,2916
22.8061,114.4095,37.6,2916
22.8061,114.4139,65.2,2916
22.8061,114.4184,84.8,2916
22.8061,114.4229,60.1,2916
22.8061,114.4274,32.6,2862
22.8061,114.4319,44.6,2916
22.8061,114.4364,56.3,2916
22.8061,114.4409,11.9,2916
22.8061,114.4454,47.1,2916
22.8061,114.4499,63.0,2916
22.8061,114.4544,72.4,2916
22.8061,114.4589,85.5,2916
22.8061,114.4634,78.0,2916
22.8061,114.4678,80.8,2916
22.8061,114.4723,85.0,2862
22.8061,114.4768,86.1,2916
22.8061,114.4813,32.3,2916
22.8061,114.4858,5.4,2916
22.8061,114.4903,12.6,2916
22.8061,114.4948,8.4,2916
22.8061,114.4993,1.1,2916
22.8061,114.5038,11.2,2916
22.8061,114.5083,23.0,2916
22.8061,114.5128,0.6,2916
22.8061,114.5173,24.8,2862
22.8061,114.5217,9.5,2916
22.8061,114.5262,0.3,2916
22.8061,114.5307,0.0,2916
22.8061,114.5352,0.0,2916
22.8061,114.5397,0.0,2916
22.8061,114.5442,0.0,2916
22.8061,114.5487,0.0,2916
22.8061,114.5532,0.0,2916
22.8061,114.5577,0.0,2916
22.8061,114.5622,0.0,2862
22.8061,114.5667,0.0,2916
22.8061,114.5711,0.0,2916
22.8061,114.5756,0.0,2916
22.8061,114.5801,0.0,2916
22.8061,114.5846,0.0,2916
22.8061,114.5891,0.0,2916
22.8061,114.5936,0.0,2916
22.8061,114.5981,0.0,2916
22.8061,114.6026,0.0,2916
22.8061,114.6071,0.0,2862
22.8061,114.6116,0.0,2916
22.8061,114.6161,0.0,2916
22.8061,114.6206,0.0,2916
22.8061,114.625,0.0,2916
22.8061,114.6295,0.0,2916
22.8061,114.634,0.0,2916
22.8061,114.6385,0.0,2916
22.8061,114.643,1.2,2916
22.8061,114.6475,4.3,2916
22.8061,114.652,0.0,108
22.8106,113.7222,64.3,2916
22.8106,113.7267,88.6,2916
22.8106,113.7312,74.6,2916
22.8106,113.7357,60.9,2916
22.8106,113.7402,70.1,2916
22.8106,113.7447,7.5,2916
22.8106,113.7492,8.8,2916
22.8106,113.7537,9.6,2916
22.8106,113.7582,8.5,2916
22.8106,113.7627,8.3,2862
22.8106,113.7672,20.5,2916
22.8106,113.7717,39.2,2916
22.8106,113.7761,82.9,2916
22.8106,113.7806,74.2,2916
22.8106,113.7851,96.1,2916
22.8106,113.7896,34.1,2916
22.8106,113.7941,90.6,2916
22.8106,113.7986,82.6,2916
22.8106,113.8031,97.4,2916
22.8106,113.8076,90.5,2862
22.8106,113.8121,90.4,2916
22.8106,113.8166,89.2,2916
22.8106,113.8211,93.1,2916
22.8106,113.8256,9.7,2916
22.8106,113.83,6.4,2916
22.8106,113.8345,51.5,2916
22.8106,113.839,74.6,2916
22.8106,113.8435,78.7,2916
22.8106,113.848,11.9,2916
22.8106,113.8525,52.1,2862
22.8106,113.857,35.1,2916
22.8106,113.8615,52.9,2916
22.8106,113.866,86.7,2916
22.8106,113.8705,72.3,2916
22.8106,113.875,91.5,2916
22.8106,113.8795,57.0,2916
22.8106,113.8839,58.8,2916
22.8106,113.8884,88.5,2916
22.8106,113.8929,75.8,2916
22.8106,113.8974,52.0,2862
22.8106,113.9019,81.3,2916
22.8106,113.9064,24.8,2916
22.8106,113.9109,0.0,2916
22.8106,113.9154,2.5,2916
22.8106,113.9199,3.7,2916
22.8106,113.9244,0.1,2916
22.8106,113.9289,38.2,2916
22.8106,113.9333,67.9,2916
22.8106,113.9378,4.6,2916
22.8106,113.9423,1.0,2862
22.8106,113.9468,2.9,2916
22.8106,113.9513,6.8,2916
22.8106,113.9558,13.4,2916
22.8106,113.9603,55.9,2916
22.8106,113.9648,52.6,2916
22.8106,113.9693,0.0,2916
22.8106,113.9738,0.0,2916
22.8106,113.9783,2.9,2916
22.8106,113.9828,0.5,2916
22.8106,113.9872,0.0,2862
22.8106,113.9917,0.4,2916
22.8106,113.9962,0.3,2916
22.8106,114.0007,0.0,2970
22.8106,114.0052,0.0,2916
22.8106,114.0097,0.0,2916
22.8106,114.0142,0.0,2916
22.8106,114.0187,1.5,2916
22.8106,114.0232,5.2,2916
22.8106,114.0277,51.7,2916
22.8106,114.0322,45.5,2862
22.8106,114.0367,0.7,2916
22.8106,114.0411,24.4,2916
22.8106,114.0456,18.7,2916
22.8106,114.0501,6.8,2916
22.8106,114.0546,7.3,2916
22.8106,114.0591,28.2,2916
22.8106,114.0636,45.3,2916
22.8106,114.0681,66.9,2916
22.8106,114.0726,72.2,2862
22.8106,114.0771,83.7,2916
22.8106,114.0816,66.8,2916
22.8106,114.0861,94.1,2916
22.8106,114.0906,90.7,2916
22.8106,114.095,89.0,2916
22.8106,114.0995,62.7,2916
22.8106,114.104,85.8,2916
22.8106,114.1085,89.1,2916
22.8106,114.113,75.0,2916
22.8106,114.1175,90.2,2862
22.8106,114.122,59.4,2916
22.8106,114.1265,28.2,2916
22.8106,114.131,42.3,2916
22.8106,114.1355,32.3,2916
22.8106,114.14,54.8,2916
22.8106,114.1445,76.7,2916
22.8106,114.1489,85.2,2916
22.8106,114.1534,82.2,2916
22.8106,114.1579,36.0,2916
22.8106,114.1624,42.4,2862
22.8106,114.1669,27.3,2916
22.8106,114.1714,20.9,2916
22.8106,114.1759,70.3,2916
22.8106,114.1804,60.4,2916
22.8106,114.1849,11.8,2916
22.8106,114.1894,11.1,2916
22.8106,114.1939,0.0,2916
22.8106,114.1984,0.3,2916
22.8106,114.2028,0.0,2916
22.8106,114.2073,0.0,2862
22.8106,114.2118,0.0,2916
22.8106,114.2163,0.0,2916
22.8106,114.2208,0.0,2916
22.8106,114.2253,0.0,2916
22.8106,114.2298,0.2,2916
22.8106,114.2343,0.0,2916
22.8106,114.2388,2.9,2916
22.8106,114.2433,8.6,2916
22.8106,114.2478,43.0,2916
22.8106,114.2522,41.6,2862
22.8106,114.2567,7.4,2916
22.8106,114.2612,4.9,2916
22.8106,114.2657,9.2,2916
22.8106,114.2702,0.9,2916
22.8106,114.2747,0.0,2916
22.8106,114.2792,0.0,2916
22.8106,114.2837,0.0,2916
22.8106,114.2882,0.0,2916
22.8106,114.2927,1.4,2916
22.8106,114.2972,0.0,2862
22.8106,114.3017,0.1,2916
22.8106,114.3061,0.0,2916
22.8106,114.3106,0.0,2916
22.8106,114.3151,11.7,2916
22.8106,114.3196,64.8,2916
22.8106,114.3241,66.2,2916
22.8106,114.3286,28.1,2916
22.8106,114.3331,0.4,2916
22.8106,114.3376,0.0,2916
22.8106,114.3421,0.0,2862
22.8106,114.3466,0.0,2916
22.8106,114.3511,0.0,2916
22.8106,114.3556,0.0,2916
22.8106,114.36,0.0,2916
22.8106,114.3645,0.0,2916
22.8106,114.369,0.0,2916
22.8106,114.3735,0.0,2916
22.8106,114.378,0.0,2916
22.8106,114.3825,1.1,2916
22.8106,114.387,23.2,2862
22.8106,114.3915,28.3,2916
22.8106,114.396,8.9,2916
22.8106,114.4005,0.9,2916
22.8106,114.405,0.0,2916
22.8106,114.4095,21.5,2916
22.8106,114.4139,79.9,2916
22.8106,114.4184,61.3,2916
22.8106,114.4229,60.4,2916
22.8106,114.4274,45.3,2862
22.8106,114.4319,34.8,2916
22.8106,114.4364,26.6,2916
22.8106,114.4409,19.3,2916
22.8106,114.4454,72.8,2916
22.8106,114.4499,90.1,2916
22.8106,114.4544,75.1,2916
22.8106,114.4589,85.0,2916
22.8106,114.4634,65.1,2916
22.8106,114.4678,6.3,2916
22.8106,114.4723,25.3,2862
22.8106,114.4768,44.5,2916
22.8106,114.4813,63.0,2916
22.8106,114.4858,28.5,2916
22.8106,114.4903,29.0,2916
22.8106,114.4948,25.4,2916
22.8106,114.4993,21.9,2916
22.8106,114.5038,59.8,2916
22.8106,114.5083,3.8,2916
22.8106,114.5128,3.4,2916
22.8106,114.5173,14.2,2862
22.8106,114.5217,18.2,2916
22.8106,114.5262,2.6,2916
22.8106,114.5307,0.0,2916
22.8106,114.5352,0.0,2916
22.8106,114.5397,0.0,2916
22.8106,114.5442,0.0,2916
22.8106,114.5487,0.0,2916
22.8106,114.5532,0.0,2916
22.8106,114.5577,0.0,2916
22.8106,114.5622,0.3,2862
22.8106,114.5667,0.0,2916
22.8106,114.5711,0.0,2916
22.8106,114.5756,0.0,2916
22.8106,114.5801,0.0,2916
22.8106,114.5846,0.0,2916
22.8106,114.5891,0.0,2916
22.8106,114.5936,0.0,2916
22.8106,114.5981,0.0,2916
22.8106,114.6026,0.0,2916
22.8106,114.6071,0.0,2862
22.8106,114.6116,0.0,2916
22.8106,114.6161,0.0,2916
22.8106,114.6206,0.0,2916
22.8106,114.625,0.0,2916
22.8106,114.6295,0.0,2916
22.8106,114.634,0.1,2916
22.8106,114.6385,0.0,2916
22.8106,114.643,1.1,2916
22.8106,114.6475,1.7,2916
22.8106,114.652,0.0,108
22.815,113.7222,68.1,2916
22.815,113.7267,72.1,2916
22.815,113.7312,36.3,2916
22.815,113.7357,42.4,2916
22.815,113.7402,61.6,2916
22.815,113.7447,33.4,2916
22.815,113.7492,20.3,2916
22.815,113.7537,1.6,2916
22.815,113.7582,0.0,2916
22.815,113.7627,0.9,2862
22.815,113.7672,0.4,2916
22.815,113.7717,8.6,2916
22.815,113.7761,60.5,2916
22.815,113.7806,17.6,2916
22.815,113.7851,75.2,2916
22.815,113.7896,87.6,2916
22.815,113.7941,70.0,2916
22.815,113.7986,53.1,2916
22.815,113.8031,79.6,2916
22.815,113.8076,52.5,2862
22.815,113.8121,71.6,2916
22.815,113.8166,79.5,2916
22.815,113.8211,89.5,2916
22.815,113.8256,81.7,2916
22.815,113.83,9.0,2916
22.815,113.8345,52.6,2916
22.815,113.839,82.3,2916
22.815,113.8435,67.4,2916
22.815,113.848,17.3,2916
22.815,113.8525,77.0,2862
22.815,113.857,36.3,2916
22.815,113.8615,82.4,2916
22.815,113.866,57.9,2916
22.815,113.8705,41.9,2916
22.815,113.875,91.7,2916
22.815,113.8795,76.4,2916
22.815,113.8839,54.4,2916
22.815,113.8884,42.4,2916
22.815,113.8929,9.3,2916
22.815,113.8974,6.7,2862
22.815,113.9019,7.5,2916
22.815,113.9064,6.3,2916
22.815,113.9109,3.4,2916
22.815,113.9154,0.8,2916
22.815,113.9199,0.0,2916
22.815,113.9244,0.1,2916
22.815,113.9289,6.1,2916
22.815,113.9333,13.0,2916
22.815,113.9378,15.4,2916
22.815,113.9423,20.3,2862
22.815,113.9468,13.4,2916
22.815,113.9513,8.2,2916
22.815,113.9558,6.7,2916
22.815,113.9603,11.4,2916
22.815,113.9648,18.6,2916
22.815,113.9693,31.4,2916
22.815,113.9738,35.3,2916
22.815,113.9783,4.1,2916
22.815,113.9828,3.8,2916
22.815,113.9872,3.5,2862
22.815,113.9917,2.0,2916
22.815,113.9962,0.0,2916
22.815,114.0007,0.0,2970
22.815,114.0052,0.3,2916
22.815,114.0097,0.0,2916
22.815,114.0142,0.0,2916
22.815,114.0187,13.9,2916
22.815,114.0232,19.0,2916
22.815,114.0277,12.6,2916
22.815,114.0322,0.6,2862
22.815,114.0367,7.0,2916
22.815,114.0411,1.8,2916
22.815,114.0456,20.2,2916
22.815,114.0501,26.4,2916
22.815,114.0546,10.7,2916
22.815,114.0591,18.1,2916
22.815,114.0636,42.6,2916
22.815,114.0681,75.9,2916
22.815,114.0726,39.5,2862
22.815,114.0771,67.9,2916
22.815,114.0816,68.7,2916
22.815,114.0861,80.9,2916
22.815,114.0906,52.2,2916
22.815,114.095,70.1,2916
22.815,114.0995,84.3,2916
22.815,114.104,65.5,2916
22.815,114.1085,73.5,2916
22.815,114.113,81.9,2916
22.815,114.1175,70.4,2862
22.815,114.122,78.0,2916
22.815,114.1265,83.5,2916
22.815,114.131,87.3,2916
22.815,114.1355,56.1,2916
22.815,114.14,53.7,2916
22.815,114.1445,79.1,2916
22.815,114.1489,86.7,2916
22.815,114.1534,76.1,2916
22.815,114.1579,80.7,2916
22.815,114.1624,75.0,2862
22.815,114.1669,85.6,2916
22.815,114.1714,57.5,2916
22.815,114.1759,89.8,2916
22.815,114.1804,92.0,2916
22.815,114.1849,73.7,2916
22.815,114.1894,38.4,2916
22.815,114.1939,0.2,2916
22.815,114.1984,0.0,2916
22.815,114.2028,0.0,2916
22.815,114.2073,0.0,2862
22.815,114.2118,0.8,2916
22.815,114.2163,0.0,2916
22.815,114.2208,0.0,2916
22.815,114.2253,0.0,2916
22.815,114.2298,9.6,2916
22.815,114.2343,1.1,2916
22.815,114.2388,4.0,2916
22.815,114.2433,7.6,2916
22.815,114.2478,28.6,2916
22.815,114.2522,5.5,2862
22.815,114.2567,0.2,2916
22.815,114.2612,0.0,2916
22.815,114.2657,2.8,2916
22.815,114.2702,14.3,2916
22.815,114.2747,0.3,2916
22.815,114.2792,0.0,2916
22.815,114.2837,0.0,2916
22.815,114.2882,0.0,2916
22.815,114.2927,0.3,2916
22.815,114.2972,0.9,2862
22.815,114.3017,7.6,2916
22.815,114.3061,0.0,2916
22.815,114.3106,34.0,2916
22.815,114.3151,61.7,2916
22.815,114.3196,42.5,2916
22.815,114.3241,69.1,2916
22.815,114.3286,42.3,2916
22.815,114.3331,15.6,2916
22.815,114.3376,17.4,2916
22.815,114.3421,0.8,2862
22.815,114.3466,0.0,2916
22.815,114.3511,0.0,2916
22.815,114.3556,0.0,2916
22.815,114.36,0.0,2916
22.815,114.3645,0.0,2916
22.815,114.369,0.0,2916
22.815,114.3735,0.0,2916
22.815,114.378,0.0,2916
22.815,114.3825,0.9,2916
22.815,114.387,0.5,2862
22.815,114.3915,0.3,2916
22.815,114.396,10.4,2916
22.815,114.4005,1.8,2916
22.815,114.405,1.0,2916
22.815,114.4095,30.4,2916
22.815,114.4139,78.4,2916
22.815,114.4184,83.7,2916
22.815,114.4229,92.5,2916
22.815,114.4274,75.5,2862
22.815,114.4319,79.2,2916
22.815,114.4364,39.4,2916
22.815,114.4409,78.6,2916
22.815,114.4454,34.2,2916
22.815,114.4499,29.6,2916
22.815,114.4544,57.2,2916
22.815,114.4589,66.0,2916
22.815,114.4634,38.3,2916
22.815,114.4678,12.6,2916
22.815,114.4723,13.7,2862
22.815,114.4768,9.4,2916
22.815,114.4813,6.2,2916
22.815,114.4858,60.7,2916
22.815,114.4903,59.0,2916
22.815,114.4948,30.6,2916
22.815,114.4993,23.4,2916
22.815,114.5038,22.7,2916
22.815,114.5083,30.9,2916
22.815,114.5128,35.2,2916
22.815,114.5173,2.0,2862
22.815,114.5217,41.8,2916
22.815,114.5262,0.0,2916
22.815,114.5307,0.0,2916
22.815,114.5352,0.1,2916
22.815,114.5397,0.0,2916
22.815,114.5442,0.0,2916
22.815,114.5487,0.0,2916
22.815,114.5532,0.0,2916
22.815,114.5577,0.0,2916
22.815,114.5622,0.0,2862
22.815,114.5667,0.0,2916
22.815,114.5711,0.0,2916
22.815,114.5756,0.0,2916
22.815,114.5801,0.0,2916
22.815,114.5846,0.0,2916
22.815,114.5891,0.0,2916
22.815,114.5936,0.0,2916
22.815,114.5981,0.0,2916
22.815,114.6026,0.0,2916
22.815,114.6071,0.0,2862
22.815,114.6116,0.0,2916
22.815,114.6161,0.0,2916
22.815,114.6206,0.0,2916
22.815,114.625,0.0,2916
22.815,114.6295,0.1,2916
22.815,114.634,0.1,2916
22.815,114.6385,0.0,2916
22.815,114.643,0.0,2916
22.815,114.6475,2.5,2916
22.815,114.652,0.0,108
22.8195,113.7222,95.6,2916
22.8195,113.7267,89.5,2916
22.8195,113.7312,87.5,2916
22.8195,113.7357,56.6,2916
22.8195,113.7402,50.9,2916
22.8195,113.7447,52.4,2916
22.8195,113.7492,1.0,2916
22.8195,113.7537,8.8,2916
22.8195,113.7582,0.1,2916
22.8195,113.7627,0.0,2862
22.8195,113.7672,0.0,2916
22.8195,113.7717,39.6,2916
22.8195,113.7761,47.2,2916
22.8195,113.7806,70.5,2916
22.8195,113.7851,97.7,2916
22.8195,113.7896,70.7,2916
22.8195,113.7941,68.4,2916
22.8195,113.7986,33.3,2916
22.8195,113.8031,66.9,2916
22.8195,113.8076,46.3,2862
22.8195,113.8121,96.4,2916
22.8195,113.8166,99.1,2916
22.8195,113.8211,64.8,2916
22.8195,113.8256,17.6,2916
22.8195,113.83,3.8,2916
22.8195,113.8345,64.5,2916
22.8195,113.839,72.0,2916
22.8195,113.8435,14.0,2916
22.8195,113.848,19.5,2916
22.8195,113.8525,35.7,2862
22.8195,113.857,54.3,2916
22.8195,113.8615,72.8,2916
22.8195,113.866,57.1,2916
22.8195,113.8705,33.9,2916
22.8195,113.875,88.8,2916
22.8195,113.8795,95.1,2916
22.8195,113.8839,34.6,2916
22.8195,113.8884,3.9,2916
22.8195,113.8929,3.3,2916
22.8195,113.8974,6.7,2862
22.8195,113.9019,4.8,2916
22.8195,113.9064,3.3,2916
22.8195,113.9109,0.0,2916
22.8195,113.9154,0.0,2916
22.8195,113.9199,0.0,2916
22.8195,113.9244,0.5,2916
22.8195,113.9289,5.0,2916
22.8195,113.9333,6.3,2916
22.8195,113.9378,20.9,2916
22.8195,113.9423,4.9,2862
22.8195,113.9468,21.9,2916
22.8195,113.9513,44.1,2916
22.8195,113.9558,61.5,2916
22.8195,113.9603,76.7,2916
22.8195,113.9648,86.5,2916
22.8195,113.9693,92.2,2916
22.8195,113.9738,56.8,2916
22.8195,113.9783,9.5,2916
22.8195,113.9828,0.0,2916
22.8195,113.9872,1.5,2862
22.8195,113.9917,2.9,2916
22.8195,113.9962,0.0,2916
22.8195,114.0007,0.0,2970
22.8195,114.0052,0.0,2916
22.8195,114.0097,0.2,2916
22.8195,114.0142,20.0,2916
22.8195,114.0187,5.5,2916
22.8195,114.0232,0.0,2916
22.8195,114.0277,0.0,2916
22.8195,114.0322,0.6,2862
22.8195,114.0367,0.1,2916
22.8195,114.0411,0.0,2916
22.8195,114.0456,7.7,2916
22.8195,114.0501,7.5,2916
22.8195,114.0546,5.2,2916
22.8195,114.0591,0.7,2916
22.8195,114.0636,15.4,2916
22.8195,114.0681,53.5,2916
22.8195,114.0726,56.5,2862
22.8195,114.0771,73.0,2916
22.8195,114.0816,71.0,2916
22.8195,114.0861,64.7,2916
22.8195,114.0906,84.8,2916
22.8195,114.095,95.6,2916
22.8195,114.0995,94.5,2916
22.8195,114.104,91.3,2916
22.8195,114.1085,61.9,2916
22.8195,114.113,26.7,2916
22.8195,114.1175,31.0,2862
22.8195,114.122,38.2,2916
22.8195,114.1265,64.7,2916
22.8195,114.131,57.6,2916
22.8195,114.1355,29.8,2916
22.8195,114.14,19.3,2916
22.8195,114.1445,86.3,2916
22.8195,114.1489,79.8,2916
22.8195,114.1534,72.2,2916
22.8195,114.1579,90.2,2916
22.8195,114.1624,93.4,2862
22.8195,114.1669,89.3,2916
22.8195,114.1714,76.8,2916
22.8195,114.1759,79.9,2916
22.8195,114.1804,70.6,2916
22.8195,114.1849,75.3,2916
22.8195,114.1894,76.2,2916
22.8195,114.1939,42.1,2916
22.8195,114.1984,0.4,2916
22.8195,114.2028,0.3,2916
22.8195,114.2073,1.4,2862
22.8195,114.2118,1.6,2916
22.8195,114.2163,37.1,2916
22.8195,114.2208,16.0,2916
22.8195,114.2253,6.0,2916
22.8195,114.2298,12.3,2916
22.8195,114.2343,24.6,2916
22.8195,114.2388,24.2,2916
22.8195,114.2433,10.4,2916
22.8195,114.2478,12.9,2916
22.8195,114.2522,0.0,2862
22.8195,114.2567,0.0,2916
22.8195,114.2612,0.0,2916
22.8195,114.2657,5.1,2916
22.8195,114.2702,2.4,2916
22.8195,114.2747,0.7,2916
22.8195,114.2792,0.0,2916
22.8195,114.2837,0.3,2916
22.8195,114.2882,0.0,2916
22.8195,114.2927,1.6,2916
22.8195,114.2972,4.9,2862
22.8195,114.3017,33.6,2916
22.8195,114.3061,34.9,2916
22.8195,114.3106,52.9,2916
22.8195,114.3151,64.7,2916
22.8195,114.3196,58.3,2916
22.8195,114.3241,85.5,2916
22.8195,114.3286,36.3,2916
22.8195,114.3331,42.4,2916
22.8195,114.3376,17.3,2916
22.8195,114.3421,0.0,2862
22.8195,114.3466,0.0,2916
22.8195,114.3511,0.0,2916
22.8195,114.3556,0.0,2916
22.8195,114.36,0.0,2916
22.8195,114.3645,0.0,2916
22.8195,114.369,0.0,2916
22.8195,114.3735,0.0,2916
22.8195,114.378,0.0,2916
22.8195,114.3825,0.0,2916
22.8195,114.387,0.0,2862
22.8195,114.3915,0.0,2916
22.8195,114.396,9.6,2916
22.8195,114.4005,42.4,2916
22.8195,114.405,34.8,2916
22.8195,114.4095,23.0,2916
22.8195,114.4139,84.5,2916
22.8195,114.4184,73.4,2916
22.8195,114.4229,86.7,2916
22.8195,114.4274,99.6,2862
22.8195,114.4319,73.8,2916
22.8195,114.4364,80.6,2916
22.8195,114.4409,65.3,2916
22.8195,114.4454,54.0,2916
22.8195,114.4499,38.3,2916
22.8195,114.4544,67.8,2916
22.8195,114.4589,17.0,2916
22.8195,114.4634,11.9,2916
22.8195,114.4678,39.4,2916
22.8195,114.4723,6.6,2862
22.8195,114.4768,11.4,2916
22.8195,114.4813,10.8,2916
22.8195,114.4858,19.7,2916
22.8195,114.4903,58.3,2916
22.8195,114.4948,20.6,2916
22.8195,114.4993,14.9,2916
22.8195,114.5038,48.9,2916
22.8195,114.5083,25.2,2916
22.8195,114.5128,24.8,2916
22.8195,114.5173,11.8,2862
22.8195,114.5217,0.2,2916
22.8195,114.5262,0.0,2916
22.8195,114.5307,0.0,2916
22.8195,114.5352,0.0,2916
22.8195,114.5397,0.0,2916
22.8195,114.5442,0.0,2916
22.8195,114.5487,0.0,2916
22.8195,114.5532,0.0,2916
22.8195,114.5577,0.0,2916
22.8195,114.5622,0.5,2862
22.8195,114.5667,2.0,2916
22.8195,114.5711,0.0,2916
22.8195,114.5756,0.0,2916
22.8195,114.5801,0.0,2916
22.8195,114.5846,0.0,2916
22.8195,114.5891,0.0,2916
22.8195,114.5936,0.0,2916
22.8195,114.5981,0.0,2916
22.8195,114.6026,0.0,2916
22.8195,114.6071,0.0,2862
22.8195,114.6116,0.0,2916
22.8195,114.6161,0.0,2916
22.8195,114.6206,0.0,2916
22.8195,114.625,0.2,2916
22.8195,114.6295,0.1,2916
22.8195,114.634,0.0,2916
22.8195,114.6385,0.0,2916
22.8195,114.643,2.9,2916
22.8195,114.6475,1.9,2916
22.8195,114.652,0.0,108
22.824,113.7222,84.7,2916
22.824,113.7267,59.2,2916
22.824,113.7312,60.8,2916
22.824,113.7357,12.1,2916
22.824,113.7402,6.6,2916
22.824,113.7447,4.6,2916
22.824,113.7492,2.9,2916
22.824,113.7537,4.2,2916
22.824,113.7582,9.7,2916
22.824,113.7627,37.9,2862
22.824,113.7672,63.9,2916
22.824,113.7717,46.0,2916
22.824,113.7761,52.4,2916
22.824,113.7806,19.4,2916
22.824,113.7851,91.1,2916
22.824,113.7896,50.9,2916
22.824,113.7941,52.4,2916
22.824,113.7986,69.5,2916
22.824,113.8031,75.3,2916
22.824,113.8076,41.9,2862
22.824,113.8121,8.1,2916
22.824,113.8166,37.8,2916
22.824,113.8211,41.9,2916
22.824,113.8256,28.1,2916
22.824,113.83,0.0,2916
22.824,113.8345,16.9,2916
22.824,113.839,7.3,2916
22.824,113.8435,14.5,2916
22.824,113.848,26.2,2916
22.824,113.8525,4.5,2862
22.824,113.857,0.0,2916
22.824,113.8615,18.8,2916
22.824,113.866,69.8,2916
22.824,113.8705,17.8,2916
22.824,113.875,33.8,2916
22.824,113.8795,41.0,2916
22.824,113.8839,15.6,2916
22.824,113.8884,1.8,2916
22.824,113.8929,0.0,2916
22.824,113.8974,0.0,2862
22.824,113.9019,0.0,2916
22.824,113.9064,0.6,2916
22.824,113.9109,0.0,2916
22.824,113.9154,0.0,2916
22.824,113.9199,0.0,2916
22.824,113.9244,0.0,2916
22.824,113.9289,0.4,2916
22.824,113.9333,11.9,2916
22.824,113.9378,5.6,2916
22.824,113.9423,24.4,2862
22.824,113.9468,6.2,2916
22.824,113.9513,89.6,2916
22.824,113.9558,77.8,2916
22.824,113.9603,48.6,2916
22.824,113.9648,78.6,2916
22.824,113.9693,89.3,2916
22.824,113.9738,69.5,2916
22.824,113.9783,2.2,2916
22.824,113.9828,0.1,2916
22.824,113.9872,4.1,2862
22.824,113.9917,0.0,2916
22.824,113.9962,0.0,2916
22.824,114.0007,0.0,2970
22.824,114.0052,1.0,2916
22.824,114.0097,23.3,2916
22.824,114.0142,3.1,2916
22.824,114.0187,0.2,2916
22.824,114.0232,0.0,2916
22.824,114.0277,0.0,2916
22.824,114.0322,0.0,2862
22.824,114.0367,0.1,2916
22.824,114.0411,0.0,2916
22.824,114.0456,0.0,2916
22.824,114.0501,0.0,2916
22.824,114.0546,5.8,2916
22.824,114.0591,4.2,2916
22.824,114.0636,6.0,2916
22.824,114.0681,40.0,2916
22.824,114.0726,34.5,2862
22.824,114.0771,35.5,2916
22.824,114.0816,37.9,2916
22.824,114.0861,75.0,2916
22.824,114.0906,82.9,2916
22.824,114.095,94.1,2916
22.824,114.0995,93.4,2916
22.824,114.104,89.4,2916
22.824,114.1085,49.7,2916
22.824,114.113,5.1,2916
22.824,114.1175,3.0,2862
22.824,114.122,8.4,2916
22.824,114.1265,4.3,2916
22.824,114.131,56.4,2916
22.824,114.1355,51.0,2916
22.824,114.14,4.6,2916
22.824,114.1445,54.1,2916
22.824,114.1489,65.7,2916
22.824,114.1534,64.8,2916
22.824,114.1579,75.9,2916
22.824,114.1624,73.0,2862
22.824,114.1669,85.8,2916
22.824,114.1714,89.6,2916
22.824,114.1759,89.5,2916
22.824,114.1804,95.6,2916
22.824,114.1849,90.9,2916
22.824,114.1894,35.8,2916
22.824,114.1939,39.2,2916
22.824,114.1984,53.4,2916
22.824,114.2028,17.2,2916
22.824,114.2073,26.2,2862
22.824,114.2118,69.5,2916
22.824,114.2163,63.4,2916
22.824,114.2208,59.3,2916
22.824,114.2253,0.4,2916
22.824,114.2298,0.0,2916
22.824,114.2343,28.6,2916
22.824,114.2388,21.5,2916
22.824,114.2433,40.1,2916
22.824,114.2478,3.1,2916
22.824,114.2522,2.0,2862
22.824,114.2567,0.0,2916
22.824,114.2612,0.0,2916
22.824,114.2657,11.0,2916
22.824,114.2702,0.9,2916
22.824,114.2747,0.0,2916
22.824,114.2792,0.0,2916
22.824,114.2837,0.7,2916
22.824,114.2882,6.3,2916
22.824,114.2927,46.2,2916
22.824,114.2972,23.7,2862
22.824,114.3017,65.4,2916
22.824,114.3061,22.2,2916
22.824,114.3106,11.8,2916
22.824,114.3151,8.7,2916
22.824,114.3196,13.7,2916
22.824,114.3241,78.5,2916
22.824,114.3286,89.5,2916
22.824,114.3331,36.6,2916
22.824,114.3376,0.0,2916
22.824,114.3421,0.0,2862
22.824,114.3466,0.2,2916
22.824,114.3511,0.0,2916
22.824,114.3556,0.1,2916
22.824,114.36,0.5,2916
22.824,114.3645,0.0,2916
22.824,114.369,0.0,2916
22.824,114.3735,0.0,2916
22.824,114.378,0.0,2916
22.824,114.3825,0.0,2916
22.824,114.387,3.1,2862
22.824,114.3915,1.6,2916
22.824,114.396,2.5,2916
22.824,114.4005,40.0,2916
22.824,114.405,76.0,2916
22.824,114.4095,49.4,2916
22.824,114.4139,70.3,2916
22.824,114.4184,56.0,2916
22.824,114.4229,70.4,2916
22.824,114.4274,57.8,2862
22.824,114.4319,75.6,2916
22.824,114.4364,31.8,2916
22.824,114.4409,6.3,2916
22.824,114.4454,18.7,2916
22.824,114.4499,69.5,2916
22.824,114.4544,57.5,2916
22.824,114.4589,12.8,2916
22.824,114.4634,5.1,2916
22.824,114.4678,6.1,2916
22.824,114.4723,0.0,2862
22.824,114.4768,0.0,2916
22.824,114.4813,0.0,2916
22.824,114.4858,5.7,2916
22.824,114.4903,24.2,2916
22.824,114.4948,60.6,2916
22.824,114.4993,0.2,2916
22.824,114.5038,32.6,2916
22.824,114.5083,40.3,2916
22.824,114.5128,1.4,2916
22.824,114.5173,0.0,2862
22.824,114.5217,0.0,2916
22.824,114.5262,0.1,2916
22.824,114.5307,0.0,2916
22.824,114.5352,0.0,2916
22.824,114.5397,0.0,2916
22.824,114.5442,0.0,2916
22.824,114.5487,0.0,2916
22.824,114.5532,0.0,2916
22.824,114.5577,0.7,2916
22.824,114.5622,0.7,2862
22.824,114.5667,0.0,2916
22.824,114.5711,0.0,2916
22.824,114.5756,0.0,2916
22.824,114.5801,0.0,2916
22.824,114.5846,0.0,2916
22.824,114.5891,0.0,2916
22.824,114.5936,0.0,2916
22.824,114.5981,0.0,2916
22.824,114.6026,0.0,2916
22.824,114.6071,0.0,2862
22.824,114.6116,0.0,2916
22.824,114.6161,0.0,2916
22.824,114.6206,0.0,2916
22.824,114.625,0.0,2916
22.824,114.6295,0.0,2916
22.824,114.634,0.4,2916
22.824,114.6385,0.6,2916
22.824,114.643,0.0,2916
22.824,114.6475,0.0,2916
22.824,114.652,0.0,108
22.8285,113.7222,91.7,2916
22.8285,113.7267,76.4,2916
22.8285,113.7312,94.1,2916
22.8285,113.7357,30.0,2916
22.8285,113.7402,17.3,2916
22.8285,113.7447,35.6,2916
22.8285,113.7492,2.9,2916
22.8285,113.7537,24.4,2916
22.8285,113.7582,27.6,2916
22.8285,113.7627,5.7,2862
22.8285,113.7672,41.5,2916
22.8285,113.7717,42.1,2916
22.8285,113.7761,28.1,2916
22.8285,113.7806,31.6,2916
22.8285,113.7851,50.7,2916
22.8285,113.7896,53.3,2916
22.8285,113.7941,56.6,2916
22.8285,113.7986,57.1,2916
22.8285,113.8031,51.6,2916
22.8285,113.8076,2.2,2862
22.8285,113.8121,5.9,2916
22.8285,113.8166,0.0,2916
22.8285,113.8211,23.9,2916
22.8285,113.8256,34.1,2916
22.8285,113.83,8.3,2916
22.8285,113.8345,0.0,2916
22.8285,113.839,0.0,2916
22.8285,113.8435,20.5,2916
22.8285,113.848,7.4,2916
22.8285,113.8525,1.3,2862
22.8285,113.857,0.0,2916
22.8285,113.8615,3.9,2916
22.8285,113.866,34.5,2916
22.8285,113.8705,31.1,2916
22.8285,113.875,10.3,2916
22.8285,113.8795,6.7,2916
22.8285,113.8839,0.1,2916
22.8285,113.8884,0.0,2916
22.8285,113.8929,0.0,2916
22.8285,113.8974,0.0,2862
22.8285,113.9019,0.0,2916
22.8285,113.9064,0.0,2916
22.8285,113.9109,0.0,2916
22.8285,113.9154,0.1,2916
22.8285,113.9199,0.0,2916
22.8285,113.9244,0.0,2916
22.8285,113.9289,0.0,2916
22.8285,113.9333,1.2,2916
22.8285,113.9378,9.1,2916
22.8285,113.9423,5.1,2862
22.8285,113.9468,0.0,2916
22.8285,113.9513,46.5,2916
22.8285,113.9558,54.3,2916
22.8285,113.9603,2.9,2916
22.8285,113.9648,74.0,2916
22.8285,113.9693,80.7,2916
22.8285,113.9738,57.2,2916
22.8285,113.9783,0.3,2916
22.8285,113.9828,0.0,2916
22.8285,113.9872,0.0,2862
22.8285,113.9917,0.3,2916
22.8285,113.9962,0.0,2916
22.8285,114.0007,0.0,2970
22.8285,114.0052,4.7,2916
22.8285,114.0097,39.0,2916
22.8285,114.0142,0.4,2916
22.8285,114.0187,16.0,2916
22.8285,114.0232,2.5,2916
22.8285,114.0277,0.0,2916
22.8285,114.0322,0.0,2862
22.8285,114.0367,0.0,2916
22.8285,114.0411,0.0,2916
22.8285,114.0456,0.0,2916
22.8285,114.0501,0.0,2916
22.8285,114.0546,0.0,2916
22.8285,114.0591,6.1,2916
22.8285,114.0636,13.5,2916
22.8285,114.0681,2.4,2916
22.8285,114.0726,8.0,2862
22.8285,114.0771,22.1,2916
22.8285,114.0816,57.0,2916
22.8285,114.0861,74.2,2916
22.8285,114.0906,79.4,2916
22.8285,114.095,82.1,2916
22.8285,114.0995,79.1,2916
22.8285,114.104,91.3,2916
22.8285,114.1085,43.7,2916
22.8285,114.113,4.0,2916
22.8285,114.1175,11.7,2862
22.8285,114.122,1.2,2916
22.8285,114.1265,21.0,2916
22.8285,114.131,14.8,2916
22.8285,114.1355,2.5,2916
22.8285,114.14,0.1,2916
22.8285,114.1445,18.2,2916
22.8285,114.1489,4.8,2916
22.8285,114.1534,47.9,2916
22.8285,114.1579,72.2,2916
22.8285,114.1624,91.4,2862
22.8285,114.1669,94.8,2916
22.8285,114.1714,92.7,2916
22.8285,114.1759,89.0,2916
22.8285,114.1804,79.2,2916
22.8285,114.1849,92.6,2916
22.8285,114.1894,76.1,2916
22.8285,114.1939,84.7,2916
22.8285,114.1984,81.0,2916
22.8285,114.2028,55.3,2916
22.8285,114.2073,90.3,2862
22.8285,114.2118,52.0,2916
22.8285,114.2163,57.2,2916
22.8285,114.2208,15.0,2916
22.8285,114.2253,0.0,2916
22.8285,114.2298,0.0,2916
22.8285,114.2343,5.5,2916
22.8285,114.2388,51.7,2916
22.8285,114.2433,61.5,2916
22.8285,114.2478,0.0,2916
22.8285,114.2522,1.2,2862
22.8285,114.2567,2.9,2916
22.8285,114.2612,1.4,2916
22.8285,114.2657,9.5,2916
22.8285,114.2702,2.5,2916
22.8285,114.2747,0.0,2916
22.8285,114.2792,0.0,2916
22.8285,114.2837,0.0,2916
22.8285,114.2882,10.7,2916
22.8285,114.2927,75.1,2916
22.8285,114.2972,80.3,2862
22.8285,114.3017,85.2,2916
22.8285,114.3061,16.9,2916
22.8285,114.3106,29.4,2916
22.8285,114.3151,1.1,2916
22.8285,114.3196,14.4,2916
22.8285,114.3241,83.4,2916
22.8285,114.3286,96.7,2916
22.8285,114.3331,3.9,2916
22.8285,114.3376,0.0,2916
22.8285,114.3421,0.0,2862
22.8285,114.3466,0.0,2916
22.8285,114.3511,0.3,2916
22.8285,114.3556,7.0,2916
22.8285,114.36,10.5,2916
22.8285,114.3645,28.8,2916
22.8285,114.369,4.1,2916
22.8285,114.3735,0.0,2916
22.8285,114.378,14.1,2916
22.8285,114.3825,22.7,2916
22.8285,114.387,21.1,2862
22.8285,114.3915,29.9,2916
22.8285,114.396,43.8,2916
22.8285,114.4005,40.0,2916
22.8285,114.405,80.5,2916
22.8285,114.4095,17.7,2916
22.8285,114.4139,35.7,2916
22.8285,114.4184,69.8,2916
22.8285,114.4229,54.5,2916
22.8285,114.4274,6.8,2862
22.8285,114.4319,62.6,2916
22.8285,114.4364,28.8,2916
22.8285,114.4409,0.2,2916
22.8285,114.4454,3.9,2916
22.8285,114.4499,58.9,2916
22.8285,114.4544,58.0,2916
22.8285,114.4589,24.7,2916
22.8285,114.4634,4.0,2916
22.8285,114.4678,3.9,2916
22.8285,114.4723,0.0,2862
22.8285,114.4768,0.7,2916
22.8285,114.4813,0.0,2916
22.8285,114.4858,1.5,2916
22.8285,114.4903,31.6,2916
22.8285,114.4948,44.0,2916
22.8285,114.4993,43.1,2916
22.8285,114.5038,24.2,2916
22.8285,114.5083,26.9,2916
22.8285,114.5128,7.8,2916
22.8285,114.5173,0.0,2862
22.8285,114.5217,0.0,2916
22.8285,114.5262,0.0,2916
22.8285,114.5307,0.0,2916
22.8285,114.5352,0.0,2916
22.8285,114.5397,0.0,2916
22.8285,114.5442,0.0,2916
22.8285,114.5487,0.0,2916
22.8285,114.5532,0.0,2916
22.8285,114.5577,2.5,2916
22.8285,114.5622,5.5,2862
22.8285,114.5667,0.0,2916
22.8285,114.5711,0.0,2916
22.8285,114.5756,0.2,2916
22.8285,114.5801,0.0,2916
22.8285,114.5846,2.2,2916
22.8285,114.5891,0.0,2916
22.8285,114.5936,0.0,2916
22.8285,114.5981,0.0,2916
22.8285,114.6026,0.0,2916
22.8285,114.6071,0.0,2862
22.8285,114.6116,0.0,2916
22.8285,114.6161,0.0,2916
22.8285,114.6206,0.0,2916
22.8285,114.625,0.0,2916
22.8285,114.6295,0.0,2916
22.8285,114.634,0.5,2916
22.8285,114.6385,0.0,2916
22.8285,114.643,0.0,2916
22.8285,114.6475,0.0,2916
22.8285,114.652,0.0,108
22.833,113.7222,98.1,2916
22.833,113.7267,81.3,2916
22.833,113.7312,79.7,2916
22.833,113.7357,70.1,2916
22.833,113.7402,39.3,2916
22.833,113.7447,18.1,2916
22.833,113.7492,27.6,2916
22.833,113.7537,43.5,2916
22.833,113.7582,13.7,2916
22.833,113.7627,29.7,2862
22.833,113.7672,8.9,2916
22.833,113.7717,16.5,2916
22.833,113.7761,0.4,2916
22.833,113.7806,5.4,2916
22.833,113.7851,21.6,2916
22.833,113.7896,72.9,2916
22.833,113.7941,68.1,2916
22.833,113.7986,17.8,2916
22.833,113.8031,6.4,2916
22.833,113.8076,0.0,2862
22.833,113.8121,0.0,2916
22.833,113.8166,4.1,2916
22.833,113.8211,10.3,2916
22.833,113.8256,1.0,2916
22.833,113.83,0.0,2916
22.833,113.8345,0.2,2916
22.833,113.839,17.4,2916
22.833,113.8435,36.0,2916
22.833,113.848,8.2,2916
22.833,113.8525,1.4,2862
22.833,113.857,3.3,2916
22.833,113.8615,0.7,2916
22.833,113.866,0.0,2916
22.833,113.8705,7.6,2916
22.833,113.875,14.6,2916
22.833,113.8795,0.0,2916
22.833,113.8839,0.3,2916
22.833,113.8884,0.0,2916
22.833,113.8929,0.7,2916
22.833,113.8974,0.0,2862
22.833,113.9019,0.0,2916
22.833,113.9064,0.0,2916
22.833,113.9109,0.0,2916
22.833,113.9154,0.0,2916
22.833,113.9199,0.0,2916
22.833,113.9244,0.0,2916
22.833,113.9289,0.0,2916
22.833,113.9333,1.0,2916
22.833,113.9378,2.3,2916
22.833,113.9423,1.2,2862
22.833,113.9468,0.3,2916
22.833,113.9513,11.2,2916
22.833,113.9558,33.7,2916
22.833,113.9603,16.2,2916
22.833,113.9648,20.8,2916
22.833,113.9693,86.2,2916
22.833,113.9738,82.0,2916
22.833,113.9783,24.2,2916
22.833,113.9828,4.2,2916
22.833,113.9872,3.7,2862
22.833,113.9917,3.1,2916
22.833,113.9962,0.5,2916
22.833,114.0007,12.4,2970
22.833,114.0052,41.5,2916
22.833,114.0097,80.2,2916
22.833,114.0142,14.5,2916
22.833,114.0187,26.7,2916
22.833,114.0232,1.0,2916
22.833,114.0277,0.0,2916
22.833,114.0322,0.0,2862
22.833,114.0367,0.0,2916
22.833,114.0411,0.0,2916
22.833,114.0456,0.0,2916
22.833,114.0501,0.0,2916
22.833,114.0546,0.0,2916
22.833,114.0591,3.8,2916
22.833,114.0636,6.8,2916
22.833,114.0681,5.3,2916
22.833,114.0726,5.7,2862
22.833,114.0771,65.6,2916
22.833,114.0816,85.7,2916
22.833,114.0861,81.3,2916
22.833,114.0906,72.2,2916
22.833,114.095,60.6,2916
22.833,114.0995,92.0,2916
22.833,114.104,82.3,2916
22.833,114.1085,78.6,2916
22.833,114.113,3.2,2916
22.833,114.1175,18.3,2862
22.833,114.122,11.5,2916
22.833,114.1265,0.1,2916
22.833,114.131,0.0,2916
22.833,114.1355,0.0,2916
22.833,114.14,7.4,2916
22.833,114.1445,4.0,2916
22.833,114.1489,34.7,2916
22.833,114.1534,45.2,2916
22.833,114.1579,64.0,2916
22.833,114.1624,96.5,2862
22.833,114.1669,90.7,2916
22.833,114.1714,81.0,2916
22.833,114.1759,65.9,2916
22.833,114.1804,65.5,2916
22.833,114.1849,70.6,2916
22.833,114.1894,79.6,2916
22.833,114.1939,84.8,2916
22.833,114.1984,88.1,2916
22.833,114.2028,43.6,2916
22.833,114.2073,34.5,2862
22.833,114.2118,23.2,2916
22.833,114.2163,47.1,2916
22.833,114.2208,1.4,2916
22.833,114.2253,0.0,2916
22.833,114.2298,0.0,2916
22.833,114.2343,0.0,2916
22.833,114.2388,8.9,2916
22.833,114.2433,43.9,2916
22.833,114.2478,32.9,2916
22.833,114.2522,11.7,2862
22.833,114.2567,0.3,2916
22.833,114.2612,9.4,2916
22.833,114.2657,4.5,2916
22.833,114.2702,0.0,2916
22.833,114.2747,0.0,2916
22.833,114.2792,0.0,2916
22.833,114.2837,0.0,2916
22.833,114.2882,21.1,2916
22.833,114.2927,61.1,2916
22.833,114.2972,25.4,2862
22.833,114.3017,13.2,2916
22.833,114.3061,6.9,2916
22.833,114.3106,5.3,2916
22.833,114.3151,22.3,2916
22.833,114.3196,49.3,2916
22.833,114.3241,83.3,2916
22.833,114.3286,76.6,2916
22.833,114.3331,22.9,2916
22.833,114.3376,0.0,2916
22.833,114.3421,0.0,2862
22.833,114.3466,0.0,2916
22.833,114.3511,0.0,2916
22.833,114.3556,31.9,2916
22.833,114.36,46.9,2916
22.833,114.3645,70.1,2916
22.833,114.369,12.7,2916
22.833,114.3735,0.0,2916
22.833,114.378,41.1,2916
22.833,114.3825,23.8,2916
22.833,114.387,1.8,2862
22.833,114.3915,1.0,2916
22.833,114.396,0.0,2916
22.833,114.4005,3.0,2916
22.833,114.405,2.5,2916
22.833,114.4095,6.4,2916
22.833,114.4139,27.6,2916
22.833,114.4184,69.8,2916
22.833,114.4229,82.5,2916
22.833,114.4274,80.1,2862
22.833,114.4319,72.0,2916
22.833,114.4364,81.3,2916
22.833,114.4409,8.3,2916
22.833,114.4454,6.6,2916
22.833,114.4499,20.1,2916
22.833,114.4544,24.1,2916
22.833,114.4589,11.1,2916
22.833,114.4634,16.4,2916
22.833,114.4678,6.8,2916
22.833,114.4723,5.7,2862
22.833,114.4768,7.8,2916
22.833,114.4813,8.4,2916
22.833,114.4858,22.9,2916
22.833,114.4903,27.9,2916
22.833,114.4948,8.0,2916
22.833,114.4993,23.4,2916
22.833,114.5038,48.3,2916
22.833,114.5083,25.0,2916
22.833,114.5128,0.0,2916
22.833,114.5173,0.0,2862
22.833,114.5217,0.0,2916
22.833,114.5262,0.0,2916
22.833,114.5307,0.2,2916
22.833,114.5352,0.0,2916
22.833,114.5397,0.0,2916
22.833,114.5442,0.0,2916
22.833,114.5487,0.0,2916
22.833,114.5532,0.0,2916
22.833,114.5577,0.0,2916
22.833,114.5622,0.0,2862
22.833,114.5667,0.0,2916
22.833,114.5711,0.0,2916
22.833,114.5756,0.0,2916
22.833,114.5801,0.2,2916
22.833,114.5846,0.3,2916
22.833,114.5891,0.0,2916
22.833,114.5936,0.0,2916
22.833,114.5981,0.0,2916
22.833,114.6026,0.0,2916
22.833,114.6071,0.0,2862
22.833,114.6116,2.6,2916
22.833,114.6161,0.0,2916
22.833,114.6206,0.0,2916
22.833,114.625,0.2,2916
22.833,114.6295,0.0,2916
22.833,114.634,0.4,2916
22.833,114.6385,0.0,2916
22.833,114.643,0.0,2916
22.833,114.6475,0.0,2916
22.833,114.652,0.0,108
22.8375,113.7222,90.3,2862
22.8375,113.7267,76.1,2862
22.8375,113.7312,96.4,2862
22.8375,113.7357,86.2,2862
22.8375,113.7402,77.6,2862
22.8375,113.7447,60.2,2862
22.8375,113.7492,21.5,2862
22.8375,113.7537,11.1,2862
22.8375,113.7582,16.5,2862
22.8375,113.7627,10.9,2809
22.8375,113.7672,3.7,2862
22.8375,113.7717,5.5,2862
22.8375,113.7761,3.0,2862
22.8375,113.7806,1.7,2862
22.8375,113.7851,0.6,2862
22.8375,113.7896,20.2,2862
22.8375,113.7941,16.2,2862
22.8375,113.7986,8.2,2862
22.8375,113.8031,5.5,2862
22.8375,113.8076,0.0,2809
22.8375,113.8121,0.0,2862
22.8375,113.8166,7.2,2862
22.8375,113.8211,36.1,2862
22.8375,113.8256,6.0,2862
22.8375,113.83,2.3,2862
22.8375,113.8345,1.6,2862
22.8375,113.839,0.0,2862
22.8375,113.8435,0.0,2862
22.8375,113.848,0.0,2862
22.8375,113.8525,0.4,2809
22.8375,113.857,0.0,2862
22.8375,113.8615,0.0,2862
22.8375,113.866,5.4,2862
22.8375,113.8705,18.4,2862
22.8375,113.875,4.1,2862
22.8375,113.8795,0.0,2862
22.8375,113.8839,0.0,2862
22.8375,113.8884,0.0,2862
22.8375,113.8929,0.0,2862
22.8375,113.8974,0.5,2809
22.8375,113.9019,0.0,2862
22.8375,113.9064,0.0,2862
22.8375,113.9109,0.0,2862
22.8375,113.9154,0.0,2862
22.8375,113.9199,0.0,2862
22.8375,113.9244,0.0,2862
22.8375,113.9289,0.1,2862
22.8375,113.9333,0.3,2862
22.8375,113.9378,0.1,2862
22.8375,113.9423,0.0,2809
22.8375,113.9468,0.0,2862
22.8375,113.9513,0.0,2862
22.8375,113.9558,0.0,2862
22.8375,113.9603,3.0,2862
22.8375,113.9648,26.2,2862
22.8375,113.9693,91.1,2862
22.8375,113.9738,95.2,2862
22.8375,113.9783,90.8,2862
22.8375,113.9828,44.9,2862
22.8375,113.9872,23.1,2809
22.8375,113.9917,1.4,2862
22.8375,113.9962,1.5,2862
22.8375,114.0007,40.9,2915
22.8375,114.0052,72.4,2862
22.8375,114.0097,71.1,2862
22.8375,114.0142,60.3,2862
22.8375,114.0187,27.0,2862
22.8375,114.0232,3.6,2862
22.8375,114.0277,0.0,2862
22.8375,114.0322,0.0,2809
22.8375,114.0367,0.0,2862
22.8375,114.0411,0.0,2862
22.8375,114.0456,0.0,2862
22.8375,114.0501,0.0,2862
22.8375,114.0546,0.0,2862
22.8375,114.0591,5.4,2862
22.8375,114.0636,5.2,2862
22.8375,114.0681,14.6,2862
22.8375,114.0726,49.6,2809
22.8375,114.0771,80.5,2862
22.8375,114.0816,71.2,2862
22.8375,114.0861,84.2,2862
22.8375,114.0906,76.9,2862
22.8375,114.095,86.8,2862
22.8375,114.0995,68.4,2862
22.8375,114.104,22.5,2862
22.8375,114.1085,17.7,2862
22.8375,114.113,8.4,2862
22.8375,114.1175,6.2,2809
22.8375,114.122,0.7,2862
22.8375,114.1265,0.2,2862
22.8375,114.131,0.2,2862
22.8375,114.1355,28.6,2862
22.8375,114.14,11.4,2862
22.8375,114.1445,15.5,2862
22.8375,114.1489,45.5,2862
22.8375,114.1534,73.4,2862
22.8375,114.1579,91.7,2862
22.8375,114.1624,74.8,2809
22.8375,114.1669,58.4,2862
22.8375,114.1714,64.8,2862
22.8375,114.1759,84.5,2862
22.8375,114.1804,87.5,2862
22.8375,114.1849,63.7,2862
22.8375,114.1894,65.7,2862
22.8375,114.1939,92.8,2862
22.8375,114.1984,42.9,2862
22.8375,114.2028,14.0,2862
22.8375,114.2073,4.0,2809
22.8375,114.2118,0.3,2862
22.8375,114.2163,4.4,2862
22.8375,114.2208,0.3,2862
22.8375,114.2253,0.0,2862
22.8375,114.2298,0.0,2862
22.8375,114.2343,0.0,2862
22.8375,114.2388,8.8,2862
22.8375,114.2433,31.0,2862
22.8375,114.2478,59.6,2862
22.8375,114.2522,65.7,2809
22.8375,114.2567,17.7,2862
22.8375,114.2612,1.2,2862
22.8375,114.2657,0.0,2862
22.8375,114.2702,0.0,2862
22.8375,114.2747,0.0,2862
22.8375,114.2792,0.0,2862
22.8375,114.2837,9.2,2862
22.8375,114.2882,50.1,2862
22.8375,114.2927,20.6,2862
22.8375,114.2972,6.2,2809
22.8375,114.3017,0.0,2862
22.8375,114.3061,0.0,2862
22.8375,114.3106,1.2,2862
22.8375,114.3151,15.1,2862
22.8375,114.3196,65.5,2862
22.8375,114.3241,77.8,2862
22.8375,114.3286,95.3,2862
22.8375,114.3331,44.4,2862
22.8375,114.3376,6.0,2862
22.8375,114.3421,0.0,2809
22.8375,114.3466,2.3,2862
22.8375,114.3511,40.9,2862
22.8375,114.3556,57.4,2862
22.8375,114.36,84.5,2862
22.8375,114.3645,60.4,2862
22.8375,114.369,5.1,2862
22.8375,114.3735,0.6,2862
22.8375,114.378,12.2,2862
22.8375,114.3825,0.0,2862
22.8375,114.387,0.0,2809
22.8375,114.3915,0.0,2862
22.8375,114.396,0.0,2862
22.8375,114.4005,0.0,2862
22.8375,114.405,5.9,2862
22.8375,114.4095,6.0,2862
22.8375,114.4139,9.9,2862
22.8375,114.4184,27.3,2862
22.8375,114.4229,61.7,2862
22.8375,114.4274,68.0,2809
22.8375,114.4319,27.2,2862
22.8375,114.4364,42.4,2862
22.8375,114.4409,42.6,2862
22.8375,114.4454,32.9,2862
22.8375,114.4499,7.0,2862
22.8375,114.4544,12.3,2862
22.8375,114.4589,0.0,2862
22.8375,114.4634,0.3,2862
22.8375,114.4678,0.0,2862
22.8375,114.4723,1.0,2809
22.8375,114.4768,9.1,2862
22.8375,114.4813,0.1,2862
22.8375,114.4858,28.9,2862
22.8375,114.4903,7.7,2862
22.8375,114.4948,39.6,2862
22.8375,114.4993,5.2,2862
22.8375,114.5038,14.8,2862
22.8375,114.5083,8.2,2862
22.8375,114.5128,41.3,2862
22.8375,114.5173,5.4,2809
22.8375,114.5217,0.0,2862
22.8375,114.5262,7.4,2862
22.8375,114.5307,7.0,2862
22.8375,114.5352,0.4,2862
22.8375,114.5397,0.3,2862
22.8375,114.5442,0.4,2862
22.8375,114.5487,0.0,2862
22.8375,114.5532,0.2,2862
22.8375,114.5577,0.3,2862
22.8375,114.5622,0.5,2809
22.8375,114.5667,1.7,2862
22.8375,114.5711,0.1,2862
22.8375,114.5756,0.0,2862
22.8375,114.5801,0.1,2862
22.8375,114.5846,0.0,2862
22.8375,114.5891,0.0,2862
22.8375,114.5936,0.0,2862
22.8375,114.5981,0.0,2862
22.8375,114.6026,0.0,2862
22.8375,114.6071,1.7,2809
22.8375,114.6116,0.6,2862
22.8375,114.6161,0.0,2862
22.8375,114.6206,0.7,2862
22.8375,114.625,0.8,2862
22.8375,114.6295,2.9,2862
22.8375,114.634,0.7,2862
22.8375,114.6385,0.0,2862
22.8375,114.643,0.0,2862
22.8375,114.6475,0.0,2862
22.8375,114.652,0.0,106
22.842,113.7222,45.4,2916
22.842,113.7267,56.7,2916
22.842,113.7312,65.5,2916
22.842,113.7357,81.6,2916
22.842,113.7402,45.6,2916
22.842,113.7447,59.1,2916
22.842,113.7492,53.9,2916
22.842,113.7537,14.1,2916
22.842,113.7582,4.5,2916
22.842,113.7627,7.0,2862
22.842,113.7672,16.1,2916
22.842,113.7717,0.0,2916
22.842,113.7761,0.0,2916
22.842,113.7806,0.0,2916
22.842,113.7851,0.3,2916
22.842,113.7896,0.0,2916
22.842,113.7941,0.0,2916
22.842,113.7986,0.0,2916
22.842,113.8031,0.0,2916
22.842,113.8076,0.0,2862
22.842,113.8121,0.0,2916
22.842,113.8166,0.0,2916
22.842,113.8211,37.0,2916
22.842,113.8256,59.7,2916
22.842,113.83,41.9,2916
22.842,113.8345,0.5,2916
22.842,113.839,0.0,2916
22.842,113.8435,0.0,2916
22.842,113.848,0.0,2916
22.842,113.8525,0.0,2862
22.842,113.857,0.0,2916
22.842,113.8615,0.9,2916
22.842,113.866,12.6,2916
22.842,113.8705,1.4,2916
22.842,113.875,0.0,2916
22.842,113.8795,0.0,2916
22.842,113.8839,0.0,2916
22.842,113.8884,0.0,2916
22.842,113.8929,0.0,2916
22.842,113.8974,0.0,2862
22.842,113.9019,0.0,2916
22.842,113.9064,0.1,2916
22.842,113.9109,0.0,2916
22.842,113.9154,0.0,2916
22.842,113.9199,0.0,2916
22.842,113.9244,0.0,2916
22.842,113.9289,0.0,2916
22.842,113.9333,0.0,2916
22.842,113.9378,0.0,2916
22.842,113.9423,0.0,2862
22.842,113.9468,0.0,2916
22.842,113.9513,0.0,2916
22.842,113.9558,2.0,2916
22.842,113.9603,11.5,2916
22.842,113.9648,71.9,2916
22.842,113.9693,85.9,2916
22.842,113.9738,78.2,2916
22.842,113.9783,91.6,2916
22.842,113.9828,91.0,2916
22.842,113.9872,67.0,2862
22.842,113.9917,30.8,2916
22.842,113.9962,17.8,2916
22.842,114.0007,39.2,2970
22.842,114.0052,67.1,2916
22.842,114.0097,93.1,2916
22.842,114.0142,48.9,2916
22.842,114.0187,2.8,2916
22.842,114.0232,0.0,2916
22.842,114.0277,0.0,2916
22.842,114.0322,0.0,2862
22.842,114.0367,0.0,2916
22.842,114.0411,0.0,2916
22.842,114.0456,0.1,2916
22.842,114.0501,0.0,2916
22.842,114.0546,1.0,2916
22.842,114.0591,5.2,2916
22.842,114.0636,16.4,2916
22.842,114.0681,3.5,2916
22.842,114.0726,45.0,2862
22.842,114.0771,70.4,2916
22.842,114.0816,76.7,2916
22.842,114.0861,93.7,2916
22.842,114.0906,79.1,2916
22.842,114.095,88.0,2916
22.842,114.0995,57.0,2916
22.842,114.104,34.2,2916
22.842,114.1085,2.6,2916
22.842,114.113,8.5,2916
22.842,114.1175,13.8,2862
22.842,114.122,1.4,2916
22.842,114.1265,1.8,2916
22.842,114.131,14.5,2916
22.842,114.1355,62.5,2916
22.842,114.14,83.5,2916
22.842,114.1445,83.7,2916
22.842,114.1489,90.2,2916
22.842,114.1534,66.5,2916
22.842,114.1579,78.5,2916
22.842,114.1624,95.7,2862
22.842,114.1669,88.0,2916
22.842,114.1714,73.9,2916
22.842,114.1759,88.0,2916
22.842,114.1804,85.2,2916
22.842,114.1849,26.6,2916
22.842,114.1894,40.4,2916
22.842,114.1939,35.9,2916
22.842,114.1984,0.1,2916
22.842,114.2028,0.0,2916
22.842,114.2073,0.0,2862
22.842,114.2118,0.0,2916
22.842,114.2163,0.0,2916
22.842,114.2208,0.0,2916
22.842,114.2253,0.0,2916
22.842,114.2298,0.0,2916
22.842,114.2343,0.0,2916
22.842,114.2388,8.7,2916
22.842,114.2433,0.1,2916
22.842,114.2478,2.9,2916
22.842,114.2522,59.2,2862
22.842,114.2567,53.5,2916
22.842,114.2612,18.7,2916
22.842,114.2657,3.0,2916
22.842,114.2702,0.0,2916
22.842,114.2747,0.0,2916
22.842,114.2792,1.9,2916
22.842,114.2837,15.4,2916
22.842,114.2882,45.4,2916
22.842,114.2927,14.3,2916
22.842,114.2972,2.4,2862
22.842,114.3017,0.0,2916
22.842,114.3061,0.0,2916
22.842,114.3106,0.0,2916
22.842,114.3151,0.0,2916
22.842,114.3196,28.8,2916
22.842,114.3241,73.2,2916
22.842,114.3286,33.5,2916
22.842,114.3331,23.5,2916
22.842,114.3376,26.9,2916
22.842,114.3421,1.6,2862
22.842,114.3466,18.9,2916
22.842,114.3511,46.6,2916
22.842,114.3556,79.9,2916
22.842,114.36,75.0,2916
22.842,114.3645,23.5,2916
22.842,114.369,31.7,2916
22.842,114.3735,27.3,2916
22.842,114.378,0.1,2916
22.842,114.3825,0.0,2916
22.842,114.387,0.0,2862
22.842,114.3915,0.0,2916
22.842,114.396,0.0,2916
22.842,114.4005,0.0,2916
22.842,114.405,5.4,2916
22.842,114.4095,6.1,2916
22.842,114.4139,1.5,2916
22.842,114.4184,17.3,2916
22.842,114.4229,37.0,2916
22.842,114.4274,20.6,2862
22.842,114.4319,15.3,2916
22.842,114.4364,32.9,2916
22.842,114.4409,17.1,2916
22.842,114.4454,4.3,2916
22.842,114.4499,11.4,2916
22.842,114.4544,22.9,2916
22.842,114.4589,13.0,2916
22.842,114.4634,0.0,2916
22.842,114.4678,0.0,2916
22.842,114.4723,0.4,2862
22.842,114.4768,8.8,2916
22.842,114.4813,18.9,2916
22.842,114.4858,24.8,2916
22.842,114.4903,15.6,2916
22.842,114.4948,36.8,2916
22.842,114.4993,11.4,2916
22.842,114.5038,10.3,2916
22.842,114.5083,0.0,2916
22.842,114.5128,26.3,2916
22.842,114.5173,57.8,2862
22.842,114.5217,12.4,2916
22.842,114.5262,12.3,2916
22.842,114.5307,19.4,2916
22.842,114.5352,6.6,2916
22.842,114.5397,0.4,2916
22.842,114.5442,0.0,2916
22.842,114.5487,0.0,2916
22.842,114.5532,0.0,2916
22.842,114.5577,0.0,2916
22.842,114.5622,1.5,2862
22.842,114.5667,2.9,2916
22.842,114.5711,3.2,2916
22.842,114.5756,0.0,2916
22.842,114.5801,0.0,2916
22.842,114.5846,0.0,2916
22.842,114.5891,0.0,2916
22.842,114.5936,0.0,2916
22.842,114.5981,0.0,2916
22.842,114.6026,0.0,2916
22.842,114.6071,0.2,2862
22.842,114.6116,5.8,2916
22.842,114.6161,1.3,2916
22.842,114.6206,3.0,2916
22.842,114.625,3.8,2916
22.842,114.6295,11.2,2916
22.842,114.634,2.1,2916
22.842,114.6385,2.0,2916
22.842,114.643,0.2,2916
22.842,114.6475,0.0,2916
22.842,114.652,0.0,108
22.8465,113.7222,13.4,2916
22.8465,113.7267,25.1,2916
22.8465,113.7312,68.9,2916
22.8465,113.7357,76.3,2916
22.8465,113.7402,28.2,2916
22.8465,113.7447,11.9,2916
22.8465,113.7492,13.8,2916
22.8465,113.7537,6.3,2916
22.8465,113.7582,6.7,2916
22.8465,113.7627,0.0,2862
22.8465,113.7672,13.0,2916
22.8465,113.7717,13.4,2916
22.8465,113.7761,6.2,2916
22.8465,113.7806,0.0,2916
22.8465,113.7851,0.2,2916
22.8465,113.7896,3.7,2916
22.8465,113.7941,1.7,2916
22.8465,113.7986,0.0,2916
22.8465,113.8031,0.0,2916
22.8465,113.8076,5.8,2862
22.8465,113.8121,0.0,2916
22.8465,113.8166,0.0,2916
22.8465,113.8211,10.5,2916
22.8465,113.8256,88.5,2916
22.8465,113.83,79.4,2916
22.8465,113.8345,28.6,2916
22.8465,113.839,4.7,2916
22.8465,113.8435,0.0,2916
22.8465,113.848,11.2,2916
22.8465,113.8525,20.4,2862
22.8465,113.857,0.0,2916
22.8465,113.8615,12.6,2916
22.8465,113.866,3.2,2916
22.8465,113.8705,0.2,2916
22.8465,113.875,0.0,2916
22.8465,113.8795,0.0,2916
22.8465,113.8839,0.0,2916
22.8465,113.8884,0.1,2916
22.8465,113.8929,0.0,2916
22.8465,113.8974,0.0,2862
22.8465,113.9019,0.0,2916
22.8465,113.9064,0.0,2916
22.8465,113.9109,0.0,2916
22.8465,113.9154,0.0,2916
22.8465,113.9199,1.5,2916
22.8465,113.9244,0.5,2916
22.8465,113.9289,0.1,2916
22.8465,113.9333,0.0,2916
22.8465,113.9378,0.0,2916
22.8465,113.9423,0.0,2862
22.8465,113.9468,0.1,2916
22.8465,113.9513,0.0,2916
22.8465,113.9558,0.5,2916
22.8465,113.9603,0.0,2916
22.8465,113.9648,16.8,2916
22.8465,113.9693,57.9,2916
22.8465,113.9738,62.9,2916
22.8465,113.9783,48.5,2916
22.8465,113.9828,54.3,2916
22.8465,113.9872,32.7,2862
22.8465,113.9917,13.8,2916
22.8465,113.9962,0.0,2916
22.8465,114.0007,0.0,2970
22.8465,114.0052,7.7,2916
22.8465,114.0097,67.6,2916
22.8465,114.0142,68.4,2916
22.8465,114.0187,8.6,2916
22.8465,114.0232,0.5,2916
22.8465,114.0277,0.0,2916
22.8465,114.0322,0.0,2862
22.8465,114.0367,0.0,2916
22.8465,114.0411,0.0,2916
22.8465,114.0456,0.0,2916
22.8465,114.0501,0.0,2916
22.8465,114.0546,1.2,2916
22.8465,114.0591,7.8,2916
22.8465,114.0636,25.4,2916
22.8465,114.0681,2.9,2916
22.8465,114.0726,36.2,2862
22.8465,114.0771,67.4,2916
22.8465,114.0816,56.3,2916
22.8465,114.0861,90.5,2916
22.8465,114.0906,78.9,2916
22.8465,114.095,80.5,2916
22.8465,114.0995,64.8,2916
22.8465,114.104,24.9,2916
22.8465,114.1085,12.8,2916
22.8465,114.113,55.0,2916
22.8465,114.1175,24.7,2862
22.8465,114.122,23.2,2916
22.8465,114.1265,4.2,2916
22.8465,114.131,66.6,2916
22.8465,114.1355,96.0,2916
22.8465,114.14,85.5,2916
22.8465,114.1445,86.6,2916
22.8465,114.1489,98.4,2916
22.8465,114.1534,99.9,2916
22.8465,114.1579,69.3,2916
22.8465,114.1624,71.1,2862
22.8465,114.1669,78.1,2916
22.8465,114.1714,92.2,2916
22.8465,114.1759,86.7,2916
22.8465,114.1804,34.7,2916
22.8465,114.1849,10.3,2916
22.8465,114.1894,17.0,2916
22.8465,114.1939,10.0,2916
22.8465,114.1984,0.9,2916
22.8465,114.2028,0.0,2916
22.8465,114.2073,0.0,2862
22.8465,114.2118,0.0,2916
22.8465,114.2163,1.0,2916
22.8465,114.2208,0.0,2916
22.8465,114.2253,0.0,2916
22.8465,114.2298,0.0,2916
22.8465,114.2343,0.0,2916
22.8465,114.2388,9.6,2916
22.8465,114.2433,4.1,2916
22.8465,114.2478,1.4,2916
22.8465,114.2522,13.0,2862
22.8465,114.2567,41.0,2916
22.8465,114.2612,82.8,2916
22.8465,114.2657,56.1,2916
22.8465,114.2702,32.1,2916
22.8465,114.2747,5.9,2916
22.8465,114.2792,33.0,2916
22.8465,114.2837,1.3,2916
22.8465,114.2882,0.0,2916
22.8465,114.2927,0.0,2916
22.8465,114.2972,2.4,2862
22.8465,114.3017,0.0,2916
22.8465,114.3061,0.0,2916
22.8465,114.3106,0.0,2916
22.8465,114.3151,0.0,2916
22.8465,114.3196,26.0,2916
22.8465,114.3241,75.1,2916
22.8465,114.3286,22.1,2916
22.8465,114.3331,0.0,2916
22.8465,114.3376,30.8,2916
22.8465,114.3421,19.3,2862
22.8465,114.3466,5.9,2916
22.8465,114.3511,51.2,2916
22.8465,114.3556,65.7,2916
22.8465,114.36,88.6,2916
22.8465,114.3645,75.9,2916
22.8465,114.369,17.2,2916
22.8465,114.3735,0.0,2916
22.8465,114.378,0.0,2916
22.8465,114.3825,0.0,2916
22.8465,114.387,0.0,2862
22.8465,114.3915,0.0,2916
22.8465,114.396,0.2,2916
22.8465,114.4005,0.0,2916
22.8465,114.405,0.2,2916
22.8465,114.4095,4.1,2916
22.8465,114.4139,8.8,2916
22.8465,114.4184,20.5,2916
22.8465,114.4229,50.6,2916
22.8465,114.4274,24.1,2862
22.8465,114.4319,4.6,2916
22.8465,114.4364,6.8,2916
22.8465,114.4409,15.4,2916
22.8465,114.4454,9.7,2916
22.8465,114.4499,6.6,2916
22.8465,114.4544,50.5,2916
22.8465,114.4589,12.3,2916
22.8465,114.4634,0.0,2916
22.8465,114.4678,0.0,2916
22.8465,114.4723,0.1,2862
22.8465,114.4768,1.1,2916
22.8465,114.4813,17.5,2916
22.8465,114.4858,4.4,2916
22.8465,114.4903,1.9,2916
22.8465,114.4948,16.1,2916
22.8465,114.4993,0.4,2916
22.8465,114.5038,0.0,2916
22.8465,114.5083,0.0,2916
22.8465,114.5128,0.8,2916
22.8465,114.5173,47.6,2862
22.8465,114.5217,50.9,2916
22.8465,114.5262,30.0,2916
22.8465,114.5307,28.4,2916
22.8465,114.5352,8.2,2916
22.8465,114.5397,5.6,2916
22.8465,114.5442,10.1,2916
22.8465,114.5487,0.0,2916
22.8465,114.5532,0.0,2916
22.8465,114.5577,0.0,2916
22.8465,114.5622,0.0,2862
22.8465,114.5667,0.0,2916
22.8465,114.5711,0.6,2916
22.8465,114.5756,0.5,2916
22.8465,114.5801,0.7,2916
22.8465,114.5846,0.0,2916
22.8465,114.5891,0.0,2916
22.8465,114.5936,0.0,2916
22.8465,114.5981,0.0,2916
22.8465,114.6026,0.0,2916
22.8465,114.6071,0.0,2862
22.8465,114.6116,0.6,2916
22.8465,114.6161,0.0,2916
22.8465,114.6206,0.1,2916
22.8465,114.625,12.2,2916
22.8465,114.6295,15.4,2916
22.8465,114.634,1.0,2916
22.8465,114.6385,3.3,2916
22.8465,114.643,4.5,2916
22.8465,114.6475,3.9,2916
22.8465,114.652,4.6,108
22.851,113.7222,21.5,2916
22.851,113.7267,6.5,2916
22.851,113.7312,71.5,2916
22.851,113.7357,74.5,2916
22.851,113.7402,60.0,2916
22.851,113.7447,5.6,2916
22.851,113.7492,1.7,2916
22.851,113.7537,9.9,2916
22.851,113.7582,3.1,2916
22.851,113.7627,0.0,2862
22.851,113.7672,0.0,2916
22.851,113.7717,1.5,2916
22.851,113.7761,10.8,2916
22.851,113.7806,9.8,2916
22.851,113.7851,0.1,2916
22.851,113.7896,0.2,2916
22.851,113.7941,0.0,2916
22.851,113.7986,0.0,2916
22.851,113.8031,0.0,2916
22.851,113.8076,0.0,2862
22.851,113.8121,0.0,2916
22.851,113.8166,0.0,2916
22.851,113.8211,20.1,2916
22.851,113.8256,69.7,2916
22.851,113.83,85.1,2916
22.851,113.8345,74.9,2916
22.851,113.839,65.5,2916
22.851,113.8435,2.8,2916
22.851,113.848,0.3,2916
22.851,113.8525,36.4,2862
22.851,113.857,0.1,2916
22.851,113.8615,12.6,2916
22.851,113.866,1.7,2916
22.851,113.8705,2.6,2916
22.851,113.875,2.7,2916
22.851,113.8795,0.0,2916
22.851,113.8839,0.0,2916
22.851,113.8884,0.1,2916
22.851,113.8929,0.0,2916
22.851,113.8974,0.0,2862
22.851,113.9019,0.0,2916
22.851,113.9064,0.0,2916
22.851,113.9109,0.0,2916
22.851,113.9154,0.2,2916
22.851,113.9199,0.0,2916
22.851,113.9244,0.0,2916
22.851,113.9289,0.1,2916
22.851,113.9333,0.0,2916
22.851,113.9378,0.0,2916
22.851,113.9423,0.0,2862
22.851,113.9468,0.0,2916
22.851,113.9513,0.0,2916
22.851,113.9558,1.3,2916
22.851,113.9603,0.0,2916
22.851,113.9648,2.6,2916
22.851,113.9693,8.5,2916
22.851,113.9738,25.9,2916
22.851,113.9783,19.5,2916
22.851,113.9828,8.5,2916
22.851,113.9872,4.1,2862
22.851,113.9917,0.1,2916
22.851,113.9962,0.3,2916
22.851,114.0007,0.3,2970
22.851,114.0052,14.7,2916
22.851,114.0097,7.5,2916
22.851,114.0142,15.1,2916
22.851,114.0187,5.8,2916
22.851,114.0232,0.5,2916
22.851,114.0277,0.2,2916
22.851,114.0322,0.0,2862
22.851,114.0367,0.0,2916
22.851,114.0411,0.2,2916
22.851,114.0456,0.0,2916
22.851,114.0501,0.0,2916
22.851,114.0546,0.6,2916
22.851,114.0591,0.0,2916
22.851,114.0636,10.6,2916
22.851,114.0681,13.0,2916
22.851,114.0726,18.7,2862
22.851,114.0771,27.5,2916
22.851,114.0816,60.8,2916
22.851,114.0861,77.5,2916
22.851,114.0906,68.8,2916
22.851,114.095,90.9,2916
22.851,114.0995,74.3,2916
22.851,114.104,29.5,2916
22.851,114.1085,34.2,2916
22.851,114.113,53.2,2916
22.851,114.1175,10.1,2862
22.851,114.122,26.3,2916
22.851,114.1265,2.4,2916
22.851,114.131,74.5,2916
22.851,114.1355,84.7,2916
22.851,114.14,98.6,2916
22.851,114.1445,95.0,2916
22.851,114.1489,92.7,2916
22.851,114.1534,85.5,2916
22.851,114.1579,89.0,2916
22.851,114.1624,65.5,2862
22.851,114.1669,52.3,2916
22.851,114.1714,52.7,2916
22.851,114.1759,8.9,2916
22.851,114.1804,5.2,2916
22.851,114.1849,0.0,2916
22.851,114.1894,0.9,2916
22.851,114.1939,0.9,2916
22.851,114.1984,10.4,2916
22.851,114.2028,0.0,2916
22.851,114.2073,0.0,2862
22.851,114.2118,0.0,2916
22.851,114.2163,0.2,2916
22.851,114.2208,0.0,2916
22.851,114.2253,0.0,2916
22.851,114.2298,0.0,2916
22.851,114.2343,0.0,2916
22.851,114.2388,12.2,2916
22.851,114.2433,0.3,2916
22.851,114.2478,0.9,2916
22.851,114.2522,1.0,2862
22.851,114.2567,13.4,2916
22.851,114.2612,87.9,2916
22.851,114.2657,91.2,2916
22.851,114.2702,72.3,2916
22.851,114.2747,21.3,2916
22.851,114.2792,0.9,2916
22.851,114.2837,0.0,2916
22.851,114.2882,0.0,2916
22.851,114.2927,0.8,2916
22.851,114.2972,8.5,2862
22.851,114.3017,0.1,2916
22.851,114.3061,0.0,2916
22.851,114.3106,0.0,2916
22.851,114.3151,3.6,2916
22.851,114.3196,33.5,2916
22.851,114.3241,74.7,2916
22.851,114.3286,32.9,2916
22.851,114.3331,4.2,2916
22.851,114.3376,17.2,2916
22.851,114.3421,41.5,2862
22.851,114.3466,21.6,2916
22.851,114.3511,46.0,2916
22.851,114.3556,69.5,2916
22.851,114.36,46.3,2916
22.851,114.3645,1.3,2916
22.851,114.369,0.0,2916
22.851,114.3735,0.0,2916
22.851,114.378,0.0,2916
22.851,114.3825,0.0,2916
22.851,114.387,0.0,2862
22.851,114.3915,0.0,2916
22.851,114.396,0.0,2916
22.851,114.4005,3.2,2916
22.851,114.405,2.2,2916
22.851,114.4095,0.1,2916
22.851,114.4139,1.7,2916
22.851,114.4184,2.3,2916
22.851,114.4229,5.6,2916
22.851,114.4274,7.5,2862
22.851,114.4319,3.0,2916
22.851,114.4364,4.1,2916
22.851,114.4409,0.0,2916
22.851,114.4454,0.3,2916
22.851,114.4499,2.0,2916
22.851,114.4544,7.0,2916
22.851,114.4589,11.2,2916
22.851,114.4634,2.9,2916
22.851,114.4678,0.0,2916
22.851,114.4723,0.1,2862
22.851,114.4768,4.9,2916
22.851,114.4813,0.1,2916
22.851,114.4858,3.7,2916
22.851,114.4903,14.3,2916
22.851,114.4948,15.6,2916
22.851,114.4993,5.0,2916
22.851,114.5038,0.0,2916
22.851,114.5083,0.0,2916
22.851,114.5128,3.3,2916
22.851,114.5173,10.3,2862
22.851,114.5217,28.6,2916
22.851,114.5262,66.3,2916
22.851,114.5307,16.0,2916
22.851,114.5352,40.2,2916
22.851,114.5397,16.6,2916
22.851,114.5442,0.2,2916
22.851,114.5487,0.0,2916
22.851,114.5532,0.0,2916
22.851,114.5577,0.0,2916
22.851,114.5622,0.0,2862
22.851,114.5667,0.0,2916
22.851,114.5711,0.0,2916
22.851,114.5756,0.0,2916
22.851,114.5801,0.0,2916
22.851,114.5846,0.0,2916
22.851,114.5891,0.3,2916
22.851,114.5936,3.0,2916
22.851,114.5981,0.2,2916
22.851,114.6026,0.2,2916
22.851,114.6071,0.4,2862
22.851,114.6116,0.8,2916
22.851,114.6161,0.0,2916
22.851,114.6206,0.2,2916
22.851,114.625,5.9,2916
22.851,114.6295,0.1,2916
22.851,114.634,12.4,2916
22.851,114.6385,0.0,2916
22.851,114.643,0.1,2916
22.851,114.6475,5.6,2916
22.851,114.652,0.0,108
22.8555,113.7222,72.5,2916
22.8555,113.7267,15.1,2916
22.8555,113.7312,39.2,2916
22.8555,113.7357,35.2,2916
22.8555,113.7402,55.8,2916
22.8555,113.7447,6.7,2916
22.8555,113.7492,0.0,2916
22.8555,113.7537,0.0,2916
22.8555,113.7582,0.0,2916
22.8555,113.7627,0.0,2862
22.8555,113.7672,0.0,2916
22.8555,113.7717,0.0,2916
22.8555,113.7761,0.0,2916
22.8555,113.7806,5.1,2916
22.8555,113.7851,7.2,2916
22.8555,113.7896,0.8,2916
22.8555,113.7941,0.1,2916
22.8555,113.7986,0.0,2916
22.8555,113.8031,0.0,2916
22.8555,113.8076,0.0,2862
22.8555,113.8121,0.1,2916
22.8555,113.8166,0.1,2916
22.8555,113.8211,13.4,2916
22.8555,113.8256,59.8,2916
22.8555,113.83,80.5,2916
22.8555,113.8345,55.5,2916
22.8555,113.839,81.9,2916
22.8555,113.8435,62.9,2916
22.8555,113.848,12.3,2916
22.8555,113.8525,58.0,2862
22.8555,113.857,19.2,2916
22.8555,113.8615,7.0,2916
22.8555,113.866,1.5,2916
22.8555,113.8705,1.2,2916
22.8555,113.875,2.4,2916
22.8555,113.8795,2.5,2916
22.8555,113.8839,0.3,2916
22.8555,113.8884,0.0,2916
22.8555,113.8929,0.0,2916
22.8555,113.8974,0.0,2862
22.8555,113.9019,0.5,2916
22.8555,113.9064,1.4,2916
22.8555,113.9109,0.4,2916
22.8555,113.9154,0.1,2916
22.8555,113.9199,0.0,2916
22.8555,113.9244,0.0,2916
22.8555,113.9289,0.0,2916
22.8555,113.9333,0.0,2916
22.8555,113.9378,0.0,2916
22.8555,113.9423,0.1,2862
22.8555,113.9468,0.0,2916
22.8555,113.9513,0.0,2916
22.8555,113.9558,0.0,2916
22.8555,113.9603,0.0,2916
22.8555,113.9648,0.3,2916
22.8555,113.9693,8.9,2916
22.8555,113.9738,29.9,2916
22.8555,113.9783,18.9,2916
22.8555,113.9828,13.2,2916
22.8555,113.9872,0.0,2862
22.8555,113.9917,0.0,2916
22.8555,113.9962,0.2,2916
22.8555,114.0007,0.0,2970
22.8555,114.0052,0.8,2916
22.8555,114.0097,0.2,2916
22.8555,114.0142,0.1,2916
22.8555,114.0187,0.0,2916
22.8555,114.0232,1.0,2916
22.8555,114.0277,0.4,2916
22.8555,114.0322,0.2,2862
22.8555,114.0367,0.0,2916
22.8555,114.0411,0.0,2916
22.8555,114.0456,0.6,2916
22.8555,114.0501,0.0,2916
22.8555,114.0546,0.0,2916
22.8555,114.0591,2.8,2916
22.8555,114.0636,29.5,2916
22.8555,114.0681,9.5,2916
22.8555,114.0726,1.1,2862
22.8555,114.0771,20.9,2916
22.8555,114.0816,22.8,2916
22.8555,114.0861,32.6,2916
22.8555,114.0906,45.7,2916
22.8555,114.095,83.4,2916
22.8555,114.0995,57.5,2916
22.8555,114.104,38.2,2916
22.8555,114.1085,51.7,2916
22.8555,114.113,74.3,2916
22.8555,114.1175,22.3,2862
22.8555,114.122,22.1,2916
22.8555,114.1265,23.2,2916
22.8555,114.131,77.4,2916
22.8555,114.1355,94.4,2916
22.8555,114.14,92.6,2916
22.8555,114.1445,90.6,2916
22.8555,114.1489,85.5,2916
22.8555,114.1534,89.2,2916
22.8555,114.1579,91.3,2916
22.8555,114.1624,63.6,2862
22.8555,114.1669,23.5,2916
22.8555,114.1714,13.5,2916
22.8555,114.1759,54.5,2916
22.8555,114.1804,30.5,2916
22.8555,114.1849,0.0,2916
22.8555,114.1894,0.0,2916
22.8555,114.1939,5.8,2916
22.8555,114.1984,8.9,2916
22.8555,114.2028,19.5,2916
22.8555,114.2073,19.0,2862
22.8555,114.2118,19.1,2916
22.8555,114.2163,16.2,2916
22.8555,114.2208,18.5,2916
22.8555,114.2253,14.0,2916
22.8555,114.2298,28.2,2916
22.8555,114.2343,21.2,2916
22.8555,114.2388,18.7,2916
22.8555,114.2433,25.9,2916
22.8555,114.2478,48.3,2916
22.8555,114.2522,18.9,2862
22.8555,114.2567,67.9,2916
22.8555,114.2612,58.9,2916
22.8555,114.2657,50.7,2916
22.8555,114.2702,64.2,2916
22.8555,114.2747,7.0,2916
22.8555,114.2792,0.0,2916
22.8555,114.2837,0.0,2916
22.8555,114.2882,0.0,2916
22.8555,114.2927,0.0,2916
22.8555,114.2972,0.0,2862
22.8555,114.3017,0.0,2916
22.8555,114.3061,0.0,2916
22.8555,114.3106,0.0,2916
22.8555,114.3151,23.1,2916
22.8555,114.3196,77.7,2916
22.8555,114.3241,48.4,2916
22.8555,114.3286,4.5,2916
22.8555,114.3331,29.0,2916
22.8555,114.3376,43.7,2916
22.8555,114.3421,52.1,2862
22.8555,114.3466,14.3,2916
22.8555,114.3511,55.9,2916
22.8555,114.3556,16.8,2916
22.8555,114.36,0.0,2916
22.8555,114.3645,0.0,2916
22.8555,114.369,0.0,2916
22.8555,114.3735,0.0,2916
22.8555,114.378,0.0,2916
22.8555,114.3825,0.0,2916
22.8555,114.387,0.0,2862
22.8555,114.3915,1.1,2916
22.8555,114.396,0.0,2916
22.8555,114.4005,2.8,2916
22.8555,114.405,0.0,2916
22.8555,114.4095,0.1,2916
22.8555,114.4139,1.2,2916
22.8555,114.4184,0.7,2916
22.8555,114.4229,11.6,2916
22.8555,114.4274,5.1,2862
22.8555,114.4319,0.0,2916
22.8555,114.4364,0.0,2916
22.8555,114.4409,0.0,2916
22.8555,114.4454,0.0,2916
22.8555,114.4499,8.0,2916
22.8555,114.4544,2.8,2916
22.8555,114.4589,8.3,2916
22.8555,114.4634,4.7,2916
22.8555,114.4678,0.0,2916
22.8555,114.4723,0.9,2862
22.8555,114.4768,1.8,2916
22.8555,114.4813,8.1,2916
22.8555,114.4858,12.7,2916
22.8555,114.4903,16.9,2916
22.8555,114.4948,0.0,2916
22.8555,114.4993,0.0,2916
22.8555,114.5038,0.0,2916
22.8555,114.5083,5.0,2916
22.8555,114.5128,28.8,2916
22.8555,114.5173,6.1,2862
22.8555,114.5217,33.7,2916
22.8555,114.5262,75.5,2916
22.8555,114.5307,60.7,2916
22.8555,114.5352,57.1,2916
22.8555,114.5397,39.6,2916
22.8555,114.5442,0.3,2916
22.8555,114.5487,0.0,2916
22.8555,114.5532,0.0,2916
22.8555,114.5577,0.0,2916
22.8555,114.5622,0.0,2862
22.8555,114.5667,0.0,2916
22.8555,114.5711,0.0,2916
22.8555,114.5756,0.0,2916
22.8555,114.5801,0.0,2916
22.8555,114.5846,0.0,2916
22.8555,114.5891,0.0,2916
22.8555,114.5936,0.3,2916
22.8555,114.5981,0.3,2916
22.8555,114.6026,1.3,2916
22.8555,114.6071,2.4,2862
22.8555,114.6116,2.8,2916
22.8555,114.6161,2.6,2916
22.8555,114.6206,30.0,2916
22.8555,114.625,16.3,2916
22.8555,114.6295,2.9,2916
22.8555,114.634,1.7,2916
22.8555,114.6385,5.0,2916
22.8555,114.643,2.3,2916
22.8555,114.6475,0.2,2916
22.8555,114.652,0.0,108
22.86,113.7222,64.2,2916
22.86,113.7267,52.3,2916
22.86,113.7312,33.2,2916
22.86,113.7357,7.5,2916
22.86,113.7402,3.0,2916
22.86,113.7447,2.6,2916
22.86,113.7492,0.0,2916
22.86,113.7537,0.0,2916
22.86,113.7582,0.1,2916
22.86,113.7627,0.0,2862
22.86,113.7672,0.0,2916
22.86,113.7717,0.0,2916
22.86,113.7761,0.7,2916
22.86,113.7806,0.0,2916
22.86,113.7851,2.0,2916
22.86,113.7896,9.7,2916
22.86,113.7941,3.4,2916
22.86,113.7986,0.4,2916
22.86,113.8031,0.0,2916
22.86,113.8076,0.0,2862
22.86,113.8121,0.0,2916
22.86,113.8166,0.2,2916
22.86,113.8211,5.6,2916
22.86,113.8256,23.4,2916
22.86,113.83,48.5,2916
22.86,113.8345,59.6,2916
22.86,113.839,58.1,2916
22.86,113.8435,94.9,2916
22.86,113.848,87.2,2916
22.86,113.8525,80.6,2862
22.86,113.857,75.1,2916
22.86,113.8615,46.4,2916
22.86,113.866,21.1,2916
22.86,113.8705,38.0,2916
22.86,113.875,77.8,2916
22.86,113.8795,48.5,2916
22.86,113.8839,5.2,2916
22.86,113.8884,0.9,2916
22.86,113.8929,0.1,2916
22.86,113.8974,0.8,2862
22.86,113.9019,3.5,2916
22.86,113.9064,3.2,2916
22.86,113.9109,0.0,2916
22.86,113.9154,0.4,2916
22.86,113.9199,0.2,2916
22.86,113.9244,0.0,2916
22.86,113.9289,0.0,2916
22.86,113.9333,0.0,2916
22.86,113.9378,0.1,2916
22.86,113.9423,0.0,2862
22.86,113.9468,0.0,2916
22.86,113.9513,0.0,2916
22.86,113.9558,0.0,2916
22.86,113.9603,0.0,2916
22.86,113.9648,0.0,2916
22.86,113.9693,14.5,2916
22.86,113.9738,17.7,2916
22.86,113.9783,66.3,2916
22.86,113.9828,18.1,2916
22.86,113.9872,0.1,2862
22.86,113.9917,0.1,2916
22.86,113.9962,0.0,2916
22.86,114.0007,0.0,2970
22.86,114.0052,0.1,2916
22.86,114.0097,0.2,2916
22.86,114.0142,0.0,2916
22.86,114.0187,0.1,2916
22.86,114.0232,0.0,2916
22.86,114.0277,0.0,2916
22.86,114.0322,0.0,2862
22.86,114.0367,0.0,2916
22.86,114.0411,0.0,2916
22.86,114.0456,0.7,2916
22.86,114.0501,1.2,2916
22.86,114.0546,1.3,2916
22.86,114.0591,1.3,2916
22.86,114.0636,5.7,2916
22.86,114.0681,7.0,2916
22.86,114.0726,2.7,2862
22.86,114.0771,10.8,2916
22.86,114.0816,2.9,2916
22.86,114.0861,33.5,2916
22.86,114.0906,16.0,2916
22.86,114.095,10.9,2916
22.86,114.0995,14.5,2916
22.86,114.104,37.4,2916
22.86,114.1085,37.3,2916
22.86,114.113,64.5,2916
22.86,114.1175,30.5,2862
22.86,114.122,6.0,2916
22.86,114.1265,54.8,2916
22.86,114.131,86.8,2916
22.86,114.1355,44.7,2916
22.86,114.14,43.3,2916
22.86,114.1445,32.3,2916
22.86,114.1489,13.1,2916
22.86,114.1534,62.6,2916
22.86,114.1579,77.1,2916
22.86,114.1624,65.6,2862
22.86,114.1669,48.9,2916
22.86,114.1714,35.7,2916
22.86,114.1759,28.6,2916
22.86,114.1804,7.1,2916
22.86,114.1849,8.4,2916
22.86,114.1894,8.4,2916
22.86,114.1939,3.4,2916
22.86,114.1984,0.2,2916
22.86,114.2028,1.3,2916
22.86,114.2073,21.9,2862
22.86,114.2118,23.1,2916
22.86,114.2163,24.2,2916
22.86,114.2208,2.6,2916
22.86,114.2253,0.4,2916
22.86,114.2298,29.6,2916
22.86,114.2343,59.3,2916
22.86,114.2388,43.8,2916
22.86,114.2433,82.9,2916
22.86,114.2478,93.7,2916
22.86,114.2522,87.0,2862
22.86,114.2567,57.5,2916
22.86,114.2612,64.1,2916
22.86,114.2657,5.9,2916
22.86,114.2702,14.2,2916
22.86,114.2747,0.0,2916
22.86,114.2792,0.0,2916
22.86,114.2837,0.0,2916
22.86,114.2882,0.0,2916
22.86,114.2927,0.0,2916
22.86,114.2972,0.0,2862
22.86,114.3017,1.5,2916
22.86,114.3061,4.2,2916
22.86,114.3106,4.8,2916
22.86,114.3151,23.0,2916
22.86,114.3196,65.1,2916
22.86,114.3241,57.0,2916
22.86,114.3286,61.0,2916
22.86,114.3331,66.6,2916
22.86,114.3376,67.4,2916
22.86,114.3421,63.6,2862
22.86,114.3466,25.4,2916
22.86,114.3511,13.7,2916
22.86,114.3556,18.3,2916
22.86,114.36,8.7,2916
22.86,114.3645,0.0,2916
22.86,114.369,0.0,2916
22.86,114.3735,0.0,2916
22.86,114.378,0.0,2916
22.86,114.3825,0.0,2916
22.86,114.387,0.0,2862
22.86,114.3915,0.0,2916
22.86,114.396,0.0,2916
22.86,114.4005,2.4,2916
22.86,114.405,0.3,2916
22.86,114.4095,4.0,2916
22.86,114.4139,12.9,2916
22.86,114.4184,15.8,2916
22.86,114.4229,0.5,2916
22.86,114.4274,0.0,2862
22.86,114.4319,0.0,2916
22.86,114.4364,0.4,2916
22.86,114.4409,0.0,2916
22.86,114.4454,8.0,2916
22.86,114.4499,20.6,2916
22.86,114.4544,24.0,2916
22.86,114.4589,32.0,2916
22.86,114.4634,0.0,2916
22.86,114.4678,1.0,2916
22.86,114.4723,6.0,2862
22.86,114.4768,35.9,2916
22.86,114.4813,10.8,2916
22.86,114.4858,20.8,2916
22.86,114.4903,6.8,2916
22.86,114.4948,0.0,2916
22.86,114.4993,0.0,2916
22.86,114.5038,3.7,2916
22.86,114.5083,2.0,2916
22.86,114.5128,7.4,2916
22.86,114.5173,1.3,2862
22.86,114.5217,0.2,2916
22.86,114.5262,50.1,2916
22.86,114.5307,41.2,2916
22.86,114.5352,16.0,2916
22.86,114.5397,71.0,2916
22.86,114.5442,50.5,2916
22.86,114.5487,6.5,2916
22.86,114.5532,0.1,2916
22.86,114.5577,0.0,2916
22.86,114.5622,0.0,2862
22.86,114.5667,0.1,2916
22.86,114.5711,0.4,2916
22.86,114.5756,0.0,2916
22.86,114.5801,1.1,2916
22.86,114.5846,2.6,2916
22.86,114.5891,8.9,2916
22.86,114.5936,0.0,2916
22.86,114.5981,0.0,2916
22.86,114.6026,0.0,2916
22.86,114.6071,0.0,2862
22.86,114.6116,0.1,2916
22.86,114.6161,12.7,2916
22.86,114.6206,2.6,2916
22.86,114.625,13.3,2916
22.86,114.6295,1.4,2916
22.86,114.634,3.5,2916
22.86,114.6385,2.1,2916
22.86,114.643,1.5,2916
22.86,114.6475,4.5,2916
22.86,114.652,1.9,108
22.8645,113.7222,14.6,2916
22.8645,113.7267,8.9,2916
22.8645,113.7312,1.1,2916
22.8645,113.7357,0.0,2916
22.8645,113.7402,1.1,2916
22.8645,113.7447,0.0,2916
22.8645,113.7492,0.0,2916
22.8645,113.7537,0.3,2916
22.8645,113.7582,0.0,2916
22.8645,113.7627,0.0,2862
22.8645,113.7672,0.0,2916
22.8645,113.7717,0.0,2916
22.8645,113.7761,0.1,2916
22.8645,113.7806,0.0,2916
22.8645,113.7851,0.1,2916
22.8645,113.7896,0.0,2916
22.8645,113.7941,5.8,2916
22.8645,113.7986,10.0,2916
22.8645,113.8031,10.5,2916
22.8645,113.8076,17.3,2862
22.8645,113.8121,12.4,2916
22.8645,113.8166,33.7,2916
22.8645,113.8211,3.8,2916
22.8645,113.8256,5.8,2916
22.8645,113.83,64.4,2916
22.8645,113.8345,91.0,2916
22.8645,113.839,68.5,2916
22.8645,113.8435,73.4,2916
22.8645,113.848,67.1,2916
22.8645,113.8525,65.0,2862
22.8645,113.857,87.9,2916
22.8645,113.8615,63.7,2916
22.8645,113.866,72.3,2916
22.8645,113.8705,75.7,2916
22.8645,113.875,71.3,2916
22.8645,113.8795,62.2,2916
22.8645,113.8839,9.8,2916
22.8645,113.8884,3.1,2916
22.8645,113.8929,0.1,2916
22.8645,113.8974,0.5,2862
22.8645,113.9019,2.8,2916
22.8645,113.9064,0.9,2916
22.8645,113.9109,2.3,2916
22.8645,113.9154,21.3,2916
22.8645,113.9199,1.6,2916
22.8645,113.9244,0.4,2916
22.8645,113.9289,0.0,2916
22.8645,113.9333,0.0,2916
22.8645,113.9378,0.0,2916
22.8645,113.9423,0.0,2862
22.8645,113.9468,0.0,2916
22.8645,113.9513,0.3,2916
22.8645,113.9558,0.1,2916
22.8645,113.9603,0.0,2916
22.8645,113.9648,3.9,2916
22.8645,113.9693,42.0,2916
22.8645,113.9738,34.8,2916
22.8645,113.9783,45.6,2916
22.8645,113.9828,22.8,2916
22.8645,113.9872,0.0,2862
22.8645,113.9917,0.0,2916
22.8645,113.9962,0.0,2916
22.8645,114.0007,0.0,2970
22.8645,114.0052,0.0,2916
22.8645,114.0097,0.0,2916
22.8645,114.0142,0.0,2916
22.8645,114.0187,0.0,2916
22.8645,114.0232,0.0,2916
22.8645,114.0277,0.0,2916
22.8645,114.0322,0.0,2862
22.8645,114.0367,0.0,2916
22.8645,114.0411,0.0,2916
22.8645,114.0456,0.1,2916
22.8645,114.0501,0.0,2916
22.8645,114.0546,0.0,2916
22.8645,114.0591,0.6,2916
22.8645,114.0636,0.0,2916
22.8645,114.0681,0.0,2916
22.8645,114.0726,0.1,2862
22.8645,114.0771,11.1,2916
22.8645,114.0816,13.2,2916
22.8645,114.0861,63.0,2916
22.8645,114.0906,0.0,2916
22.8645,114.095,2.4,2916
22.8645,114.0995,8.5,2916
22.8645,114.104,15.0,2916
22.8645,114.1085,0.0,2916
22.8645,114.113,3.9,2916
22.8645,114.1175,28.0,2862
22.8645,114.122,64.5,2916
22.8645,114.1265,40.7,2916
22.8645,114.131,25.5,2916
22.8645,114.1355,10.6,2916
22.8645,114.14,8.6,2916
22.8645,114.1445,13.7,2916
22.8645,114.1489,8.2,2916
22.8645,114.1534,8.3,2916
22.8645,114.1579,17.8,2916
22.8645,114.1624,8.1,2862
22.8645,114.1669,3.8,2916
22.8645,114.1714,2.3,2916
22.8645,114.1759,17.3,2916
22.8645,114.1804,3.0,2916
22.8645,114.1849,0.6,2916
22.8645,114.1894,0.0,2916
22.8645,114.1939,0.0,2916
22.8645,114.1984,1.1,2916
22.8645,114.2028,0.1,2916
22.8645,114.2073,0.0,2862
22.8645,114.2118,0.0,2916
22.8645,114.2163,7.2,2916
22.8645,114.2208,2.9,2916
22.8645,114.2253,0.9,2916
22.8645,114.2298,44.7,2916
22.8645,114.2343,27.0,2916
22.8645,114.2388,8.0,2916
22.8645,114.2433,38.8,2916
22.8645,114.2478,24.0,2916
22.8645,114.2522,13.6,2862
22.8645,114.2567,1.5,2916
22.8645,114.2612,20.6,2916
22.8645,114.2657,8.4,2916
22.8645,114.2702,0.8,2916
22.8645,114.2747,0.0,2916
22.8645,114.2792,0.0,2916
22.8645,114.2837,0.0,2916
22.8645,114.2882,0.0,2916
22.8645,114.2927,0.0,2916
22.8645,114.2972,0.0,2862
22.8645,114.3017,0.0,2916
22.8645,114.3061,0.0,2916
22.8645,114.3106,0.0,2916
22.8645,114.3151,1.3,2916
22.8645,114.3196,23.2,2916
22.8645,114.3241,88.5,2916
22.8645,114.3286,93.8,2916
22.8645,114.3331,70.2,2916
22.8645,114.3376,83.4,2916
22.8645,114.3421,77.3,2862
22.8645,114.3466,0.0,2916
22.8645,114.3511,1.3,2916
22.8645,114.3556,4.9,2916
22.8645,114.36,42.0,2916
22.8645,114.3645,14.5,2916
22.8645,114.369,0.1,2916
22.8645,114.3735,0.0,2916
22.8645,114.378,0.0,2916
22.8645,114.3825,0.0,2916
22.8645,114.387,0.0,2862
22.8645,114.3915,0.0,2916
22.8645,114.396,1.8,2916
22.8645,114.4005,1.7,2916
22.8645,114.405,0.4,2916
22.8645,114.4095,0.8,2916
22.8645,114.4139,4.8,2916
22.8645,114.4184,5.4,2916
22.8645,114.4229,0.0,2916
22.8645,114.4274,1.4,2862
22.8645,114.4319,7.3,2916
22.8645,114.4364,0.0,2916
22.8645,114.4409,0.7,2916
22.8645,114.4454,8.9,2916
22.8645,114.4499,3.6,2916
22.8645,114.4544,4.6,2916
22.8645,114.4589,9.3,2916
22.8645,114.4634,50.1,2916
22.8645,114.4678,50.7,2916
22.8645,114.4723,23.1,2862
22.8645,114.4768,55.8,2916
22.8645,114.4813,47.7,2916
22.8645,114.4858,0.2,2916
22.8645,114.4903,0.0,2916
22.8645,114.4948,0.0,2916
22.8645,114.4993,0.0,2916
22.8645,114.5038,0.0,2916
22.8645,114.5083,0.0,2916
22.8645,114.5128,0.0,2916
22.8645,114.5173,0.0,2862
22.8645,114.5217,0.0,2916
22.8645,114.5262,10.0,2916
22.8645,114.5307,6.0,2916
22.8645,114.5352,42.3,2916
22.8645,114.5397,50.2,2916
22.8645,114.5442,58.0,2916
22.8645,114.5487,72.2,2916
22.8645,114.5532,27.1,2916
22.8645,114.5577,6.2,2916
22.8645,114.5622,0.2,2862
22.8645,114.5667,0.3,2916
22.8645,114.5711,0.0,2916
22.8645,114.5756,0.3,2916
22.8645,114.5801,0.6,2916
22.8645,114.5846,7.9,2916
22.8645,114.5891,6.7,2916
22.8645,114.5936,13.5,2916
22.8645,114.5981,0.5,2916
22.8645,114.6026,0.0,2916
22.8645,114.6071,0.0,2862
22.8645,114.6116,0.2,2916
22.8645,114.6161,20.9,2916
22.8645,114.6206,11.7,2916
22.8645,114.625,9.1,2916
22.8645,114.6295,6.6,2916
22.8645,114.634,0.4,2916
22.8645,114.6385,11.9,2916
22.8645,114.643,11.6,2916
22.8645,114.6475,13.3,2916
22.8645,114.652,11.1,108
22.8689,113.7222,12.1,2160
22.8689,113.7267,4.7,2160
22.8689,113.7312,8.2,2160
22.8689,113.7357,0.0,2160
22.8689,113.7402,0.4,2160
22.8689,113.7447,0.0,2160
22.8689,113.7492,0.0,2160
22.8689,113.7537,3.1,2160
22.8689,113.7582,0.0,2160
22.8689,113.7627,3.5,2120
22.8689,113.7672,7.8,2160
22.8689,113.7717,0.0,2160
22.8689,113.7761,0.0,2160
22.8689,113.7806,0.0,2160
22.8689,113.7851,0.0,2160
22.8689,113.7896,0.0,2160
22.8689,113.7941,0.7,2160
22.8689,113.7986,10.0,2160
22.8689,113.8031,20.1,2160
22.8689,113.8076,52.8,2120
22.8689,113.8121,19.2,2160
22.8689,113.8166,41.4,2160
22.8689,113.8211,40.3,2160
22.8689,113.8256,34.2,2160
22.8689,113.83,13.8,2160
22.8689,113.8345,77.7,2160
22.8689,113.839,78.9,2160
22.8689,113.8435,66.7,2160
22.8689,113.848,17.4,2160
22.8689,113.8525,11.2,2120
22.8689,113.857,77.9,2160
22.8689,113.8615,63.6,2160
22.8689,113.866,83.1,2160
22.8689,113.8705,99.3,2160
22.8689,113.875,81.3,2160
22.8689,113.8795,40.5,2160
22.8689,113.8839,43.1,2160
22.8689,113.8884,41.0,2160
22.8689,113.8929,18.5,2160
22.8689,113.8974,13.3,2120
22.8689,113.9019,15.2,2160
22.8689,113.9064,15.1,2160
22.8689,113.9109,31.6,2160
22.8689,113.9154,66.3,2160
22.8689,113.9199,19.5,2160
22.8689,113.9244,2.6,2160
22.8689,113.9289,0.0,2160
22.8689,113.9333,0.0,2160
22.8689,113.9378,0.0,2160
22.8689,113.9423,0.8,2120
22.8689,113.9468,0.0,2160
22.8689,113.9513,1.7,2160
22.8689,113.9558,0.5,2160
22.8689,113.9603,0.1,2160
22.8689,113.9648,0.0,2160
22.8689,113.9693,0.0,2160
22.8689,113.9738,11.8,2160
22.8689,113.9783,65.6,2160
22.8689,113.9828,68.9,2160
22.8689,113.9872,23.5,2120
22.8689,113.9917,8.0,2160
22.8689,113.9962,0.1,2160
22.8689,114.0007,0.5,2200
22.8689,114.0052,0.0,2160
22.8689,114.0097,0.0,2160
22.8689,114.0142,0.1,2160
22.8689,114.0187,0.0,2160
22.8689,114.0232,0.0,2160
22.8689,114.0277,0.0,2160
22.8689,114.0322,0.0,2120
22.8689,114.0367,0.0,2160
22.8689,114.0411,0.0,2160
22.8689,114.0456,0.0,2160
22.8689,114.0501,0.0,2160
22.8689,114.0546,0.0,2160
22.8689,114.0591,0.0,2160
22.8689,114.0636,0.0,2160
22.8689,114.0681,0.0,2160
22.8689,114.0726,0.0,2120
22.8689,114.0771,5.6,2160
22.8689,114.0816,19.8,2160
22.8689,114.0861,87.7,2160
22.8689,114.0906,29.6,2160
22.8689,114.095,21.7,2160
22.8689,114.0995,0.0,2160
22.8689,114.104,5.9,2160
22.8689,114.1085,0.0,2160
22.8689,114.113,1.2,2160
22.8689,114.1175,58.9,2120
22.8689,114.122,24.8,2160
22.8689,114.1265,5.3,2160
22.8689,114.131,0.0,2160
22.8689,114.1355,0.0,2160
22.8689,114.14,0.4,2160
22.8689,114.1445,0.9,2160
22.8689,114.1489,0.6,2160
22.8689,114.1534,0.0,2160
22.8689,114.1579,0.2,2160
22.8689,114.1624,2.2,2120
22.8689,114.1669,0.0,2160
22.8689,114.1714,0.9,2160
22.8689,114.1759,10.0,2160
22.8689,114.1804,8.8,2160
22.8689,114.1849,0.7,2160
22.8689,114.1894,0.0,2160
22.8689,114.1939,0.0,2160
22.8689,114.1984,0.4,2160
22.8689,114.2028,0.0,2160
22.8689,114.2073,0.0,2120
22.8689,114.2118,0.0,2160
22.8689,114.2163,2.0,2160
22.8689,114.2208,0.0,2160
22.8689,114.2253,0.0,2160
22.8689,114.2298,0.8,2160
22.8689,114.2343,0.0,2160
22.8689,114.2388,0.0,2160
22.8689,114.2433,0.0,2160
22.8689,114.2478,0.0,2160
22.8689,114.2522,0.0,2120
22.8689,114.2567,0.0,2160
22.8689,114.2612,0.1,2160
22.8689,114.2657,0.0,2160
22.8689,114.2702,0.0,2160
22.8689,114.2747,0.0,2160
22.8689,114.2792,0.0,2160
22.8689,114.2837,0.0,2160
22.8689,114.2882,0.0,2160
22.8689,114.2927,0.0,2160
22.8689,114.2972,0.0,2120
22.8689,114.3017,0.0,2160
22.8689,114.3061,0.0,2160
22.8689,114.3106,0.0,2160
22.8689,114.3151,1.9,2160
22.8689,114.3196,64.5,2160
22.8689,114.3241,52.7,2160
22.8689,114.3286,91.7,2160
22.8689,114.3331,87.7,2160
22.8689,114.3376,73.4,2160
22.8689,114.3421,17.8,2120
22.8689,114.3466,0.0,2160
22.8689,114.3511,0.0,2160
22.8689,114.3556,7.3,2160
22.8689,114.36,26.6,2160
22.8689,114.3645,12.3,2160
22.8689,114.369,19.1,2160
22.8689,114.3735,3.1,2160
22.8689,114.378,0.0,2160
22.8689,114.3825,0.0,2160
22.8689,114.387,0.0,2120
22.8689,114.3915,0.0,2160
22.8689,114.396,0.6,2160
22.8689,114.4005,0.0,2160
22.8689,114.405,0.3,2160
22.8689,114.4095,0.0,2160
22.8689,114.4139,0.0,2160
22.8689,114.4184,0.0,2160
22.8689,114.4229,0.0,2160
22.8689,114.4274,5.8,2120
22.8689,114.4319,7.6,2160
22.8689,114.4364,6.9,2160
22.8689,114.4409,3.9,2160
22.8689,114.4454,0.1,2160
22.8689,114.4499,0.5,2160
22.8689,114.4544,1.3,2160
22.8689,114.4589,15.7,2160
22.8689,114.4634,35.6,2160
22.8689,114.4678,90.2,2160
22.8689,114.4723,75.3,2120
22.8689,114.4768,42.3,2160
22.8689,114.4813,38.6,2160
22.8689,114.4858,7.0,2160
22.8689,114.4903,0.0,2160
22.8689,114.4948,0.0,2160
22.8689,114.4993,0.0,2160
22.8689,114.5038,0.0,2160
22.8689,114.5083,0.0,2160
22.8689,114.5128,0.0,2160
22.8689,114.5173,0.0,2120
22.8689,114.5217,0.0,2160
22.8689,114.5262,0.1,2160
22.8689,114.5307,2.8,2160
22.8689,114.5352,49.8,2160
22.8689,114.5397,3.9,2160
22.8689,114.5442,17.6,2160
22.8689,114.5487,41.3,2160
22.8689,114.5532,79.1,2160
22.8689,114.5577,51.9,2160
22.8689,114.5622,21.3,2120
22.8689,114.5667,13.1,2160
22.8689,114.5711,17.0,2160
22.8689,114.5756,10.0,2160
22.8689,114.5801,10.4,2160
22.8689,114.5846,9.8,2160
22.8689,114.5891,23.0,2160
22.8689,114.5936,18.1,2160
22.8689,114.5981,10.6,2160
22.8689,114.6026,12.5,2160
22.8689,114.6071,15.8,2120
22.8689,114.6116,16.4,2160
22.8689,114.6161,16.6,2160
22.8689,114.6206,7.5,2160
22.8689,114.625,0.9,2160
22.8689,114.6295,4.2,2160
22.8689,114.634,14.4,2160
22.8689,114.6385,2.8,2160
22.8689,114.643,0.0,2160
22.8689,114.6475,4.6,2160
22.8689,114.652,0.0,80
