timestamp_bjt,timezone,station_code,station_name,level_m_mean,level_m_max,sample_count,raw_count,quality_flag,lat,lon,source
2026-08-19T00:00:00+08:00,Asia/Shanghai,9281192001,(市)平湖火车隧道口,0.0,0.0,2,2,good,,,深圳市水务局开放平台·积涝点水位
2026-08-19T00:00:00+08:00,Asia/Shanghai,9281192002,(市)新木路广深铁路桥底,0.0,0.0,4,4,good,22.6674177472887,114.13210195018992,深圳市水务局开放平台·积涝点水位
2026-08-19T00:00:00+08:00,Asia/Shanghai,9281192003,(市)新木路新围仔村路口,0.0,0.0,4,4,good,22.6674177472887,114.13210195018992,深圳市水务局开放平台·积涝点水位
2026-08-19T00:00:00+08:00,Asia/Shanghai,9281192004,(市)布李路富民城段,0.0,0.0,1,1,good,22.618912574166664,114.11654044833332,深圳市水务局开放平台·积涝点水位
2026-08-19T00:00:00+08:00,Asia/Shanghai,9281192005,(市)龙博路,0.02,0.02,12,12,good,22.62797037826087,114.10927237391306,深圳市水务局开放平台·积涝点水位
2026-08-19T00:00:00+08:00,Asia/Shanghai,9281192006,(市)五和大道四季花城,0.0,0.0,1,1,good,22.65976725256875,114.05975735653944,深圳市水务局开放平台·积涝点水位
2026-08-19T00:00:00+08:00,Asia/Shanghai,9281192007,(市)沙西小学至南岭万家乐段,0.0029,0.01,7,7,good,,,深圳市水务局开放平台·积涝点水位
2026-08-19T00:00:00+08:00,Asia/Shanghai,9281192008,(市)南联第六工业区桥洞,0.0,0.0,1,1,good,,,深圳市水务局开放平台·积涝点水位
2026-08-19T00:00:00+08:00,Asia/Shanghai,9281192009,(市)新坡塘村新坡塘积水点,0.0,0.0,1,1,good,,,深圳市水务局开放平台·积涝点水位
2026-08-19T00:00:00+08:00,Asia/Shanghai,9281192010,(市)安良六村安业路与安居路交汇处,0.0,0.0,3,3,good,,,深圳市水务局开放平台·积涝点水位
2026-08-19T00:00:00+08:00,Asia/Shanghai,9281192011,(市)松元头,0.01,0.01,10,10,good,,,深圳市水务局开放平台·积涝点水位
2026-08-19T00:00:00+08:00,Asia/Shanghai,9281192012,(市)湖南立交,0.0,0.0,1,1,good,,,深圳市水务局开放平台·积涝点水位
2026-08-19T00:00:00+08:00,Asia/Shanghai,9281192013,(市)高背路惠盐高速桥洞积水点,0.0,0.0,2,2,good,,,深圳市水务局开放平台·积涝点水位
2026-08-19T00:00:00+08:00,Asia/Shanghai,9281192014,(市)鹤坑桥洞,0.0,0.0,1,1,good,,,深圳市水务局开放平台·积涝点水位
2026-08-19T00:00:00+08:00,Asia/Shanghai,9281192015,(市)安良社区沿河一路疏港铁路桥洞,0.01,0.01,14,14,good,22.73162335,114.107919,深圳市水务局开放平台·积涝点水位
2026-08-19T00:00:00+08:00,Asia/Shanghai,9281192016,(市)宝荷路中新加油站对面,0.0,0.0,3,3,good,22.694796752516076,114.25970116268519,深圳市水务局开放平台·积涝点水位
2026-08-19T00:00:00+08:00,Asia/Shanghai,9281192017,(市)环观南路与观平路交汇处,0.0,0.0,2,2,good,22.705673908780923,114.07279441765539,深圳市水务局开放平台·积涝点水位
2026-08-19T00:00:00+08:00,Asia/Shanghai,9281192018,(市)龙华大道库坑天桥段,0.0,0.0,4,4,good,22.669745856798677,114.03752701836405,深圳市水务局开放平台·积涝点水位
2026-08-19T00:00:00+08:00,Asia/Shanghai,9281192019,(市)福龙路高铁桥下简上段,0.0187,0.02,8,8,good,22.61964472178257,114.00080097044238,深圳市水务局开放平台·积涝点水位
2026-08-19T00:00:00+08:00,Asia/Shanghai,9281192020,(市)工业路壹成中心段,0.01,0.01,12,12,good,22.648754971805,114.02570221318598,深圳市水务局开放平台·积涝点水位
2026-08-19T00:00:00+08:00,Asia/Shanghai,9281192021,(市)东环一路和平路交汇处,0.02,0.02,11,11,good,22.65040479515617,114.03284713758192,深圳市水务局开放平台·积涝点水位
2026-08-19T00:00:00+08:00,Asia/Shanghai,9281192022,(市)龙田社区大水湾,0.0,0.0,4,4,good,,,深圳市水务局开放平台·积涝点水位
2026-08-19T00:00:00+08:00,Asia/Shanghai,9281292002,(市)广深高速桥下滨海大道北侧辅道,0.01,0.01,13,13,good,22.579823080041088,114.10123773351275,深圳市水务局开放平台·积涝点水位
2026-08-19T00:00:00+08:00,Asia/Shanghai,9281292003,(市)福田区竹子林立交下穿通道,0.0,0.0,3,3,good,,,深圳市水务局开放平台·积涝点水位
2026-08-19T00:00:00+08:00,Asia/Shanghai,9281292004,(市)滨河益田立交桥洞,0.0,0.0,2,2,good,,,深圳市水务局开放平台·积涝点水位
2026-08-19T00:00:00+08:00,Asia/Shanghai,9281292005,(市)深南新洲一号立交桥洞,0.0,0.0,2,2,good,,,深圳市水务局开放平台·积涝点水位
2026-08-19T00:00:00+08:00,Asia/Shanghai,9281292006,(市)北环新洲立交东南角辅道,0.0,0.0,1,1,good,,,深圳市水务局开放平台·积涝点水位
2026-08-19T00:00:00+08:00,Asia/Shanghai,9281292007,(市)107国道新安段(裕安加油站),0.0,0.0,1,1,good,22.55254164883845,113.90816500450731,深圳市水务局开放平台·积涝点水位
2026-08-19T00:00:00+08:00,Asia/Shanghai,9281292008,洲石路鹤洲桥底（市）,0.0037,0.01,8,8,good,22.651019027149744,113.88061107664711,深圳市水务局开放平台·积涝点水位
2026-08-19T00:00:00+08:00,Asia/Shanghai,9281292009,(市)帝堂路（锦程路以西段）,0.01,0.01,11,11,good,22.70987723506993,113.7784856087664,深圳市水务局开放平台·积涝点水位
2026-08-19T00:00:00+08:00,Asia/Shanghai,9281292011,(市)外环路广深高速新桥立交,0.0,0.0,5,5,good,22.736379220337216,113.84591188570887,深圳市水务局开放平台·积涝点水位
2026-08-19T00:00:00+08:00,Asia/Shanghai,9281292012,(市)固戍海滨新村文昌阁,0.0,0.0,4,4,good,,,深圳市水务局开放平台·积涝点水位
2026-08-19T00:00:00+08:00,Asia/Shanghai,9281292013,(市)宝安大道固戍地铁站,0.0,0.0,3,3,good,22.64678387472509,113.8417801892837,深圳市水务局开放平台·积涝点水位
2026-08-19T00:00:00+08:00,Asia/Shanghai,9281292014,(市)G107国道南行固戍大门,0.0,0.0,4,4,good,22.55254164883845,113.90816500450731,深圳市水务局开放平台·积涝点水位
2026-08-19T00:00:00+08:00,Asia/Shanghai,9281292015,(市)东环大道松宝大道段,0.0,0.0,3,3,good,,,深圳市水务局开放平台·积涝点水位
2026-08-19T00:00:00+08:00,Asia/Shanghai,9281292016,(市)长凤路龙大高速桥底,0.0,0.0,1,1,good,22.775734215738417,113.91156092305157,深圳市水务局开放平台·积涝点水位
2026-08-19T00:00:00+08:00,Asia/Shanghai,9281292017,(市)圳美同富裕工业区,0.0,0.0,1,1,good,,,深圳市水务局开放平台·积涝点水位
2026-08-19T00:00:00+08:00,Asia/Shanghai,9281292018,(市)根玉路东方大道交汇处,0.0,0.0,7,7,good,22.763216165633853,113.85149341983029,深圳市水务局开放平台·积涝点水位
2026-08-19T00:00:00+08:00,Asia/Shanghai,9281292019,(市)上村社区龙大桥底,0.0,0.0,1,1,good,,,深圳市水务局开放平台·积涝点水位
2026-08-19T00:00:00+08:00,Asia/Shanghai,9281292020,(市)马山头社区上石家路通兴路交汇处,0.0,0.0,2,2,good,22.763999933333334,113.8915635138889,深圳市水务局开放平台·积涝点水位
2026-08-19T00:00:00+08:00,Asia/Shanghai,9281292021,(市)临海大道海关保税区,0.0,0.0,3,3,good,22.53399911521491,113.88871009435005,深圳市水务局开放平台·积涝点水位
2026-08-19T00:00:00+08:00,Asia/Shanghai,9281292022,(市)南山大道南行亿利达村段,0.01,0.01,16,16,good,22.540721694789013,113.9181638130031,深圳市水务局开放平台·积涝点水位
2026-08-19T00:00:00+08:00,Asia/Shanghai,9281292023,(市)东滨路南行华联城市山林花园段,0.0,0.0,4,4,good,22.51106546682151,113.92212734316605,深圳市水务局开放平台·积涝点水位
2026-08-19T00:00:00+08:00,Asia/Shanghai,9281292024,(市)深圳湾东滨路与中心路交叉口,0.0067,0.01,12,12,good,22.51106546682151,113.92212734316605,深圳市水务局开放平台·积涝点水位
2026-08-19T00:00:00+08:00,Asia/Shanghai,MS1104403030000232,(市)沿河南路文锦路社区,0.0,0.0,3,3,good,22.550252268776845,114.11444108979862,深圳市水务局开放平台·积涝点水位
2026-08-19T00:00:00+08:00,Asia/Shanghai,MS1104403030000247,(市)深南东路黄贝岭,0.0,0.0,2,2,good,22.54661746874732,114.11811396992493,深圳市水务局开放平台·积涝点水位
2026-08-19T00:00:00+08:00,Asia/Shanghai,MS1104403030000266,(市)罗湖火车站,0.0,0.0,3,3,good,,,深圳市水务局开放平台·积涝点水位
2026-08-19T00:00:00+08:00,Asia/Shanghai,MS1104403030000285,(市)万象城,0.01,0.01,11,11,good,,,深圳市水务局开放平台·积涝点水位
2026-08-19T00:00:00+08:00,Asia/Shanghai,MS110440303000029X,(市)洪湖地铁站D出入口,0.0,0.0,1,1,good,,,深圳市水务局开放平台·积涝点水位
2026-08-19T00:00:00+08:00,Asia/Shanghai,MS1104403030000304,(市)东湖路,0.0,0.0,1,1,good,22.582822583699635,114.1345991945055,深圳市水务局开放平台·积涝点水位
2026-08-19T00:00:00+08:00,Asia/Shanghai,MS1104403030000319,(市)桂园片区,0.0,0.0,3,3,good,,,深圳市水务局开放平台·积涝点水位
2026-08-19T00:00:00+08:00,Asia/Shanghai,MS1104403030000323,(市)晒布路与东门中路交汇处,0.01,0.01,9,9,good,22.551568716163253,114.1183832504732,深圳市水务局开放平台·积涝点水位
2026-08-19T00:00:00+08:00,Asia/Shanghai,MS1104403030000338,(市)东湖公园爱国路与太宁路路口,0.0,0.0,3,3,good,22.563633808974675,114.13329390192719,深圳市水务局开放平台·积涝点水位
2026-08-19T00:00:00+08:00,Asia/Shanghai,MS1104403040000558,(市)信托花园,0.0,0.0,5,5,good,,,深圳市水务局开放平台·积涝点水位
2026-08-19T00:00:00+08:00,Asia/Shanghai,MS1104403040000577,(市)深南皇岗立交桥与皇岗路交汇处,0.0,0.0,1,1,good,22.552167188223326,114.06774281249497,深圳市水务局开放平台·积涝点水位
2026-08-19T00:00:00+08:00,Asia/Shanghai,MS110440304000062X,(市)民田路深圳证券交易所,0.0,0.0,2,2,good,22.53903429826115,114.04781278730138,深圳市水务局开放平台·积涝点水位
2026-08-19T00:00:00+08:00,Asia/Shanghai,MS1104403040000634,(市)燃气集团股份有限公司梅林 LNG安全应急气化站,0.0,0.0,2,2,good,,,深圳市水务局开放平台·积涝点水位
2026-08-19T00:00:00+08:00,Asia/Shanghai,MS1104403040000649,(市)深南大道车公庙交通枢纽段,0.0,0.0,3,3,good,22.5420797706313,113.9753640727562,深圳市水务局开放平台·积涝点水位
2026-08-19T00:00:00+08:00,Asia/Shanghai,MS1104403050000118,(市)月亮湾大道与前湾三路交叉口,0.0,0.0,1,1,good,22.511993391395155,113.8903078293519,深圳市水务局开放平台·积涝点水位
2026-08-19T00:00:00+08:00,Asia/Shanghai,MS1104403050000122,(市)南山大道深意工业大厦段,0.01,0.01,15,15,good,22.540721694789013,113.9181638130031,深圳市水务局开放平台·积涝点水位
2026-08-19T00:00:00+08:00,Asia/Shanghai,MS1104403050000137,(市)南山大道与登良路交叉口,0.0,0.0,1,1,good,22.540721694789013,113.9181638130031,深圳市水务局开放平台·积涝点水位
2026-08-19T00:00:00+08:00,Asia/Shanghai,MS1104403050000175,(市)后海大道与登良路交叉口,0.0,0.0,8,8,good,22.51179221810604,113.92884393579894,深圳市水务局开放平台·积涝点水位
2026-08-19T00:00:00+08:00,Asia/Shanghai,MS110440305000018X,(市)后海大道港湾创业大厦,0.0,0.0,4,4,good,22.51179221810604,113.92884393579894,深圳市水务局开放平台·积涝点水位
2026-08-19T00:00:00+08:00,Asia/Shanghai,MS1104403050000213,(市)前湾公园地铁站 A 出入口,0.0,0.0,3,3,good,,,深圳市水务局开放平台·积涝点水位
2026-08-19T00:00:00+08:00,Asia/Shanghai,MS1104403050000228,(市)粤海门地铁站 D2 出入口,0.0,0.0,4,4,good,,,深圳市水务局开放平台·积涝点水位
2026-08-19T00:00:00+08:00,Asia/Shanghai,MS1104403050000232,(市)桂庙路地下道路,0.0,0.0,5,5,good,22.52643977555155,113.91686609460196,深圳市水务局开放平台·积涝点水位
2026-08-19T00:00:00+08:00,Asia/Shanghai,MS1104403050000247,(市)国家超级计算深圳中心,0.0,0.0,2,2,good,,,深圳市水务局开放平台·积涝点水位
2026-08-19T00:00:00+08:00,Asia/Shanghai,MS1104403060000304,(市)山门第三工业区,0.0,0.0,1,1,good,,,深圳市水务局开放平台·积涝点水位
2026-08-19T00:00:00+08:00,Asia/Shanghai,MS1104403060000319,(市)前进一路上川路口,0.0,0.0,1,1,good,22.57118007860348,113.90008995469552,深圳市水务局开放平台·积涝点水位
2026-08-19T00:00:00+08:00,Asia/Shanghai,MS1104403060000323,(市)洪浪北地铁站,0.0,0.0,3,3,good,,,深圳市水务局开放平台·积涝点水位
2026-08-19T00:00:00+08:00,Asia/Shanghai,MS1104403060000361,(市)园岭商场,0.0,0.0,2,2,good,,,深圳市水务局开放平台·积涝点水位
2026-08-19T00:00:00+08:00,Asia/Shanghai,MS1104403060000380,(市)北环路与爱群路路口,0.0,0.0,1,1,good,22.79634568700108,114.39897783430258,深圳市水务局开放平台·积涝点水位
2026-08-19T00:00:00+08:00,Asia/Shanghai,MS1104403060000395,(市)宝安区幸福路与恒珠一路,0.0,0.0,1,1,good,,,深圳市水务局开放平台·积涝点水位
2026-08-19T00:00:00+08:00,Asia/Shanghai,MS110440306000040X,(市)宝安区勋业街,0.0,0.0,1,1,good,,,深圳市水务局开放平台·积涝点水位
2026-08-19T00:00:00+08:00,Asia/Shanghai,MS1104403060000414,(市)宝安区福和路西六巷,0.0,0.0,1,1,good,22.75496986065163,113.7975587837876,深圳市水务局开放平台·积涝点水位
2026-08-19T00:00:00+08:00,Asia/Shanghai,MS1104403060000429,(市)民福路与创新路交叉口,0.005,0.01,4,4,good,22.77931941488889,113.82386091368804,深圳市水务局开放平台·积涝点水位
2026-08-19T00:00:00+08:00,Asia/Shanghai,MS1104403060000433,(市)金沙二路与民福路交叉口,0.0,0.0,1,1,good,22.731531574999998,113.800096525,深圳市水务局开放平台·积涝点水位
2026-08-19T00:00:00+08:00,Asia/Shanghai,MS1104403060000452,(市)宝源路固戍海滨公园,0.01,0.01,10,10,good,22.58668431255461,113.84584894450396,深圳市水务局开放平台·积涝点水位
2026-08-19T00:00:00+08:00,Asia/Shanghai,MS1104403060000467,(市)海雅缤纷城,0.0,0.0,5,5,good,,,深圳市水务局开放平台·积涝点水位
2026-08-19T00:00:00+08:00,Asia/Shanghai,MS1104403060000486,(市)固戍地铁站 A/F 出入口,0.0,0.0,1,1,good,,,深圳市水务局开放平台·积涝点水位
2026-08-19T00:00:00+08:00,Asia/Shanghai,MS1104403060000490,(市)碧海湾地铁站 B 出入口,0.0,0.0,2,2,good,,,深圳市水务局开放平台·积涝点水位
2026-08-19T00:00:00+08:00,Asia/Shanghai,MS1104403060000505,(市)海天路地下隧道,0.0,0.0,1,1,good,22.549962987088094,113.87889692546018,深圳市水务局开放平台·积涝点水位
2026-08-19T00:00:00+08:00,Asia/Shanghai,MS1104403070000175,(市)龙平西路新秀社区公园,0.0,0.0,1,1,good,22.731009781031894,114.22605984524496,深圳市水务局开放平台·积涝点水位
2026-08-19T00:00:00+08:00,Asia/Shanghai,MS110440307000018X,(市)如意路广发银行奥林支行,0.0,0.0,4,4,good,22.697841456213258,114.19931100734046,深圳市水务局开放平台·积涝点水位
2026-08-19T00:00:00+08:00,Asia/Shanghai,MS1104403070000194,(市)龙翔大道与龙城大道交汇处,0.0,0.0,4,4,good,22.708452173199664,114.22855732448205,深圳市水务局开放平台·积涝点水位
2026-08-19T00:00:00+08:00,Asia/Shanghai,MS1104403070000209,(市)龙城大道与龙平东路交汇处,0.0,0.0,4,4,good,22.734070392016967,114.26268655089929,深圳市水务局开放平台·积涝点水位
2026-08-19T00:00:00+08:00,Asia/Shanghai,MS1104403070000213,(市)龙西中路与盐龙大道交汇处,0.0,0.0,2,2,good,22.75103177856142,114.25588661241065,深圳市水务局开放平台·积涝点水位
2026-08-19T00:00:00+08:00,Asia/Shanghai,MS1104403070000228,(市)爱南路与深汕公路交汇处,0.0,0.0,1,1,good,22.709133830928806,114.31382413715897,深圳市水务局开放平台·积涝点水位
2026-08-19T00:00:00+08:00,Asia/Shanghai,MS1104403070000232,(市)园新路与乐园路交汇处,0.0,0.0,3,3,good,22.714932425,114.3001758,深圳市水务局开放平台·积涝点水位
2026-08-19T00:00:00+08:00,Asia/Shanghai,MS1104403070000251,(市)龙岗区政府,0.0,0.0,1,1,good,,,深圳市水务局开放平台·积涝点水位
2026-08-19T00:00:00+08:00,Asia/Shanghai,MS1104403070000266,(市)五和地铁站H出入口,0.0,0.0,1,1,good,,,深圳市水务局开放平台·积涝点水位
2026-08-19T00:00:00+08:00,Asia/Shanghai,MS1104403070000285,(市)育贤学校、童星幼儿园,0.0,0.0,4,4,good,,,深圳市水务局开放平台·积涝点水位
2026-08-19T00:00:00+08:00,Asia/Shanghai,MS1104403070000304,(市)英才学校,0.0,0.0,2,2,good,,,深圳市水务局开放平台·积涝点水位
2026-08-19T00:00:00+08:00,Asia/Shanghai,MS1104403070000319,(市)吉榕路桥洞,0.0,0.0,2,2,good,,,深圳市水务局开放平台·积涝点水位
2026-08-19T00:00:00+08:00,Asia/Shanghai,MS1104403080000012,(市)金融路海涛路口片区,0.0,0.0,3,3,good,22.553642038690473,114.22939035281746,深圳市水务局开放平台·积涝点水位
2026-08-19T00:00:00+08:00,Asia/Shanghai,MS1104403080000031,(市)桥东街小区,0.0,0.0,3,3,good,,,深圳市水务局开放平台·积涝点水位
2026-08-19T00:00:00+08:00,Asia/Shanghai,MS1104403090000084,(市)观光路与福前路交汇处,0.0,0.0,1,1,good,22.733179257314486,114.01274963079653,深圳市水务局开放平台·积涝点水位
2026-08-19T00:00:00+08:00,Asia/Shanghai,MS1104403090000099,(市)三联社区,0.0,0.0,3,3,good,,,深圳市水务局开放平台·积涝点水位
2026-08-19T00:00:00+08:00,Asia/Shanghai,MS1104403090000103,(市)布龙路与五和大道交汇处,0.0,0.0,2,2,good,22.646750702555874,114.02665721385576,深圳市水务局开放平台·积涝点水位
2026-08-19T00:00:00+08:00,Asia/Shanghai,MS1104403090000118,(市)新区大道深圳北站,0.0,0.0,2,2,good,22.624351465560785,114.01682556681699,深圳市水务局开放平台·积涝点水位
2026-08-19T00:00:00+08:00,Asia/Shanghai,MS1104403090000122,(市)龙华壹方成,0.0,0.0,3,3,good,,,深圳市水务局开放平台·积涝点水位
2026-08-19T00:00:00+08:00,Asia/Shanghai,MS1104403090000137,(市)昌茂二路,0.0,0.0,6,6,good,,,深圳市水务局开放平台·积涝点水位
2026-08-19T00:00:00+08:00,Asia/Shanghai,MS1104403090000141,(市)大浪新围街大船坑市场段,0.0,0.0,1,1,good,22.692058934615382,113.9964102346154,深圳市水务局开放平台·积涝点水位
2026-08-19T00:00:00+08:00,Asia/Shanghai,MS1104403100000032,(市)秀沙路比亚迪厂门前,0.0,0.0,7,7,good,22.767995359829058,114.39900074224022,深圳市水务局开放平台·积涝点水位
2026-08-19T00:00:00+08:00,Asia/Shanghai,MS1104403100000047,(市)群代路金泰航科技,0.01,0.01,12,12,good,,,深圳市水务局开放平台·积涝点水位
2026-08-19T00:00:00+08:00,Asia/Shanghai,MS1104403100000051,(市)三洋湖路三洋湖新区小区,0.0,0.0,2,2,good,,,深圳市水务局开放平台·积涝点水位
2026-08-19T00:00:00+08:00,Asia/Shanghai,MS1104403100000066,(市)文化中心地铁站,0.0,0.0,3,3,good,,,深圳市水务局开放平台·积涝点水位
2026-08-19T00:00:00+08:00,Asia/Shanghai,MS1104403110000597,(市)东长路外环高速长圳入口,0.0,0.0,2,2,good,22.747509018088216,113.91221411091422,深圳市水务局开放平台·积涝点水位
2026-08-19T00:00:00+08:00,Asia/Shanghai,MS1104403110000601,(市)光侨雅苑,0.0,0.0,1,1,good,,,深圳市水务局开放平台·积涝点水位
2026-08-19T00:00:00+08:00,Asia/Shanghai,MS1104403110000635,(市)公常路与环村路交叉口,0.0,0.0,3,3,good,22.826648407959507,113.95688701032125,深圳市水务局开放平台·积涝点水位
2026-08-19T00:00:00+08:00,Asia/Shanghai,MS1104403120000032,(市)大鹏液化天然气有限公司深圳接收站,0.0,0.0,2,2,good,,,深圳市水务局开放平台·积涝点水位
2026-08-19T01:00:00+08:00,Asia/Shanghai,9281192001,(市)平湖火车隧道口,0.0,0.0,1,1,good,,,深圳市水务局开放平台·积涝点水位
2026-08-19T01:00:00+08:00,Asia/Shanghai,9281192002,(市)新木路广深铁路桥底,0.0,0.0,6,6,good,22.6674177472887,114.13210195018992,深圳市水务局开放平台·积涝点水位
2026-08-19T01:00:00+08:00,Asia/Shanghai,9281192003,(市)新木路新围仔村路口,0.0,0.0,4,4,good,22.6674177472887,114.13210195018992,深圳市水务局开放平台·积涝点水位
2026-08-19T01:00:00+08:00,Asia/Shanghai,9281192004,(市)布李路富民城段,0.0,0.0,2,2,good,22.618912574166664,114.11654044833332,深圳市水务局开放平台·积涝点水位
2026-08-19T01:00:00+08:00,Asia/Shanghai,9281192005,(市)龙博路,0.02,0.02,9,9,good,22.62797037826087,114.10927237391306,深圳市水务局开放平台·积涝点水位
2026-08-19T01:00:00+08:00,Asia/Shanghai,9281192007,(市)沙西小学至南岭万家乐段,0.0,0.0,4,4,good,,,深圳市水务局开放平台·积涝点水位
2026-08-19T01:00:00+08:00,Asia/Shanghai,9281192008,(市)南联第六工业区桥洞,0.0,0.0,9,9,good,,,深圳市水务局开放平台·积涝点水位
2026-08-19T01:00:00+08:00,Asia/Shanghai,9281192009,(市)新坡塘村新坡塘积水点,0.0,0.0,4,4,good,,,深圳市水务局开放平台·积涝点水位
2026-08-19T01:00:00+08:00,Asia/Shanghai,9281192010,(市)安良六村安业路与安居路交汇处,0.0,0.0,5,5,good,,,深圳市水务局开放平台·积涝点水位
2026-08-19T01:00:00+08:00,Asia/Shanghai,9281192011,(市)松元头,0.01,0.01,6,6,good,,,深圳市水务局开放平台·积涝点水位
2026-08-19T01:00:00+08:00,Asia/Shanghai,9281192012,(市)湖南立交,0.0,0.0,1,1,good,,,深圳市水务局开放平台·积涝点水位
2026-08-19T01:00:00+08:00,Asia/Shanghai,9281192013,(市)高背路惠盐高速桥洞积水点,0.0,0.0,5,5,good,,,深圳市水务局开放平台·积涝点水位
2026-08-19T01:00:00+08:00,Asia/Shanghai,9281192014,(市)鹤坑桥洞,0.0,0.0,3,3,good,,,深圳市水务局开放平台·积涝点水位
2026-08-19T01:00:00+08:00,Asia/Shanghai,9281192015,(市)安良社区沿河一路疏港铁路桥洞,0.01,0.01,7,7,good,22.73162335,114.107919,深圳市水务局开放平台·积涝点水位
2026-08-19T01:00:00+08:00,Asia/Shanghai,9281192016,(市)宝荷路中新加油站对面,0.0,0.0,4,4,good,22.694796752516076,114.25970116268519,深圳市水务局开放平台·积涝点水位
2026-08-19T01:00:00+08:00,Asia/Shanghai,9281192017,(市)环观南路与观平路交汇处,0.0,0.0,4,4,good,22.705673908780923,114.07279441765539,深圳市水务局开放平台·积涝点水位
2026-08-19T01:00:00+08:00,Asia/Shanghai,9281192018,(市)龙华大道库坑天桥段,0.0,0.0,5,5,good,22.669745856798677,114.03752701836405,深圳市水务局开放平台·积涝点水位
2026-08-19T01:00:00+08:00,Asia/Shanghai,9281192019,(市)福龙路高铁桥下简上段,0.02,0.02,13,13,good,22.61964472178257,114.00080097044238,深圳市水务局开放平台·积涝点水位
2026-08-19T01:00:00+08:00,Asia/Shanghai,9281192020,(市)工业路壹成中心段,0.01,0.01,7,7,good,22.648754971805,114.02570221318598,深圳市水务局开放平台·积涝点水位
2026-08-19T01:00:00+08:00,Asia/Shanghai,9281192021,(市)东环一路和平路交汇处,0.02,0.02,10,10,good,22.65040479515617,114.03284713758192,深圳市水务局开放平台·积涝点水位
2026-08-19T01:00:00+08:00,Asia/Shanghai,9281192022,(市)龙田社区大水湾,0.0,0.0,2,2,good,,,深圳市水务局开放平台·积涝点水位
2026-08-19T01:00:00+08:00,Asia/Shanghai,9281292001,(市)滨河皇岗立交桥洞,0.0,0.0,5,5,good,,,深圳市水务局开放平台·积涝点水位
2026-08-19T01:00:00+08:00,Asia/Shanghai,9281292002,(市)广深高速桥下滨海大道北侧辅道,0.01,0.01,7,7,good,22.579823080041088,114.10123773351275,深圳市水务局开放平台·积涝点水位
2026-08-19T01:00:00+08:00,Asia/Shanghai,9281292003,(市)福田区竹子林立交下穿通道,0.0,0.0,3,3,good,,,深圳市水务局开放平台·积涝点水位
2026-08-19T01:00:00+08:00,Asia/Shanghai,9281292005,(市)深南新洲一号立交桥洞,0.0,0.0,4,4,good,,,深圳市水务局开放平台·积涝点水位
2026-08-19T01:00:00+08:00,Asia/Shanghai,9281292006,(市)北环新洲立交东南角辅道,0.0,0.0,1,1,good,,,深圳市水务局开放平台·积涝点水位
2026-08-19T01:00:00+08:00,Asia/Shanghai,9281292007,(市)107国道新安段(裕安加油站),0.0,0.0,5,5,good,22.55254164883845,113.90816500450731,深圳市水务局开放平台·积涝点水位
2026-08-19T01:00:00+08:00,Asia/Shanghai,9281292008,洲石路鹤洲桥底（市）,0.01,0.01,5,5,good,22.651019027149744,113.88061107664711,深圳市水务局开放平台·积涝点水位
2026-08-19T01:00:00+08:00,Asia/Shanghai,9281292009,(市)帝堂路（锦程路以西段）,0.01,0.01,9,9,good,22.70987723506993,113.7784856087664,深圳市水务局开放平台·积涝点水位
2026-08-19T01:00:00+08:00,Asia/Shanghai,9281292010,(市)上星南路与中心路丽沙花都,0.0,0.0,5,5,good,22.502209013854387,113.93734688972145,深圳市水务局开放平台·积涝点水位
2026-08-19T01:00:00+08:00,Asia/Shanghai,9281292011,(市)外环路广深高速新桥立交,0.0,0.0,4,4,good,22.736379220337216,113.84591188570887,深圳市水务局开放平台·积涝点水位
2026-08-19T01:00:00+08:00,Asia/Shanghai,9281292012,(市)固戍海滨新村文昌阁,0.0,0.0,5,5,good,,,深圳市水务局开放平台·积涝点水位
2026-08-19T01:00:00+08:00,Asia/Shanghai,9281292013,(市)宝安大道固戍地铁站,0.0,0.0,2,2,good,22.64678387472509,113.8417801892837,深圳市水务局开放平台·积涝点水位
2026-08-19T01:00:00+08:00,Asia/Shanghai,9281292014,(市)G107国道南行固戍大门,0.0,0.0,5,5,good,22.55254164883845,113.90816500450731,深圳市水务局开放平台·积涝点水位
2026-08-19T01:00:00+08:00,Asia/Shanghai,9281292015,(市)东环大道松宝大道段,0.0,0.0,2,2,good,,,深圳市水务局开放平台·积涝点水位
2026-08-19T01:00:00+08:00,Asia/Shanghai,9281292016,(市)长凤路龙大高速桥底,0.0,0.0,2,2,good,22.775734215738417,113.91156092305157,深圳市水务局开放平台·积涝点水位
2026-08-19T01:00:00+08:00,Asia/Shanghai,9281292017,(市)圳美同富裕工业区,0.0,0.0,1,1,good,,,深圳市水务局开放平台·积涝点水位
2026-08-19T01:00:00+08:00,Asia/Shanghai,9281292018,(市)根玉路东方大道交汇处,0.0,0.0,4,4,good,22.763216165633853,113.85149341983029,深圳市水务局开放平台·积涝点水位
2026-08-19T01:00:00+08:00,Asia/Shanghai,9281292019,(市)上村社区龙大桥底,0.0,0.0,1,1,good,,,深圳市水务局开放平台·积涝点水位
2026-08-19T01:00:00+08:00,Asia/Shanghai,9281292020,(市)马山头社区上石家路通兴路交汇处,0.0,0.0,2,2,good,22.763999933333334,113.8915635138889,深圳市水务局开放平台·积涝点水位
2026-08-19T01:00:00+08:00,Asia/Shanghai,9281292021,(市)临海大道海关保税区,0.0,0.0,1,1,good,22.53399911521491,113.88871009435005,深圳市水务局开放平台·积涝点水位
2026-08-19T01:00:00+08:00,Asia/Shanghai,9281292022,(市)南山大道南行亿利达村段,0.01,0.01,10,10,good,22.540721694789013,113.9181638130031,深圳市水务局开放平台·积涝点水位
2026-08-19T01:00:00+08:00,Asia/Shanghai,9281292023,(市)东滨路南行华联城市山林花园段,0.0,0.0,5,5,good,22.51106546682151,113.92212734316605,深圳市水务局开放平台·积涝点水位
2026-08-19T01:00:00+08:00,Asia/Shanghai,9281292024,(市)深圳湾东滨路与中心路交叉口,0.008,0.01,5,5,good,22.51106546682151,113.92212734316605,深圳市水务局开放平台·积涝点水位
2026-08-19T01:00:00+08:00,Asia/Shanghai,MS1104403030000228,(市)红岗公园,0.0,0.0,1,1,good,,,深圳市水务局开放平台·积涝点水位
2026-08-19T01:00:00+08:00,Asia/Shanghai,MS1104403030000232,(市)沿河南路文锦路社区,0.0,0.0,7,7,good,22.550252268776845,114.11444108979862,深圳市水务局开放平台·积涝点水位
2026-08-19T01:00:00+08:00,Asia/Shanghai,MS1104403030000247,(市)深南东路黄贝岭,0.0,0.0,3,3,good,22.54661746874732,114.11811396992493,深圳市水务局开放平台·积涝点水位
2026-08-19T01:00:00+08:00,Asia/Shanghai,MS1104403030000251,(市)滨河上步立交桥,0.0,0.0,1,1,good,,,深圳市水务局开放平台·积涝点水位
2026-08-19T01:00:00+08:00,Asia/Shanghai,MS1104403030000266,(市)罗湖火车站,0.0,0.0,3,3,good,,,深圳市水务局开放平台·积涝点水位
2026-08-19T01:00:00+08:00,Asia/Shanghai,MS1104403030000270,(市)罗湖区委,0.0,0.0,2,2,good,,,深圳市水务局开放平台·积涝点水位
2026-08-19T01:00:00+08:00,Asia/Shanghai,MS1104403030000285,(市)万象城,0.01,0.01,11,11,good,,,深圳市水务局开放平台·积涝点水位
2026-08-19T01:00:00+08:00,Asia/Shanghai,MS1104403030000304,(市)东湖路,0.0,0.0,1,1,good,22.582822583699635,114.1345991945055,深圳市水务局开放平台·积涝点水位
2026-08-19T01:00:00+08:00,Asia/Shanghai,MS1104403030000319,(市)桂园片区,0.0,0.0,5,5,good,,,深圳市水务局开放平台·积涝点水位
2026-08-19T01:00:00+08:00,Asia/Shanghai,MS1104403030000323,(市)晒布路与东门中路交汇处,0.01,0.01,8,8,good,22.551568716163253,114.1183832504732,深圳市水务局开放平台·积涝点水位
2026-08-19T01:00:00+08:00,Asia/Shanghai,MS1104403030000338,(市)东湖公园爱国路与太宁路路口,0.0,0.0,5,5,good,22.563633808974675,114.13329390192719,深圳市水务局开放平台·积涝点水位
2026-08-19T01:00:00+08:00,Asia/Shanghai,MS1104403040000543,(市)香梅莲花路口,0.0,0.0,1,1,good,22.559401296538805,114.04793087126708,深圳市水务局开放平台·积涝点水位
2026-08-19T01:00:00+08:00,Asia/Shanghai,MS1104403040000558,(市)信托花园,0.0,0.0,1,1,good,,,深圳市水务局开放平台·积涝点水位
2026-08-19T01:00:00+08:00,Asia/Shanghai,MS1104403040000577,(市)深南皇岗立交桥与皇岗路交汇处,0.0,0.0,1,1,good,22.552167188223326,114.06774281249497,深圳市水务局开放平台·积涝点水位
2026-08-19T01:00:00+08:00,Asia/Shanghai,MS110440304000062X,(市)民田路深圳证券交易所,0.0,0.0,4,4,good,22.53903429826115,114.04781278730138,深圳市水务局开放平台·积涝点水位
2026-08-19T01:00:00+08:00,Asia/Shanghai,MS1104403040000634,(市)燃气集团股份有限公司梅林 LNG安全应急气化站,0.0,0.0,2,2,good,,,深圳市水务局开放平台·积涝点水位
2026-08-19T01:00:00+08:00,Asia/Shanghai,MS1104403040000649,(市)深南大道车公庙交通枢纽段,0.0,0.0,1,1,good,22.5420797706313,113.9753640727562,深圳市水务局开放平台·积涝点水位
2026-08-19T01:00:00+08:00,Asia/Shanghai,MS1104403050000122,(市)南山大道深意工业大厦段,0.01,0.01,7,7,good,22.540721694789013,113.9181638130031,深圳市水务局开放平台·积涝点水位
2026-08-19T01:00:00+08:00,Asia/Shanghai,MS1104403050000141,(市)南新路北头豪苑,0.0,0.0,1,1,good,22.535707366852186,113.92452459612443,深圳市水务局开放平台·积涝点水位
2026-08-19T01:00:00+08:00,Asia/Shanghai,MS1104403050000175,(市)后海大道与登良路交叉口,0.0,0.0,6,6,good,22.51179221810604,113.92884393579894,深圳市水务局开放平台·积涝点水位
2026-08-19T01:00:00+08:00,Asia/Shanghai,MS110440305000018X,(市)后海大道港湾创业大厦,0.0,0.0,1,1,good,22.51179221810604,113.92884393579894,深圳市水务局开放平台·积涝点水位
2026-08-19T01:00:00+08:00,Asia/Shanghai,MS1104403050000194,(市)深南大道高新园地铁 AD 口,0.0,0.0,4,4,good,22.5420797706313,113.9753640727562,深圳市水务局开放平台·积涝点水位
2026-08-19T01:00:00+08:00,Asia/Shanghai,MS1104403050000228,(市)粤海门地铁站 D2 出入口,0.0,0.0,5,5,good,,,深圳市水务局开放平台·积涝点水位
2026-08-19T01:00:00+08:00,Asia/Shanghai,MS1104403050000232,(市)桂庙路地下道路,0.0,0.0,7,7,good,22.52643977555155,113.91686609460196,深圳市水务局开放平台·积涝点水位
2026-08-19T01:00:00+08:00,Asia/Shanghai,MS1104403060000319,(市)前进一路上川路口,0.0,0.0,4,4,good,22.57118007860348,113.90008995469552,深圳市水务局开放平台·积涝点水位
2026-08-19T01:00:00+08:00,Asia/Shanghai,MS1104403060000323,(市)洪浪北地铁站,0.0,0.0,5,5,good,,,深圳市水务局开放平台·积涝点水位
2026-08-19T01:00:00+08:00,Asia/Shanghai,MS1104403060000357,(市)前进二路,0.0,0.0,1,1,good,22.597482662679273,113.87435005513986,深圳市水务局开放平台·积涝点水位
2026-08-19T01:00:00+08:00,Asia/Shanghai,MS1104403060000361,(市)园岭商场,0.0,0.0,4,4,good,,,深圳市水务局开放平台·积涝点水位
2026-08-19T01:00:00+08:00,Asia/Shanghai,MS1104403060000376,(市)新圳西路万佳商场段,0.0,0.0,2,2,good,22.56349644,113.89998969999999,深圳市水务局开放平台·积涝点水位
2026-08-19T01:00:00+08:00,Asia/Shanghai,MS1104403060000380,(市)北环路与爱群路路口,0.0,0.0,1,1,good,22.79634568700108,114.39897783430258,深圳市水务局开放平台·积涝点水位
2026-08-19T01:00:00+08:00,Asia/Shanghai,MS1104403060000395,(市)宝安区幸福路与恒珠一路,0.0,0.0,1,1,good,,,深圳市水务局开放平台·积涝点水位
2026-08-19T01:00:00+08:00,Asia/Shanghai,MS1104403060000414,(市)宝安区福和路西六巷,0.0,0.0,4,4,good,22.75496986065163,113.7975587837876,深圳市水务局开放平台·积涝点水位
2026-08-19T01:00:00+08:00,Asia/Shanghai,MS1104403060000429,(市)民福路与创新路交叉口,0.0,0.0,3,3,good,22.77931941488889,113.82386091368804,深圳市水务局开放平台·积涝点水位
2026-08-19T01:00:00+08:00,Asia/Shanghai,MS1104403060000452,(市)宝源路固戍海滨公园,0.0,0.0,4,4,good,22.58668431255461,113.84584894450396,深圳市水务局开放平台·积涝点水位
2026-08-19T01:00:00+08:00,Asia/Shanghai,MS1104403060000467,(市)海雅缤纷城,0.005,0.01,4,4,good,,,深圳市水务局开放平台·积涝点水位
2026-08-19T01:00:00+08:00,Asia/Shanghai,MS1104403060000486,(市)固戍地铁站 A/F 出入口,0.0,0.0,3,3,good,,,深圳市水务局开放平台·积涝点水位
2026-08-19T01:00:00+08:00,Asia/Shanghai,MS1104403060000490,(市)碧海湾地铁站 B 出入口,0.0,0.0,3,3,good,,,深圳市水务局开放平台·积涝点水位
2026-08-19T01:00:00+08:00,Asia/Shanghai,MS1104403060000505,(市)海天路地下隧道,0.0,0.0,2,2,good,22.549962987088094,113.87889692546018,深圳市水务局开放平台·积涝点水位
2026-08-19T01:00:00+08:00,Asia/Shanghai,MS110440307000018X,(市)如意路广发银行奥林支行,0.0,0.0,2,2,good,22.697841456213258,114.19931100734046,深圳市水务局开放平台·积涝点水位
2026-08-19T01:00:00+08:00,Asia/Shanghai,MS1104403070000194,(市)龙翔大道与龙城大道交汇处,0.0,0.0,5,5,good,22.708452173199664,114.22855732448205,深圳市水务局开放平台·积涝点水位
2026-08-19T01:00:00+08:00,Asia/Shanghai,MS1104403070000209,(市)龙城大道与龙平东路交汇处,0.0,0.0,1,1,good,22.734070392016967,114.26268655089929,深圳市水务局开放平台·积涝点水位
2026-08-19T01:00:00+08:00,Asia/Shanghai,MS1104403070000213,(市)龙西中路与盐龙大道交汇处,0.0,0.0,3,3,good,22.75103177856142,114.25588661241065,深圳市水务局开放平台·积涝点水位
2026-08-19T01:00:00+08:00,Asia/Shanghai,MS1104403070000228,(市)爱南路与深汕公路交汇处,0.0,0.0,4,4,good,22.709133830928806,114.31382413715897,深圳市水务局开放平台·积涝点水位
2026-08-19T01:00:00+08:00,Asia/Shanghai,MS1104403070000232,(市)园新路与乐园路交汇处,0.0,0.0,5,5,good,22.714932425,114.3001758,深圳市水务局开放平台·积涝点水位
2026-08-19T01:00:00+08:00,Asia/Shanghai,MS1104403070000251,(市)龙岗区政府,0.0,0.0,3,3,good,,,深圳市水务局开放平台·积涝点水位
2026-08-19T01:00:00+08:00,Asia/Shanghai,MS1104403070000266,(市)五和地铁站H出入口,0.0,0.0,5,5,good,,,深圳市水务局开放平台·积涝点水位
2026-08-19T01:00:00+08:00,Asia/Shanghai,MS1104403070000285,(市)育贤学校、童星幼儿园,0.0,0.0,2,2,good,,,深圳市水务局开放平台·积涝点水位
2026-08-19T01:00:00+08:00,Asia/Shanghai,MS110440307000029X,(市)深圳远东妇产医院,0.0,0.0,11,11,good,,,深圳市水务局开放平台·积涝点水位
2026-08-19T01:00:00+08:00,Asia/Shanghai,MS1104403070000304,(市)英才学校,0.0,0.0,4,4,good,,,深圳市水务局开放平台·积涝点水位
2026-08-19T01:00:00+08:00,Asia/Shanghai,MS1104403070000319,(市)吉榕路桥洞,0.0,0.0,4,4,good,,,深圳市水务局开放平台·积涝点水位
2026-08-19T01:00:00+08:00,Asia/Shanghai,MS1104403080000012,(市)金融路海涛路口片区,0.0,0.0,3,3,good,22.553642038690473,114.22939035281746,深圳市水务局开放平台·积涝点水位
2026-08-19T01:00:00+08:00,Asia/Shanghai,MS1104403080000027,(市)沙头角口岸小区,0.0,0.0,4,4,good,,,深圳市水务局开放平台·积涝点水位
2026-08-19T01:00:00+08:00,Asia/Shanghai,MS1104403080000031,(市)桥东街小区,0.0,0.0,3,3,good,,,深圳市水务局开放平台·积涝点水位
2026-08-19T01:00:00+08:00,Asia/Shanghai,MS1104403090000099,(市)三联社区,0.0,0.0,5,5,good,,,深圳市水务局开放平台·积涝点水位
2026-08-19T01:00:00+08:00,Asia/Shanghai,MS1104403090000103,(市)布龙路与五和大道交汇处,0.0,0.0,5,5,good,22.646750702555874,114.02665721385576,深圳市水务局开放平台·积涝点水位
2026-08-19T01:00:00+08:00,Asia/Shanghai,MS1104403090000122,(市)龙华壹方成,0.0,0.0,5,5,good,,,深圳市水务局开放平台·积涝点水位
2026-08-19T01:00:00+08:00,Asia/Shanghai,MS1104403090000137,(市)昌茂二路,0.0,0.0,6,6,good,,,深圳市水务局开放平台·积涝点水位
2026-08-19T01:00:00+08:00,Asia/Shanghai,MS1104403090000141,(市)大浪新围街大船坑市场段,0.0,0.0,4,4,good,22.692058934615382,113.9964102346154,深圳市水务局开放平台·积涝点水位
2026-08-19T01:00:00+08:00,Asia/Shanghai,MS1104403100000032,(市)秀沙路比亚迪厂门前,0.0,0.0,4,4,good,22.767995359829058,114.39900074224022,深圳市水务局开放平台·积涝点水位
2026-08-19T01:00:00+08:00,Asia/Shanghai,MS1104403100000047,(市)群代路金泰航科技,0.01,0.01,7,7,good,,,深圳市水务局开放平台·积涝点水位
2026-08-19T01:00:00+08:00,Asia/Shanghai,MS1104403100000051,(市)三洋湖路三洋湖新区小区,0.0,0.0,3,3,good,,,深圳市水务局开放平台·积涝点水位
2026-08-19T01:00:00+08:00,Asia/Shanghai,MS1104403100000066,(市)文化中心地铁站,0.0,0.0,3,3,good,,,深圳市水务局开放平台·积涝点水位
2026-08-19T01:00:00+08:00,Asia/Shanghai,MS1104403110000597,(市)东长路外环高速长圳入口,0.0,0.0,2,2,good,22.747509018088216,113.91221411091422,深圳市水务局开放平台·积涝点水位
2026-08-19T01:00:00+08:00,Asia/Shanghai,MS1104403110000620,(市)松白路松茂御城段,0.0,0.0,1,1,good,22.731110627923336,113.894856941127,深圳市水务局开放平台·积涝点水位
2026-08-19T01:00:00+08:00,Asia/Shanghai,MS1104403110000635,(市)公常路与环村路交叉口,0.0,0.0,1,1,good,22.826648407959507,113.95688701032125,深圳市水务局开放平台·积涝点水位
2026-08-19T01:00:00+08:00,Asia/Shanghai,MS1104403120000032,(市)大鹏液化天然气有限公司深圳接收站,0.0,0.0,4,4,good,,,深圳市水务局开放平台·积涝点水位
2026-08-19T02:00:00+08:00,Asia/Shanghai,9281192001,(市)平湖火车隧道口,0.0,0.0,13,13,good,,,深圳市水务局开放平台·积涝点水位
2026-08-19T02:00:00+08:00,Asia/Shanghai,9281192002,(市)新木路广深铁路桥底,0.0,0.0,14,14,good,22.6674177472887,114.13210195018992,深圳市水务局开放平台·积涝点水位
2026-08-19T02:00:00+08:00,Asia/Shanghai,9281192003,(市)新木路新围仔村路口,0.0,0.0,13,13,good,22.6674177472887,114.13210195018992,深圳市水务局开放平台·积涝点水位
2026-08-19T02:00:00+08:00,Asia/Shanghai,9281192004,(市)布李路富民城段,0.0,0.0,13,13,good,22.618912574166664,114.11654044833332,深圳市水务局开放平台·积涝点水位
2026-08-19T02:00:00+08:00,Asia/Shanghai,9281192005,(市)龙博路,0.0118,0.02,65,65,good,22.62797037826087,114.10927237391306,深圳市水务局开放平台·积涝点水位
2026-08-19T02:00:00+08:00,Asia/Shanghai,9281192006,(市)五和大道四季花城,0.0,0.0,16,16,good,22.65976725256875,114.05975735653944,深圳市水务局开放平台·积涝点水位
2026-08-19T02:00:00+08:00,Asia/Shanghai,9281192007,(市)沙西小学至南岭万家乐段,0.0,0.0,16,16,good,,,深圳市水务局开放平台·积涝点水位
2026-08-19T02:00:00+08:00,Asia/Shanghai,9281192008,(市)南联第六工业区桥洞,0.0,0.0,13,13,good,,,深圳市水务局开放平台·积涝点水位
2026-08-19T02:00:00+08:00,Asia/Shanghai,9281192009,(市)新坡塘村新坡塘积水点,0.0,0.0,14,14,good,,,深圳市水务局开放平台·积涝点水位
2026-08-19T02:00:00+08:00,Asia/Shanghai,9281192010,(市)安良六村安业路与安居路交汇处,0.0,0.0,13,13,good,,,深圳市水务局开放平台·积涝点水位
2026-08-19T02:00:00+08:00,Asia/Shanghai,9281192011,(市)松元头,0.01,0.01,61,61,good,,,深圳市水务局开放平台·积涝点水位
2026-08-19T02:00:00+08:00,Asia/Shanghai,9281192012,(市)湖南立交,0.0,0.0,13,13,good,,,深圳市水务局开放平台·积涝点水位
2026-08-19T02:00:00+08:00,Asia/Shanghai,9281192013,(市)高背路惠盐高速桥洞积水点,0.0,0.0,13,13,good,,,深圳市水务局开放平台·积涝点水位
2026-08-19T02:00:00+08:00,Asia/Shanghai,9281192014,(市)鹤坑桥洞,0.0,0.0,13,13,good,,,深圳市水务局开放平台·积涝点水位
2026-08-19T02:00:00+08:00,Asia/Shanghai,9281192015,(市)安良社区沿河一路疏港铁路桥洞,0.01,0.01,62,62,good,22.73162335,114.107919,深圳市水务局开放平台·积涝点水位
2026-08-19T02:00:00+08:00,Asia/Shanghai,9281192016,(市)宝荷路中新加油站对面,0.0,0.0,13,13,good,22.694796752516076,114.25970116268519,深圳市水务局开放平台·积涝点水位
2026-08-19T02:00:00+08:00,Asia/Shanghai,9281192017,(市)环观南路与观平路交汇处,0.0,0.0,13,13,good,22.705673908780923,114.07279441765539,深圳市水务局开放平台·积涝点水位
2026-08-19T02:00:00+08:00,Asia/Shanghai,9281192018,(市)龙华大道库坑天桥段,0.0,0.0,13,13,good,22.669745856798677,114.03752701836405,深圳市水务局开放平台·积涝点水位
2026-08-19T02:00:00+08:00,Asia/Shanghai,9281192019,(市)福龙路高铁桥下简上段,0.02,0.02,61,61,good,22.61964472178257,114.00080097044238,深圳市水务局开放平台·积涝点水位
2026-08-19T02:00:00+08:00,Asia/Shanghai,9281192020,(市)工业路壹成中心段,0.01,0.01,65,65,good,22.648754971805,114.02570221318598,深圳市水务局开放平台·积涝点水位
2026-08-19T02:00:00+08:00,Asia/Shanghai,9281192021,(市)东环一路和平路交汇处,0.02,0.02,61,61,good,22.65040479515617,114.03284713758192,深圳市水务局开放平台·积涝点水位
2026-08-19T02:00:00+08:00,Asia/Shanghai,9281192022,(市)龙田社区大水湾,0.0,0.0,14,14,good,,,深圳市水务局开放平台·积涝点水位
2026-08-19T02:00:00+08:00,Asia/Shanghai,9281292001,(市)滨河皇岗立交桥洞,0.0,0.0,12,12,good,,,深圳市水务局开放平台·积涝点水位
2026-08-19T02:00:00+08:00,Asia/Shanghai,9281292002,(市)广深高速桥下滨海大道北侧辅道,0.01,0.01,65,65,good,22.579823080041088,114.10123773351275,深圳市水务局开放平台·积涝点水位
2026-08-19T02:00:00+08:00,Asia/Shanghai,9281292003,(市)福田区竹子林立交下穿通道,0.0,0.0,13,13,good,,,深圳市水务局开放平台·积涝点水位
2026-08-19T02:00:00+08:00,Asia/Shanghai,9281292004,(市)滨河益田立交桥洞,0.0,0.0,12,12,good,,,深圳市水务局开放平台·积涝点水位
2026-08-19T02:00:00+08:00,Asia/Shanghai,9281292005,(市)深南新洲一号立交桥洞,0.0,0.0,13,13,good,,,深圳市水务局开放平台·积涝点水位
2026-08-19T02:00:00+08:00,Asia/Shanghai,9281292006,(市)北环新洲立交东南角辅道,0.0,0.0,13,13,good,,,深圳市水务局开放平台·积涝点水位
2026-08-19T02:00:00+08:00,Asia/Shanghai,9281292007,(市)107国道新安段(裕安加油站),0.0,0.0,14,14,good,22.55254164883845,113.90816500450731,深圳市水务局开放平台·积涝点水位
2026-08-19T02:00:00+08:00,Asia/Shanghai,9281292008,洲石路鹤洲桥底（市）,0.0084,0.01,31,31,good,22.651019027149744,113.88061107664711,深圳市水务局开放平台·积涝点水位
2026-08-19T02:00:00+08:00,Asia/Shanghai,9281292009,(市)帝堂路（锦程路以西段）,0.01,0.01,65,65,good,22.70987723506993,113.7784856087664,深圳市水务局开放平台·积涝点水位
2026-08-19T02:00:00+08:00,Asia/Shanghai,9281292010,(市)上星南路与中心路丽沙花都,0.0,0.0,13,13,good,22.502209013854387,113.93734688972145,深圳市水务局开放平台·积涝点水位
2026-08-19T02:00:00+08:00,Asia/Shanghai,9281292011,(市)外环路广深高速新桥立交,0.0,0.0,13,13,good,22.736379220337216,113.84591188570887,深圳市水务局开放平台·积涝点水位
2026-08-19T02:00:00+08:00,Asia/Shanghai,9281292012,(市)固戍海滨新村文昌阁,0.0,0.0,13,13,good,,,深圳市水务局开放平台·积涝点水位
2026-08-19T02:00:00+08:00,Asia/Shanghai,9281292013,(市)宝安大道固戍地铁站,0.0,0.0,13,13,good,22.64678387472509,113.8417801892837,深圳市水务局开放平台·积涝点水位
2026-08-19T02:00:00+08:00,Asia/Shanghai,9281292014,(市)G107国道南行固戍大门,0.0,0.0,15,15,good,22.55254164883845,113.90816500450731,深圳市水务局开放平台·积涝点水位
2026-08-19T02:00:00+08:00,Asia/Shanghai,9281292015,(市)东环大道松宝大道段,0.0,0.0,13,13,good,,,深圳市水务局开放平台·积涝点水位
2026-08-19T02:00:00+08:00,Asia/Shanghai,9281292016,(市)长凤路龙大高速桥底,0.0,0.0,11,11,good,22.775734215738417,113.91156092305157,深圳市水务局开放平台·积涝点水位
2026-08-19T02:00:00+08:00,Asia/Shanghai,9281292017,(市)圳美同富裕工业区,0.0,0.0,12,12,good,,,深圳市水务局开放平台·积涝点水位
2026-08-19T02:00:00+08:00,Asia/Shanghai,9281292018,(市)根玉路东方大道交汇处,0.0,0.0,13,13,good,22.763216165633853,113.85149341983029,深圳市水务局开放平台·积涝点水位
2026-08-19T02:00:00+08:00,Asia/Shanghai,9281292019,(市)上村社区龙大桥底,0.0011,0.01,19,19,good,,,深圳市水务局开放平台·积涝点水位
2026-08-19T02:00:00+08:00,Asia/Shanghai,9281292020,(市)马山头社区上石家路通兴路交汇处,0.0,0.0,19,19,good,22.763999933333334,113.8915635138889,深圳市水务局开放平台·积涝点水位
2026-08-19T02:00:00+08:00,Asia/Shanghai,9281292021,(市)临海大道海关保税区,0.0,0.0,13,13,good,22.53399911521491,113.88871009435005,深圳市水务局开放平台·积涝点水位
2026-08-19T02:00:00+08:00,Asia/Shanghai,9281292022,(市)南山大道南行亿利达村段,0.0063,0.01,35,35,good,22.540721694789013,113.9181638130031,深圳市水务局开放平台·积涝点水位
2026-08-19T02:00:00+08:00,Asia/Shanghai,9281292023,(市)东滨路南行华联城市山林花园段,0.0,0.0,13,13,good,22.51106546682151,113.92212734316605,深圳市水务局开放平台·积涝点水位
2026-08-19T02:00:00+08:00,Asia/Shanghai,9281292024,(市)深圳湾东滨路与中心路交叉口,0.007,0.01,47,47,good,22.51106546682151,113.92212734316605,深圳市水务局开放平台·积涝点水位
2026-08-19T02:00:00+08:00,Asia/Shanghai,MS1104403030000228,(市)红岗公园,0.0,0.0,2,2,good,,,深圳市水务局开放平台·积涝点水位
2026-08-19T02:00:00+08:00,Asia/Shanghai,MS1104403030000232,(市)沿河南路文锦路社区,0.0,0.0,13,13,good,22.550252268776845,114.11444108979862,深圳市水务局开放平台·积涝点水位
2026-08-19T02:00:00+08:00,Asia/Shanghai,MS1104403030000247,(市)深南东路黄贝岭,0.0,0.0,14,14,good,22.54661746874732,114.11811396992493,深圳市水务局开放平台·积涝点水位
2026-08-19T02:00:00+08:00,Asia/Shanghai,MS1104403030000251,(市)滨河上步立交桥,0.0,0.0,2,2,good,,,深圳市水务局开放平台·积涝点水位
2026-08-19T02:00:00+08:00,Asia/Shanghai,MS1104403030000266,(市)罗湖火车站,0.0,0.0,13,13,good,,,深圳市水务局开放平台·积涝点水位
2026-08-19T02:00:00+08:00,Asia/Shanghai,MS1104403030000270,(市)罗湖区委,0.0,0.0,2,2,good,,,深圳市水务局开放平台·积涝点水位
2026-08-19T02:00:00+08:00,Asia/Shanghai,MS1104403030000285,(市)万象城,0.01,0.01,59,59,good,,,深圳市水务局开放平台·积涝点水位
2026-08-19T02:00:00+08:00,Asia/Shanghai,MS110440303000029X,(市)洪湖地铁站D出入口,0.0,0.0,2,2,good,,,深圳市水务局开放平台·积涝点水位
2026-08-19T02:00:00+08:00,Asia/Shanghai,MS1104403030000304,(市)东湖路,0.0,0.0,5,5,good,22.582822583699635,114.1345991945055,深圳市水务局开放平台·积涝点水位
2026-08-19T02:00:00+08:00,Asia/Shanghai,MS1104403030000319,(市)桂园片区,0.0,0.0,13,13,good,,,深圳市水务局开放平台·积涝点水位
2026-08-19T02:00:00+08:00,Asia/Shanghai,MS1104403030000323,(市)晒布路与东门中路交汇处,0.01,0.01,63,63,good,22.551568716163253,114.1183832504732,深圳市水务局开放平台·积涝点水位
2026-08-19T02:00:00+08:00,Asia/Shanghai,MS1104403030000338,(市)东湖公园爱国路与太宁路路口,0.0,0.0,13,13,good,22.563633808974675,114.13329390192719,深圳市水务局开放平台·积涝点水位
2026-08-19T02:00:00+08:00,Asia/Shanghai,MS1104403030000342,(市)文锦渡口岸,0.0,0.0,2,2,good,,,深圳市水务局开放平台·积涝点水位
2026-08-19T02:00:00+08:00,Asia/Shanghai,MS1104403040000543,(市)香梅莲花路口,0.0,0.0,2,2,good,22.559401296538805,114.04793087126708,深圳市水务局开放平台·积涝点水位
2026-08-19T02:00:00+08:00,Asia/Shanghai,MS1104403040000558,(市)信托花园,0.0,0.0,17,17,good,,,深圳市水务局开放平台·积涝点水位
2026-08-19T02:00:00+08:00,Asia/Shanghai,MS1104403040000562,(市)上步红荔路口,0.0,0.0,2,2,good,22.550171284097686,114.05891535550717,深圳市水务局开放平台·积涝点水位
2026-08-19T02:00:00+08:00,Asia/Shanghai,MS1104403040000577,(市)深南皇岗立交桥与皇岗路交汇处,0.0,0.0,13,13,good,22.552167188223326,114.06774281249497,深圳市水务局开放平台·积涝点水位
2026-08-19T02:00:00+08:00,Asia/Shanghai,MS1104403040000581,(市)北环大道与梅林路交汇处,0.0,0.0,2,2,good,22.55966775704351,113.99344633894496,深圳市水务局开放平台·积涝点水位
2026-08-19T02:00:00+08:00,Asia/Shanghai,MS1104403040000596,(市)侨香路香梅社区,0.0,0.0,2,2,good,22.55158384619422,114.00624803762132,深圳市水务局开放平台·积涝点水位
2026-08-19T02:00:00+08:00,Asia/Shanghai,MS1104403040000600,(市)侨香路香安社区,0.0,0.0,2,2,good,22.55158384619422,114.00624803762132,深圳市水务局开放平台·积涝点水位
2026-08-19T02:00:00+08:00,Asia/Shanghai,MS1104403040000615,(市)市民中心,0.0,0.0,2,2,good,,,深圳市水务局开放平台·积涝点水位
2026-08-19T02:00:00+08:00,Asia/Shanghai,MS110440304000062X,(市)民田路深圳证券交易所,0.0,0.0,13,13,good,22.53903429826115,114.04781278730138,深圳市水务局开放平台·积涝点水位
2026-08-19T02:00:00+08:00,Asia/Shanghai,MS1104403040000634,(市)燃气集团股份有限公司梅林 LNG安全应急气化站,0.0,0.0,13,13,good,,,深圳市水务局开放平台·积涝点水位
2026-08-19T02:00:00+08:00,Asia/Shanghai,MS1104403040000649,(市)深南大道车公庙交通枢纽段,0.0,0.0,13,13,good,22.5420797706313,113.9753640727562,深圳市水务局开放平台·积涝点水位
2026-08-19T02:00:00+08:00,Asia/Shanghai,MS1104403050000118,(市)月亮湾大道与前湾三路交叉口,0.0,0.0,2,2,good,22.511993391395155,113.8903078293519,深圳市水务局开放平台·积涝点水位
2026-08-19T02:00:00+08:00,Asia/Shanghai,MS1104403050000122,(市)南山大道深意工业大厦段,0.01,0.01,60,60,good,22.540721694789013,113.9181638130031,深圳市水务局开放平台·积涝点水位
2026-08-19T02:00:00+08:00,Asia/Shanghai,MS1104403050000137,(市)南山大道与登良路交叉口,0.0,0.0,2,2,good,22.540721694789013,113.9181638130031,深圳市水务局开放平台·积涝点水位
2026-08-19T02:00:00+08:00,Asia/Shanghai,MS1104403050000141,(市)南新路北头豪苑,0.0,0.0,2,2,good,22.535707366852186,113.92452459612443,深圳市水务局开放平台·积涝点水位
2026-08-19T02:00:00+08:00,Asia/Shanghai,MS1104403050000156,(市)滨海大道与南山大道交叉口,0.0,0.0,2,2,good,22.579823080041088,114.10123773351275,深圳市水务局开放平台·积涝点水位
2026-08-19T02:00:00+08:00,Asia/Shanghai,MS1104403050000160,(市)桃园路与南新路交叉口,0.0,0.0,2,2,good,22.535395972003414,113.91852837514443,深圳市水务局开放平台·积涝点水位
2026-08-19T02:00:00+08:00,Asia/Shanghai,MS1104403050000175,(市)后海大道与登良路交叉口,0.0,0.0,13,13,good,22.51179221810604,113.92884393579894,深圳市水务局开放平台·积涝点水位
2026-08-19T02:00:00+08:00,Asia/Shanghai,MS110440305000018X,(市)后海大道港湾创业大厦,0.0,0.0,13,13,good,22.51179221810604,113.92884393579894,深圳市水务局开放平台·积涝点水位
2026-08-19T02:00:00+08:00,Asia/Shanghai,MS1104403050000194,(市)深南大道高新园地铁 AD 口,0.0,0.0,14,14,good,22.5420797706313,113.9753640727562,深圳市水务局开放平台·积涝点水位
2026-08-19T02:00:00+08:00,Asia/Shanghai,MS1104403050000209,(市)深圳湾口岸,0.0,0.0,2,2,good,,,深圳市水务局开放平台·积涝点水位
2026-08-19T02:00:00+08:00,Asia/Shanghai,MS1104403050000213,(市)前湾公园地铁站 A 出入口,0.0,0.0,12,12,good,,,深圳市水务局开放平台·积涝点水位
2026-08-19T02:00:00+08:00,Asia/Shanghai,MS1104403050000228,(市)粤海门地铁站 D2 出入口,0.0,0.0,16,16,good,,,深圳市水务局开放平台·积涝点水位
2026-08-19T02:00:00+08:00,Asia/Shanghai,MS1104403050000232,(市)桂庙路地下道路,0.0,0.0,13,13,good,22.52643977555155,113.91686609460196,深圳市水务局开放平台·积涝点水位
2026-08-19T02:00:00+08:00,Asia/Shanghai,MS1104403050000247,(市)国家超级计算深圳中心,0.0,0.0,18,18,good,,,深圳市水务局开放平台·积涝点水位
2026-08-19T02:00:00+08:00,Asia/Shanghai,MS110440306000029X,(市)辛养旧村辛居路,0.0,0.0,2,2,good,,,深圳市水务局开放平台·积涝点水位
2026-08-19T02:00:00+08:00,Asia/Shanghai,MS1104403060000304,(市)山门第三工业区,0.0,0.0,2,2,good,,,深圳市水务局开放平台·积涝点水位
2026-08-19T02:00:00+08:00,Asia/Shanghai,MS1104403060000319,(市)前进一路上川路口,0.0,0.0,13,13,good,22.57118007860348,113.90008995469552,深圳市水务局开放平台·积涝点水位
2026-08-19T02:00:00+08:00,Asia/Shanghai,MS1104403060000323,(市)洪浪北地铁站,0.0,0.0,18,18,good,,,深圳市水务局开放平台·积涝点水位
2026-08-19T02:00:00+08:00,Asia/Shanghai,MS1104403060000338,(市)东风幼儿园,0.0,0.0,2,2,good,,,深圳市水务局开放平台·积涝点水位
2026-08-19T02:00:00+08:00,Asia/Shanghai,MS1104403060000342,(市)海乐41区,0.0,0.0,2,2,good,,,深圳市水务局开放平台·积涝点水位
2026-08-19T02:00:00+08:00,Asia/Shanghai,MS1104403060000357,(市)前进二路,0.0,0.0,2,2,good,22.597482662679273,113.87435005513986,深圳市水务局开放平台·积涝点水位
2026-08-19T02:00:00+08:00,Asia/Shanghai,MS1104403060000361,(市)园岭商场,0.0,0.0,13,13,good,,,深圳市水务局开放平台·积涝点水位
2026-08-19T02:00:00+08:00,Asia/Shanghai,MS1104403060000376,(市)新圳西路万佳商场段,0.0,0.0,5,5,good,22.56349644,113.89998969999999,深圳市水务局开放平台·积涝点水位
2026-08-19T02:00:00+08:00,Asia/Shanghai,MS1104403060000380,(市)北环路与爱群路路口,0.0,0.0,13,13,good,22.79634568700108,114.39897783430258,深圳市水务局开放平台·积涝点水位
2026-08-19T02:00:00+08:00,Asia/Shanghai,MS1104403060000395,(市)宝安区幸福路与恒珠一路,0.0,0.0,2,2,good,,,深圳市水务局开放平台·积涝点水位
2026-08-19T02:00:00+08:00,Asia/Shanghai,MS110440306000040X,(市)宝安区勋业街,0.0,0.0,2,2,good,,,深圳市水务局开放平台·积涝点水位
2026-08-19T02:00:00+08:00,Asia/Shanghai,MS1104403060000414,(市)宝安区福和路西六巷,0.0,0.0,13,13,good,22.75496986065163,113.7975587837876,深圳市水务局开放平台·积涝点水位
2026-08-19T02:00:00+08:00,Asia/Shanghai,MS1104403060000429,(市)民福路与创新路交叉口,0.0,0.0,13,13,good,22.77931941488889,113.82386091368804,深圳市水务局开放平台·积涝点水位
2026-08-19T02:00:00+08:00,Asia/Shanghai,MS1104403060000433,(市)金沙二路与民福路交叉口,0.0,0.0,2,2,good,22.731531574999998,113.800096525,深圳市水务局开放平台·积涝点水位
2026-08-19T02:00:00+08:00,Asia/Shanghai,MS1104403060000448,(市)宝安区沙井西环路正科时代,0.0,0.0,2,2,good,22.658437552805964,113.96411546099013,深圳市水务局开放平台·积涝点水位
2026-08-19T02:00:00+08:00,Asia/Shanghai,MS1104403060000452,(市)宝源路固戍海滨公园,0.0,0.0,13,13,good,22.58668431255461,113.84584894450396,深圳市水务局开放平台·积涝点水位
2026-08-19T02:00:00+08:00,Asia/Shanghai,MS1104403060000467,(市)海雅缤纷城,0.0043,0.01,35,35,good,,,深圳市水务局开放平台·积涝点水位
2026-08-19T02:00:00+08:00,Asia/Shanghai,MS1104403060000471,(市)万达广场,0.0,0.0,2,2,good,,,深圳市水务局开放平台·积涝点水位
2026-08-19T02:00:00+08:00,Asia/Shanghai,MS1104403060000486,(市)固戍地铁站 A/F 出入口,0.0,0.0,13,13,good,,,深圳市水务局开放平台·积涝点水位
2026-08-19T02:00:00+08:00,Asia/Shanghai,MS1104403060000490,(市)碧海湾地铁站 B 出入口,0.0,0.0,13,13,good,,,深圳市水务局开放平台·积涝点水位
2026-08-19T02:00:00+08:00,Asia/Shanghai,MS1104403060000505,(市)海天路地下隧道,0.0,0.0,13,13,good,22.549962987088094,113.87889692546018,深圳市水务局开放平台·积涝点水位
2026-08-19T02:00:00+08:00,Asia/Shanghai,MS1104403070000175,(市)龙平西路新秀社区公园,0.0,0.0,2,2,good,22.731009781031894,114.22605984524496,深圳市水务局开放平台·积涝点水位
2026-08-19T02:00:00+08:00,Asia/Shanghai,MS110440307000018X,(市)如意路广发银行奥林支行,0.0,0.0,14,14,good,22.697841456213258,114.19931100734046,深圳市水务局开放平台·积涝点水位
2026-08-19T02:00:00+08:00,Asia/Shanghai,MS1104403070000194,(市)龙翔大道与龙城大道交汇处,0.0,0.0,12,12,good,22.708452173199664,114.22855732448205,深圳市水务局开放平台·积涝点水位
2026-08-19T02:00:00+08:00,Asia/Shanghai,MS1104403070000209,(市)龙城大道与龙平东路交汇处,0.0,0.0,13,13,good,22.734070392016967,114.26268655089929,深圳市水务局开放平台·积涝点水位
2026-08-19T02:00:00+08:00,Asia/Shanghai,MS1104403070000213,(市)龙西中路与盐龙大道交汇处,0.0,0.0,13,13,good,22.75103177856142,114.25588661241065,深圳市水务局开放平台·积涝点水位
2026-08-19T02:00:00+08:00,Asia/Shanghai,MS1104403070000228,(市)爱南路与深汕公路交汇处,0.0,0.0,13,13,good,22.709133830928806,114.31382413715897,深圳市水务局开放平台·积涝点水位
2026-08-19T02:00:00+08:00,Asia/Shanghai,MS1104403070000232,(市)园新路与乐园路交汇处,0.0,0.0,13,13,good,22.714932425,114.3001758,深圳市水务局开放平台·积涝点水位
2026-08-19T02:00:00+08:00,Asia/Shanghai,MS1104403070000247,(市)长深高速四方埔社区,0.0,0.0,2,2,good,22.785453209312927,114.3238491191703,深圳市水务局开放平台·积涝点水位
2026-08-19T02:00:00+08:00,Asia/Shanghai,MS1104403070000251,(市)龙岗区政府,0.0,0.0,13,13,good,,,深圳市水务局开放平台·积涝点水位
2026-08-19T02:00:00+08:00,Asia/Shanghai,MS1104403070000266,(市)五和地铁站H出入口,0.0,0.0,16,16,good,,,深圳市水务局开放平台·积涝点水位
2026-08-19T02:00:00+08:00,Asia/Shanghai,MS1104403070000270,(市)长龙地铁站C2出入口,0.0,0.0,2,2,good,,,深圳市水务局开放平台·积涝点水位
2026-08-19T02:00:00+08:00,Asia/Shanghai,MS1104403070000285,(市)育贤学校、童星幼儿园,0.0,0.0,13,13,good,,,深圳市水务局开放平台·积涝点水位
2026-08-19T02:00:00+08:00,Asia/Shanghai,MS110440307000029X,(市)深圳远东妇产医院,0.0,0.0,8,8,good,,,深圳市水务局开放平台·积涝点水位
2026-08-19T02:00:00+08:00,Asia/Shanghai,MS1104403070000304,(市)英才学校,0.0,0.0,13,13,good,,,深圳市水务局开放平台·积涝点水位
2026-08-19T02:00:00+08:00,Asia/Shanghai,MS1104403070000319,(市)吉榕路桥洞,0.0,0.0,18,18,good,,,深圳市水务局开放平台·积涝点水位
2026-08-19T02:00:00+08:00,Asia/Shanghai,MS1104403070000323,(市)京南路,0.0,0.0,2,2,good,22.602818284523806,114.12130894517196,深圳市水务局开放平台·积涝点水位
2026-08-19T02:00:00+08:00,Asia/Shanghai,MS1104403070000338,(市)布澜路国芬路口,0.0,0.0,2,2,good,22.635311170786817,114.12784150313183,深圳市水务局开放平台·积涝点水位
2026-08-19T02:00:00+08:00,Asia/Shanghai,MS1104403070000342,(市)布吉站（深圳东站）,0.0,0.0,2,2,good,,,深圳市水务局开放平台·积涝点水位
2026-08-19T02:00:00+08:00,Asia/Shanghai,MS1104403080000012,(市)金融路海涛路口片区,0.0,0.0,13,13,good,22.553642038690473,114.22939035281746,深圳市水务局开放平台·积涝点水位
2026-08-19T02:00:00+08:00,Asia/Shanghai,MS1104403080000027,(市)沙头角口岸小区,0.0,0.0,13,13,good,,,深圳市水务局开放平台·积涝点水位
2026-08-19T02:00:00+08:00,Asia/Shanghai,MS1104403080000031,(市)桥东街小区,0.0,0.0,11,11,good,,,深圳市水务局开放平台·积涝点水位
2026-08-19T02:00:00+08:00,Asia/Shanghai,MS1104403090000065,(市)泗黎路凹背社区富坑社区,0.0,0.0,2,2,good,22.753687171367037,114.03385655648283,深圳市水务局开放平台·积涝点水位
2026-08-19T02:00:00+08:00,Asia/Shanghai,MS110440309000007X,(市)银星科技园,0.0,0.0,2,2,good,,,深圳市水务局开放平台·积涝点水位
2026-08-19T02:00:00+08:00,Asia/Shanghai,MS1104403090000084,(市)观光路与福前路交汇处,0.0,0.0,2,2,good,22.733179257314486,114.01274963079653,深圳市水务局开放平台·积涝点水位
2026-08-19T02:00:00+08:00,Asia/Shanghai,MS1104403090000099,(市)三联社区,0.0,0.0,13,13,good,,,深圳市水务局开放平台·积涝点水位
2026-08-19T02:00:00+08:00,Asia/Shanghai,MS1104403090000103,(市)布龙路与五和大道交汇处,0.0,0.0,13,13,good,22.646750702555874,114.02665721385576,深圳市水务局开放平台·积涝点水位
2026-08-19T02:00:00+08:00,Asia/Shanghai,MS1104403090000118,(市)新区大道深圳北站,0.0,0.0,14,14,good,22.624351465560785,114.01682556681699,深圳市水务局开放平台·积涝点水位
2026-08-19T02:00:00+08:00,Asia/Shanghai,MS1104403090000122,(市)龙华壹方成,0.0,0.0,13,13,good,,,深圳市水务局开放平台·积涝点水位
2026-08-19T02:00:00+08:00,Asia/Shanghai,MS1104403090000137,(市)昌茂二路,0.0,0.0,20,20,good,,,深圳市水务局开放平台·积涝点水位
2026-08-19T02:00:00+08:00,Asia/Shanghai,MS1104403090000141,(市)大浪新围街大船坑市场段,0.0,0.0,13,13,good,22.692058934615382,113.9964102346154,深圳市水务局开放平台·积涝点水位
2026-08-19T02:00:00+08:00,Asia/Shanghai,MS1104403100000028,(市)坪山法院门口,0.0,0.0,2,2,good,,,深圳市水务局开放平台·积涝点水位
2026-08-19T02:00:00+08:00,Asia/Shanghai,MS1104403100000032,(市)秀沙路比亚迪厂门前,0.0,0.0,13,13,good,22.767995359829058,114.39900074224022,深圳市水务局开放平台·积涝点水位
2026-08-19T02:00:00+08:00,Asia/Shanghai,MS1104403100000047,(市)群代路金泰航科技,0.01,0.01,62,62,good,,,深圳市水务局开放平台·积涝点水位
2026-08-19T02:00:00+08:00,Asia/Shanghai,MS1104403100000051,(市)三洋湖路三洋湖新区小区,0.0,0.0,13,13,good,,,深圳市水务局开放平台·积涝点水位
2026-08-19T02:00:00+08:00,Asia/Shanghai,MS1104403100000066,(市)文化中心地铁站,0.0,0.0,13,13,good,,,深圳市水务局开放平台·积涝点水位
2026-08-19T02:00:00+08:00,Asia/Shanghai,MS1104403110000597,(市)东长路外环高速长圳入口,0.0,0.0,12,12,good,22.747509018088216,113.91221411091422,深圳市水务局开放平台·积涝点水位
2026-08-19T02:00:00+08:00,Asia/Shanghai,MS1104403110000601,(市)光侨雅苑,0.0,0.0,2,2,good,,,深圳市水务局开放平台·积涝点水位
2026-08-19T02:00:00+08:00,Asia/Shanghai,MS1104403110000616,(市)同观路与汇融路交叉口,0.0,0.0,2,2,good,22.734039598507852,113.91441943299901,深圳市水务局开放平台·积涝点水位
2026-08-19T02:00:00+08:00,Asia/Shanghai,MS1104403110000620,(市)松白路松茂御城段,0.0,0.0,2,2,good,22.731110627923336,113.894856941127,深圳市水务局开放平台·积涝点水位
2026-08-19T02:00:00+08:00,Asia/Shanghai,MS1104403110000635,(市)公常路与环村路交叉口,0.0,0.0,11,11,good,22.826648407959507,113.95688701032125,深圳市水务局开放平台·积涝点水位
2026-08-19T02:00:00+08:00,Asia/Shanghai,MS110440311000064X,(市)光明区高级中学,0.0,0.0,2,2,good,,,深圳市水务局开放平台·积涝点水位
2026-08-19T02:00:00+08:00,Asia/Shanghai,MS1104403120000032,(市)大鹏液化天然气有限公司深圳接收站,0.0,0.0,13,13,good,,,深圳市水务局开放平台·积涝点水位
2026-08-19T03:00:00+08:00,Asia/Shanghai,9281192001,(市)平湖火车隧道口,0.0,0.0,13,13,good,,,深圳市水务局开放平台·积涝点水位
2026-08-19T03:00:00+08:00,Asia/Shanghai,9281192002,(市)新木路广深铁路桥底,0.0,0.0,13,13,good,22.6674177472887,114.13210195018992,深圳市水务局开放平台·积涝点水位
2026-08-19T03:00:00+08:00,Asia/Shanghai,9281192003,(市)新木路新围仔村路口,0.0,0.0,13,13,good,22.6674177472887,114.13210195018992,深圳市水务局开放平台·积涝点水位
2026-08-19T03:00:00+08:00,Asia/Shanghai,9281192004,(市)布李路富民城段,0.0,0.0,13,13,good,22.618912574166664,114.11654044833332,深圳市水务局开放平台·积涝点水位
2026-08-19T03:00:00+08:00,Asia/Shanghai,9281192005,(市)龙博路,0.0103,0.02,67,67,good,22.62797037826087,114.10927237391306,深圳市水务局开放平台·积涝点水位
2026-08-19T03:00:00+08:00,Asia/Shanghai,9281192006,(市)五和大道四季花城,0.0,0.0,22,22,good,22.65976725256875,114.05975735653944,深圳市水务局开放平台·积涝点水位
2026-08-19T03:00:00+08:00,Asia/Shanghai,9281192007,(市)沙西小学至南岭万家乐段,0.0,0.0,13,13,good,,,深圳市水务局开放平台·积涝点水位
2026-08-19T03:00:00+08:00,Asia/Shanghai,9281192008,(市)南联第六工业区桥洞,0.0,0.0,13,13,good,,,深圳市水务局开放平台·积涝点水位
2026-08-19T03:00:00+08:00,Asia/Shanghai,9281192009,(市)新坡塘村新坡塘积水点,0.0,0.0,13,13,good,,,深圳市水务局开放平台·积涝点水位
2026-08-19T03:00:00+08:00,Asia/Shanghai,9281192010,(市)安良六村安业路与安居路交汇处,0.0,0.0,13,13,good,,,深圳市水务局开放平台·积涝点水位
2026-08-19T03:00:00+08:00,Asia/Shanghai,9281192011,(市)松元头,0.01,0.01,64,64,good,,,深圳市水务局开放平台·积涝点水位
2026-08-19T03:00:00+08:00,Asia/Shanghai,9281192012,(市)湖南立交,0.0,0.0,12,12,good,,,深圳市水务局开放平台·积涝点水位
2026-08-19T03:00:00+08:00,Asia/Shanghai,9281192013,(市)高背路惠盐高速桥洞积水点,0.0,0.0,12,12,good,,,深圳市水务局开放平台·积涝点水位
2026-08-19T03:00:00+08:00,Asia/Shanghai,9281192014,(市)鹤坑桥洞,0.0,0.0,13,13,good,,,深圳市水务局开放平台·积涝点水位
2026-08-19T03:00:00+08:00,Asia/Shanghai,9281192015,(市)安良社区沿河一路疏港铁路桥洞,0.01,0.01,56,56,good,22.73162335,114.107919,深圳市水务局开放平台·积涝点水位
2026-08-19T03:00:00+08:00,Asia/Shanghai,9281192016,(市)宝荷路中新加油站对面,0.0,0.0,13,13,good,22.694796752516076,114.25970116268519,深圳市水务局开放平台·积涝点水位
2026-08-19T03:00:00+08:00,Asia/Shanghai,9281192017,(市)环观南路与观平路交汇处,0.0,0.0,13,13,good,22.705673908780923,114.07279441765539,深圳市水务局开放平台·积涝点水位
2026-08-19T03:00:00+08:00,Asia/Shanghai,9281192018,(市)龙华大道库坑天桥段,0.0,0.0,13,13,good,22.669745856798677,114.03752701836405,深圳市水务局开放平台·积涝点水位
2026-08-19T03:00:00+08:00,Asia/Shanghai,9281192019,(市)福龙路高铁桥下简上段,0.02,0.02,60,60,good,22.61964472178257,114.00080097044238,深圳市水务局开放平台·积涝点水位
2026-08-19T03:00:00+08:00,Asia/Shanghai,9281192020,(市)工业路壹成中心段,0.01,0.01,63,63,good,22.648754971805,114.02570221318598,深圳市水务局开放平台·积涝点水位
2026-08-19T03:00:00+08:00,Asia/Shanghai,9281192021,(市)东环一路和平路交汇处,0.02,0.02,61,61,good,22.65040479515617,114.03284713758192,深圳市水务局开放平台·积涝点水位
2026-08-19T03:00:00+08:00,Asia/Shanghai,9281192022,(市)龙田社区大水湾,0.0,0.0,13,13,good,,,深圳市水务局开放平台·积涝点水位
2026-08-19T03:00:00+08:00,Asia/Shanghai,9281292001,(市)滨河皇岗立交桥洞,0.0,0.0,13,13,good,,,深圳市水务局开放平台·积涝点水位
2026-08-19T03:00:00+08:00,Asia/Shanghai,9281292002,(市)广深高速桥下滨海大道北侧辅道,0.01,0.01,61,61,good,22.579823080041088,114.10123773351275,深圳市水务局开放平台·积涝点水位
2026-08-19T03:00:00+08:00,Asia/Shanghai,9281292003,(市)福田区竹子林立交下穿通道,0.0,0.0,13,13,good,,,深圳市水务局开放平台·积涝点水位
2026-08-19T03:00:00+08:00,Asia/Shanghai,9281292004,(市)滨河益田立交桥洞,0.0,0.0,12,12,good,,,深圳市水务局开放平台·积涝点水位
2026-08-19T03:00:00+08:00,Asia/Shanghai,9281292005,(市)深南新洲一号立交桥洞,0.0,0.0,13,13,good,,,深圳市水务局开放平台·积涝点水位
2026-08-19T03:00:00+08:00,Asia/Shanghai,9281292006,(市)北环新洲立交东南角辅道,0.0,0.0,13,13,good,,,深圳市水务局开放平台·积涝点水位
2026-08-19T03:00:00+08:00,Asia/Shanghai,9281292007,(市)107国道新安段(裕安加油站),0.0,0.0,13,13,good,22.55254164883845,113.90816500450731,深圳市水务局开放平台·积涝点水位
2026-08-19T03:00:00+08:00,Asia/Shanghai,9281292008,洲石路鹤洲桥底（市）,0.0,0.0,13,13,good,22.651019027149744,113.88061107664711,深圳市水务局开放平台·积涝点水位
2026-08-19T03:00:00+08:00,Asia/Shanghai,9281292009,(市)帝堂路（锦程路以西段）,0.01,0.01,63,63,good,22.70987723506993,113.7784856087664,深圳市水务局开放平台·积涝点水位
2026-08-19T03:00:00+08:00,Asia/Shanghai,9281292010,(市)上星南路与中心路丽沙花都,0.0,0.0,13,13,good,22.502209013854387,113.93734688972145,深圳市水务局开放平台·积涝点水位
2026-08-19T03:00:00+08:00,Asia/Shanghai,9281292011,(市)外环路广深高速新桥立交,0.0,0.0,13,13,good,22.736379220337216,113.84591188570887,深圳市水务局开放平台·积涝点水位
2026-08-19T03:00:00+08:00,Asia/Shanghai,9281292012,(市)固戍海滨新村文昌阁,0.0,0.0,13,13,good,,,深圳市水务局开放平台·积涝点水位
2026-08-19T03:00:00+08:00,Asia/Shanghai,9281292013,(市)宝安大道固戍地铁站,0.0,0.0,13,13,good,22.64678387472509,113.8417801892837,深圳市水务局开放平台·积涝点水位
2026-08-19T03:00:00+08:00,Asia/Shanghai,9281292014,(市)G107国道南行固戍大门,0.0,0.0,13,13,good,22.55254164883845,113.90816500450731,深圳市水务局开放平台·积涝点水位
2026-08-19T03:00:00+08:00,Asia/Shanghai,9281292015,(市)东环大道松宝大道段,0.0,0.0,12,12,good,,,深圳市水务局开放平台·积涝点水位
2026-08-19T03:00:00+08:00,Asia/Shanghai,9281292016,(市)长凤路龙大高速桥底,0.0,0.0,13,13,good,22.775734215738417,113.91156092305157,深圳市水务局开放平台·积涝点水位
2026-08-19T03:00:00+08:00,Asia/Shanghai,9281292017,(市)圳美同富裕工业区,0.0,0.0,13,13,good,,,深圳市水务局开放平台·积涝点水位
2026-08-19T03:00:00+08:00,Asia/Shanghai,9281292018,(市)根玉路东方大道交汇处,0.0,0.0,12,12,good,22.763216165633853,113.85149341983029,深圳市水务局开放平台·积涝点水位
2026-08-19T03:00:00+08:00,Asia/Shanghai,9281292019,(市)上村社区龙大桥底,0.0049,0.01,45,45,good,,,深圳市水务局开放平台·积涝点水位
2026-08-19T03:00:00+08:00,Asia/Shanghai,9281292020,(市)马山头社区上石家路通兴路交汇处,0.0,0.0,13,13,good,22.763999933333334,113.8915635138889,深圳市水务局开放平台·积涝点水位
2026-08-19T03:00:00+08:00,Asia/Shanghai,9281292021,(市)临海大道海关保税区,0.0,0.0,13,13,good,22.53399911521491,113.88871009435005,深圳市水务局开放平台·积涝点水位
2026-08-19T03:00:00+08:00,Asia/Shanghai,9281292022,(市)南山大道南行亿利达村段,0.0064,0.01,42,42,good,22.540721694789013,113.9181638130031,深圳市水务局开放平台·积涝点水位
2026-08-19T03:00:00+08:00,Asia/Shanghai,9281292023,(市)东滨路南行华联城市山林花园段,0.0,0.0,13,13,good,22.51106546682151,113.92212734316605,深圳市水务局开放平台·积涝点水位
2026-08-19T03:00:00+08:00,Asia/Shanghai,9281292024,(市)深圳湾东滨路与中心路交叉口,0.0067,0.01,43,43,good,22.51106546682151,113.92212734316605,深圳市水务局开放平台·积涝点水位
2026-08-19T03:00:00+08:00,Asia/Shanghai,MS1104403030000228,(市)红岗公园,0.0,0.0,2,2,good,,,深圳市水务局开放平台·积涝点水位
2026-08-19T03:00:00+08:00,Asia/Shanghai,MS1104403030000232,(市)沿河南路文锦路社区,0.0,0.0,13,13,good,22.550252268776845,114.11444108979862,深圳市水务局开放平台·积涝点水位
2026-08-19T03:00:00+08:00,Asia/Shanghai,MS1104403030000247,(市)深南东路黄贝岭,0.0,0.0,13,13,good,22.54661746874732,114.11811396992493,深圳市水务局开放平台·积涝点水位
2026-08-19T03:00:00+08:00,Asia/Shanghai,MS1104403030000251,(市)滨河上步立交桥,0.0,0.0,2,2,good,,,深圳市水务局开放平台·积涝点水位
2026-08-19T03:00:00+08:00,Asia/Shanghai,MS1104403030000266,(市)罗湖火车站,0.0,0.0,13,13,good,,,深圳市水务局开放平台·积涝点水位
2026-08-19T03:00:00+08:00,Asia/Shanghai,MS1104403030000270,(市)罗湖区委,0.0,0.0,2,2,good,,,深圳市水务局开放平台·积涝点水位
2026-08-19T03:00:00+08:00,Asia/Shanghai,MS1104403030000285,(市)万象城,0.01,0.01,61,61,good,,,深圳市水务局开放平台·积涝点水位
2026-08-19T03:00:00+08:00,Asia/Shanghai,MS110440303000029X,(市)洪湖地铁站D出入口,0.0,0.0,2,2,good,,,深圳市水务局开放平台·积涝点水位
2026-08-19T03:00:00+08:00,Asia/Shanghai,MS1104403030000304,(市)东湖路,0.0,0.0,5,5,good,22.582822583699635,114.1345991945055,深圳市水务局开放平台·积涝点水位
2026-08-19T03:00:00+08:00,Asia/Shanghai,MS1104403030000319,(市)桂园片区,0.0,0.0,13,13,good,,,深圳市水务局开放平台·积涝点水位
2026-08-19T03:00:00+08:00,Asia/Shanghai,MS1104403030000323,(市)晒布路与东门中路交汇处,0.01,0.01,64,64,good,22.551568716163253,114.1183832504732,深圳市水务局开放平台·积涝点水位
2026-08-19T03:00:00+08:00,Asia/Shanghai,MS1104403030000338,(市)东湖公园爱国路与太宁路路口,0.0,0.0,13,13,good,22.563633808974675,114.13329390192719,深圳市水务局开放平台·积涝点水位
2026-08-19T03:00:00+08:00,Asia/Shanghai,MS1104403030000342,(市)文锦渡口岸,0.0,0.0,2,2,good,,,深圳市水务局开放平台·积涝点水位
2026-08-19T03:00:00+08:00,Asia/Shanghai,MS1104403040000543,(市)香梅莲花路口,0.0,0.0,2,2,good,22.559401296538805,114.04793087126708,深圳市水务局开放平台·积涝点水位
2026-08-19T03:00:00+08:00,Asia/Shanghai,MS1104403040000558,(市)信托花园,0.0,0.0,16,16,good,,,深圳市水务局开放平台·积涝点水位
2026-08-19T03:00:00+08:00,Asia/Shanghai,MS1104403040000562,(市)上步红荔路口,0.0,0.0,2,2,good,22.550171284097686,114.05891535550717,深圳市水务局开放平台·积涝点水位
2026-08-19T03:00:00+08:00,Asia/Shanghai,MS1104403040000577,(市)深南皇岗立交桥与皇岗路交汇处,0.0,0.0,13,13,good,22.552167188223326,114.06774281249497,深圳市水务局开放平台·积涝点水位
2026-08-19T03:00:00+08:00,Asia/Shanghai,MS1104403040000581,(市)北环大道与梅林路交汇处,0.0,0.0,2,2,good,22.55966775704351,113.99344633894496,深圳市水务局开放平台·积涝点水位
2026-08-19T03:00:00+08:00,Asia/Shanghai,MS1104403040000596,(市)侨香路香梅社区,0.0,0.0,2,2,good,22.55158384619422,114.00624803762132,深圳市水务局开放平台·积涝点水位
2026-08-19T03:00:00+08:00,Asia/Shanghai,MS1104403040000600,(市)侨香路香安社区,0.0,0.0,2,2,good,22.55158384619422,114.00624803762132,深圳市水务局开放平台·积涝点水位
2026-08-19T03:00:00+08:00,Asia/Shanghai,MS1104403040000615,(市)市民中心,0.0,0.0,2,2,good,,,深圳市水务局开放平台·积涝点水位
2026-08-19T03:00:00+08:00,Asia/Shanghai,MS110440304000062X,(市)民田路深圳证券交易所,0.0,0.0,13,13,good,22.53903429826115,114.04781278730138,深圳市水务局开放平台·积涝点水位
2026-08-19T03:00:00+08:00,Asia/Shanghai,MS1104403040000634,(市)燃气集团股份有限公司梅林 LNG安全应急气化站,0.0,0.0,13,13,good,,,深圳市水务局开放平台·积涝点水位
2026-08-19T03:00:00+08:00,Asia/Shanghai,MS1104403040000649,(市)深南大道车公庙交通枢纽段,0.0,0.0,13,13,good,22.5420797706313,113.9753640727562,深圳市水务局开放平台·积涝点水位
2026-08-19T03:00:00+08:00,Asia/Shanghai,MS1104403050000118,(市)月亮湾大道与前湾三路交叉口,0.0,0.0,2,2,good,22.511993391395155,113.8903078293519,深圳市水务局开放平台·积涝点水位
2026-08-19T03:00:00+08:00,Asia/Shanghai,MS1104403050000122,(市)南山大道深意工业大厦段,0.0097,0.01,60,60,good,22.540721694789013,113.9181638130031,深圳市水务局开放平台·积涝点水位
2026-08-19T03:00:00+08:00,Asia/Shanghai,MS1104403050000137,(市)南山大道与登良路交叉口,0.0,0.0,2,2,good,22.540721694789013,113.9181638130031,深圳市水务局开放平台·积涝点水位
2026-08-19T03:00:00+08:00,Asia/Shanghai,MS1104403050000141,(市)南新路北头豪苑,0.0,0.0,2,2,good,22.535707366852186,113.92452459612443,深圳市水务局开放平台·积涝点水位
2026-08-19T03:00:00+08:00,Asia/Shanghai,MS1104403050000156,(市)滨海大道与南山大道交叉口,0.0,0.0,2,2,good,22.579823080041088,114.10123773351275,深圳市水务局开放平台·积涝点水位
2026-08-19T03:00:00+08:00,Asia/Shanghai,MS1104403050000160,(市)桃园路与南新路交叉口,0.0,0.0,2,2,good,22.535395972003414,113.91852837514443,深圳市水务局开放平台·积涝点水位
2026-08-19T03:00:00+08:00,Asia/Shanghai,MS1104403050000175,(市)后海大道与登良路交叉口,0.0,0.0,24,24,good,22.51179221810604,113.92884393579894,深圳市水务局开放平台·积涝点水位
2026-08-19T03:00:00+08:00,Asia/Shanghai,MS110440305000018X,(市)后海大道港湾创业大厦,0.0,0.0,13,13,good,22.51179221810604,113.92884393579894,深圳市水务局开放平台·积涝点水位
2026-08-19T03:00:00+08:00,Asia/Shanghai,MS1104403050000194,(市)深南大道高新园地铁 AD 口,0.0,0.0,13,13,good,22.5420797706313,113.9753640727562,深圳市水务局开放平台·积涝点水位
2026-08-19T03:00:00+08:00,Asia/Shanghai,MS1104403050000209,(市)深圳湾口岸,0.0,0.0,2,2,good,,,深圳市水务局开放平台·积涝点水位
2026-08-19T03:00:00+08:00,Asia/Shanghai,MS1104403050000213,(市)前湾公园地铁站 A 出入口,0.0,0.0,13,13,good,,,深圳市水务局开放平台·积涝点水位
2026-08-19T03:00:00+08:00,Asia/Shanghai,MS1104403050000228,(市)粤海门地铁站 D2 出入口,0.0,0.0,13,13,good,,,深圳市水务局开放平台·积涝点水位
2026-08-19T03:00:00+08:00,Asia/Shanghai,MS1104403050000232,(市)桂庙路地下道路,0.0,0.0,13,13,good,22.52643977555155,113.91686609460196,深圳市水务局开放平台·积涝点水位
2026-08-19T03:00:00+08:00,Asia/Shanghai,MS1104403050000247,(市)国家超级计算深圳中心,0.0,0.0,18,18,good,,,深圳市水务局开放平台·积涝点水位
2026-08-19T03:00:00+08:00,Asia/Shanghai,MS110440306000029X,(市)辛养旧村辛居路,0.0,0.0,2,2,good,,,深圳市水务局开放平台·积涝点水位
2026-08-19T03:00:00+08:00,Asia/Shanghai,MS1104403060000304,(市)山门第三工业区,0.0,0.0,2,2,good,,,深圳市水务局开放平台·积涝点水位
2026-08-19T03:00:00+08:00,Asia/Shanghai,MS1104403060000319,(市)前进一路上川路口,0.0,0.0,13,13,good,22.57118007860348,113.90008995469552,深圳市水务局开放平台·积涝点水位
2026-08-19T03:00:00+08:00,Asia/Shanghai,MS1104403060000323,(市)洪浪北地铁站,0.0,0.0,13,13,good,,,深圳市水务局开放平台·积涝点水位
2026-08-19T03:00:00+08:00,Asia/Shanghai,MS1104403060000338,(市)东风幼儿园,0.0,0.0,2,2,good,,,深圳市水务局开放平台·积涝点水位
2026-08-19T03:00:00+08:00,Asia/Shanghai,MS1104403060000342,(市)海乐41区,0.0,0.0,2,2,good,,,深圳市水务局开放平台·积涝点水位
2026-08-19T03:00:00+08:00,Asia/Shanghai,MS1104403060000357,(市)前进二路,0.0,0.0,2,2,good,22.597482662679273,113.87435005513986,深圳市水务局开放平台·积涝点水位
2026-08-19T03:00:00+08:00,Asia/Shanghai,MS1104403060000361,(市)园岭商场,0.0,0.0,13,13,good,,,深圳市水务局开放平台·积涝点水位
2026-08-19T03:00:00+08:00,Asia/Shanghai,MS1104403060000376,(市)新圳西路万佳商场段,0.0,0.0,5,5,good,22.56349644,113.89998969999999,深圳市水务局开放平台·积涝点水位
2026-08-19T03:00:00+08:00,Asia/Shanghai,MS1104403060000380,(市)北环路与爱群路路口,0.0,0.0,11,11,good,22.79634568700108,114.39897783430258,深圳市水务局开放平台·积涝点水位
2026-08-19T03:00:00+08:00,Asia/Shanghai,MS1104403060000395,(市)宝安区幸福路与恒珠一路,0.0,0.0,2,2,good,,,深圳市水务局开放平台·积涝点水位
2026-08-19T03:00:00+08:00,Asia/Shanghai,MS110440306000040X,(市)宝安区勋业街,0.0,0.0,2,2,good,,,深圳市水务局开放平台·积涝点水位
2026-08-19T03:00:00+08:00,Asia/Shanghai,MS1104403060000414,(市)宝安区福和路西六巷,0.0,0.0,13,13,good,22.75496986065163,113.7975587837876,深圳市水务局开放平台·积涝点水位
2026-08-19T03:00:00+08:00,Asia/Shanghai,MS1104403060000429,(市)民福路与创新路交叉口,0.0,0.0,14,14,good,22.77931941488889,113.82386091368804,深圳市水务局开放平台·积涝点水位
2026-08-19T03:00:00+08:00,Asia/Shanghai,MS1104403060000433,(市)金沙二路与民福路交叉口,0.0,0.0,2,2,good,22.731531574999998,113.800096525,深圳市水务局开放平台·积涝点水位
2026-08-19T03:00:00+08:00,Asia/Shanghai,MS1104403060000448,(市)宝安区沙井西环路正科时代,0.0,0.0,2,2,good,22.658437552805964,113.96411546099013,深圳市水务局开放平台·积涝点水位
2026-08-19T03:00:00+08:00,Asia/Shanghai,MS1104403060000452,(市)宝源路固戍海滨公园,0.0,0.0,13,13,good,22.58668431255461,113.84584894450396,深圳市水务局开放平台·积涝点水位
2026-08-19T03:00:00+08:00,Asia/Shanghai,MS1104403060000467,(市)海雅缤纷城,0.0065,0.01,26,26,good,,,深圳市水务局开放平台·积涝点水位
2026-08-19T03:00:00+08:00,Asia/Shanghai,MS1104403060000471,(市)万达广场,0.0,0.0,2,2,good,,,深圳市水务局开放平台·积涝点水位
2026-08-19T03:00:00+08:00,Asia/Shanghai,MS1104403060000486,(市)固戍地铁站 A/F 出入口,0.0,0.0,13,13,good,,,深圳市水务局开放平台·积涝点水位
2026-08-19T03:00:00+08:00,Asia/Shanghai,MS1104403060000490,(市)碧海湾地铁站 B 出入口,0.0,0.0,13,13,good,,,深圳市水务局开放平台·积涝点水位
2026-08-19T03:00:00+08:00,Asia/Shanghai,MS1104403060000505,(市)海天路地下隧道,0.0,0.0,13,13,good,22.549962987088094,113.87889692546018,深圳市水务局开放平台·积涝点水位
2026-08-19T03:00:00+08:00,Asia/Shanghai,MS1104403070000175,(市)龙平西路新秀社区公园,0.0,0.0,2,2,good,22.731009781031894,114.22605984524496,深圳市水务局开放平台·积涝点水位
2026-08-19T03:00:00+08:00,Asia/Shanghai,MS110440307000018X,(市)如意路广发银行奥林支行,0.0,0.0,13,13,good,22.697841456213258,114.19931100734046,深圳市水务局开放平台·积涝点水位
2026-08-19T03:00:00+08:00,Asia/Shanghai,MS1104403070000194,(市)龙翔大道与龙城大道交汇处,0.0,0.0,19,19,good,22.708452173199664,114.22855732448205,深圳市水务局开放平台·积涝点水位
2026-08-19T03:00:00+08:00,Asia/Shanghai,MS1104403070000209,(市)龙城大道与龙平东路交汇处,0.0,0.0,14,14,good,22.734070392016967,114.26268655089929,深圳市水务局开放平台·积涝点水位
2026-08-19T03:00:00+08:00,Asia/Shanghai,MS1104403070000213,(市)龙西中路与盐龙大道交汇处,0.0,0.0,13,13,good,22.75103177856142,114.25588661241065,深圳市水务局开放平台·积涝点水位
2026-08-19T03:00:00+08:00,Asia/Shanghai,MS1104403070000228,(市)爱南路与深汕公路交汇处,0.0,0.0,13,13,good,22.709133830928806,114.31382413715897,深圳市水务局开放平台·积涝点水位
2026-08-19T03:00:00+08:00,Asia/Shanghai,MS1104403070000232,(市)园新路与乐园路交汇处,0.0,0.0,13,13,good,22.714932425,114.3001758,深圳市水务局开放平台·积涝点水位
2026-08-19T03:00:00+08:00,Asia/Shanghai,MS1104403070000247,(市)长深高速四方埔社区,0.0,0.0,2,2,good,22.785453209312927,114.3238491191703,深圳市水务局开放平台·积涝点水位
2026-08-19T03:00:00+08:00,Asia/Shanghai,MS1104403070000251,(市)龙岗区政府,0.0,0.0,13,13,good,,,深圳市水务局开放平台·积涝点水位
2026-08-19T03:00:00+08:00,Asia/Shanghai,MS1104403070000266,(市)五和地铁站H出入口,0.0,0.0,13,13,good,,,深圳市水务局开放平台·积涝点水位
2026-08-19T03:00:00+08:00,Asia/Shanghai,MS1104403070000270,(市)长龙地铁站C2出入口,0.0,0.0,2,2,good,,,深圳市水务局开放平台·积涝点水位
2026-08-19T03:00:00+08:00,Asia/Shanghai,MS1104403070000285,(市)育贤学校、童星幼儿园,0.0,0.0,13,13,good,,,深圳市水务局开放平台·积涝点水位
2026-08-19T03:00:00+08:00,Asia/Shanghai,MS110440307000029X,(市)深圳远东妇产医院,0.0,0.0,15,15,good,,,深圳市水务局开放平台·积涝点水位
2026-08-19T03:00:00+08:00,Asia/Shanghai,MS1104403070000304,(市)英才学校,0.0,0.0,13,13,good,,,深圳市水务局开放平台·积涝点水位
2026-08-19T03:00:00+08:00,Asia/Shanghai,MS1104403070000319,(市)吉榕路桥洞,0.0,0.0,14,14,good,,,深圳市水务局开放平台·积涝点水位
2026-08-19T03:00:00+08:00,Asia/Shanghai,MS1104403070000323,(市)京南路,0.0,0.0,2,2,good,22.602818284523806,114.12130894517196,深圳市水务局开放平台·积涝点水位
2026-08-19T03:00:00+08:00,Asia/Shanghai,MS1104403070000338,(市)布澜路国芬路口,0.0,0.0,2,2,good,22.635311170786817,114.12784150313183,深圳市水务局开放平台·积涝点水位
2026-08-19T03:00:00+08:00,Asia/Shanghai,MS1104403070000342,(市)布吉站（深圳东站）,0.0,0.0,2,2,good,,,深圳市水务局开放平台·积涝点水位
2026-08-19T03:00:00+08:00,Asia/Shanghai,MS1104403080000012,(市)金融路海涛路口片区,0.0,0.0,12,12,good,22.553642038690473,114.22939035281746,深圳市水务局开放平台·积涝点水位
2026-08-19T03:00:00+08:00,Asia/Shanghai,MS1104403080000027,(市)沙头角口岸小区,0.0,0.0,13,13,good,,,深圳市水务局开放平台·积涝点水位
2026-08-19T03:00:00+08:00,Asia/Shanghai,MS1104403080000031,(市)桥东街小区,0.0,0.0,14,14,good,,,深圳市水务局开放平台·积涝点水位
2026-08-19T03:00:00+08:00,Asia/Shanghai,MS1104403090000065,(市)泗黎路凹背社区富坑社区,0.0,0.0,2,2,good,22.753687171367037,114.03385655648283,深圳市水务局开放平台·积涝点水位
2026-08-19T03:00:00+08:00,Asia/Shanghai,MS110440309000007X,(市)银星科技园,0.0,0.0,2,2,good,,,深圳市水务局开放平台·积涝点水位
2026-08-19T03:00:00+08:00,Asia/Shanghai,MS1104403090000084,(市)观光路与福前路交汇处,0.0,0.0,2,2,good,22.733179257314486,114.01274963079653,深圳市水务局开放平台·积涝点水位
2026-08-19T03:00:00+08:00,Asia/Shanghai,MS1104403090000099,(市)三联社区,0.0,0.0,13,13,good,,,深圳市水务局开放平台·积涝点水位
2026-08-19T03:00:00+08:00,Asia/Shanghai,MS1104403090000103,(市)布龙路与五和大道交汇处,0.0,0.0,13,13,good,22.646750702555874,114.02665721385576,深圳市水务局开放平台·积涝点水位
2026-08-19T03:00:00+08:00,Asia/Shanghai,MS1104403090000118,(市)新区大道深圳北站,0.0,0.0,17,17,good,22.624351465560785,114.01682556681699,深圳市水务局开放平台·积涝点水位
2026-08-19T03:00:00+08:00,Asia/Shanghai,MS1104403090000122,(市)龙华壹方成,0.0,0.0,13,13,good,,,深圳市水务局开放平台·积涝点水位
2026-08-19T03:00:00+08:00,Asia/Shanghai,MS1104403090000137,(市)昌茂二路,0.0,0.0,13,13,good,,,深圳市水务局开放平台·积涝点水位
2026-08-19T03:00:00+08:00,Asia/Shanghai,MS1104403090000141,(市)大浪新围街大船坑市场段,0.0,0.0,14,14,good,22.692058934615382,113.9964102346154,深圳市水务局开放平台·积涝点水位
2026-08-19T03:00:00+08:00,Asia/Shanghai,MS1104403100000028,(市)坪山法院门口,0.0,0.0,2,2,good,,,深圳市水务局开放平台·积涝点水位
2026-08-19T03:00:00+08:00,Asia/Shanghai,MS1104403100000032,(市)秀沙路比亚迪厂门前,0.0,0.0,13,13,good,22.767995359829058,114.39900074224022,深圳市水务局开放平台·积涝点水位
2026-08-19T03:00:00+08:00,Asia/Shanghai,MS1104403100000047,(市)群代路金泰航科技,0.01,0.01,60,60,good,,,深圳市水务局开放平台·积涝点水位
2026-08-19T03:00:00+08:00,Asia/Shanghai,MS1104403100000051,(市)三洋湖路三洋湖新区小区,0.0,0.0,12,12,good,,,深圳市水务局开放平台·积涝点水位
2026-08-19T03:00:00+08:00,Asia/Shanghai,MS1104403100000066,(市)文化中心地铁站,0.0,0.0,13,13,good,,,深圳市水务局开放平台·积涝点水位
2026-08-19T03:00:00+08:00,Asia/Shanghai,MS1104403110000597,(市)东长路外环高速长圳入口,0.0,0.0,12,12,good,22.747509018088216,113.91221411091422,深圳市水务局开放平台·积涝点水位
2026-08-19T03:00:00+08:00,Asia/Shanghai,MS1104403110000601,(市)光侨雅苑,0.0,0.0,2,2,good,,,深圳市水务局开放平台·积涝点水位
2026-08-19T03:00:00+08:00,Asia/Shanghai,MS1104403110000616,(市)同观路与汇融路交叉口,0.0,0.0,2,2,good,22.734039598507852,113.91441943299901,深圳市水务局开放平台·积涝点水位
2026-08-19T03:00:00+08:00,Asia/Shanghai,MS1104403110000620,(市)松白路松茂御城段,0.0,0.0,2,2,good,22.731110627923336,113.894856941127,深圳市水务局开放平台·积涝点水位
2026-08-19T03:00:00+08:00,Asia/Shanghai,MS1104403110000635,(市)公常路与环村路交叉口,0.0,0.0,13,13,good,22.826648407959507,113.95688701032125,深圳市水务局开放平台·积涝点水位
2026-08-19T03:00:00+08:00,Asia/Shanghai,MS110440311000064X,(市)光明区高级中学,0.0,0.0,2,2,good,,,深圳市水务局开放平台·积涝点水位
2026-08-19T03:00:00+08:00,Asia/Shanghai,MS1104403120000032,(市)大鹏液化天然气有限公司深圳接收站,0.0,0.0,14,14,good,,,深圳市水务局开放平台·积涝点水位
2026-08-19T04:00:00+08:00,Asia/Shanghai,9281192001,(市)平湖火车隧道口,0.0,0.0,13,13,good,,,深圳市水务局开放平台·积涝点水位
2026-08-19T04:00:00+08:00,Asia/Shanghai,9281192002,(市)新木路广深铁路桥底,0.0,0.0,13,13,good,22.6674177472887,114.13210195018992,深圳市水务局开放平台·积涝点水位
2026-08-19T04:00:00+08:00,Asia/Shanghai,9281192003,(市)新木路新围仔村路口,0.0,0.0,13,13,good,22.6674177472887,114.13210195018992,深圳市水务局开放平台·积涝点水位
2026-08-19T04:00:00+08:00,Asia/Shanghai,9281192004,(市)布李路富民城段,0.0,0.0,13,13,good,22.618912574166664,114.11654044833332,深圳市水务局开放平台·积涝点水位
2026-08-19T04:00:00+08:00,Asia/Shanghai,9281192005,(市)龙博路,0.0103,0.02,62,62,good,22.62797037826087,114.10927237391306,深圳市水务局开放平台·积涝点水位
2026-08-19T04:00:00+08:00,Asia/Shanghai,9281192006,(市)五和大道四季花城,0.0,0.0,18,18,good,22.65976725256875,114.05975735653944,深圳市水务局开放平台·积涝点水位
2026-08-19T04:00:00+08:00,Asia/Shanghai,9281192007,(市)沙西小学至南岭万家乐段,0.0,0.0,13,13,good,,,深圳市水务局开放平台·积涝点水位
2026-08-19T04:00:00+08:00,Asia/Shanghai,9281192008,(市)南联第六工业区桥洞,0.0,0.0,13,13,good,,,深圳市水务局开放平台·积涝点水位
2026-08-19T04:00:00+08:00,Asia/Shanghai,9281192009,(市)新坡塘村新坡塘积水点,0.0,0.0,13,13,good,,,深圳市水务局开放平台·积涝点水位
2026-08-19T04:00:00+08:00,Asia/Shanghai,9281192010,(市)安良六村安业路与安居路交汇处,0.0,0.0,13,13,good,,,深圳市水务局开放平台·积涝点水位
2026-08-19T04:00:00+08:00,Asia/Shanghai,9281192011,(市)松元头,0.01,0.01,61,61,good,,,深圳市水务局开放平台·积涝点水位
2026-08-19T04:00:00+08:00,Asia/Shanghai,9281192012,(市)湖南立交,0.0,0.0,13,13,good,,,深圳市水务局开放平台·积涝点水位
2026-08-19T04:00:00+08:00,Asia/Shanghai,9281192013,(市)高背路惠盐高速桥洞积水点,0.0,0.0,13,13,good,,,深圳市水务局开放平台·积涝点水位
2026-08-19T04:00:00+08:00,Asia/Shanghai,9281192014,(市)鹤坑桥洞,0.0,0.0,13,13,good,,,深圳市水务局开放平台·积涝点水位
2026-08-19T04:00:00+08:00,Asia/Shanghai,9281192015,(市)安良社区沿河一路疏港铁路桥洞,0.01,0.01,62,62,good,22.73162335,114.107919,深圳市水务局开放平台·积涝点水位
2026-08-19T04:00:00+08:00,Asia/Shanghai,9281192016,(市)宝荷路中新加油站对面,0.0,0.0,13,13,good,22.694796752516076,114.25970116268519,深圳市水务局开放平台·积涝点水位
2026-08-19T04:00:00+08:00,Asia/Shanghai,9281192017,(市)环观南路与观平路交汇处,0.0,0.0,13,13,good,22.705673908780923,114.07279441765539,深圳市水务局开放平台·积涝点水位
2026-08-19T04:00:00+08:00,Asia/Shanghai,9281192018,(市)龙华大道库坑天桥段,0.0,0.0,13,13,good,22.669745856798677,114.03752701836405,深圳市水务局开放平台·积涝点水位
2026-08-19T04:00:00+08:00,Asia/Shanghai,9281192019,(市)福龙路高铁桥下简上段,0.02,0.02,61,61,good,22.61964472178257,114.00080097044238,深圳市水务局开放平台·积涝点水位
2026-08-19T04:00:00+08:00,Asia/Shanghai,9281192020,(市)工业路壹成中心段,0.01,0.01,60,60,good,22.648754971805,114.02570221318598,深圳市水务局开放平台·积涝点水位
2026-08-19T04:00:00+08:00,Asia/Shanghai,9281192021,(市)东环一路和平路交汇处,0.02,0.02,62,62,good,22.65040479515617,114.03284713758192,深圳市水务局开放平台·积涝点水位
2026-08-19T04:00:00+08:00,Asia/Shanghai,9281192022,(市)龙田社区大水湾,0.0,0.0,13,13,good,,,深圳市水务局开放平台·积涝点水位
2026-08-19T04:00:00+08:00,Asia/Shanghai,9281292001,(市)滨河皇岗立交桥洞,0.0,0.0,13,13,good,,,深圳市水务局开放平台·积涝点水位
2026-08-19T04:00:00+08:00,Asia/Shanghai,9281292002,(市)广深高速桥下滨海大道北侧辅道,0.01,0.01,62,62,good,22.579823080041088,114.10123773351275,深圳市水务局开放平台·积涝点水位
2026-08-19T04:00:00+08:00,Asia/Shanghai,9281292003,(市)福田区竹子林立交下穿通道,0.0,0.0,13,13,good,,,深圳市水务局开放平台·积涝点水位
2026-08-19T04:00:00+08:00,Asia/Shanghai,9281292004,(市)滨河益田立交桥洞,0.0,0.0,12,12,good,,,深圳市水务局开放平台·积涝点水位
2026-08-19T04:00:00+08:00,Asia/Shanghai,9281292005,(市)深南新洲一号立交桥洞,0.0,0.0,13,13,good,,,深圳市水务局开放平台·积涝点水位
2026-08-19T04:00:00+08:00,Asia/Shanghai,9281292006,(市)北环新洲立交东南角辅道,0.0,0.0,13,13,good,,,深圳市水务局开放平台·积涝点水位
2026-08-19T04:00:00+08:00,Asia/Shanghai,9281292007,(市)107国道新安段(裕安加油站),0.0,0.0,16,16,good,22.55254164883845,113.90816500450731,深圳市水务局开放平台·积涝点水位
2026-08-19T04:00:00+08:00,Asia/Shanghai,9281292008,洲石路鹤洲桥底（市）,0.0074,0.01,42,42,good,22.651019027149744,113.88061107664711,深圳市水务局开放平台·积涝点水位
2026-08-19T04:00:00+08:00,Asia/Shanghai,9281292009,(市)帝堂路（锦程路以西段）,0.0127,0.02,85,85,good,22.70987723506993,113.7784856087664,深圳市水务局开放平台·积涝点水位
2026-08-19T04:00:00+08:00,Asia/Shanghai,9281292010,(市)上星南路与中心路丽沙花都,0.0,0.0,12,12,good,22.502209013854387,113.93734688972145,深圳市水务局开放平台·积涝点水位
2026-08-19T04:00:00+08:00,Asia/Shanghai,9281292011,(市)外环路广深高速新桥立交,0.0,0.0,16,16,good,22.736379220337216,113.84591188570887,深圳市水务局开放平台·积涝点水位
2026-08-19T04:00:00+08:00,Asia/Shanghai,9281292012,(市)固戍海滨新村文昌阁,0.0,0.0,13,13,good,,,深圳市水务局开放平台·积涝点水位
2026-08-19T04:00:00+08:00,Asia/Shanghai,9281292013,(市)宝安大道固戍地铁站,0.0,0.0,13,13,good,22.64678387472509,113.8417801892837,深圳市水务局开放平台·积涝点水位
2026-08-19T04:00:00+08:00,Asia/Shanghai,9281292014,(市)G107国道南行固戍大门,0.0,0.0,13,13,good,22.55254164883845,113.90816500450731,深圳市水务局开放平台·积涝点水位
2026-08-19T04:00:00+08:00,Asia/Shanghai,9281292015,(市)东环大道松宝大道段,0.0,0.0,13,13,good,,,深圳市水务局开放平台·积涝点水位
2026-08-19T04:00:00+08:00,Asia/Shanghai,9281292016,(市)长凤路龙大高速桥底,0.0,0.0,13,13,good,22.775734215738417,113.91156092305157,深圳市水务局开放平台·积涝点水位
2026-08-19T04:00:00+08:00,Asia/Shanghai,9281292017,(市)圳美同富裕工业区,0.0,0.0,12,12,good,,,深圳市水务局开放平台·积涝点水位
2026-08-19T04:00:00+08:00,Asia/Shanghai,9281292018,(市)根玉路东方大道交汇处,0.0,0.0,13,13,good,22.763216165633853,113.85149341983029,深圳市水务局开放平台·积涝点水位
2026-08-19T04:00:00+08:00,Asia/Shanghai,9281292019,(市)上村社区龙大桥底,0.0051,0.01,45,45,good,,,深圳市水务局开放平台·积涝点水位
2026-08-19T04:00:00+08:00,Asia/Shanghai,9281292020,(市)马山头社区上石家路通兴路交汇处,0.0,0.0,12,12,good,22.763999933333334,113.8915635138889,深圳市水务局开放平台·积涝点水位
2026-08-19T04:00:00+08:00,Asia/Shanghai,9281292021,(市)临海大道海关保税区,0.0,0.0,13,13,good,22.53399911521491,113.88871009435005,深圳市水务局开放平台·积涝点水位
2026-08-19T04:00:00+08:00,Asia/Shanghai,9281292022,(市)南山大道南行亿利达村段,0.007,0.01,53,53,good,22.540721694789013,113.9181638130031,深圳市水务局开放平台·积涝点水位
2026-08-19T04:00:00+08:00,Asia/Shanghai,9281292023,(市)东滨路南行华联城市山林花园段,0.0,0.0,13,13,good,22.51106546682151,113.92212734316605,深圳市水务局开放平台·积涝点水位
2026-08-19T04:00:00+08:00,Asia/Shanghai,9281292024,(市)深圳湾东滨路与中心路交叉口,0.0043,0.01,30,30,good,22.51106546682151,113.92212734316605,深圳市水务局开放平台·积涝点水位
2026-08-19T04:00:00+08:00,Asia/Shanghai,MS1104403030000228,(市)红岗公园,0.0,0.0,2,2,good,,,深圳市水务局开放平台·积涝点水位
2026-08-19T04:00:00+08:00,Asia/Shanghai,MS1104403030000232,(市)沿河南路文锦路社区,0.0,0.0,14,14,good,22.550252268776845,114.11444108979862,深圳市水务局开放平台·积涝点水位
2026-08-19T04:00:00+08:00,Asia/Shanghai,MS1104403030000247,(市)深南东路黄贝岭,0.0,0.0,13,13,good,22.54661746874732,114.11811396992493,深圳市水务局开放平台·积涝点水位
2026-08-19T04:00:00+08:00,Asia/Shanghai,MS1104403030000251,(市)滨河上步立交桥,0.0,0.0,2,2,good,,,深圳市水务局开放平台·积涝点水位
2026-08-19T04:00:00+08:00,Asia/Shanghai,MS1104403030000266,(市)罗湖火车站,0.0,0.0,13,13,good,,,深圳市水务局开放平台·积涝点水位
2026-08-19T04:00:00+08:00,Asia/Shanghai,MS1104403030000270,(市)罗湖区委,0.0,0.0,2,2,good,,,深圳市水务局开放平台·积涝点水位
2026-08-19T04:00:00+08:00,Asia/Shanghai,MS1104403030000285,(市)万象城,0.01,0.01,59,59,good,,,深圳市水务局开放平台·积涝点水位
2026-08-19T04:00:00+08:00,Asia/Shanghai,MS110440303000029X,(市)洪湖地铁站D出入口,0.0,0.0,2,2,good,,,深圳市水务局开放平台·积涝点水位
2026-08-19T04:00:00+08:00,Asia/Shanghai,MS1104403030000304,(市)东湖路,0.0074,0.01,23,23,good,22.582822583699635,114.1345991945055,深圳市水务局开放平台·积涝点水位
2026-08-19T04:00:00+08:00,Asia/Shanghai,MS1104403030000319,(市)桂园片区,0.0,0.0,13,13,good,,,深圳市水务局开放平台·积涝点水位
2026-08-19T04:00:00+08:00,Asia/Shanghai,MS1104403030000323,(市)晒布路与东门中路交汇处,0.01,0.01,62,62,good,22.551568716163253,114.1183832504732,深圳市水务局开放平台·积涝点水位
2026-08-19T04:00:00+08:00,Asia/Shanghai,MS1104403030000338,(市)东湖公园爱国路与太宁路路口,0.0,0.0,13,13,good,22.563633808974675,114.13329390192719,深圳市水务局开放平台·积涝点水位
2026-08-19T04:00:00+08:00,Asia/Shanghai,MS1104403030000342,(市)文锦渡口岸,0.0,0.0,2,2,good,,,深圳市水务局开放平台·积涝点水位
2026-08-19T04:00:00+08:00,Asia/Shanghai,MS1104403040000543,(市)香梅莲花路口,0.0,0.0,2,2,good,22.559401296538805,114.04793087126708,深圳市水务局开放平台·积涝点水位
2026-08-19T04:00:00+08:00,Asia/Shanghai,MS1104403040000558,(市)信托花园,0.0,0.0,15,15,good,,,深圳市水务局开放平台·积涝点水位
2026-08-19T04:00:00+08:00,Asia/Shanghai,MS1104403040000562,(市)上步红荔路口,0.0,0.0,2,2,good,22.550171284097686,114.05891535550717,深圳市水务局开放平台·积涝点水位
2026-08-19T04:00:00+08:00,Asia/Shanghai,MS1104403040000577,(市)深南皇岗立交桥与皇岗路交汇处,0.0,0.0,12,12,good,22.552167188223326,114.06774281249497,深圳市水务局开放平台·积涝点水位
2026-08-19T04:00:00+08:00,Asia/Shanghai,MS1104403040000581,(市)北环大道与梅林路交汇处,0.0,0.0,2,2,good,22.55966775704351,113.99344633894496,深圳市水务局开放平台·积涝点水位
2026-08-19T04:00:00+08:00,Asia/Shanghai,MS1104403040000596,(市)侨香路香梅社区,0.0,0.0,2,2,good,22.55158384619422,114.00624803762132,深圳市水务局开放平台·积涝点水位
2026-08-19T04:00:00+08:00,Asia/Shanghai,MS1104403040000600,(市)侨香路香安社区,0.0,0.0,2,2,good,22.55158384619422,114.00624803762132,深圳市水务局开放平台·积涝点水位
2026-08-19T04:00:00+08:00,Asia/Shanghai,MS1104403040000615,(市)市民中心,0.0,0.0,2,2,good,,,深圳市水务局开放平台·积涝点水位
2026-08-19T04:00:00+08:00,Asia/Shanghai,MS110440304000062X,(市)民田路深圳证券交易所,0.0,0.0,13,13,good,22.53903429826115,114.04781278730138,深圳市水务局开放平台·积涝点水位
2026-08-19T04:00:00+08:00,Asia/Shanghai,MS1104403040000634,(市)燃气集团股份有限公司梅林 LNG安全应急气化站,0.0,0.0,13,13,good,,,深圳市水务局开放平台·积涝点水位
2026-08-19T04:00:00+08:00,Asia/Shanghai,MS1104403040000649,(市)深南大道车公庙交通枢纽段,0.0,0.0,13,13,good,22.5420797706313,113.9753640727562,深圳市水务局开放平台·积涝点水位
2026-08-19T04:00:00+08:00,Asia/Shanghai,MS1104403050000118,(市)月亮湾大道与前湾三路交叉口,0.0,0.0,2,2,good,22.511993391395155,113.8903078293519,深圳市水务局开放平台·积涝点水位
2026-08-19T04:00:00+08:00,Asia/Shanghai,MS1104403050000122,(市)南山大道深意工业大厦段,0.0067,0.01,36,36,good,22.540721694789013,113.9181638130031,深圳市水务局开放平台·积涝点水位
2026-08-19T04:00:00+08:00,Asia/Shanghai,MS1104403050000137,(市)南山大道与登良路交叉口,0.0,0.0,2,2,good,22.540721694789013,113.9181638130031,深圳市水务局开放平台·积涝点水位
2026-08-19T04:00:00+08:00,Asia/Shanghai,MS1104403050000141,(市)南新路北头豪苑,0.0,0.0,2,2,good,22.535707366852186,113.92452459612443,深圳市水务局开放平台·积涝点水位
2026-08-19T04:00:00+08:00,Asia/Shanghai,MS1104403050000156,(市)滨海大道与南山大道交叉口,0.0,0.0,2,2,good,22.579823080041088,114.10123773351275,深圳市水务局开放平台·积涝点水位
2026-08-19T04:00:00+08:00,Asia/Shanghai,MS1104403050000160,(市)桃园路与南新路交叉口,0.0,0.0,2,2,good,22.535395972003414,113.91852837514443,深圳市水务局开放平台·积涝点水位
2026-08-19T04:00:00+08:00,Asia/Shanghai,MS1104403050000175,(市)后海大道与登良路交叉口,0.0,0.0,14,14,good,22.51179221810604,113.92884393579894,深圳市水务局开放平台·积涝点水位
2026-08-19T04:00:00+08:00,Asia/Shanghai,MS110440305000018X,(市)后海大道港湾创业大厦,0.0,0.0,13,13,good,22.51179221810604,113.92884393579894,深圳市水务局开放平台·积涝点水位
2026-08-19T04:00:00+08:00,Asia/Shanghai,MS1104403050000194,(市)深南大道高新园地铁 AD 口,0.0,0.0,13,13,good,22.5420797706313,113.9753640727562,深圳市水务局开放平台·积涝点水位
2026-08-19T04:00:00+08:00,Asia/Shanghai,MS1104403050000209,(市)深圳湾口岸,0.0,0.0,2,2,good,,,深圳市水务局开放平台·积涝点水位
2026-08-19T04:00:00+08:00,Asia/Shanghai,MS1104403050000213,(市)前湾公园地铁站 A 出入口,0.0,0.0,16,16,good,,,深圳市水务局开放平台·积涝点水位
2026-08-19T04:00:00+08:00,Asia/Shanghai,MS1104403050000228,(市)粤海门地铁站 D2 出入口,0.0,0.0,13,13,good,,,深圳市水务局开放平台·积涝点水位
2026-08-19T04:00:00+08:00,Asia/Shanghai,MS1104403050000232,(市)桂庙路地下道路,0.0,0.0,13,13,good,22.52643977555155,113.91686609460196,深圳市水务局开放平台·积涝点水位
2026-08-19T04:00:00+08:00,Asia/Shanghai,MS1104403050000247,(市)国家超级计算深圳中心,0.0,0.0,19,19,good,,,深圳市水务局开放平台·积涝点水位
2026-08-19T04:00:00+08:00,Asia/Shanghai,MS110440306000029X,(市)辛养旧村辛居路,0.0,0.0,2,2,good,,,深圳市水务局开放平台·积涝点水位
2026-08-19T04:00:00+08:00,Asia/Shanghai,MS1104403060000304,(市)山门第三工业区,0.0,0.0,2,2,good,,,深圳市水务局开放平台·积涝点水位
2026-08-19T04:00:00+08:00,Asia/Shanghai,MS1104403060000319,(市)前进一路上川路口,0.0,0.0,12,12,good,22.57118007860348,113.90008995469552,深圳市水务局开放平台·积涝点水位
2026-08-19T04:00:00+08:00,Asia/Shanghai,MS1104403060000323,(市)洪浪北地铁站,0.0,0.0,13,13,good,,,深圳市水务局开放平台·积涝点水位
2026-08-19T04:00:00+08:00,Asia/Shanghai,MS1104403060000338,(市)东风幼儿园,0.0,0.0,2,2,good,,,深圳市水务局开放平台·积涝点水位
2026-08-19T04:00:00+08:00,Asia/Shanghai,MS1104403060000342,(市)海乐41区,0.0,0.0,2,2,good,,,深圳市水务局开放平台·积涝点水位
2026-08-19T04:00:00+08:00,Asia/Shanghai,MS1104403060000357,(市)前进二路,0.0,0.0,2,2,good,22.597482662679273,113.87435005513986,深圳市水务局开放平台·积涝点水位
2026-08-19T04:00:00+08:00,Asia/Shanghai,MS1104403060000361,(市)园岭商场,0.0,0.0,13,13,good,,,深圳市水务局开放平台·积涝点水位
2026-08-19T04:00:00+08:00,Asia/Shanghai,MS1104403060000376,(市)新圳西路万佳商场段,0.0,0.0,5,5,good,22.56349644,113.89998969999999,深圳市水务局开放平台·积涝点水位
2026-08-19T04:00:00+08:00,Asia/Shanghai,MS1104403060000380,(市)北环路与爱群路路口,0.0,0.0,13,13,good,22.79634568700108,114.39897783430258,深圳市水务局开放平台·积涝点水位
2026-08-19T04:00:00+08:00,Asia/Shanghai,MS1104403060000395,(市)宝安区幸福路与恒珠一路,0.0,0.0,2,2,good,,,深圳市水务局开放平台·积涝点水位
2026-08-19T04:00:00+08:00,Asia/Shanghai,MS110440306000040X,(市)宝安区勋业街,0.0,0.0,2,2,good,,,深圳市水务局开放平台·积涝点水位
2026-08-19T04:00:00+08:00,Asia/Shanghai,MS1104403060000414,(市)宝安区福和路西六巷,0.0,0.0,13,13,good,22.75496986065163,113.7975587837876,深圳市水务局开放平台·积涝点水位
2026-08-19T04:00:00+08:00,Asia/Shanghai,MS1104403060000429,(市)民福路与创新路交叉口,0.0,0.0,13,13,good,22.77931941488889,113.82386091368804,深圳市水务局开放平台·积涝点水位
2026-08-19T04:00:00+08:00,Asia/Shanghai,MS1104403060000433,(市)金沙二路与民福路交叉口,0.0,0.0,2,2,good,22.731531574999998,113.800096525,深圳市水务局开放平台·积涝点水位
2026-08-19T04:00:00+08:00,Asia/Shanghai,MS1104403060000448,(市)宝安区沙井西环路正科时代,0.0,0.0,2,2,good,22.658437552805964,113.96411546099013,深圳市水务局开放平台·积涝点水位
2026-08-19T04:00:00+08:00,Asia/Shanghai,MS1104403060000452,(市)宝源路固戍海滨公园,0.0,0.0,13,13,good,22.58668431255461,113.84584894450396,深圳市水务局开放平台·积涝点水位
2026-08-19T04:00:00+08:00,Asia/Shanghai,MS1104403060000467,(市)海雅缤纷城,0.0044,0.01,41,41,good,,,深圳市水务局开放平台·积涝点水位
2026-08-19T04:00:00+08:00,Asia/Shanghai,MS1104403060000471,(市)万达广场,0.0,0.0,2,2,good,,,深圳市水务局开放平台·积涝点水位
2026-08-19T04:00:00+08:00,Asia/Shanghai,MS1104403060000486,(市)固戍地铁站 A/F 出入口,0.0,0.0,12,12,good,,,深圳市水务局开放平台·积涝点水位
2026-08-19T04:00:00+08:00,Asia/Shanghai,MS1104403060000490,(市)碧海湾地铁站 B 出入口,0.0,0.0,13,13,good,,,深圳市水务局开放平台·积涝点水位
2026-08-19T04:00:00+08:00,Asia/Shanghai,MS1104403060000505,(市)海天路地下隧道,0.0,0.0,13,13,good,22.549962987088094,113.87889692546018,深圳市水务局开放平台·积涝点水位
2026-08-19T04:00:00+08:00,Asia/Shanghai,MS1104403070000175,(市)龙平西路新秀社区公园,0.0,0.0,2,2,good,22.731009781031894,114.22605984524496,深圳市水务局开放平台·积涝点水位
2026-08-19T04:00:00+08:00,Asia/Shanghai,MS110440307000018X,(市)如意路广发银行奥林支行,0.0,0.0,13,13,good,22.697841456213258,114.19931100734046,深圳市水务局开放平台·积涝点水位
2026-08-19T04:00:00+08:00,Asia/Shanghai,MS1104403070000194,(市)龙翔大道与龙城大道交汇处,0.0,0.0,13,13,good,22.708452173199664,114.22855732448205,深圳市水务局开放平台·积涝点水位
2026-08-19T04:00:00+08:00,Asia/Shanghai,MS1104403070000209,(市)龙城大道与龙平东路交汇处,0.0,0.0,13,13,good,22.734070392016967,114.26268655089929,深圳市水务局开放平台·积涝点水位
2026-08-19T04:00:00+08:00,Asia/Shanghai,MS1104403070000213,(市)龙西中路与盐龙大道交汇处,0.0,0.0,16,16,good,22.75103177856142,114.25588661241065,深圳市水务局开放平台·积涝点水位
2026-08-19T04:00:00+08:00,Asia/Shanghai,MS1104403070000228,(市)爱南路与深汕公路交汇处,0.0,0.0,13,13,good,22.709133830928806,114.31382413715897,深圳市水务局开放平台·积涝点水位
2026-08-19T04:00:00+08:00,Asia/Shanghai,MS1104403070000232,(市)园新路与乐园路交汇处,0.0,0.0,13,13,good,22.714932425,114.3001758,深圳市水务局开放平台·积涝点水位
2026-08-19T04:00:00+08:00,Asia/Shanghai,MS1104403070000247,(市)长深高速四方埔社区,0.0,0.0,2,2,good,22.785453209312927,114.3238491191703,深圳市水务局开放平台·积涝点水位
2026-08-19T04:00:00+08:00,Asia/Shanghai,MS1104403070000251,(市)龙岗区政府,0.0,0.0,13,13,good,,,深圳市水务局开放平台·积涝点水位
2026-08-19T04:00:00+08:00,Asia/Shanghai,MS1104403070000266,(市)五和地铁站H出入口,0.0,0.0,16,16,good,,,深圳市水务局开放平台·积涝点水位
2026-08-19T04:00:00+08:00,Asia/Shanghai,MS1104403070000270,(市)长龙地铁站C2出入口,0.0,0.0,2,2,good,,,深圳市水务局开放平台·积涝点水位
2026-08-19T04:00:00+08:00,Asia/Shanghai,MS1104403070000285,(市)育贤学校、童星幼儿园,0.0,0.0,13,13,good,,,深圳市水务局开放平台·积涝点水位
2026-08-19T04:00:00+08:00,Asia/Shanghai,MS110440307000029X,(市)深圳远东妇产医院,0.0,0.0,7,7,good,,,深圳市水务局开放平台·积涝点水位
2026-08-19T04:00:00+08:00,Asia/Shanghai,MS1104403070000304,(市)英才学校,0.0,0.0,13,13,good,,,深圳市水务局开放平台·积涝点水位
2026-08-19T04:00:00+08:00,Asia/Shanghai,MS1104403070000319,(市)吉榕路桥洞,0.0,0.0,16,16,good,,,深圳市水务局开放平台·积涝点水位
2026-08-19T04:00:00+08:00,Asia/Shanghai,MS1104403070000323,(市)京南路,0.0,0.0,2,2,good,22.602818284523806,114.12130894517196,深圳市水务局开放平台·积涝点水位
2026-08-19T04:00:00+08:00,Asia/Shanghai,MS1104403070000338,(市)布澜路国芬路口,0.0,0.0,2,2,good,22.635311170786817,114.12784150313183,深圳市水务局开放平台·积涝点水位
2026-08-19T04:00:00+08:00,Asia/Shanghai,MS1104403070000342,(市)布吉站（深圳东站）,0.0,0.0,2,2,good,,,深圳市水务局开放平台·积涝点水位
2026-08-19T04:00:00+08:00,Asia/Shanghai,MS1104403080000012,(市)金融路海涛路口片区,0.0,0.0,18,18,good,22.553642038690473,114.22939035281746,深圳市水务局开放平台·积涝点水位
2026-08-19T04:00:00+08:00,Asia/Shanghai,MS1104403080000027,(市)沙头角口岸小区,0.0,0.0,13,13,good,,,深圳市水务局开放平台·积涝点水位
2026-08-19T04:00:00+08:00,Asia/Shanghai,MS1104403080000031,(市)桥东街小区,0.0,0.0,13,13,good,,,深圳市水务局开放平台·积涝点水位
2026-08-19T04:00:00+08:00,Asia/Shanghai,MS1104403090000065,(市)泗黎路凹背社区富坑社区,0.0,0.0,2,2,good,22.753687171367037,114.03385655648283,深圳市水务局开放平台·积涝点水位
2026-08-19T04:00:00+08:00,Asia/Shanghai,MS110440309000007X,(市)银星科技园,0.0,0.0,2,2,good,,,深圳市水务局开放平台·积涝点水位
2026-08-19T04:00:00+08:00,Asia/Shanghai,MS1104403090000084,(市)观光路与福前路交汇处,0.0,0.0,2,2,good,22.733179257314486,114.01274963079653,深圳市水务局开放平台·积涝点水位
2026-08-19T04:00:00+08:00,Asia/Shanghai,MS1104403090000099,(市)三联社区,0.0,0.0,13,13,good,,,深圳市水务局开放平台·积涝点水位
2026-08-19T04:00:00+08:00,Asia/Shanghai,MS1104403090000103,(市)布龙路与五和大道交汇处,0.0,0.0,13,13,good,22.646750702555874,114.02665721385576,深圳市水务局开放平台·积涝点水位
2026-08-19T04:00:00+08:00,Asia/Shanghai,MS1104403090000118,(市)新区大道深圳北站,0.0,0.0,19,19,good,22.624351465560785,114.01682556681699,深圳市水务局开放平台·积涝点水位
2026-08-19T04:00:00+08:00,Asia/Shanghai,MS1104403090000122,(市)龙华壹方成,0.0,0.0,13,13,good,,,深圳市水务局开放平台·积涝点水位
2026-08-19T04:00:00+08:00,Asia/Shanghai,MS1104403090000137,(市)昌茂二路,0.0,0.0,13,13,good,,,深圳市水务局开放平台·积涝点水位
2026-08-19T04:00:00+08:00,Asia/Shanghai,MS1104403090000141,(市)大浪新围街大船坑市场段,0.0,0.0,13,13,good,22.692058934615382,113.9964102346154,深圳市水务局开放平台·积涝点水位
2026-08-19T04:00:00+08:00,Asia/Shanghai,MS1104403100000028,(市)坪山法院门口,0.0,0.0,2,2,good,,,深圳市水务局开放平台·积涝点水位
2026-08-19T04:00:00+08:00,Asia/Shanghai,MS1104403100000032,(市)秀沙路比亚迪厂门前,0.0,0.0,13,13,good,22.767995359829058,114.39900074224022,深圳市水务局开放平台·积涝点水位
2026-08-19T04:00:00+08:00,Asia/Shanghai,MS1104403100000047,(市)群代路金泰航科技,0.01,0.01,62,62,good,,,深圳市水务局开放平台·积涝点水位
2026-08-19T04:00:00+08:00,Asia/Shanghai,MS1104403100000051,(市)三洋湖路三洋湖新区小区,0.0,0.0,13,13,good,,,深圳市水务局开放平台·积涝点水位
2026-08-19T04:00:00+08:00,Asia/Shanghai,MS1104403100000066,(市)文化中心地铁站,0.0,0.0,13,13,good,,,深圳市水务局开放平台·积涝点水位
2026-08-19T04:00:00+08:00,Asia/Shanghai,MS1104403110000597,(市)东长路外环高速长圳入口,0.0,0.0,13,13,good,22.747509018088216,113.91221411091422,深圳市水务局开放平台·积涝点水位
2026-08-19T04:00:00+08:00,Asia/Shanghai,MS1104403110000601,(市)光侨雅苑,0.0,0.0,2,2,good,,,深圳市水务局开放平台·积涝点水位
2026-08-19T04:00:00+08:00,Asia/Shanghai,MS1104403110000616,(市)同观路与汇融路交叉口,0.0,0.0,2,2,good,22.734039598507852,113.91441943299901,深圳市水务局开放平台·积涝点水位
2026-08-19T04:00:00+08:00,Asia/Shanghai,MS1104403110000620,(市)松白路松茂御城段,0.0,0.0,2,2,good,22.731110627923336,113.894856941127,深圳市水务局开放平台·积涝点水位
2026-08-19T04:00:00+08:00,Asia/Shanghai,MS1104403110000635,(市)公常路与环村路交叉口,0.0,0.0,13,13,good,22.826648407959507,113.95688701032125,深圳市水务局开放平台·积涝点水位
2026-08-19T04:00:00+08:00,Asia/Shanghai,MS110440311000064X,(市)光明区高级中学,0.0,0.0,2,2,good,,,深圳市水务局开放平台·积涝点水位
2026-08-19T04:00:00+08:00,Asia/Shanghai,MS1104403120000032,(市)大鹏液化天然气有限公司深圳接收站,0.0,0.0,13,13,good,,,深圳市水务局开放平台·积涝点水位
2026-08-19T05:00:00+08:00,Asia/Shanghai,9281192001,(市)平湖火车隧道口,0.0,0.0,12,12,good,,,深圳市水务局开放平台·积涝点水位
2026-08-19T05:00:00+08:00,Asia/Shanghai,9281192002,(市)新木路广深铁路桥底,0.0,0.0,13,13,good,22.6674177472887,114.13210195018992,深圳市水务局开放平台·积涝点水位
2026-08-19T05:00:00+08:00,Asia/Shanghai,9281192003,(市)新木路新围仔村路口,0.0,0.0,13,13,good,22.6674177472887,114.13210195018992,深圳市水务局开放平台·积涝点水位
2026-08-19T05:00:00+08:00,Asia/Shanghai,9281192004,(市)布李路富民城段,0.0,0.0,13,13,good,22.618912574166664,114.11654044833332,深圳市水务局开放平台·积涝点水位
2026-08-19T05:00:00+08:00,Asia/Shanghai,9281192005,(市)龙博路,0.0138,0.02,66,66,good,22.62797037826087,114.10927237391306,深圳市水务局开放平台·积涝点水位
2026-08-19T05:00:00+08:00,Asia/Shanghai,9281192006,(市)五和大道四季花城,0.0,0.0,18,18,good,22.65976725256875,114.05975735653944,深圳市水务局开放平台·积涝点水位
2026-08-19T05:00:00+08:00,Asia/Shanghai,9281192007,(市)沙西小学至南岭万家乐段,0.0041,0.01,27,27,good,,,深圳市水务局开放平台·积涝点水位
2026-08-19T05:00:00+08:00,Asia/Shanghai,9281192008,(市)南联第六工业区桥洞,0.0,0.0,13,13,good,,,深圳市水务局开放平台·积涝点水位
2026-08-19T05:00:00+08:00,Asia/Shanghai,9281192009,(市)新坡塘村新坡塘积水点,0.0,0.0,13,13,good,,,深圳市水务局开放平台·积涝点水位
2026-08-19T05:00:00+08:00,Asia/Shanghai,9281192010,(市)安良六村安业路与安居路交汇处,0.0,0.0,14,14,good,,,深圳市水务局开放平台·积涝点水位
2026-08-19T05:00:00+08:00,Asia/Shanghai,9281192011,(市)松元头,0.01,0.01,63,63,good,,,深圳市水务局开放平台·积涝点水位
2026-08-19T05:00:00+08:00,Asia/Shanghai,9281192012,(市)湖南立交,0.0,0.0,12,12,good,,,深圳市水务局开放平台·积涝点水位
2026-08-19T05:00:00+08:00,Asia/Shanghai,9281192013,(市)高背路惠盐高速桥洞积水点,0.0,0.0,13,13,good,,,深圳市水务局开放平台·积涝点水位
2026-08-19T05:00:00+08:00,Asia/Shanghai,9281192014,(市)鹤坑桥洞,0.0,0.0,12,12,good,,,深圳市水务局开放平台·积涝点水位
2026-08-19T05:00:00+08:00,Asia/Shanghai,9281192015,(市)安良社区沿河一路疏港铁路桥洞,0.01,0.01,65,65,good,22.73162335,114.107919,深圳市水务局开放平台·积涝点水位
2026-08-19T05:00:00+08:00,Asia/Shanghai,9281192016,(市)宝荷路中新加油站对面,0.0,0.0,17,17,good,22.694796752516076,114.25970116268519,深圳市水务局开放平台·积涝点水位
2026-08-19T05:00:00+08:00,Asia/Shanghai,9281192017,(市)环观南路与观平路交汇处,0.0,0.0,13,13,good,22.705673908780923,114.07279441765539,深圳市水务局开放平台·积涝点水位
2026-08-19T05:00:00+08:00,Asia/Shanghai,9281192018,(市)龙华大道库坑天桥段,0.0,0.0,13,13,good,22.669745856798677,114.03752701836405,深圳市水务局开放平台·积涝点水位
2026-08-19T05:00:00+08:00,Asia/Shanghai,9281192019,(市)福龙路高铁桥下简上段,0.02,0.02,70,70,good,22.61964472178257,114.00080097044238,深圳市水务局开放平台·积涝点水位
2026-08-19T05:00:00+08:00,Asia/Shanghai,9281192020,(市)工业路壹成中心段,0.01,0.01,68,68,good,22.648754971805,114.02570221318598,深圳市水务局开放平台·积涝点水位
2026-08-19T05:00:00+08:00,Asia/Shanghai,9281192021,(市)东环一路和平路交汇处,0.02,0.02,66,66,good,22.65040479515617,114.03284713758192,深圳市水务局开放平台·积涝点水位
2026-08-19T05:00:00+08:00,Asia/Shanghai,9281192022,(市)龙田社区大水湾,0.0,0.0,13,13,good,,,深圳市水务局开放平台·积涝点水位
2026-08-19T05:00:00+08:00,Asia/Shanghai,9281292001,(市)滨河皇岗立交桥洞,0.0,0.0,13,13,good,,,深圳市水务局开放平台·积涝点水位
2026-08-19T05:00:00+08:00,Asia/Shanghai,9281292002,(市)广深高速桥下滨海大道北侧辅道,0.01,0.01,66,66,good,22.579823080041088,114.10123773351275,深圳市水务局开放平台·积涝点水位
2026-08-19T05:00:00+08:00,Asia/Shanghai,9281292003,(市)福田区竹子林立交下穿通道,0.0,0.0,12,12,good,,,深圳市水务局开放平台·积涝点水位
2026-08-19T05:00:00+08:00,Asia/Shanghai,9281292004,(市)滨河益田立交桥洞,0.0,0.0,12,12,good,,,深圳市水务局开放平台·积涝点水位
2026-08-19T05:00:00+08:00,Asia/Shanghai,9281292005,(市)深南新洲一号立交桥洞,0.0,0.0,13,13,good,,,深圳市水务局开放平台·积涝点水位
2026-08-19T05:00:00+08:00,Asia/Shanghai,9281292006,(市)北环新洲立交东南角辅道,0.0,0.0,12,12,good,,,深圳市水务局开放平台·积涝点水位
2026-08-19T05:00:00+08:00,Asia/Shanghai,9281292007,(市)107国道新安段(裕安加油站),0.0,0.0,13,13,good,22.55254164883845,113.90816500450731,深圳市水务局开放平台·积涝点水位
2026-08-19T05:00:00+08:00,Asia/Shanghai,9281292008,洲石路鹤洲桥底（市）,0.01,0.01,63,63,good,22.651019027149744,113.88061107664711,深圳市水务局开放平台·积涝点水位
2026-08-19T05:00:00+08:00,Asia/Shanghai,9281292009,(市)帝堂路（锦程路以西段）,0.0103,0.02,64,64,good,22.70987723506993,113.7784856087664,深圳市水务局开放平台·积涝点水位
2026-08-19T05:00:00+08:00,Asia/Shanghai,9281292010,(市)上星南路与中心路丽沙花都,0.0,0.0,13,13,good,22.502209013854387,113.93734688972145,深圳市水务局开放平台·积涝点水位
2026-08-19T05:00:00+08:00,Asia/Shanghai,9281292011,(市)外环路广深高速新桥立交,0.0,0.0,13,13,good,22.736379220337216,113.84591188570887,深圳市水务局开放平台·积涝点水位
2026-08-19T05:00:00+08:00,Asia/Shanghai,9281292012,(市)固戍海滨新村文昌阁,0.0,0.0,13,13,good,,,深圳市水务局开放平台·积涝点水位
2026-08-19T05:00:00+08:00,Asia/Shanghai,9281292013,(市)宝安大道固戍地铁站,0.0,0.0,13,13,good,22.64678387472509,113.8417801892837,深圳市水务局开放平台·积涝点水位
2026-08-19T05:00:00+08:00,Asia/Shanghai,9281292014,(市)G107国道南行固戍大门,0.0,0.0,14,14,good,22.55254164883845,113.90816500450731,深圳市水务局开放平台·积涝点水位
2026-08-19T05:00:00+08:00,Asia/Shanghai,9281292015,(市)东环大道松宝大道段,0.0,0.0,13,13,good,,,深圳市水务局开放平台·积涝点水位
2026-08-19T05:00:00+08:00,Asia/Shanghai,9281292016,(市)长凤路龙大高速桥底,0.0,0.0,13,13,good,22.775734215738417,113.91156092305157,深圳市水务局开放平台·积涝点水位
2026-08-19T05:00:00+08:00,Asia/Shanghai,9281292017,(市)圳美同富裕工业区,0.0,0.0,13,13,good,,,深圳市水务局开放平台·积涝点水位
2026-08-19T05:00:00+08:00,Asia/Shanghai,9281292018,(市)根玉路东方大道交汇处,0.0,0.0,13,13,good,22.763216165633853,113.85149341983029,深圳市水务局开放平台·积涝点水位
2026-08-19T05:00:00+08:00,Asia/Shanghai,9281292019,(市)上村社区龙大桥底,0.0033,0.01,15,15,good,,,深圳市水务局开放平台·积涝点水位
2026-08-19T05:00:00+08:00,Asia/Shanghai,9281292020,(市)马山头社区上石家路通兴路交汇处,0.0,0.0,12,12,good,22.763999933333334,113.8915635138889,深圳市水务局开放平台·积涝点水位
2026-08-19T05:00:00+08:00,Asia/Shanghai,9281292021,(市)临海大道海关保税区,0.0,0.0,13,13,good,22.53399911521491,113.88871009435005,深圳市水务局开放平台·积涝点水位
2026-08-19T05:00:00+08:00,Asia/Shanghai,9281292022,(市)南山大道南行亿利达村段,0.0,0.0,8,8,good,22.540721694789013,113.9181638130031,深圳市水务局开放平台·积涝点水位
2026-08-19T05:00:00+08:00,Asia/Shanghai,9281292023,(市)东滨路南行华联城市山林花园段,0.0,0.0,13,13,good,22.51106546682151,113.92212734316605,深圳市水务局开放平台·积涝点水位
2026-08-19T05:00:00+08:00,Asia/Shanghai,9281292024,(市)深圳湾东滨路与中心路交叉口,0.0052,0.01,27,27,good,22.51106546682151,113.92212734316605,深圳市水务局开放平台·积涝点水位
2026-08-19T05:00:00+08:00,Asia/Shanghai,MS1104403030000228,(市)红岗公园,0.0,0.0,2,2,good,,,深圳市水务局开放平台·积涝点水位
2026-08-19T05:00:00+08:00,Asia/Shanghai,MS1104403030000232,(市)沿河南路文锦路社区,0.0,0.0,12,12,good,22.550252268776845,114.11444108979862,深圳市水务局开放平台·积涝点水位
2026-08-19T05:00:00+08:00,Asia/Shanghai,MS1104403030000247,(市)深南东路黄贝岭,0.0,0.0,17,17,good,22.54661746874732,114.11811396992493,深圳市水务局开放平台·积涝点水位
2026-08-19T05:00:00+08:00,Asia/Shanghai,MS1104403030000251,(市)滨河上步立交桥,0.0,0.0,2,2,good,,,深圳市水务局开放平台·积涝点水位
2026-08-19T05:00:00+08:00,Asia/Shanghai,MS1104403030000266,(市)罗湖火车站,0.0,0.0,13,13,good,,,深圳市水务局开放平台·积涝点水位
2026-08-19T05:00:00+08:00,Asia/Shanghai,MS1104403030000270,(市)罗湖区委,0.0,0.0,2,2,good,,,深圳市水务局开放平台·积涝点水位
2026-08-19T05:00:00+08:00,Asia/Shanghai,MS1104403030000285,(市)万象城,0.01,0.01,61,61,good,,,深圳市水务局开放平台·积涝点水位
2026-08-19T05:00:00+08:00,Asia/Shanghai,MS110440303000029X,(市)洪湖地铁站D出入口,0.0,0.0,2,2,good,,,深圳市水务局开放平台·积涝点水位
2026-08-19T05:00:00+08:00,Asia/Shanghai,MS1104403030000304,(市)东湖路,0.0,0.0,4,4,good,22.582822583699635,114.1345991945055,深圳市水务局开放平台·积涝点水位
2026-08-19T05:00:00+08:00,Asia/Shanghai,MS1104403030000319,(市)桂园片区,0.0,0.0,13,13,good,,,深圳市水务局开放平台·积涝点水位
2026-08-19T05:00:00+08:00,Asia/Shanghai,MS1104403030000323,(市)晒布路与东门中路交汇处,0.01,0.01,61,61,good,22.551568716163253,114.1183832504732,深圳市水务局开放平台·积涝点水位
2026-08-19T05:00:00+08:00,Asia/Shanghai,MS1104403030000338,(市)东湖公园爱国路与太宁路路口,0.0,0.0,13,13,good,22.563633808974675,114.13329390192719,深圳市水务局开放平台·积涝点水位
2026-08-19T05:00:00+08:00,Asia/Shanghai,MS1104403030000342,(市)文锦渡口岸,0.0,0.0,2,2,good,,,深圳市水务局开放平台·积涝点水位
2026-08-19T05:00:00+08:00,Asia/Shanghai,MS1104403040000543,(市)香梅莲花路口,0.0,0.0,2,2,good,22.559401296538805,114.04793087126708,深圳市水务局开放平台·积涝点水位
2026-08-19T05:00:00+08:00,Asia/Shanghai,MS1104403040000558,(市)信托花园,0.0,0.0,16,16,good,,,深圳市水务局开放平台·积涝点水位
2026-08-19T05:00:00+08:00,Asia/Shanghai,MS1104403040000562,(市)上步红荔路口,0.0,0.0,2,2,good,22.550171284097686,114.05891535550717,深圳市水务局开放平台·积涝点水位
2026-08-19T05:00:00+08:00,Asia/Shanghai,MS1104403040000577,(市)深南皇岗立交桥与皇岗路交汇处,0.0,0.0,12,12,good,22.552167188223326,114.06774281249497,深圳市水务局开放平台·积涝点水位
2026-08-19T05:00:00+08:00,Asia/Shanghai,MS1104403040000581,(市)北环大道与梅林路交汇处,0.0,0.0,2,2,good,22.55966775704351,113.99344633894496,深圳市水务局开放平台·积涝点水位
2026-08-19T05:00:00+08:00,Asia/Shanghai,MS1104403040000596,(市)侨香路香梅社区,0.0,0.0,2,2,good,22.55158384619422,114.00624803762132,深圳市水务局开放平台·积涝点水位
2026-08-19T05:00:00+08:00,Asia/Shanghai,MS1104403040000600,(市)侨香路香安社区,0.0,0.0,2,2,good,22.55158384619422,114.00624803762132,深圳市水务局开放平台·积涝点水位
2026-08-19T05:00:00+08:00,Asia/Shanghai,MS1104403040000615,(市)市民中心,0.0,0.0,2,2,good,,,深圳市水务局开放平台·积涝点水位
2026-08-19T05:00:00+08:00,Asia/Shanghai,MS110440304000062X,(市)民田路深圳证券交易所,0.0,0.0,13,13,good,22.53903429826115,114.04781278730138,深圳市水务局开放平台·积涝点水位
2026-08-19T05:00:00+08:00,Asia/Shanghai,MS1104403040000634,(市)燃气集团股份有限公司梅林 LNG安全应急气化站,0.0,0.0,13,13,good,,,深圳市水务局开放平台·积涝点水位
2026-08-19T05:00:00+08:00,Asia/Shanghai,MS1104403040000649,(市)深南大道车公庙交通枢纽段,0.0,0.0,13,13,good,22.5420797706313,113.9753640727562,深圳市水务局开放平台·积涝点水位
2026-08-19T05:00:00+08:00,Asia/Shanghai,MS1104403050000118,(市)月亮湾大道与前湾三路交叉口,0.0,0.0,2,2,good,22.511993391395155,113.8903078293519,深圳市水务局开放平台·积涝点水位
2026-08-19T05:00:00+08:00,Asia/Shanghai,MS1104403050000122,(市)南山大道深意工业大厦段,0.0075,0.01,51,51,good,22.540721694789013,113.9181638130031,深圳市水务局开放平台·积涝点水位
2026-08-19T05:00:00+08:00,Asia/Shanghai,MS1104403050000137,(市)南山大道与登良路交叉口,0.0,0.0,2,2,good,22.540721694789013,113.9181638130031,深圳市水务局开放平台·积涝点水位
2026-08-19T05:00:00+08:00,Asia/Shanghai,MS1104403050000141,(市)南新路北头豪苑,0.0,0.0,2,2,good,22.535707366852186,113.92452459612443,深圳市水务局开放平台·积涝点水位
2026-08-19T05:00:00+08:00,Asia/Shanghai,MS1104403050000156,(市)滨海大道与南山大道交叉口,0.0,0.0,2,2,good,22.579823080041088,114.10123773351275,深圳市水务局开放平台·积涝点水位
2026-08-19T05:00:00+08:00,Asia/Shanghai,MS1104403050000160,(市)桃园路与南新路交叉口,0.0,0.0,2,2,good,22.535395972003414,113.91852837514443,深圳市水务局开放平台·积涝点水位
2026-08-19T05:00:00+08:00,Asia/Shanghai,MS1104403050000175,(市)后海大道与登良路交叉口,0.0,0.0,16,16,good,22.51179221810604,113.92884393579894,深圳市水务局开放平台·积涝点水位
2026-08-19T05:00:00+08:00,Asia/Shanghai,MS110440305000018X,(市)后海大道港湾创业大厦,0.0,0.0,13,13,good,22.51179221810604,113.92884393579894,深圳市水务局开放平台·积涝点水位
2026-08-19T05:00:00+08:00,Asia/Shanghai,MS1104403050000194,(市)深南大道高新园地铁 AD 口,0.0,0.0,13,13,good,22.5420797706313,113.9753640727562,深圳市水务局开放平台·积涝点水位
2026-08-19T05:00:00+08:00,Asia/Shanghai,MS1104403050000209,(市)深圳湾口岸,0.0,0.0,2,2,good,,,深圳市水务局开放平台·积涝点水位
2026-08-19T05:00:00+08:00,Asia/Shanghai,MS1104403050000213,(市)前湾公园地铁站 A 出入口,0.0,0.0,13,13,good,,,深圳市水务局开放平台·积涝点水位
2026-08-19T05:00:00+08:00,Asia/Shanghai,MS1104403050000228,(市)粤海门地铁站 D2 出入口,0.0,0.0,13,13,good,,,深圳市水务局开放平台·积涝点水位
2026-08-19T05:00:00+08:00,Asia/Shanghai,MS1104403050000232,(市)桂庙路地下道路,0.0,0.0,13,13,good,22.52643977555155,113.91686609460196,深圳市水务局开放平台·积涝点水位
2026-08-19T05:00:00+08:00,Asia/Shanghai,MS1104403050000247,(市)国家超级计算深圳中心,0.0,0.0,14,14,good,,,深圳市水务局开放平台·积涝点水位
2026-08-19T05:00:00+08:00,Asia/Shanghai,MS110440306000029X,(市)辛养旧村辛居路,0.0,0.0,2,2,good,,,深圳市水务局开放平台·积涝点水位
2026-08-19T05:00:00+08:00,Asia/Shanghai,MS1104403060000304,(市)山门第三工业区,0.0,0.0,2,2,good,,,深圳市水务局开放平台·积涝点水位
2026-08-19T05:00:00+08:00,Asia/Shanghai,MS1104403060000319,(市)前进一路上川路口,0.0,0.0,13,13,good,22.57118007860348,113.90008995469552,深圳市水务局开放平台·积涝点水位
2026-08-19T05:00:00+08:00,Asia/Shanghai,MS1104403060000323,(市)洪浪北地铁站,0.0,0.0,13,13,good,,,深圳市水务局开放平台·积涝点水位
2026-08-19T05:00:00+08:00,Asia/Shanghai,MS1104403060000338,(市)东风幼儿园,0.0,0.0,2,2,good,,,深圳市水务局开放平台·积涝点水位
2026-08-19T05:00:00+08:00,Asia/Shanghai,MS1104403060000342,(市)海乐41区,0.0,0.0,2,2,good,,,深圳市水务局开放平台·积涝点水位
2026-08-19T05:00:00+08:00,Asia/Shanghai,MS1104403060000357,(市)前进二路,0.0,0.0,2,2,good,22.597482662679273,113.87435005513986,深圳市水务局开放平台·积涝点水位
2026-08-19T05:00:00+08:00,Asia/Shanghai,MS1104403060000361,(市)园岭商场,0.002,0.01,15,15,good,,,深圳市水务局开放平台·积涝点水位
2026-08-19T05:00:00+08:00,Asia/Shanghai,MS1104403060000376,(市)新圳西路万佳商场段,0.0,0.0,5,5,good,22.56349644,113.89998969999999,深圳市水务局开放平台·积涝点水位
2026-08-19T05:00:00+08:00,Asia/Shanghai,MS1104403060000380,(市)北环路与爱群路路口,0.0,0.0,14,14,good,22.79634568700108,114.39897783430258,深圳市水务局开放平台·积涝点水位
2026-08-19T05:00:00+08:00,Asia/Shanghai,MS1104403060000395,(市)宝安区幸福路与恒珠一路,0.0,0.0,2,2,good,,,深圳市水务局开放平台·积涝点水位
2026-08-19T05:00:00+08:00,Asia/Shanghai,MS110440306000040X,(市)宝安区勋业街,0.0,0.0,2,2,good,,,深圳市水务局开放平台·积涝点水位
2026-08-19T05:00:00+08:00,Asia/Shanghai,MS1104403060000414,(市)宝安区福和路西六巷,0.0,0.0,13,13,good,22.75496986065163,113.7975587837876,深圳市水务局开放平台·积涝点水位
2026-08-19T05:00:00+08:00,Asia/Shanghai,MS1104403060000429,(市)民福路与创新路交叉口,0.0,0.0,13,13,good,22.77931941488889,113.82386091368804,深圳市水务局开放平台·积涝点水位
2026-08-19T05:00:00+08:00,Asia/Shanghai,MS1104403060000433,(市)金沙二路与民福路交叉口,0.0,0.0,2,2,good,22.731531574999998,113.800096525,深圳市水务局开放平台·积涝点水位
2026-08-19T05:00:00+08:00,Asia/Shanghai,MS1104403060000448,(市)宝安区沙井西环路正科时代,0.0,0.0,2,2,good,22.658437552805964,113.96411546099013,深圳市水务局开放平台·积涝点水位
2026-08-19T05:00:00+08:00,Asia/Shanghai,MS1104403060000452,(市)宝源路固戍海滨公园,0.0,0.0,12,12,good,22.58668431255461,113.84584894450396,深圳市水务局开放平台·积涝点水位
2026-08-19T05:00:00+08:00,Asia/Shanghai,MS1104403060000467,(市)海雅缤纷城,0.0063,0.01,30,30,good,,,深圳市水务局开放平台·积涝点水位
2026-08-19T05:00:00+08:00,Asia/Shanghai,MS1104403060000471,(市)万达广场,0.0,0.0,2,2,good,,,深圳市水务局开放平台·积涝点水位
2026-08-19T05:00:00+08:00,Asia/Shanghai,MS1104403060000486,(市)固戍地铁站 A/F 出入口,0.0,0.0,13,13,good,,,深圳市水务局开放平台·积涝点水位
2026-08-19T05:00:00+08:00,Asia/Shanghai,MS1104403060000490,(市)碧海湾地铁站 B 出入口,0.0,0.0,13,13,good,,,深圳市水务局开放平台·积涝点水位
2026-08-19T05:00:00+08:00,Asia/Shanghai,MS1104403060000505,(市)海天路地下隧道,0.0,0.0,13,13,good,22.549962987088094,113.87889692546018,深圳市水务局开放平台·积涝点水位
2026-08-19T05:00:00+08:00,Asia/Shanghai,MS1104403070000175,(市)龙平西路新秀社区公园,0.0,0.0,2,2,good,22.731009781031894,114.22605984524496,深圳市水务局开放平台·积涝点水位
2026-08-19T05:00:00+08:00,Asia/Shanghai,MS110440307000018X,(市)如意路广发银行奥林支行,0.0,0.0,12,12,good,22.697841456213258,114.19931100734046,深圳市水务局开放平台·积涝点水位
2026-08-19T05:00:00+08:00,Asia/Shanghai,MS1104403070000194,(市)龙翔大道与龙城大道交汇处,0.0,0.0,12,12,good,22.708452173199664,114.22855732448205,深圳市水务局开放平台·积涝点水位
2026-08-19T05:00:00+08:00,Asia/Shanghai,MS1104403070000209,(市)龙城大道与龙平东路交汇处,0.0,0.0,13,13,good,22.734070392016967,114.26268655089929,深圳市水务局开放平台·积涝点水位
2026-08-19T05:00:00+08:00,Asia/Shanghai,MS1104403070000213,(市)龙西中路与盐龙大道交汇处,0.0,0.0,7,7,good,22.75103177856142,114.25588661241065,深圳市水务局开放平台·积涝点水位
2026-08-19T05:00:00+08:00,Asia/Shanghai,MS1104403070000228,(市)爱南路与深汕公路交汇处,0.0,0.0,13,13,good,22.709133830928806,114.31382413715897,深圳市水务局开放平台·积涝点水位
2026-08-19T05:00:00+08:00,Asia/Shanghai,MS1104403070000232,(市)园新路与乐园路交汇处,0.0,0.0,13,13,good,22.714932425,114.3001758,深圳市水务局开放平台·积涝点水位
2026-08-19T05:00:00+08:00,Asia/Shanghai,MS1104403070000247,(市)长深高速四方埔社区,0.0,0.0,2,2,good,22.785453209312927,114.3238491191703,深圳市水务局开放平台·积涝点水位
2026-08-19T05:00:00+08:00,Asia/Shanghai,MS1104403070000251,(市)龙岗区政府,0.0,0.0,11,11,good,,,深圳市水务局开放平台·积涝点水位
2026-08-19T05:00:00+08:00,Asia/Shanghai,MS1104403070000266,(市)五和地铁站H出入口,0.0,0.0,13,13,good,,,深圳市水务局开放平台·积涝点水位
2026-08-19T05:00:00+08:00,Asia/Shanghai,MS1104403070000270,(市)长龙地铁站C2出入口,0.0,0.0,2,2,good,,,深圳市水务局开放平台·积涝点水位
2026-08-19T05:00:00+08:00,Asia/Shanghai,MS1104403070000285,(市)育贤学校、童星幼儿园,0.0,0.0,13,13,good,,,深圳市水务局开放平台·积涝点水位
2026-08-19T05:00:00+08:00,Asia/Shanghai,MS110440307000029X,(市)深圳远东妇产医院,0.0,0.0,21,21,good,,,深圳市水务局开放平台·积涝点水位
2026-08-19T05:00:00+08:00,Asia/Shanghai,MS1104403070000304,(市)英才学校,0.0,0.0,13,13,good,,,深圳市水务局开放平台·积涝点水位
2026-08-19T05:00:00+08:00,Asia/Shanghai,MS1104403070000319,(市)吉榕路桥洞,0.0,0.0,13,13,good,,,深圳市水务局开放平台·积涝点水位
2026-08-19T05:00:00+08:00,Asia/Shanghai,MS1104403070000323,(市)京南路,0.0,0.0,2,2,good,22.602818284523806,114.12130894517196,深圳市水务局开放平台·积涝点水位
2026-08-19T05:00:00+08:00,Asia/Shanghai,MS1104403070000338,(市)布澜路国芬路口,0.0,0.0,2,2,good,22.635311170786817,114.12784150313183,深圳市水务局开放平台·积涝点水位
2026-08-19T05:00:00+08:00,Asia/Shanghai,MS1104403070000342,(市)布吉站（深圳东站）,0.0,0.0,2,2,good,,,深圳市水务局开放平台·积涝点水位
2026-08-19T05:00:00+08:00,Asia/Shanghai,MS1104403080000012,(市)金融路海涛路口片区,0.0,0.0,12,12,good,22.553642038690473,114.22939035281746,深圳市水务局开放平台·积涝点水位
2026-08-19T05:00:00+08:00,Asia/Shanghai,MS1104403080000027,(市)沙头角口岸小区,0.0,0.0,11,11,good,,,深圳市水务局开放平台·积涝点水位
2026-08-19T05:00:00+08:00,Asia/Shanghai,MS1104403080000031,(市)桥东街小区,0.0,0.0,13,13,good,,,深圳市水务局开放平台·积涝点水位
2026-08-19T05:00:00+08:00,Asia/Shanghai,MS1104403090000065,(市)泗黎路凹背社区富坑社区,0.0,0.0,2,2,good,22.753687171367037,114.03385655648283,深圳市水务局开放平台·积涝点水位
2026-08-19T05:00:00+08:00,Asia/Shanghai,MS110440309000007X,(市)银星科技园,0.0,0.0,2,2,good,,,深圳市水务局开放平台·积涝点水位
2026-08-19T05:00:00+08:00,Asia/Shanghai,MS1104403090000084,(市)观光路与福前路交汇处,0.0,0.0,2,2,good,22.733179257314486,114.01274963079653,深圳市水务局开放平台·积涝点水位
2026-08-19T05:00:00+08:00,Asia/Shanghai,MS1104403090000099,(市)三联社区,0.0,0.0,13,13,good,,,深圳市水务局开放平台·积涝点水位
2026-08-19T05:00:00+08:00,Asia/Shanghai,MS1104403090000103,(市)布龙路与五和大道交汇处,0.0,0.0,13,13,good,22.646750702555874,114.02665721385576,深圳市水务局开放平台·积涝点水位
2026-08-19T05:00:00+08:00,Asia/Shanghai,MS1104403090000118,(市)新区大道深圳北站,0.0,0.0,13,13,good,22.624351465560785,114.01682556681699,深圳市水务局开放平台·积涝点水位
2026-08-19T05:00:00+08:00,Asia/Shanghai,MS1104403090000122,(市)龙华壹方成,0.0,0.0,13,13,good,,,深圳市水务局开放平台·积涝点水位
2026-08-19T05:00:00+08:00,Asia/Shanghai,MS1104403090000137,(市)昌茂二路,0.0,0.0,12,12,good,,,深圳市水务局开放平台·积涝点水位
2026-08-19T05:00:00+08:00,Asia/Shanghai,MS1104403090000141,(市)大浪新围街大船坑市场段,0.0,0.0,14,14,good,22.692058934615382,113.9964102346154,深圳市水务局开放平台·积涝点水位
2026-08-19T05:00:00+08:00,Asia/Shanghai,MS1104403100000028,(市)坪山法院门口,0.0,0.0,2,2,good,,,深圳市水务局开放平台·积涝点水位
2026-08-19T05:00:00+08:00,Asia/Shanghai,MS1104403100000032,(市)秀沙路比亚迪厂门前,0.0,0.0,12,12,good,22.767995359829058,114.39900074224022,深圳市水务局开放平台·积涝点水位
2026-08-19T05:00:00+08:00,Asia/Shanghai,MS1104403100000047,(市)群代路金泰航科技,0.01,0.01,64,64,good,,,深圳市水务局开放平台·积涝点水位
2026-08-19T05:00:00+08:00,Asia/Shanghai,MS1104403100000051,(市)三洋湖路三洋湖新区小区,0.0,0.0,13,13,good,,,深圳市水务局开放平台·积涝点水位
2026-08-19T05:00:00+08:00,Asia/Shanghai,MS1104403100000066,(市)文化中心地铁站,0.0,0.0,12,12,good,,,深圳市水务局开放平台·积涝点水位
2026-08-19T05:00:00+08:00,Asia/Shanghai,MS1104403110000597,(市)东长路外环高速长圳入口,0.0,0.0,13,13,good,22.747509018088216,113.91221411091422,深圳市水务局开放平台·积涝点水位
2026-08-19T05:00:00+08:00,Asia/Shanghai,MS1104403110000601,(市)光侨雅苑,0.0,0.0,2,2,good,,,深圳市水务局开放平台·积涝点水位
2026-08-19T05:00:00+08:00,Asia/Shanghai,MS1104403110000616,(市)同观路与汇融路交叉口,0.0,0.0,2,2,good,22.734039598507852,113.91441943299901,深圳市水务局开放平台·积涝点水位
2026-08-19T05:00:00+08:00,Asia/Shanghai,MS1104403110000620,(市)松白路松茂御城段,0.0,0.0,2,2,good,22.731110627923336,113.894856941127,深圳市水务局开放平台·积涝点水位
2026-08-19T05:00:00+08:00,Asia/Shanghai,MS1104403110000635,(市)公常路与环村路交叉口,0.0,0.0,12,12,good,22.826648407959507,113.95688701032125,深圳市水务局开放平台·积涝点水位
2026-08-19T05:00:00+08:00,Asia/Shanghai,MS110440311000064X,(市)光明区高级中学,0.0,0.0,2,2,good,,,深圳市水务局开放平台·积涝点水位
2026-08-19T05:00:00+08:00,Asia/Shanghai,MS1104403120000032,(市)大鹏液化天然气有限公司深圳接收站,0.0,0.0,13,13,good,,,深圳市水务局开放平台·积涝点水位
2026-08-19T06:00:00+08:00,Asia/Shanghai,9281192001,(市)平湖火车隧道口,0.0,0.0,11,11,good,,,深圳市水务局开放平台·积涝点水位
2026-08-19T06:00:00+08:00,Asia/Shanghai,9281192002,(市)新木路广深铁路桥底,0.0,0.0,13,13,good,22.6674177472887,114.13210195018992,深圳市水务局开放平台·积涝点水位
2026-08-19T06:00:00+08:00,Asia/Shanghai,9281192003,(市)新木路新围仔村路口,0.0,0.0,13,13,good,22.6674177472887,114.13210195018992,深圳市水务局开放平台·积涝点水位
2026-08-19T06:00:00+08:00,Asia/Shanghai,9281192004,(市)布李路富民城段,0.0,0.0,13,13,good,22.618912574166664,114.11654044833332,深圳市水务局开放平台·积涝点水位
2026-08-19T06:00:00+08:00,Asia/Shanghai,9281192005,(市)龙博路,0.0168,0.02,62,62,good,22.62797037826087,114.10927237391306,深圳市水务局开放平台·积涝点水位
2026-08-19T06:00:00+08:00,Asia/Shanghai,9281192006,(市)五和大道四季花城,0.0,0.0,16,16,good,22.65976725256875,114.05975735653944,深圳市水务局开放平台·积涝点水位
2026-08-19T06:00:00+08:00,Asia/Shanghai,9281192007,(市)沙西小学至南岭万家乐段,0.0093,0.01,55,55,good,,,深圳市水务局开放平台·积涝点水位
2026-08-19T06:00:00+08:00,Asia/Shanghai,9281192008,(市)南联第六工业区桥洞,0.0,0.0,13,13,good,,,深圳市水务局开放平台·积涝点水位
2026-08-19T06:00:00+08:00,Asia/Shanghai,9281192009,(市)新坡塘村新坡塘积水点,0.0,0.0,13,13,good,,,深圳市水务局开放平台·积涝点水位
2026-08-19T06:00:00+08:00,Asia/Shanghai,9281192010,(市)安良六村安业路与安居路交汇处,0.0,0.0,13,13,good,,,深圳市水务局开放平台·积涝点水位
2026-08-19T06:00:00+08:00,Asia/Shanghai,9281192011,(市)松元头,0.01,0.01,62,62,good,,,深圳市水务局开放平台·积涝点水位
2026-08-19T06:00:00+08:00,Asia/Shanghai,9281192012,(市)湖南立交,0.0,0.0,13,13,good,,,深圳市水务局开放平台·积涝点水位
2026-08-19T06:00:00+08:00,Asia/Shanghai,9281192013,(市)高背路惠盐高速桥洞积水点,0.0,0.0,13,13,good,,,深圳市水务局开放平台·积涝点水位
2026-08-19T06:00:00+08:00,Asia/Shanghai,9281192014,(市)鹤坑桥洞,0.0,0.0,13,13,good,,,深圳市水务局开放平台·积涝点水位
2026-08-19T06:00:00+08:00,Asia/Shanghai,9281192015,(市)安良社区沿河一路疏港铁路桥洞,0.01,0.01,59,59,good,22.73162335,114.107919,深圳市水务局开放平台·积涝点水位
2026-08-19T06:00:00+08:00,Asia/Shanghai,9281192016,(市)宝荷路中新加油站对面,0.0,0.0,13,13,good,22.694796752516076,114.25970116268519,深圳市水务局开放平台·积涝点水位
2026-08-19T06:00:00+08:00,Asia/Shanghai,9281192017,(市)环观南路与观平路交汇处,0.0,0.0,12,12,good,22.705673908780923,114.07279441765539,深圳市水务局开放平台·积涝点水位
2026-08-19T06:00:00+08:00,Asia/Shanghai,9281192018,(市)龙华大道库坑天桥段,0.0,0.0,13,13,good,22.669745856798677,114.03752701836405,深圳市水务局开放平台·积涝点水位
2026-08-19T06:00:00+08:00,Asia/Shanghai,9281192019,(市)福龙路高铁桥下简上段,0.02,0.02,65,65,good,22.61964472178257,114.00080097044238,深圳市水务局开放平台·积涝点水位
2026-08-19T06:00:00+08:00,Asia/Shanghai,9281192020,(市)工业路壹成中心段,0.01,0.01,65,65,good,22.648754971805,114.02570221318598,深圳市水务局开放平台·积涝点水位
2026-08-19T06:00:00+08:00,Asia/Shanghai,9281192021,(市)东环一路和平路交汇处,0.02,0.02,64,64,good,22.65040479515617,114.03284713758192,深圳市水务局开放平台·积涝点水位
2026-08-19T06:00:00+08:00,Asia/Shanghai,9281192022,(市)龙田社区大水湾,0.0,0.0,12,12,good,,,深圳市水务局开放平台·积涝点水位
2026-08-19T06:00:00+08:00,Asia/Shanghai,9281292001,(市)滨河皇岗立交桥洞,0.0,0.0,13,13,good,,,深圳市水务局开放平台·积涝点水位
2026-08-19T06:00:00+08:00,Asia/Shanghai,9281292002,(市)广深高速桥下滨海大道北侧辅道,0.01,0.01,62,62,good,22.579823080041088,114.10123773351275,深圳市水务局开放平台·积涝点水位
2026-08-19T06:00:00+08:00,Asia/Shanghai,9281292003,(市)福田区竹子林立交下穿通道,0.0,0.0,13,13,good,,,深圳市水务局开放平台·积涝点水位
2026-08-19T06:00:00+08:00,Asia/Shanghai,9281292004,(市)滨河益田立交桥洞,0.0,0.0,12,12,good,,,深圳市水务局开放平台·积涝点水位
2026-08-19T06:00:00+08:00,Asia/Shanghai,9281292005,(市)深南新洲一号立交桥洞,0.0,0.0,13,13,good,,,深圳市水务局开放平台·积涝点水位
2026-08-19T06:00:00+08:00,Asia/Shanghai,9281292006,(市)北环新洲立交东南角辅道,0.0,0.0,13,13,good,,,深圳市水务局开放平台·积涝点水位
2026-08-19T06:00:00+08:00,Asia/Shanghai,9281292007,(市)107国道新安段(裕安加油站),0.0,0.0,13,13,good,22.55254164883845,113.90816500450731,深圳市水务局开放平台·积涝点水位
2026-08-19T06:00:00+08:00,Asia/Shanghai,9281292008,洲石路鹤洲桥底（市）,0.01,0.01,61,61,good,22.651019027149744,113.88061107664711,深圳市水务局开放平台·积涝点水位
2026-08-19T06:00:00+08:00,Asia/Shanghai,9281292009,(市)帝堂路（锦程路以西段）,0.01,0.01,60,60,good,22.70987723506993,113.7784856087664,深圳市水务局开放平台·积涝点水位
2026-08-19T06:00:00+08:00,Asia/Shanghai,9281292010,(市)上星南路与中心路丽沙花都,0.0,0.0,13,13,good,22.502209013854387,113.93734688972145,深圳市水务局开放平台·积涝点水位
2026-08-19T06:00:00+08:00,Asia/Shanghai,9281292011,(市)外环路广深高速新桥立交,0.0,0.0,13,13,good,22.736379220337216,113.84591188570887,深圳市水务局开放平台·积涝点水位
2026-08-19T06:00:00+08:00,Asia/Shanghai,9281292012,(市)固戍海滨新村文昌阁,0.0,0.0,13,13,good,,,深圳市水务局开放平台·积涝点水位
2026-08-19T06:00:00+08:00,Asia/Shanghai,9281292013,(市)宝安大道固戍地铁站,0.0018,0.01,17,17,good,22.64678387472509,113.8417801892837,深圳市水务局开放平台·积涝点水位
2026-08-19T06:00:00+08:00,Asia/Shanghai,9281292014,(市)G107国道南行固戍大门,0.0,0.0,13,13,good,22.55254164883845,113.90816500450731,深圳市水务局开放平台·积涝点水位
2026-08-19T06:00:00+08:00,Asia/Shanghai,9281292015,(市)东环大道松宝大道段,0.0,0.0,13,13,good,,,深圳市水务局开放平台·积涝点水位
2026-08-19T06:00:00+08:00,Asia/Shanghai,9281292016,(市)长凤路龙大高速桥底,0.0,0.0,12,12,good,22.775734215738417,113.91156092305157,深圳市水务局开放平台·积涝点水位
2026-08-19T06:00:00+08:00,Asia/Shanghai,9281292017,(市)圳美同富裕工业区,0.0,0.0,13,13,good,,,深圳市水务局开放平台·积涝点水位
2026-08-19T06:00:00+08:00,Asia/Shanghai,9281292018,(市)根玉路东方大道交汇处,0.0,0.0,13,13,good,22.763216165633853,113.85149341983029,深圳市水务局开放平台·积涝点水位
2026-08-19T06:00:00+08:00,Asia/Shanghai,9281292019,(市)上村社区龙大桥底,0.0,0.0,13,13,good,,,深圳市水务局开放平台·积涝点水位
2026-08-19T06:00:00+08:00,Asia/Shanghai,9281292020,(市)马山头社区上石家路通兴路交汇处,0.0,0.0,12,12,good,22.763999933333334,113.8915635138889,深圳市水务局开放平台·积涝点水位
2026-08-19T06:00:00+08:00,Asia/Shanghai,9281292021,(市)临海大道海关保税区,0.0,0.0,13,13,good,22.53399911521491,113.88871009435005,深圳市水务局开放平台·积涝点水位
2026-08-19T06:00:00+08:00,Asia/Shanghai,9281292022,(市)南山大道南行亿利达村段,0.0,0.0,13,13,good,22.540721694789013,113.9181638130031,深圳市水务局开放平台·积涝点水位
2026-08-19T06:00:00+08:00,Asia/Shanghai,9281292023,(市)东滨路南行华联城市山林花园段,0.0,0.0,13,13,good,22.51106546682151,113.92212734316605,深圳市水务局开放平台·积涝点水位
2026-08-19T06:00:00+08:00,Asia/Shanghai,9281292024,(市)深圳湾东滨路与中心路交叉口,0.0032,0.01,19,19,good,22.51106546682151,113.92212734316605,深圳市水务局开放平台·积涝点水位
2026-08-19T06:00:00+08:00,Asia/Shanghai,MS1104403030000228,(市)红岗公园,0.0,0.0,2,2,good,,,深圳市水务局开放平台·积涝点水位
2026-08-19T06:00:00+08:00,Asia/Shanghai,MS1104403030000232,(市)沿河南路文锦路社区,0.0,0.0,20,20,good,22.550252268776845,114.11444108979862,深圳市水务局开放平台·积涝点水位
2026-08-19T06:00:00+08:00,Asia/Shanghai,MS1104403030000247,(市)深南东路黄贝岭,0.0,0.0,12,12,good,22.54661746874732,114.11811396992493,深圳市水务局开放平台·积涝点水位
2026-08-19T06:00:00+08:00,Asia/Shanghai,MS1104403030000251,(市)滨河上步立交桥,0.0,0.0,2,2,good,,,深圳市水务局开放平台·积涝点水位
2026-08-19T06:00:00+08:00,Asia/Shanghai,MS1104403030000266,(市)罗湖火车站,0.0,0.0,13,13,good,,,深圳市水务局开放平台·积涝点水位
2026-08-19T06:00:00+08:00,Asia/Shanghai,MS1104403030000270,(市)罗湖区委,0.0,0.0,2,2,good,,,深圳市水务局开放平台·积涝点水位
2026-08-19T06:00:00+08:00,Asia/Shanghai,MS1104403030000285,(市)万象城,0.01,0.01,64,64,good,,,深圳市水务局开放平台·积涝点水位
2026-08-19T06:00:00+08:00,Asia/Shanghai,MS110440303000029X,(市)洪湖地铁站D出入口,0.0,0.0,2,2,good,,,深圳市水务局开放平台·积涝点水位
2026-08-19T06:00:00+08:00,Asia/Shanghai,MS1104403030000304,(市)东湖路,0.0,0.0,5,5,good,22.582822583699635,114.1345991945055,深圳市水务局开放平台·积涝点水位
2026-08-19T06:00:00+08:00,Asia/Shanghai,MS1104403030000319,(市)桂园片区,0.0,0.0,13,13,good,,,深圳市水务局开放平台·积涝点水位
2026-08-19T06:00:00+08:00,Asia/Shanghai,MS1104403030000323,(市)晒布路与东门中路交汇处,0.01,0.01,61,61,good,22.551568716163253,114.1183832504732,深圳市水务局开放平台·积涝点水位
2026-08-19T06:00:00+08:00,Asia/Shanghai,MS1104403030000338,(市)东湖公园爱国路与太宁路路口,0.0,0.0,12,12,good,22.563633808974675,114.13329390192719,深圳市水务局开放平台·积涝点水位
2026-08-19T06:00:00+08:00,Asia/Shanghai,MS1104403030000342,(市)文锦渡口岸,0.0,0.0,2,2,good,,,深圳市水务局开放平台·积涝点水位
2026-08-19T06:00:00+08:00,Asia/Shanghai,MS1104403040000543,(市)香梅莲花路口,0.0,0.0,2,2,good,22.559401296538805,114.04793087126708,深圳市水务局开放平台·积涝点水位
2026-08-19T06:00:00+08:00,Asia/Shanghai,MS1104403040000558,(市)信托花园,0.0,0.0,13,13,good,,,深圳市水务局开放平台·积涝点水位
2026-08-19T06:00:00+08:00,Asia/Shanghai,MS1104403040000562,(市)上步红荔路口,0.0,0.0,2,2,good,22.550171284097686,114.05891535550717,深圳市水务局开放平台·积涝点水位
2026-08-19T06:00:00+08:00,Asia/Shanghai,MS1104403040000577,(市)深南皇岗立交桥与皇岗路交汇处,0.0,0.0,13,13,good,22.552167188223326,114.06774281249497,深圳市水务局开放平台·积涝点水位
2026-08-19T06:00:00+08:00,Asia/Shanghai,MS1104403040000581,(市)北环大道与梅林路交汇处,0.0,0.0,2,2,good,22.55966775704351,113.99344633894496,深圳市水务局开放平台·积涝点水位
2026-08-19T06:00:00+08:00,Asia/Shanghai,MS1104403040000596,(市)侨香路香梅社区,0.0,0.0,2,2,good,22.55158384619422,114.00624803762132,深圳市水务局开放平台·积涝点水位
2026-08-19T06:00:00+08:00,Asia/Shanghai,MS1104403040000600,(市)侨香路香安社区,0.0,0.0,2,2,good,22.55158384619422,114.00624803762132,深圳市水务局开放平台·积涝点水位
2026-08-19T06:00:00+08:00,Asia/Shanghai,MS1104403040000615,(市)市民中心,0.0,0.0,2,2,good,,,深圳市水务局开放平台·积涝点水位
2026-08-19T06:00:00+08:00,Asia/Shanghai,MS110440304000062X,(市)民田路深圳证券交易所,0.0,0.0,15,15,good,22.53903429826115,114.04781278730138,深圳市水务局开放平台·积涝点水位
2026-08-19T06:00:00+08:00,Asia/Shanghai,MS1104403040000634,(市)燃气集团股份有限公司梅林 LNG安全应急气化站,0.0,0.0,13,13,good,,,深圳市水务局开放平台·积涝点水位
2026-08-19T06:00:00+08:00,Asia/Shanghai,MS1104403040000649,(市)深南大道车公庙交通枢纽段,0.0,0.0,13,13,good,22.5420797706313,113.9753640727562,深圳市水务局开放平台·积涝点水位
2026-08-19T06:00:00+08:00,Asia/Shanghai,MS1104403050000118,(市)月亮湾大道与前湾三路交叉口,0.0,0.0,2,2,good,22.511993391395155,113.8903078293519,深圳市水务局开放平台·积涝点水位
2026-08-19T06:00:00+08:00,Asia/Shanghai,MS1104403050000122,(市)南山大道深意工业大厦段,0.0047,0.01,19,19,good,22.540721694789013,113.9181638130031,深圳市水务局开放平台·积涝点水位
2026-08-19T06:00:00+08:00,Asia/Shanghai,MS1104403050000137,(市)南山大道与登良路交叉口,0.0,0.0,2,2,good,22.540721694789013,113.9181638130031,深圳市水务局开放平台·积涝点水位
2026-08-19T06:00:00+08:00,Asia/Shanghai,MS1104403050000141,(市)南新路北头豪苑,0.0,0.0,2,2,good,22.535707366852186,113.92452459612443,深圳市水务局开放平台·积涝点水位
2026-08-19T06:00:00+08:00,Asia/Shanghai,MS1104403050000156,(市)滨海大道与南山大道交叉口,0.0,0.0,2,2,good,22.579823080041088,114.10123773351275,深圳市水务局开放平台·积涝点水位
2026-08-19T06:00:00+08:00,Asia/Shanghai,MS1104403050000160,(市)桃园路与南新路交叉口,0.0,0.0,2,2,good,22.535395972003414,113.91852837514443,深圳市水务局开放平台·积涝点水位
2026-08-19T06:00:00+08:00,Asia/Shanghai,MS1104403050000175,(市)后海大道与登良路交叉口,0.0,0.0,13,13,good,22.51179221810604,113.92884393579894,深圳市水务局开放平台·积涝点水位
2026-08-19T06:00:00+08:00,Asia/Shanghai,MS110440305000018X,(市)后海大道港湾创业大厦,0.0,0.0,13,13,good,22.51179221810604,113.92884393579894,深圳市水务局开放平台·积涝点水位
2026-08-19T06:00:00+08:00,Asia/Shanghai,MS1104403050000194,(市)深南大道高新园地铁 AD 口,0.0,0.0,13,13,good,22.5420797706313,113.9753640727562,深圳市水务局开放平台·积涝点水位
2026-08-19T06:00:00+08:00,Asia/Shanghai,MS1104403050000209,(市)深圳湾口岸,0.0,0.0,2,2,good,,,深圳市水务局开放平台·积涝点水位
2026-08-19T06:00:00+08:00,Asia/Shanghai,MS1104403050000213,(市)前湾公园地铁站 A 出入口,0.0,0.0,13,13,good,,,深圳市水务局开放平台·积涝点水位
2026-08-19T06:00:00+08:00,Asia/Shanghai,MS1104403050000228,(市)粤海门地铁站 D2 出入口,0.0,0.0,12,12,good,,,深圳市水务局开放平台·积涝点水位
2026-08-19T06:00:00+08:00,Asia/Shanghai,MS1104403050000232,(市)桂庙路地下道路,0.0,0.0,13,13,good,22.52643977555155,113.91686609460196,深圳市水务局开放平台·积涝点水位
2026-08-19T06:00:00+08:00,Asia/Shanghai,MS1104403050000247,(市)国家超级计算深圳中心,0.0,0.0,21,21,good,,,深圳市水务局开放平台·积涝点水位
2026-08-19T06:00:00+08:00,Asia/Shanghai,MS110440306000029X,(市)辛养旧村辛居路,0.0,0.0,2,2,good,,,深圳市水务局开放平台·积涝点水位
2026-08-19T06:00:00+08:00,Asia/Shanghai,MS1104403060000304,(市)山门第三工业区,0.0,0.0,2,2,good,,,深圳市水务局开放平台·积涝点水位
2026-08-19T06:00:00+08:00,Asia/Shanghai,MS1104403060000319,(市)前进一路上川路口,0.0,0.0,13,13,good,22.57118007860348,113.90008995469552,深圳市水务局开放平台·积涝点水位
2026-08-19T06:00:00+08:00,Asia/Shanghai,MS1104403060000323,(市)洪浪北地铁站,0.0,0.0,13,13,good,,,深圳市水务局开放平台·积涝点水位
2026-08-19T06:00:00+08:00,Asia/Shanghai,MS1104403060000338,(市)东风幼儿园,0.0,0.0,2,2,good,,,深圳市水务局开放平台·积涝点水位
2026-08-19T06:00:00+08:00,Asia/Shanghai,MS1104403060000342,(市)海乐41区,0.0,0.0,2,2,good,,,深圳市水务局开放平台·积涝点水位
2026-08-19T06:00:00+08:00,Asia/Shanghai,MS1104403060000357,(市)前进二路,0.0,0.0,2,2,good,22.597482662679273,113.87435005513986,深圳市水务局开放平台·积涝点水位
2026-08-19T06:00:00+08:00,Asia/Shanghai,MS1104403060000361,(市)园岭商场,0.0,0.0,13,13,good,,,深圳市水务局开放平台·积涝点水位
2026-08-19T06:00:00+08:00,Asia/Shanghai,MS1104403060000376,(市)新圳西路万佳商场段,0.0,0.0,5,5,good,22.56349644,113.89998969999999,深圳市水务局开放平台·积涝点水位
2026-08-19T06:00:00+08:00,Asia/Shanghai,MS1104403060000380,(市)北环路与爱群路路口,0.0,0.0,12,12,good,22.79634568700108,114.39897783430258,深圳市水务局开放平台·积涝点水位
2026-08-19T06:00:00+08:00,Asia/Shanghai,MS1104403060000395,(市)宝安区幸福路与恒珠一路,0.0,0.0,2,2,good,,,深圳市水务局开放平台·积涝点水位
2026-08-19T06:00:00+08:00,Asia/Shanghai,MS110440306000040X,(市)宝安区勋业街,0.0,0.0,2,2,good,,,深圳市水务局开放平台·积涝点水位
2026-08-19T06:00:00+08:00,Asia/Shanghai,MS1104403060000414,(市)宝安区福和路西六巷,0.0,0.0,13,13,good,22.75496986065163,113.7975587837876,深圳市水务局开放平台·积涝点水位
2026-08-19T06:00:00+08:00,Asia/Shanghai,MS1104403060000429,(市)民福路与创新路交叉口,0.0,0.0,13,13,good,22.77931941488889,113.82386091368804,深圳市水务局开放平台·积涝点水位
2026-08-19T06:00:00+08:00,Asia/Shanghai,MS1104403060000433,(市)金沙二路与民福路交叉口,0.0,0.0,2,2,good,22.731531574999998,113.800096525,深圳市水务局开放平台·积涝点水位
2026-08-19T06:00:00+08:00,Asia/Shanghai,MS1104403060000448,(市)宝安区沙井西环路正科时代,0.0,0.0,2,2,good,22.658437552805964,113.96411546099013,深圳市水务局开放平台·积涝点水位
2026-08-19T06:00:00+08:00,Asia/Shanghai,MS1104403060000452,(市)宝源路固戍海滨公园,0.0,0.0,13,13,good,22.58668431255461,113.84584894450396,深圳市水务局开放平台·积涝点水位
2026-08-19T06:00:00+08:00,Asia/Shanghai,MS1104403060000467,(市)海雅缤纷城,0.0075,0.01,59,59,good,,,深圳市水务局开放平台·积涝点水位
2026-08-19T06:00:00+08:00,Asia/Shanghai,MS1104403060000471,(市)万达广场,0.0,0.0,2,2,good,,,深圳市水务局开放平台·积涝点水位
2026-08-19T06:00:00+08:00,Asia/Shanghai,MS1104403060000486,(市)固戍地铁站 A/F 出入口,0.0,0.0,13,13,good,,,深圳市水务局开放平台·积涝点水位
2026-08-19T06:00:00+08:00,Asia/Shanghai,MS1104403060000490,(市)碧海湾地铁站 B 出入口,0.0,0.0,13,13,good,,,深圳市水务局开放平台·积涝点水位
2026-08-19T06:00:00+08:00,Asia/Shanghai,MS1104403060000505,(市)海天路地下隧道,0.0,0.0,13,13,good,22.549962987088094,113.87889692546018,深圳市水务局开放平台·积涝点水位
2026-08-19T06:00:00+08:00,Asia/Shanghai,MS1104403070000175,(市)龙平西路新秀社区公园,0.0,0.0,2,2,good,22.731009781031894,114.22605984524496,深圳市水务局开放平台·积涝点水位
2026-08-19T06:00:00+08:00,Asia/Shanghai,MS110440307000018X,(市)如意路广发银行奥林支行,0.0,0.0,13,13,good,22.697841456213258,114.19931100734046,深圳市水务局开放平台·积涝点水位
2026-08-19T06:00:00+08:00,Asia/Shanghai,MS1104403070000194,(市)龙翔大道与龙城大道交汇处,0.0,0.0,13,13,good,22.708452173199664,114.22855732448205,深圳市水务局开放平台·积涝点水位
2026-08-19T06:00:00+08:00,Asia/Shanghai,MS1104403070000209,(市)龙城大道与龙平东路交汇处,0.0,0.0,13,13,good,22.734070392016967,114.26268655089929,深圳市水务局开放平台·积涝点水位
2026-08-19T06:00:00+08:00,Asia/Shanghai,MS1104403070000213,(市)龙西中路与盐龙大道交汇处,0.0,0.0,19,19,good,22.75103177856142,114.25588661241065,深圳市水务局开放平台·积涝点水位
2026-08-19T06:00:00+08:00,Asia/Shanghai,MS1104403070000228,(市)爱南路与深汕公路交汇处,0.0,0.0,13,13,good,22.709133830928806,114.31382413715897,深圳市水务局开放平台·积涝点水位
2026-08-19T06:00:00+08:00,Asia/Shanghai,MS1104403070000232,(市)园新路与乐园路交汇处,0.0,0.0,12,12,good,22.714932425,114.3001758,深圳市水务局开放平台·积涝点水位
2026-08-19T06:00:00+08:00,Asia/Shanghai,MS1104403070000247,(市)长深高速四方埔社区,0.0,0.0,2,2,good,22.785453209312927,114.3238491191703,深圳市水务局开放平台·积涝点水位
2026-08-19T06:00:00+08:00,Asia/Shanghai,MS1104403070000251,(市)龙岗区政府,0.0,0.0,13,13,good,,,深圳市水务局开放平台·积涝点水位
2026-08-19T06:00:00+08:00,Asia/Shanghai,MS1104403070000266,(市)五和地铁站H出入口,0.0,0.0,13,13,good,,,深圳市水务局开放平台·积涝点水位
2026-08-19T06:00:00+08:00,Asia/Shanghai,MS1104403070000270,(市)长龙地铁站C2出入口,0.0,0.0,2,2,good,,,深圳市水务局开放平台·积涝点水位
2026-08-19T06:00:00+08:00,Asia/Shanghai,MS1104403070000285,(市)育贤学校、童星幼儿园,0.0,0.0,13,13,good,,,深圳市水务局开放平台·积涝点水位
2026-08-19T06:00:00+08:00,Asia/Shanghai,MS110440307000029X,(市)深圳远东妇产医院,0.0,0.0,16,16,good,,,深圳市水务局开放平台·积涝点水位
2026-08-19T06:00:00+08:00,Asia/Shanghai,MS1104403070000304,(市)英才学校,0.0,0.0,13,13,good,,,深圳市水务局开放平台·积涝点水位
2026-08-19T06:00:00+08:00,Asia/Shanghai,MS1104403070000319,(市)吉榕路桥洞,0.0,0.0,13,13,good,,,深圳市水务局开放平台·积涝点水位
2026-08-19T06:00:00+08:00,Asia/Shanghai,MS1104403070000323,(市)京南路,0.0,0.0,2,2,good,22.602818284523806,114.12130894517196,深圳市水务局开放平台·积涝点水位
2026-08-19T06:00:00+08:00,Asia/Shanghai,MS1104403070000338,(市)布澜路国芬路口,0.0,0.0,2,2,good,22.635311170786817,114.12784150313183,深圳市水务局开放平台·积涝点水位
2026-08-19T06:00:00+08:00,Asia/Shanghai,MS1104403070000342,(市)布吉站（深圳东站）,0.0,0.0,2,2,good,,,深圳市水务局开放平台·积涝点水位
2026-08-19T06:00:00+08:00,Asia/Shanghai,MS1104403080000012,(市)金融路海涛路口片区,0.0,0.0,13,13,good,22.553642038690473,114.22939035281746,深圳市水务局开放平台·积涝点水位
2026-08-19T06:00:00+08:00,Asia/Shanghai,MS1104403080000027,(市)沙头角口岸小区,0.0,0.0,13,13,good,,,深圳市水务局开放平台·积涝点水位
2026-08-19T06:00:00+08:00,Asia/Shanghai,MS1104403080000031,(市)桥东街小区,0.0,0.0,13,13,good,,,深圳市水务局开放平台·积涝点水位
2026-08-19T06:00:00+08:00,Asia/Shanghai,MS1104403090000065,(市)泗黎路凹背社区富坑社区,0.0,0.0,2,2,good,22.753687171367037,114.03385655648283,深圳市水务局开放平台·积涝点水位
2026-08-19T06:00:00+08:00,Asia/Shanghai,MS110440309000007X,(市)银星科技园,0.0,0.0,3,3,good,,,深圳市水务局开放平台·积涝点水位
2026-08-19T06:00:00+08:00,Asia/Shanghai,MS1104403090000084,(市)观光路与福前路交汇处,0.0,0.0,2,2,good,22.733179257314486,114.01274963079653,深圳市水务局开放平台·积涝点水位
2026-08-19T06:00:00+08:00,Asia/Shanghai,MS1104403090000099,(市)三联社区,0.0,0.0,13,13,good,,,深圳市水务局开放平台·积涝点水位
2026-08-19T06:00:00+08:00,Asia/Shanghai,MS1104403090000103,(市)布龙路与五和大道交汇处,0.0,0.0,13,13,good,22.646750702555874,114.02665721385576,深圳市水务局开放平台·积涝点水位
2026-08-19T06:00:00+08:00,Asia/Shanghai,MS1104403090000118,(市)新区大道深圳北站,0.0,0.0,13,13,good,22.624351465560785,114.01682556681699,深圳市水务局开放平台·积涝点水位
2026-08-19T06:00:00+08:00,Asia/Shanghai,MS1104403090000122,(市)龙华壹方成,0.0,0.0,13,13,good,,,深圳市水务局开放平台·积涝点水位
2026-08-19T06:00:00+08:00,Asia/Shanghai,MS1104403090000137,(市)昌茂二路,0.0,0.0,12,12,good,,,深圳市水务局开放平台·积涝点水位
2026-08-19T06:00:00+08:00,Asia/Shanghai,MS1104403090000141,(市)大浪新围街大船坑市场段,0.0,0.0,10,10,good,22.692058934615382,113.9964102346154,深圳市水务局开放平台·积涝点水位
2026-08-19T06:00:00+08:00,Asia/Shanghai,MS1104403100000028,(市)坪山法院门口,0.0,0.0,2,2,good,,,深圳市水务局开放平台·积涝点水位
2026-08-19T06:00:00+08:00,Asia/Shanghai,MS1104403100000032,(市)秀沙路比亚迪厂门前,0.0,0.0,13,13,good,22.767995359829058,114.39900074224022,深圳市水务局开放平台·积涝点水位
2026-08-19T06:00:00+08:00,Asia/Shanghai,MS1104403100000047,(市)群代路金泰航科技,0.01,0.01,63,63,good,,,深圳市水务局开放平台·积涝点水位
2026-08-19T06:00:00+08:00,Asia/Shanghai,MS1104403100000051,(市)三洋湖路三洋湖新区小区,0.0,0.0,12,12,good,,,深圳市水务局开放平台·积涝点水位
2026-08-19T06:00:00+08:00,Asia/Shanghai,MS1104403100000066,(市)文化中心地铁站,0.0,0.0,13,13,good,,,深圳市水务局开放平台·积涝点水位
2026-08-19T06:00:00+08:00,Asia/Shanghai,MS1104403110000597,(市)东长路外环高速长圳入口,0.0,0.0,12,12,good,22.747509018088216,113.91221411091422,深圳市水务局开放平台·积涝点水位
2026-08-19T06:00:00+08:00,Asia/Shanghai,MS1104403110000601,(市)光侨雅苑,0.0,0.0,2,2,good,,,深圳市水务局开放平台·积涝点水位
2026-08-19T06:00:00+08:00,Asia/Shanghai,MS1104403110000616,(市)同观路与汇融路交叉口,0.0,0.0,2,2,good,22.734039598507852,113.91441943299901,深圳市水务局开放平台·积涝点水位
2026-08-19T06:00:00+08:00,Asia/Shanghai,MS1104403110000620,(市)松白路松茂御城段,0.0,0.0,2,2,good,22.731110627923336,113.894856941127,深圳市水务局开放平台·积涝点水位
2026-08-19T06:00:00+08:00,Asia/Shanghai,MS1104403110000635,(市)公常路与环村路交叉口,0.0,0.0,11,11,good,22.826648407959507,113.95688701032125,深圳市水务局开放平台·积涝点水位
2026-08-19T06:00:00+08:00,Asia/Shanghai,MS110440311000064X,(市)光明区高级中学,0.0,0.0,2,2,good,,,深圳市水务局开放平台·积涝点水位
2026-08-19T06:00:00+08:00,Asia/Shanghai,MS1104403120000032,(市)大鹏液化天然气有限公司深圳接收站,0.0,0.0,13,13,good,,,深圳市水务局开放平台·积涝点水位
2026-08-19T07:00:00+08:00,Asia/Shanghai,9281192001,(市)平湖火车隧道口,0.0,0.0,13,13,good,,,深圳市水务局开放平台·积涝点水位
2026-08-19T07:00:00+08:00,Asia/Shanghai,9281192002,(市)新木路广深铁路桥底,0.0,0.0,13,13,good,22.6674177472887,114.13210195018992,深圳市水务局开放平台·积涝点水位
2026-08-19T07:00:00+08:00,Asia/Shanghai,9281192003,(市)新木路新围仔村路口,0.0,0.0,13,13,good,22.6674177472887,114.13210195018992,深圳市水务局开放平台·积涝点水位
2026-08-19T07:00:00+08:00,Asia/Shanghai,9281192004,(市)布李路富民城段,0.0,0.0,13,13,good,22.618912574166664,114.11654044833332,深圳市水务局开放平台·积涝点水位
2026-08-19T07:00:00+08:00,Asia/Shanghai,9281192005,(市)龙博路,0.01,0.01,61,61,good,22.62797037826087,114.10927237391306,深圳市水务局开放平台·积涝点水位
2026-08-19T07:00:00+08:00,Asia/Shanghai,9281192006,(市)五和大道四季花城,0.0,0.0,16,16,good,22.65976725256875,114.05975735653944,深圳市水务局开放平台·积涝点水位
2026-08-19T07:00:00+08:00,Asia/Shanghai,9281192007,(市)沙西小学至南岭万家乐段,0.009,0.01,59,59,good,,,深圳市水务局开放平台·积涝点水位
2026-08-19T07:00:00+08:00,Asia/Shanghai,9281192008,(市)南联第六工业区桥洞,0.0,0.0,13,13,good,,,深圳市水务局开放平台·积涝点水位
2026-08-19T07:00:00+08:00,Asia/Shanghai,9281192009,(市)新坡塘村新坡塘积水点,0.0,0.0,13,13,good,,,深圳市水务局开放平台·积涝点水位
2026-08-19T07:00:00+08:00,Asia/Shanghai,9281192010,(市)安良六村安业路与安居路交汇处,0.0,0.0,13,13,good,,,深圳市水务局开放平台·积涝点水位
2026-08-19T07:00:00+08:00,Asia/Shanghai,9281192011,(市)松元头,0.01,0.01,59,59,good,,,深圳市水务局开放平台·积涝点水位
2026-08-19T07:00:00+08:00,Asia/Shanghai,9281192012,(市)湖南立交,0.0,0.0,13,13,good,,,深圳市水务局开放平台·积涝点水位
2026-08-19T07:00:00+08:00,Asia/Shanghai,9281192013,(市)高背路惠盐高速桥洞积水点,0.0,0.0,13,13,good,,,深圳市水务局开放平台·积涝点水位
2026-08-19T07:00:00+08:00,Asia/Shanghai,9281192014,(市)鹤坑桥洞,0.0,0.0,13,13,good,,,深圳市水务局开放平台·积涝点水位
2026-08-19T07:00:00+08:00,Asia/Shanghai,9281192015,(市)安良社区沿河一路疏港铁路桥洞,0.01,0.01,66,66,good,22.73162335,114.107919,深圳市水务局开放平台·积涝点水位
2026-08-19T07:00:00+08:00,Asia/Shanghai,9281192016,(市)宝荷路中新加油站对面,0.0,0.0,13,13,good,22.694796752516076,114.25970116268519,深圳市水务局开放平台·积涝点水位
2026-08-19T07:00:00+08:00,Asia/Shanghai,9281192017,(市)环观南路与观平路交汇处,0.0,0.0,13,13,good,22.705673908780923,114.07279441765539,深圳市水务局开放平台·积涝点水位
2026-08-19T07:00:00+08:00,Asia/Shanghai,9281192018,(市)龙华大道库坑天桥段,0.0,0.0,13,13,good,22.669745856798677,114.03752701836405,深圳市水务局开放平台·积涝点水位
2026-08-19T07:00:00+08:00,Asia/Shanghai,9281192019,(市)福龙路高铁桥下简上段,0.02,0.02,62,62,good,22.61964472178257,114.00080097044238,深圳市水务局开放平台·积涝点水位
2026-08-19T07:00:00+08:00,Asia/Shanghai,9281192020,(市)工业路壹成中心段,0.01,0.01,66,66,good,22.648754971805,114.02570221318598,深圳市水务局开放平台·积涝点水位
2026-08-19T07:00:00+08:00,Asia/Shanghai,9281192021,(市)东环一路和平路交汇处,0.02,0.02,63,63,good,22.65040479515617,114.03284713758192,深圳市水务局开放平台·积涝点水位
2026-08-19T07:00:00+08:00,Asia/Shanghai,9281192022,(市)龙田社区大水湾,0.0,0.0,13,13,good,,,深圳市水务局开放平台·积涝点水位
2026-08-19T07:00:00+08:00,Asia/Shanghai,9281292001,(市)滨河皇岗立交桥洞,0.0,0.0,13,13,good,,,深圳市水务局开放平台·积涝点水位
2026-08-19T07:00:00+08:00,Asia/Shanghai,9281292002,(市)广深高速桥下滨海大道北侧辅道,0.01,0.01,63,63,good,22.579823080041088,114.10123773351275,深圳市水务局开放平台·积涝点水位
2026-08-19T07:00:00+08:00,Asia/Shanghai,9281292003,(市)福田区竹子林立交下穿通道,0.0,0.0,13,13,good,,,深圳市水务局开放平台·积涝点水位
2026-08-19T07:00:00+08:00,Asia/Shanghai,9281292004,(市)滨河益田立交桥洞,0.0,0.0,12,12,good,,,深圳市水务局开放平台·积涝点水位
2026-08-19T07:00:00+08:00,Asia/Shanghai,9281292005,(市)深南新洲一号立交桥洞,0.0,0.0,12,12,good,,,深圳市水务局开放平台·积涝点水位
2026-08-19T07:00:00+08:00,Asia/Shanghai,9281292006,(市)北环新洲立交东南角辅道,0.0,0.0,12,12,good,,,深圳市水务局开放平台·积涝点水位
2026-08-19T07:00:00+08:00,Asia/Shanghai,9281292007,(市)107国道新安段(裕安加油站),0.0,0.0,13,13,good,22.55254164883845,113.90816500450731,深圳市水务局开放平台·积涝点水位
2026-08-19T07:00:00+08:00,Asia/Shanghai,9281292008,洲石路鹤洲桥底（市）,0.01,0.01,61,61,good,22.651019027149744,113.88061107664711,深圳市水务局开放平台·积涝点水位
2026-08-19T07:00:00+08:00,Asia/Shanghai,9281292009,(市)帝堂路（锦程路以西段）,0.01,0.01,59,59,good,22.70987723506993,113.7784856087664,深圳市水务局开放平台·积涝点水位
2026-08-19T07:00:00+08:00,Asia/Shanghai,9281292010,(市)上星南路与中心路丽沙花都,0.0,0.0,13,13,good,22.502209013854387,113.93734688972145,深圳市水务局开放平台·积涝点水位
2026-08-19T07:00:00+08:00,Asia/Shanghai,9281292011,(市)外环路广深高速新桥立交,0.0,0.0,13,13,good,22.736379220337216,113.84591188570887,深圳市水务局开放平台·积涝点水位
2026-08-19T07:00:00+08:00,Asia/Shanghai,9281292012,(市)固戍海滨新村文昌阁,0.0,0.0,12,12,good,,,深圳市水务局开放平台·积涝点水位
2026-08-19T07:00:00+08:00,Asia/Shanghai,9281292013,(市)宝安大道固戍地铁站,0.0,0.0,13,13,good,22.64678387472509,113.8417801892837,深圳市水务局开放平台·积涝点水位
2026-08-19T07:00:00+08:00,Asia/Shanghai,9281292014,(市)G107国道南行固戍大门,0.0,0.0,12,12,good,22.55254164883845,113.90816500450731,深圳市水务局开放平台·积涝点水位
2026-08-19T07:00:00+08:00,Asia/Shanghai,9281292015,(市)东环大道松宝大道段,0.0,0.0,12,12,good,,,深圳市水务局开放平台·积涝点水位
2026-08-19T07:00:00+08:00,Asia/Shanghai,9281292016,(市)长凤路龙大高速桥底,0.0,0.0,13,13,good,22.775734215738417,113.91156092305157,深圳市水务局开放平台·积涝点水位
2026-08-19T07:00:00+08:00,Asia/Shanghai,9281292017,(市)圳美同富裕工业区,0.0,0.0,13,13,good,,,深圳市水务局开放平台·积涝点水位
2026-08-19T07:00:00+08:00,Asia/Shanghai,9281292018,(市)根玉路东方大道交汇处,0.0,0.0,12,12,good,22.763216165633853,113.85149341983029,深圳市水务局开放平台·积涝点水位
2026-08-19T07:00:00+08:00,Asia/Shanghai,9281292019,(市)上村社区龙大桥底,0.001,0.01,21,21,good,,,深圳市水务局开放平台·积涝点水位
2026-08-19T07:00:00+08:00,Asia/Shanghai,9281292020,(市)马山头社区上石家路通兴路交汇处,0.0,0.0,13,13,good,22.763999933333334,113.8915635138889,深圳市水务局开放平台·积涝点水位
2026-08-19T07:00:00+08:00,Asia/Shanghai,9281292021,(市)临海大道海关保税区,0.0,0.0,13,13,good,22.53399911521491,113.88871009435005,深圳市水务局开放平台·积涝点水位
2026-08-19T07:00:00+08:00,Asia/Shanghai,9281292022,(市)南山大道南行亿利达村段,0.0,0.0,13,13,good,22.540721694789013,113.9181638130031,深圳市水务局开放平台·积涝点水位
2026-08-19T07:00:00+08:00,Asia/Shanghai,9281292023,(市)东滨路南行华联城市山林花园段,0.0,0.0,13,13,good,22.51106546682151,113.92212734316605,深圳市水务局开放平台·积涝点水位
2026-08-19T07:00:00+08:00,Asia/Shanghai,9281292024,(市)深圳湾东滨路与中心路交叉口,0.0,0.0,13,13,good,22.51106546682151,113.92212734316605,深圳市水务局开放平台·积涝点水位
2026-08-19T07:00:00+08:00,Asia/Shanghai,MS1104403030000228,(市)红岗公园,0.0,0.0,2,2,good,,,深圳市水务局开放平台·积涝点水位
2026-08-19T07:00:00+08:00,Asia/Shanghai,MS1104403030000232,(市)沿河南路文锦路社区,0.0,0.0,13,13,good,22.550252268776845,114.11444108979862,深圳市水务局开放平台·积涝点水位
2026-08-19T07:00:00+08:00,Asia/Shanghai,MS1104403030000247,(市)深南东路黄贝岭,0.0,0.0,13,13,good,22.54661746874732,114.11811396992493,深圳市水务局开放平台·积涝点水位
2026-08-19T07:00:00+08:00,Asia/Shanghai,MS1104403030000251,(市)滨河上步立交桥,0.0,0.0,2,2,good,,,深圳市水务局开放平台·积涝点水位
2026-08-19T07:00:00+08:00,Asia/Shanghai,MS1104403030000266,(市)罗湖火车站,0.0,0.0,12,12,good,,,深圳市水务局开放平台·积涝点水位
2026-08-19T07:00:00+08:00,Asia/Shanghai,MS1104403030000270,(市)罗湖区委,0.0,0.0,2,2,good,,,深圳市水务局开放平台·积涝点水位
2026-08-19T07:00:00+08:00,Asia/Shanghai,MS1104403030000285,(市)万象城,0.01,0.01,65,65,good,,,深圳市水务局开放平台·积涝点水位
2026-08-19T07:00:00+08:00,Asia/Shanghai,MS110440303000029X,(市)洪湖地铁站D出入口,0.0,0.0,2,2,good,,,深圳市水务局开放平台·积涝点水位
2026-08-19T07:00:00+08:00,Asia/Shanghai,MS1104403030000304,(市)东湖路,0.0,0.0,5,5,good,22.582822583699635,114.1345991945055,深圳市水务局开放平台·积涝点水位
2026-08-19T07:00:00+08:00,Asia/Shanghai,MS1104403030000319,(市)桂园片区,0.0,0.0,13,13,good,,,深圳市水务局开放平台·积涝点水位
2026-08-19T07:00:00+08:00,Asia/Shanghai,MS1104403030000323,(市)晒布路与东门中路交汇处,0.01,0.01,62,62,good,22.551568716163253,114.1183832504732,深圳市水务局开放平台·积涝点水位
2026-08-19T07:00:00+08:00,Asia/Shanghai,MS1104403030000338,(市)东湖公园爱国路与太宁路路口,0.0,0.0,13,13,good,22.563633808974675,114.13329390192719,深圳市水务局开放平台·积涝点水位
2026-08-19T07:00:00+08:00,Asia/Shanghai,MS1104403030000342,(市)文锦渡口岸,0.0,0.0,2,2,good,,,深圳市水务局开放平台·积涝点水位
2026-08-19T07:00:00+08:00,Asia/Shanghai,MS1104403040000543,(市)香梅莲花路口,0.0,0.0,2,2,good,22.559401296538805,114.04793087126708,深圳市水务局开放平台·积涝点水位
2026-08-19T07:00:00+08:00,Asia/Shanghai,MS1104403040000558,(市)信托花园,0.0,0.0,13,13,good,,,深圳市水务局开放平台·积涝点水位
2026-08-19T07:00:00+08:00,Asia/Shanghai,MS1104403040000562,(市)上步红荔路口,0.0,0.0,2,2,good,22.550171284097686,114.05891535550717,深圳市水务局开放平台·积涝点水位
2026-08-19T07:00:00+08:00,Asia/Shanghai,MS1104403040000577,(市)深南皇岗立交桥与皇岗路交汇处,0.0,0.0,13,13,good,22.552167188223326,114.06774281249497,深圳市水务局开放平台·积涝点水位
2026-08-19T07:00:00+08:00,Asia/Shanghai,MS1104403040000581,(市)北环大道与梅林路交汇处,0.0,0.0,2,2,good,22.55966775704351,113.99344633894496,深圳市水务局开放平台·积涝点水位
2026-08-19T07:00:00+08:00,Asia/Shanghai,MS1104403040000596,(市)侨香路香梅社区,0.0,0.0,2,2,good,22.55158384619422,114.00624803762132,深圳市水务局开放平台·积涝点水位
2026-08-19T07:00:00+08:00,Asia/Shanghai,MS1104403040000600,(市)侨香路香安社区,0.0,0.0,2,2,good,22.55158384619422,114.00624803762132,深圳市水务局开放平台·积涝点水位
2026-08-19T07:00:00+08:00,Asia/Shanghai,MS1104403040000615,(市)市民中心,0.0,0.0,2,2,good,,,深圳市水务局开放平台·积涝点水位
2026-08-19T07:00:00+08:00,Asia/Shanghai,MS110440304000062X,(市)民田路深圳证券交易所,0.0,0.0,13,13,good,22.53903429826115,114.04781278730138,深圳市水务局开放平台·积涝点水位
2026-08-19T07:00:00+08:00,Asia/Shanghai,MS1104403040000634,(市)燃气集团股份有限公司梅林 LNG安全应急气化站,0.0,0.0,13,13,good,,,深圳市水务局开放平台·积涝点水位
2026-08-19T07:00:00+08:00,Asia/Shanghai,MS1104403040000649,(市)深南大道车公庙交通枢纽段,0.0,0.0,13,13,good,22.5420797706313,113.9753640727562,深圳市水务局开放平台·积涝点水位
2026-08-19T07:00:00+08:00,Asia/Shanghai,MS1104403050000118,(市)月亮湾大道与前湾三路交叉口,0.0,0.0,2,2,good,22.511993391395155,113.8903078293519,深圳市水务局开放平台·积涝点水位
2026-08-19T07:00:00+08:00,Asia/Shanghai,MS1104403050000122,(市)南山大道深意工业大厦段,0.0,0.0,13,13,good,22.540721694789013,113.9181638130031,深圳市水务局开放平台·积涝点水位
2026-08-19T07:00:00+08:00,Asia/Shanghai,MS1104403050000137,(市)南山大道与登良路交叉口,0.0,0.0,2,2,good,22.540721694789013,113.9181638130031,深圳市水务局开放平台·积涝点水位
2026-08-19T07:00:00+08:00,Asia/Shanghai,MS1104403050000141,(市)南新路北头豪苑,0.0,0.0,2,2,good,22.535707366852186,113.92452459612443,深圳市水务局开放平台·积涝点水位
2026-08-19T07:00:00+08:00,Asia/Shanghai,MS1104403050000156,(市)滨海大道与南山大道交叉口,0.0,0.0,2,2,good,22.579823080041088,114.10123773351275,深圳市水务局开放平台·积涝点水位
2026-08-19T07:00:00+08:00,Asia/Shanghai,MS1104403050000160,(市)桃园路与南新路交叉口,0.0,0.0,2,2,good,22.535395972003414,113.91852837514443,深圳市水务局开放平台·积涝点水位
2026-08-19T07:00:00+08:00,Asia/Shanghai,MS1104403050000175,(市)后海大道与登良路交叉口,0.0,0.0,13,13,good,22.51179221810604,113.92884393579894,深圳市水务局开放平台·积涝点水位
2026-08-19T07:00:00+08:00,Asia/Shanghai,MS110440305000018X,(市)后海大道港湾创业大厦,0.0,0.0,13,13,good,22.51179221810604,113.92884393579894,深圳市水务局开放平台·积涝点水位
2026-08-19T07:00:00+08:00,Asia/Shanghai,MS1104403050000194,(市)深南大道高新园地铁 AD 口,0.0,0.0,12,12,good,22.5420797706313,113.9753640727562,深圳市水务局开放平台·积涝点水位
2026-08-19T07:00:00+08:00,Asia/Shanghai,MS1104403050000209,(市)深圳湾口岸,0.0,0.0,2,2,good,,,深圳市水务局开放平台·积涝点水位
2026-08-19T07:00:00+08:00,Asia/Shanghai,MS1104403050000213,(市)前湾公园地铁站 A 出入口,0.0,0.0,13,13,good,,,深圳市水务局开放平台·积涝点水位
2026-08-19T07:00:00+08:00,Asia/Shanghai,MS1104403050000228,(市)粤海门地铁站 D2 出入口,0.0,0.0,13,13,good,,,深圳市水务局开放平台·积涝点水位
2026-08-19T07:00:00+08:00,Asia/Shanghai,MS1104403050000232,(市)桂庙路地下道路,0.0,0.0,13,13,good,22.52643977555155,113.91686609460196,深圳市水务局开放平台·积涝点水位
2026-08-19T07:00:00+08:00,Asia/Shanghai,MS1104403050000247,(市)国家超级计算深圳中心,0.0,0.0,12,12,good,,,深圳市水务局开放平台·积涝点水位
2026-08-19T07:00:00+08:00,Asia/Shanghai,MS110440306000029X,(市)辛养旧村辛居路,0.0,0.0,2,2,good,,,深圳市水务局开放平台·积涝点水位
2026-08-19T07:00:00+08:00,Asia/Shanghai,MS1104403060000304,(市)山门第三工业区,0.0,0.0,2,2,good,,,深圳市水务局开放平台·积涝点水位
2026-08-19T07:00:00+08:00,Asia/Shanghai,MS1104403060000319,(市)前进一路上川路口,0.0,0.0,13,13,good,22.57118007860348,113.90008995469552,深圳市水务局开放平台·积涝点水位
2026-08-19T07:00:00+08:00,Asia/Shanghai,MS1104403060000323,(市)洪浪北地铁站,0.0,0.0,13,13,good,,,深圳市水务局开放平台·积涝点水位
2026-08-19T07:00:00+08:00,Asia/Shanghai,MS1104403060000338,(市)东风幼儿园,0.0,0.0,2,2,good,,,深圳市水务局开放平台·积涝点水位
2026-08-19T07:00:00+08:00,Asia/Shanghai,MS1104403060000342,(市)海乐41区,0.0,0.0,2,2,good,,,深圳市水务局开放平台·积涝点水位
2026-08-19T07:00:00+08:00,Asia/Shanghai,MS1104403060000357,(市)前进二路,0.0,0.0,2,2,good,22.597482662679273,113.87435005513986,深圳市水务局开放平台·积涝点水位
2026-08-19T07:00:00+08:00,Asia/Shanghai,MS1104403060000361,(市)园岭商场,0.0,0.0,12,12,good,,,深圳市水务局开放平台·积涝点水位
2026-08-19T07:00:00+08:00,Asia/Shanghai,MS1104403060000376,(市)新圳西路万佳商场段,0.0,0.0,5,5,good,22.56349644,113.89998969999999,深圳市水务局开放平台·积涝点水位
2026-08-19T07:00:00+08:00,Asia/Shanghai,MS1104403060000380,(市)北环路与爱群路路口,0.0,0.0,13,13,good,22.79634568700108,114.39897783430258,深圳市水务局开放平台·积涝点水位
2026-08-19T07:00:00+08:00,Asia/Shanghai,MS1104403060000395,(市)宝安区幸福路与恒珠一路,0.0,0.0,2,2,good,,,深圳市水务局开放平台·积涝点水位
2026-08-19T07:00:00+08:00,Asia/Shanghai,MS110440306000040X,(市)宝安区勋业街,0.0,0.0,2,2,good,,,深圳市水务局开放平台·积涝点水位
2026-08-19T07:00:00+08:00,Asia/Shanghai,MS1104403060000414,(市)宝安区福和路西六巷,0.0,0.0,12,12,good,22.75496986065163,113.7975587837876,深圳市水务局开放平台·积涝点水位
2026-08-19T07:00:00+08:00,Asia/Shanghai,MS1104403060000429,(市)民福路与创新路交叉口,0.0,0.0,12,12,good,22.77931941488889,113.82386091368804,深圳市水务局开放平台·积涝点水位
2026-08-19T07:00:00+08:00,Asia/Shanghai,MS1104403060000433,(市)金沙二路与民福路交叉口,0.0,0.0,2,2,good,22.731531574999998,113.800096525,深圳市水务局开放平台·积涝点水位
2026-08-19T07:00:00+08:00,Asia/Shanghai,MS1104403060000448,(市)宝安区沙井西环路正科时代,0.0,0.0,2,2,good,22.658437552805964,113.96411546099013,深圳市水务局开放平台·积涝点水位
2026-08-19T07:00:00+08:00,Asia/Shanghai,MS1104403060000452,(市)宝源路固戍海滨公园,0.0,0.0,12,12,good,22.58668431255461,113.84584894450396,深圳市水务局开放平台·积涝点水位
2026-08-19T07:00:00+08:00,Asia/Shanghai,MS1104403060000467,(市)海雅缤纷城,0.0071,0.01,55,55,good,,,深圳市水务局开放平台·积涝点水位
2026-08-19T07:00:00+08:00,Asia/Shanghai,MS1104403060000471,(市)万达广场,0.0,0.0,2,2,good,,,深圳市水务局开放平台·积涝点水位
2026-08-19T07:00:00+08:00,Asia/Shanghai,MS1104403060000486,(市)固戍地铁站 A/F 出入口,0.0,0.0,13,13,good,,,深圳市水务局开放平台·积涝点水位
2026-08-19T07:00:00+08:00,Asia/Shanghai,MS1104403060000490,(市)碧海湾地铁站 B 出入口,0.0,0.0,13,13,good,,,深圳市水务局开放平台·积涝点水位
2026-08-19T07:00:00+08:00,Asia/Shanghai,MS1104403060000505,(市)海天路地下隧道,0.0,0.0,13,13,good,22.549962987088094,113.87889692546018,深圳市水务局开放平台·积涝点水位
2026-08-19T07:00:00+08:00,Asia/Shanghai,MS1104403070000175,(市)龙平西路新秀社区公园,0.0,0.0,2,2,good,22.731009781031894,114.22605984524496,深圳市水务局开放平台·积涝点水位
2026-08-19T07:00:00+08:00,Asia/Shanghai,MS110440307000018X,(市)如意路广发银行奥林支行,0.0,0.0,13,13,good,22.697841456213258,114.19931100734046,深圳市水务局开放平台·积涝点水位
2026-08-19T07:00:00+08:00,Asia/Shanghai,MS1104403070000194,(市)龙翔大道与龙城大道交汇处,0.0,0.0,13,13,good,22.708452173199664,114.22855732448205,深圳市水务局开放平台·积涝点水位
2026-08-19T07:00:00+08:00,Asia/Shanghai,MS1104403070000209,(市)龙城大道与龙平东路交汇处,0.0,0.0,13,13,good,22.734070392016967,114.26268655089929,深圳市水务局开放平台·积涝点水位
2026-08-19T07:00:00+08:00,Asia/Shanghai,MS1104403070000213,(市)龙西中路与盐龙大道交汇处,0.0,0.0,13,13,good,22.75103177856142,114.25588661241065,深圳市水务局开放平台·积涝点水位
2026-08-19T07:00:00+08:00,Asia/Shanghai,MS1104403070000228,(市)爱南路与深汕公路交汇处,0.0,0.0,13,13,good,22.709133830928806,114.31382413715897,深圳市水务局开放平台·积涝点水位
2026-08-19T07:00:00+08:00,Asia/Shanghai,MS1104403070000232,(市)园新路与乐园路交汇处,0.0,0.0,13,13,good,22.714932425,114.3001758,深圳市水务局开放平台·积涝点水位
2026-08-19T07:00:00+08:00,Asia/Shanghai,MS1104403070000247,(市)长深高速四方埔社区,0.0,0.0,2,2,good,22.785453209312927,114.3238491191703,深圳市水务局开放平台·积涝点水位
2026-08-19T07:00:00+08:00,Asia/Shanghai,MS1104403070000251,(市)龙岗区政府,0.0,0.0,13,13,good,,,深圳市水务局开放平台·积涝点水位
2026-08-19T07:00:00+08:00,Asia/Shanghai,MS1104403070000266,(市)五和地铁站H出入口,0.0,0.0,12,12,good,,,深圳市水务局开放平台·积涝点水位
2026-08-19T07:00:00+08:00,Asia/Shanghai,MS1104403070000270,(市)长龙地铁站C2出入口,0.0,0.0,2,2,good,,,深圳市水务局开放平台·积涝点水位
2026-08-19T07:00:00+08:00,Asia/Shanghai,MS1104403070000285,(市)育贤学校、童星幼儿园,0.0,0.0,13,13,good,,,深圳市水务局开放平台·积涝点水位
2026-08-19T07:00:00+08:00,Asia/Shanghai,MS110440307000029X,(市)深圳远东妇产医院,0.0,0.0,12,12,good,,,深圳市水务局开放平台·积涝点水位
2026-08-19T07:00:00+08:00,Asia/Shanghai,MS1104403070000304,(市)英才学校,0.0,0.0,12,12,good,,,深圳市水务局开放平台·积涝点水位
2026-08-19T07:00:00+08:00,Asia/Shanghai,MS1104403070000319,(市)吉榕路桥洞,0.0,0.0,13,13,good,,,深圳市水务局开放平台·积涝点水位
2026-08-19T07:00:00+08:00,Asia/Shanghai,MS1104403070000323,(市)京南路,0.0,0.0,2,2,good,22.602818284523806,114.12130894517196,深圳市水务局开放平台·积涝点水位
2026-08-19T07:00:00+08:00,Asia/Shanghai,MS1104403070000338,(市)布澜路国芬路口,0.0,0.0,2,2,good,22.635311170786817,114.12784150313183,深圳市水务局开放平台·积涝点水位
2026-08-19T07:00:00+08:00,Asia/Shanghai,MS1104403070000342,(市)布吉站（深圳东站）,0.0,0.0,2,2,good,,,深圳市水务局开放平台·积涝点水位
2026-08-19T07:00:00+08:00,Asia/Shanghai,MS1104403080000012,(市)金融路海涛路口片区,0.0,0.0,13,13,good,22.553642038690473,114.22939035281746,深圳市水务局开放平台·积涝点水位
2026-08-19T07:00:00+08:00,Asia/Shanghai,MS1104403080000027,(市)沙头角口岸小区,0.0,0.0,13,13,good,,,深圳市水务局开放平台·积涝点水位
2026-08-19T07:00:00+08:00,Asia/Shanghai,MS1104403080000031,(市)桥东街小区,0.0,0.0,13,13,good,,,深圳市水务局开放平台·积涝点水位
2026-08-19T07:00:00+08:00,Asia/Shanghai,MS1104403090000065,(市)泗黎路凹背社区富坑社区,0.0,0.0,2,2,good,22.753687171367037,114.03385655648283,深圳市水务局开放平台·积涝点水位
2026-08-19T07:00:00+08:00,Asia/Shanghai,MS110440309000007X,(市)银星科技园,0.0,0.0,2,2,good,,,深圳市水务局开放平台·积涝点水位
2026-08-19T07:00:00+08:00,Asia/Shanghai,MS1104403090000084,(市)观光路与福前路交汇处,0.0,0.0,2,2,good,22.733179257314486,114.01274963079653,深圳市水务局开放平台·积涝点水位
2026-08-19T07:00:00+08:00,Asia/Shanghai,MS1104403090000099,(市)三联社区,0.0,0.0,13,13,good,,,深圳市水务局开放平台·积涝点水位
2026-08-19T07:00:00+08:00,Asia/Shanghai,MS1104403090000103,(市)布龙路与五和大道交汇处,0.0,0.0,13,13,good,22.646750702555874,114.02665721385576,深圳市水务局开放平台·积涝点水位
2026-08-19T07:00:00+08:00,Asia/Shanghai,MS1104403090000118,(市)新区大道深圳北站,0.0,0.0,13,13,good,22.624351465560785,114.01682556681699,深圳市水务局开放平台·积涝点水位
2026-08-19T07:00:00+08:00,Asia/Shanghai,MS1104403090000122,(市)龙华壹方成,0.0,0.0,13,13,good,,,深圳市水务局开放平台·积涝点水位
2026-08-19T07:00:00+08:00,Asia/Shanghai,MS1104403090000137,(市)昌茂二路,0.0,0.0,12,12,good,,,深圳市水务局开放平台·积涝点水位
2026-08-19T07:00:00+08:00,Asia/Shanghai,MS1104403090000141,(市)大浪新围街大船坑市场段,0.0,0.0,13,13,good,22.692058934615382,113.9964102346154,深圳市水务局开放平台·积涝点水位
2026-08-19T07:00:00+08:00,Asia/Shanghai,MS1104403100000028,(市)坪山法院门口,0.0,0.0,2,2,good,,,深圳市水务局开放平台·积涝点水位
2026-08-19T07:00:00+08:00,Asia/Shanghai,MS1104403100000032,(市)秀沙路比亚迪厂门前,0.0,0.0,13,13,good,22.767995359829058,114.39900074224022,深圳市水务局开放平台·积涝点水位
2026-08-19T07:00:00+08:00,Asia/Shanghai,MS1104403100000047,(市)群代路金泰航科技,0.01,0.01,62,62,good,,,深圳市水务局开放平台·积涝点水位
2026-08-19T07:00:00+08:00,Asia/Shanghai,MS1104403100000051,(市)三洋湖路三洋湖新区小区,0.0,0.0,13,13,good,,,深圳市水务局开放平台·积涝点水位
2026-08-19T07:00:00+08:00,Asia/Shanghai,MS1104403100000066,(市)文化中心地铁站,0.0,0.0,13,13,good,,,深圳市水务局开放平台·积涝点水位
2026-08-19T07:00:00+08:00,Asia/Shanghai,MS1104403110000597,(市)东长路外环高速长圳入口,0.0,0.0,12,12,good,22.747509018088216,113.91221411091422,深圳市水务局开放平台·积涝点水位
2026-08-19T07:00:00+08:00,Asia/Shanghai,MS1104403110000601,(市)光侨雅苑,0.0,0.0,2,2,good,,,深圳市水务局开放平台·积涝点水位
2026-08-19T07:00:00+08:00,Asia/Shanghai,MS1104403110000616,(市)同观路与汇融路交叉口,0.0,0.0,2,2,good,22.734039598507852,113.91441943299901,深圳市水务局开放平台·积涝点水位
2026-08-19T07:00:00+08:00,Asia/Shanghai,MS1104403110000620,(市)松白路松茂御城段,0.0,0.0,2,2,good,22.731110627923336,113.894856941127,深圳市水务局开放平台·积涝点水位
2026-08-19T07:00:00+08:00,Asia/Shanghai,MS1104403110000635,(市)公常路与环村路交叉口,0.0,0.0,13,13,good,22.826648407959507,113.95688701032125,深圳市水务局开放平台·积涝点水位
2026-08-19T07:00:00+08:00,Asia/Shanghai,MS110440311000064X,(市)光明区高级中学,0.0,0.0,2,2,good,,,深圳市水务局开放平台·积涝点水位
2026-08-19T07:00:00+08:00,Asia/Shanghai,MS1104403120000032,(市)大鹏液化天然气有限公司深圳接收站,0.0,0.0,13,13,good,,,深圳市水务局开放平台·积涝点水位
2026-08-19T08:00:00+08:00,Asia/Shanghai,9281192001,(市)平湖火车隧道口,0.0,0.0,12,12,good,,,深圳市水务局开放平台·积涝点水位
2026-08-19T08:00:00+08:00,Asia/Shanghai,9281192002,(市)新木路广深铁路桥底,0.0,0.0,13,13,good,22.6674177472887,114.13210195018992,深圳市水务局开放平台·积涝点水位
2026-08-19T08:00:00+08:00,Asia/Shanghai,9281192003,(市)新木路新围仔村路口,0.0,0.0,13,13,good,22.6674177472887,114.13210195018992,深圳市水务局开放平台·积涝点水位
2026-08-19T08:00:00+08:00,Asia/Shanghai,9281192004,(市)布李路富民城段,0.0,0.0,13,13,good,22.618912574166664,114.11654044833332,深圳市水务局开放平台·积涝点水位
2026-08-19T08:00:00+08:00,Asia/Shanghai,9281192005,(市)龙博路,0.01,0.01,61,61,good,22.62797037826087,114.10927237391306,深圳市水务局开放平台·积涝点水位
2026-08-19T08:00:00+08:00,Asia/Shanghai,9281192006,(市)五和大道四季花城,0.0,0.0,13,13,good,22.65976725256875,114.05975735653944,深圳市水务局开放平台·积涝点水位
2026-08-19T08:00:00+08:00,Asia/Shanghai,9281192007,(市)沙西小学至南岭万家乐段,0.0093,0.01,58,58,good,,,深圳市水务局开放平台·积涝点水位
2026-08-19T08:00:00+08:00,Asia/Shanghai,9281192008,(市)南联第六工业区桥洞,0.0,0.0,13,13,good,,,深圳市水务局开放平台·积涝点水位
2026-08-19T08:00:00+08:00,Asia/Shanghai,9281192009,(市)新坡塘村新坡塘积水点,0.0,0.0,13,13,good,,,深圳市水务局开放平台·积涝点水位
2026-08-19T08:00:00+08:00,Asia/Shanghai,9281192010,(市)安良六村安业路与安居路交汇处,0.0,0.0,13,13,good,,,深圳市水务局开放平台·积涝点水位
2026-08-19T08:00:00+08:00,Asia/Shanghai,9281192011,(市)松元头,0.01,0.01,64,64,good,,,深圳市水务局开放平台·积涝点水位
2026-08-19T08:00:00+08:00,Asia/Shanghai,9281192012,(市)湖南立交,0.0,0.0,13,13,good,,,深圳市水务局开放平台·积涝点水位
2026-08-19T08:00:00+08:00,Asia/Shanghai,9281192013,(市)高背路惠盐高速桥洞积水点,0.0,0.0,13,13,good,,,深圳市水务局开放平台·积涝点水位
2026-08-19T08:00:00+08:00,Asia/Shanghai,9281192014,(市)鹤坑桥洞,0.0,0.0,13,13,good,,,深圳市水务局开放平台·积涝点水位
2026-08-19T08:00:00+08:00,Asia/Shanghai,9281192015,(市)安良社区沿河一路疏港铁路桥洞,0.01,0.01,61,61,good,22.73162335,114.107919,深圳市水务局开放平台·积涝点水位
2026-08-19T08:00:00+08:00,Asia/Shanghai,9281192016,(市)宝荷路中新加油站对面,0.0,0.0,13,13,good,22.694796752516076,114.25970116268519,深圳市水务局开放平台·积涝点水位
2026-08-19T08:00:00+08:00,Asia/Shanghai,9281192017,(市)环观南路与观平路交汇处,0.0,0.0,13,13,good,22.705673908780923,114.07279441765539,深圳市水务局开放平台·积涝点水位
2026-08-19T08:00:00+08:00,Asia/Shanghai,9281192018,(市)龙华大道库坑天桥段,0.0,0.0,13,13,good,22.669745856798677,114.03752701836405,深圳市水务局开放平台·积涝点水位
2026-08-19T08:00:00+08:00,Asia/Shanghai,9281192019,(市)福龙路高铁桥下简上段,0.02,0.02,60,60,good,22.61964472178257,114.00080097044238,深圳市水务局开放平台·积涝点水位
2026-08-19T08:00:00+08:00,Asia/Shanghai,9281192020,(市)工业路壹成中心段,0.01,0.01,67,67,good,22.648754971805,114.02570221318598,深圳市水务局开放平台·积涝点水位
2026-08-19T08:00:00+08:00,Asia/Shanghai,9281192021,(市)东环一路和平路交汇处,0.02,0.02,62,62,good,22.65040479515617,114.03284713758192,深圳市水务局开放平台·积涝点水位
2026-08-19T08:00:00+08:00,Asia/Shanghai,9281192022,(市)龙田社区大水湾,0.0,0.0,13,13,good,,,深圳市水务局开放平台·积涝点水位
2026-08-19T08:00:00+08:00,Asia/Shanghai,9281292001,(市)滨河皇岗立交桥洞,0.0,0.0,15,15,good,,,深圳市水务局开放平台·积涝点水位
2026-08-19T08:00:00+08:00,Asia/Shanghai,9281292002,(市)广深高速桥下滨海大道北侧辅道,0.01,0.01,64,64,good,22.579823080041088,114.10123773351275,深圳市水务局开放平台·积涝点水位
2026-08-19T08:00:00+08:00,Asia/Shanghai,9281292003,(市)福田区竹子林立交下穿通道,0.0,0.0,13,13,good,,,深圳市水务局开放平台·积涝点水位
2026-08-19T08:00:00+08:00,Asia/Shanghai,9281292004,(市)滨河益田立交桥洞,0.0,0.0,12,12,good,,,深圳市水务局开放平台·积涝点水位
2026-08-19T08:00:00+08:00,Asia/Shanghai,9281292005,(市)深南新洲一号立交桥洞,0.0,0.0,13,13,good,,,深圳市水务局开放平台·积涝点水位
2026-08-19T08:00:00+08:00,Asia/Shanghai,9281292006,(市)北环新洲立交东南角辅道,0.0,0.0,12,12,good,,,深圳市水务局开放平台·积涝点水位
2026-08-19T08:00:00+08:00,Asia/Shanghai,9281292007,(市)107国道新安段(裕安加油站),0.0,0.0,12,12,good,22.55254164883845,113.90816500450731,深圳市水务局开放平台·积涝点水位
2026-08-19T08:00:00+08:00,Asia/Shanghai,9281292008,洲石路鹤洲桥底（市）,0.0022,0.01,9,9,good,22.651019027149744,113.88061107664711,深圳市水务局开放平台·积涝点水位
2026-08-19T08:00:00+08:00,Asia/Shanghai,9281292009,(市)帝堂路（锦程路以西段）,0.01,0.01,59,59,good,22.70987723506993,113.7784856087664,深圳市水务局开放平台·积涝点水位
2026-08-19T08:00:00+08:00,Asia/Shanghai,9281292010,(市)上星南路与中心路丽沙花都,0.0,0.0,12,12,good,22.502209013854387,113.93734688972145,深圳市水务局开放平台·积涝点水位
2026-08-19T08:00:00+08:00,Asia/Shanghai,9281292011,(市)外环路广深高速新桥立交,0.0,0.0,13,13,good,22.736379220337216,113.84591188570887,深圳市水务局开放平台·积涝点水位
2026-08-19T08:00:00+08:00,Asia/Shanghai,9281292012,(市)固戍海滨新村文昌阁,0.0,0.0,13,13,good,,,深圳市水务局开放平台·积涝点水位
2026-08-19T08:00:00+08:00,Asia/Shanghai,9281292013,(市)宝安大道固戍地铁站,0.0,0.0,13,13,good,22.64678387472509,113.8417801892837,深圳市水务局开放平台·积涝点水位
2026-08-19T08:00:00+08:00,Asia/Shanghai,9281292014,(市)G107国道南行固戍大门,0.0,0.0,14,14,good,22.55254164883845,113.90816500450731,深圳市水务局开放平台·积涝点水位
2026-08-19T08:00:00+08:00,Asia/Shanghai,9281292015,(市)东环大道松宝大道段,0.0,0.0,13,13,good,,,深圳市水务局开放平台·积涝点水位
2026-08-19T08:00:00+08:00,Asia/Shanghai,9281292016,(市)长凤路龙大高速桥底,0.0,0.0,13,13,good,22.775734215738417,113.91156092305157,深圳市水务局开放平台·积涝点水位
2026-08-19T08:00:00+08:00,Asia/Shanghai,9281292017,(市)圳美同富裕工业区,0.0,0.0,12,12,good,,,深圳市水务局开放平台·积涝点水位
2026-08-19T08:00:00+08:00,Asia/Shanghai,9281292018,(市)根玉路东方大道交汇处,0.0,0.0,17,17,good,22.763216165633853,113.85149341983029,深圳市水务局开放平台·积涝点水位
2026-08-19T08:00:00+08:00,Asia/Shanghai,9281292019,(市)上村社区龙大桥底,0.005,0.01,24,24,good,,,深圳市水务局开放平台·积涝点水位
2026-08-19T08:00:00+08:00,Asia/Shanghai,9281292020,(市)马山头社区上石家路通兴路交汇处,0.0,0.0,12,12,good,22.763999933333334,113.8915635138889,深圳市水务局开放平台·积涝点水位
2026-08-19T08:00:00+08:00,Asia/Shanghai,9281292021,(市)临海大道海关保税区,0.0,0.0,13,13,good,22.53399911521491,113.88871009435005,深圳市水务局开放平台·积涝点水位
2026-08-19T08:00:00+08:00,Asia/Shanghai,9281292022,(市)南山大道南行亿利达村段,0.0018,0.01,22,22,good,22.540721694789013,113.9181638130031,深圳市水务局开放平台·积涝点水位
2026-08-19T08:00:00+08:00,Asia/Shanghai,9281292023,(市)东滨路南行华联城市山林花园段,0.0,0.0,13,13,good,22.51106546682151,113.92212734316605,深圳市水务局开放平台·积涝点水位
2026-08-19T08:00:00+08:00,Asia/Shanghai,9281292024,(市)深圳湾东滨路与中心路交叉口,0.0,0.0,12,12,good,22.51106546682151,113.92212734316605,深圳市水务局开放平台·积涝点水位
2026-08-19T08:00:00+08:00,Asia/Shanghai,MS1104403030000228,(市)红岗公园,0.0,0.0,2,2,good,,,深圳市水务局开放平台·积涝点水位
2026-08-19T08:00:00+08:00,Asia/Shanghai,MS1104403030000232,(市)沿河南路文锦路社区,0.0,0.0,13,13,good,22.550252268776845,114.11444108979862,深圳市水务局开放平台·积涝点水位
2026-08-19T08:00:00+08:00,Asia/Shanghai,MS1104403030000247,(市)深南东路黄贝岭,0.0,0.0,13,13,good,22.54661746874732,114.11811396992493,深圳市水务局开放平台·积涝点水位
2026-08-19T08:00:00+08:00,Asia/Shanghai,MS1104403030000251,(市)滨河上步立交桥,0.0,0.0,2,2,good,,,深圳市水务局开放平台·积涝点水位
2026-08-19T08:00:00+08:00,Asia/Shanghai,MS1104403030000266,(市)罗湖火车站,0.0,0.0,13,13,good,,,深圳市水务局开放平台·积涝点水位
2026-08-19T08:00:00+08:00,Asia/Shanghai,MS1104403030000270,(市)罗湖区委,0.0,0.0,2,2,good,,,深圳市水务局开放平台·积涝点水位
2026-08-19T08:00:00+08:00,Asia/Shanghai,MS1104403030000285,(市)万象城,0.01,0.01,65,65,good,,,深圳市水务局开放平台·积涝点水位
2026-08-19T08:00:00+08:00,Asia/Shanghai,MS110440303000029X,(市)洪湖地铁站D出入口,0.0,0.0,2,2,good,,,深圳市水务局开放平台·积涝点水位
2026-08-19T08:00:00+08:00,Asia/Shanghai,MS1104403030000304,(市)东湖路,0.0,0.0,5,5,good,22.582822583699635,114.1345991945055,深圳市水务局开放平台·积涝点水位
2026-08-19T08:00:00+08:00,Asia/Shanghai,MS1104403030000319,(市)桂园片区,0.0,0.0,13,13,good,,,深圳市水务局开放平台·积涝点水位
2026-08-19T08:00:00+08:00,Asia/Shanghai,MS1104403030000323,(市)晒布路与东门中路交汇处,0.01,0.01,64,64,good,22.551568716163253,114.1183832504732,深圳市水务局开放平台·积涝点水位
2026-08-19T08:00:00+08:00,Asia/Shanghai,MS1104403030000338,(市)东湖公园爱国路与太宁路路口,0.0,0.0,13,13,good,22.563633808974675,114.13329390192719,深圳市水务局开放平台·积涝点水位
2026-08-19T08:00:00+08:00,Asia/Shanghai,MS1104403030000342,(市)文锦渡口岸,0.0,0.0,2,2,good,,,深圳市水务局开放平台·积涝点水位
2026-08-19T08:00:00+08:00,Asia/Shanghai,MS1104403040000543,(市)香梅莲花路口,0.0,0.0,2,2,good,22.559401296538805,114.04793087126708,深圳市水务局开放平台·积涝点水位
2026-08-19T08:00:00+08:00,Asia/Shanghai,MS1104403040000558,(市)信托花园,0.0,0.0,13,13,good,,,深圳市水务局开放平台·积涝点水位
2026-08-19T08:00:00+08:00,Asia/Shanghai,MS1104403040000562,(市)上步红荔路口,0.0,0.0,2,2,good,22.550171284097686,114.05891535550717,深圳市水务局开放平台·积涝点水位
2026-08-19T08:00:00+08:00,Asia/Shanghai,MS1104403040000577,(市)深南皇岗立交桥与皇岗路交汇处,0.0,0.0,13,13,good,22.552167188223326,114.06774281249497,深圳市水务局开放平台·积涝点水位
2026-08-19T08:00:00+08:00,Asia/Shanghai,MS1104403040000581,(市)北环大道与梅林路交汇处,0.0,0.0,2,2,good,22.55966775704351,113.99344633894496,深圳市水务局开放平台·积涝点水位
2026-08-19T08:00:00+08:00,Asia/Shanghai,MS1104403040000596,(市)侨香路香梅社区,0.0,0.0,2,2,good,22.55158384619422,114.00624803762132,深圳市水务局开放平台·积涝点水位
2026-08-19T08:00:00+08:00,Asia/Shanghai,MS1104403040000600,(市)侨香路香安社区,0.0,0.0,2,2,good,22.55158384619422,114.00624803762132,深圳市水务局开放平台·积涝点水位
2026-08-19T08:00:00+08:00,Asia/Shanghai,MS1104403040000615,(市)市民中心,0.0,0.0,2,2,good,,,深圳市水务局开放平台·积涝点水位
2026-08-19T08:00:00+08:00,Asia/Shanghai,MS110440304000062X,(市)民田路深圳证券交易所,0.0,0.0,13,13,good,22.53903429826115,114.04781278730138,深圳市水务局开放平台·积涝点水位
2026-08-19T08:00:00+08:00,Asia/Shanghai,MS1104403040000634,(市)燃气集团股份有限公司梅林 LNG安全应急气化站,0.0,0.0,13,13,good,,,深圳市水务局开放平台·积涝点水位
2026-08-19T08:00:00+08:00,Asia/Shanghai,MS1104403040000649,(市)深南大道车公庙交通枢纽段,0.0,0.0,13,13,good,22.5420797706313,113.9753640727562,深圳市水务局开放平台·积涝点水位
2026-08-19T08:00:00+08:00,Asia/Shanghai,MS1104403050000118,(市)月亮湾大道与前湾三路交叉口,0.0,0.0,2,2,good,22.511993391395155,113.8903078293519,深圳市水务局开放平台·积涝点水位
2026-08-19T08:00:00+08:00,Asia/Shanghai,MS1104403050000122,(市)南山大道深意工业大厦段,0.0,0.0,13,13,good,22.540721694789013,113.9181638130031,深圳市水务局开放平台·积涝点水位
2026-08-19T08:00:00+08:00,Asia/Shanghai,MS1104403050000137,(市)南山大道与登良路交叉口,0.0,0.0,2,2,good,22.540721694789013,113.9181638130031,深圳市水务局开放平台·积涝点水位
2026-08-19T08:00:00+08:00,Asia/Shanghai,MS1104403050000141,(市)南新路北头豪苑,0.0,0.0,2,2,good,22.535707366852186,113.92452459612443,深圳市水务局开放平台·积涝点水位
2026-08-19T08:00:00+08:00,Asia/Shanghai,MS1104403050000156,(市)滨海大道与南山大道交叉口,0.0,0.0,2,2,good,22.579823080041088,114.10123773351275,深圳市水务局开放平台·积涝点水位
2026-08-19T08:00:00+08:00,Asia/Shanghai,MS1104403050000160,(市)桃园路与南新路交叉口,0.0,0.0,2,2,good,22.535395972003414,113.91852837514443,深圳市水务局开放平台·积涝点水位
2026-08-19T08:00:00+08:00,Asia/Shanghai,MS1104403050000175,(市)后海大道与登良路交叉口,0.0,0.0,13,13,good,22.51179221810604,113.92884393579894,深圳市水务局开放平台·积涝点水位
2026-08-19T08:00:00+08:00,Asia/Shanghai,MS110440305000018X,(市)后海大道港湾创业大厦,0.0,0.0,13,13,good,22.51179221810604,113.92884393579894,深圳市水务局开放平台·积涝点水位
2026-08-19T08:00:00+08:00,Asia/Shanghai,MS1104403050000194,(市)深南大道高新园地铁 AD 口,0.0,0.0,13,13,good,22.5420797706313,113.9753640727562,深圳市水务局开放平台·积涝点水位
2026-08-19T08:00:00+08:00,Asia/Shanghai,MS1104403050000209,(市)深圳湾口岸,0.0,0.0,2,2,good,,,深圳市水务局开放平台·积涝点水位
2026-08-19T08:00:00+08:00,Asia/Shanghai,MS1104403050000213,(市)前湾公园地铁站 A 出入口,0.0,0.0,13,13,good,,,深圳市水务局开放平台·积涝点水位
2026-08-19T08:00:00+08:00,Asia/Shanghai,MS1104403050000228,(市)粤海门地铁站 D2 出入口,0.0,0.0,12,12,good,,,深圳市水务局开放平台·积涝点水位
2026-08-19T08:00:00+08:00,Asia/Shanghai,MS1104403050000232,(市)桂庙路地下道路,0.0,0.0,13,13,good,22.52643977555155,113.91686609460196,深圳市水务局开放平台·积涝点水位
2026-08-19T08:00:00+08:00,Asia/Shanghai,MS1104403050000247,(市)国家超级计算深圳中心,0.0,0.0,13,13,good,,,深圳市水务局开放平台·积涝点水位
2026-08-19T08:00:00+08:00,Asia/Shanghai,MS110440306000029X,(市)辛养旧村辛居路,0.0,0.0,2,2,good,,,深圳市水务局开放平台·积涝点水位
2026-08-19T08:00:00+08:00,Asia/Shanghai,MS1104403060000304,(市)山门第三工业区,0.0,0.0,2,2,good,,,深圳市水务局开放平台·积涝点水位
2026-08-19T08:00:00+08:00,Asia/Shanghai,MS1104403060000319,(市)前进一路上川路口,0.0,0.0,13,13,good,22.57118007860348,113.90008995469552,深圳市水务局开放平台·积涝点水位
2026-08-19T08:00:00+08:00,Asia/Shanghai,MS1104403060000323,(市)洪浪北地铁站,0.0,0.0,13,13,good,,,深圳市水务局开放平台·积涝点水位
2026-08-19T08:00:00+08:00,Asia/Shanghai,MS1104403060000338,(市)东风幼儿园,0.0,0.0,2,2,good,,,深圳市水务局开放平台·积涝点水位
2026-08-19T08:00:00+08:00,Asia/Shanghai,MS1104403060000342,(市)海乐41区,0.0,0.0,2,2,good,,,深圳市水务局开放平台·积涝点水位
2026-08-19T08:00:00+08:00,Asia/Shanghai,MS1104403060000357,(市)前进二路,0.0,0.0,2,2,good,22.597482662679273,113.87435005513986,深圳市水务局开放平台·积涝点水位
2026-08-19T08:00:00+08:00,Asia/Shanghai,MS1104403060000361,(市)园岭商场,0.0,0.0,13,13,good,,,深圳市水务局开放平台·积涝点水位
2026-08-19T08:00:00+08:00,Asia/Shanghai,MS1104403060000376,(市)新圳西路万佳商场段,0.0,0.0,5,5,good,22.56349644,113.89998969999999,深圳市水务局开放平台·积涝点水位
2026-08-19T08:00:00+08:00,Asia/Shanghai,MS1104403060000380,(市)北环路与爱群路路口,0.0,0.0,12,12,good,22.79634568700108,114.39897783430258,深圳市水务局开放平台·积涝点水位
2026-08-19T08:00:00+08:00,Asia/Shanghai,MS1104403060000395,(市)宝安区幸福路与恒珠一路,0.0,0.0,2,2,good,,,深圳市水务局开放平台·积涝点水位
2026-08-19T08:00:00+08:00,Asia/Shanghai,MS110440306000040X,(市)宝安区勋业街,0.0,0.0,2,2,good,,,深圳市水务局开放平台·积涝点水位
2026-08-19T08:00:00+08:00,Asia/Shanghai,MS1104403060000414,(市)宝安区福和路西六巷,0.0,0.0,13,13,good,22.75496986065163,113.7975587837876,深圳市水务局开放平台·积涝点水位
2026-08-19T08:00:00+08:00,Asia/Shanghai,MS1104403060000429,(市)民福路与创新路交叉口,0.0,0.0,13,13,good,22.77931941488889,113.82386091368804,深圳市水务局开放平台·积涝点水位
2026-08-19T08:00:00+08:00,Asia/Shanghai,MS1104403060000433,(市)金沙二路与民福路交叉口,0.0,0.0,2,2,good,22.731531574999998,113.800096525,深圳市水务局开放平台·积涝点水位
2026-08-19T08:00:00+08:00,Asia/Shanghai,MS1104403060000448,(市)宝安区沙井西环路正科时代,0.0,0.0,2,2,good,22.658437552805964,113.96411546099013,深圳市水务局开放平台·积涝点水位
2026-08-19T08:00:00+08:00,Asia/Shanghai,MS1104403060000452,(市)宝源路固戍海滨公园,0.0,0.0,12,12,good,22.58668431255461,113.84584894450396,深圳市水务局开放平台·积涝点水位
2026-08-19T08:00:00+08:00,Asia/Shanghai,MS1104403060000467,(市)海雅缤纷城,0.0089,0.01,64,64,good,,,深圳市水务局开放平台·积涝点水位
2026-08-19T08:00:00+08:00,Asia/Shanghai,MS1104403060000471,(市)万达广场,0.0,0.0,2,2,good,,,深圳市水务局开放平台·积涝点水位
2026-08-19T08:00:00+08:00,Asia/Shanghai,MS1104403060000486,(市)固戍地铁站 A/F 出入口,0.0,0.0,13,13,good,,,深圳市水务局开放平台·积涝点水位
2026-08-19T08:00:00+08:00,Asia/Shanghai,MS1104403060000490,(市)碧海湾地铁站 B 出入口,0.0,0.0,13,13,good,,,深圳市水务局开放平台·积涝点水位
2026-08-19T08:00:00+08:00,Asia/Shanghai,MS1104403060000505,(市)海天路地下隧道,0.0,0.0,13,13,good,22.549962987088094,113.87889692546018,深圳市水务局开放平台·积涝点水位
2026-08-19T08:00:00+08:00,Asia/Shanghai,MS1104403070000175,(市)龙平西路新秀社区公园,0.0,0.0,2,2,good,22.731009781031894,114.22605984524496,深圳市水务局开放平台·积涝点水位
2026-08-19T08:00:00+08:00,Asia/Shanghai,MS110440307000018X,(市)如意路广发银行奥林支行,0.0,0.0,13,13,good,22.697841456213258,114.19931100734046,深圳市水务局开放平台·积涝点水位
2026-08-19T08:00:00+08:00,Asia/Shanghai,MS1104403070000194,(市)龙翔大道与龙城大道交汇处,0.0,0.0,13,13,good,22.708452173199664,114.22855732448205,深圳市水务局开放平台·积涝点水位
2026-08-19T08:00:00+08:00,Asia/Shanghai,MS1104403070000209,(市)龙城大道与龙平东路交汇处,0.0,0.0,13,13,good,22.734070392016967,114.26268655089929,深圳市水务局开放平台·积涝点水位
2026-08-19T08:00:00+08:00,Asia/Shanghai,MS1104403070000213,(市)龙西中路与盐龙大道交汇处,0.0,0.0,13,13,good,22.75103177856142,114.25588661241065,深圳市水务局开放平台·积涝点水位
2026-08-19T08:00:00+08:00,Asia/Shanghai,MS1104403070000228,(市)爱南路与深汕公路交汇处,0.0,0.0,11,11,good,22.709133830928806,114.31382413715897,深圳市水务局开放平台·积涝点水位
2026-08-19T08:00:00+08:00,Asia/Shanghai,MS1104403070000232,(市)园新路与乐园路交汇处,0.0,0.0,13,13,good,22.714932425,114.3001758,深圳市水务局开放平台·积涝点水位
2026-08-19T08:00:00+08:00,Asia/Shanghai,MS1104403070000247,(市)长深高速四方埔社区,0.0,0.0,2,2,good,22.785453209312927,114.3238491191703,深圳市水务局开放平台·积涝点水位
2026-08-19T08:00:00+08:00,Asia/Shanghai,MS1104403070000251,(市)龙岗区政府,0.0,0.0,17,17,good,,,深圳市水务局开放平台·积涝点水位
2026-08-19T08:00:00+08:00,Asia/Shanghai,MS1104403070000266,(市)五和地铁站H出入口,0.0,0.0,12,12,good,,,深圳市水务局开放平台·积涝点水位
2026-08-19T08:00:00+08:00,Asia/Shanghai,MS1104403070000270,(市)长龙地铁站C2出入口,0.0,0.0,2,2,good,,,深圳市水务局开放平台·积涝点水位
2026-08-19T08:00:00+08:00,Asia/Shanghai,MS1104403070000285,(市)育贤学校、童星幼儿园,0.0,0.0,13,13,good,,,深圳市水务局开放平台·积涝点水位
2026-08-19T08:00:00+08:00,Asia/Shanghai,MS110440307000029X,(市)深圳远东妇产医院,0.0,0.0,13,13,good,,,深圳市水务局开放平台·积涝点水位
2026-08-19T08:00:00+08:00,Asia/Shanghai,MS1104403070000304,(市)英才学校,0.0,0.0,13,13,good,,,深圳市水务局开放平台·积涝点水位
2026-08-19T08:00:00+08:00,Asia/Shanghai,MS1104403070000319,(市)吉榕路桥洞,0.0,0.0,13,13,good,,,深圳市水务局开放平台·积涝点水位
2026-08-19T08:00:00+08:00,Asia/Shanghai,MS1104403070000323,(市)京南路,0.0,0.0,2,2,good,22.602818284523806,114.12130894517196,深圳市水务局开放平台·积涝点水位
2026-08-19T08:00:00+08:00,Asia/Shanghai,MS1104403070000338,(市)布澜路国芬路口,0.0,0.0,2,2,good,22.635311170786817,114.12784150313183,深圳市水务局开放平台·积涝点水位
2026-08-19T08:00:00+08:00,Asia/Shanghai,MS1104403070000342,(市)布吉站（深圳东站）,0.0,0.0,2,2,good,,,深圳市水务局开放平台·积涝点水位
2026-08-19T08:00:00+08:00,Asia/Shanghai,MS1104403080000012,(市)金融路海涛路口片区,0.0,0.0,13,13,good,22.553642038690473,114.22939035281746,深圳市水务局开放平台·积涝点水位
2026-08-19T08:00:00+08:00,Asia/Shanghai,MS1104403080000027,(市)沙头角口岸小区,0.0,0.0,11,11,good,,,深圳市水务局开放平台·积涝点水位
2026-08-19T08:00:00+08:00,Asia/Shanghai,MS1104403080000031,(市)桥东街小区,0.0,0.0,13,13,good,,,深圳市水务局开放平台·积涝点水位
2026-08-19T08:00:00+08:00,Asia/Shanghai,MS1104403090000065,(市)泗黎路凹背社区富坑社区,0.0,0.0,2,2,good,22.753687171367037,114.03385655648283,深圳市水务局开放平台·积涝点水位
2026-08-19T08:00:00+08:00,Asia/Shanghai,MS110440309000007X,(市)银星科技园,0.0,0.0,3,3,good,,,深圳市水务局开放平台·积涝点水位
2026-08-19T08:00:00+08:00,Asia/Shanghai,MS1104403090000084,(市)观光路与福前路交汇处,0.0,0.0,2,2,good,22.733179257314486,114.01274963079653,深圳市水务局开放平台·积涝点水位
2026-08-19T08:00:00+08:00,Asia/Shanghai,MS1104403090000099,(市)三联社区,0.0,0.0,13,13,good,,,深圳市水务局开放平台·积涝点水位
2026-08-19T08:00:00+08:00,Asia/Shanghai,MS1104403090000103,(市)布龙路与五和大道交汇处,0.0,0.0,13,13,good,22.646750702555874,114.02665721385576,深圳市水务局开放平台·积涝点水位
2026-08-19T08:00:00+08:00,Asia/Shanghai,MS1104403090000118,(市)新区大道深圳北站,0.0,0.0,14,14,good,22.624351465560785,114.01682556681699,深圳市水务局开放平台·积涝点水位
2026-08-19T08:00:00+08:00,Asia/Shanghai,MS1104403090000122,(市)龙华壹方成,0.0,0.0,13,13,good,,,深圳市水务局开放平台·积涝点水位
2026-08-19T08:00:00+08:00,Asia/Shanghai,MS1104403090000137,(市)昌茂二路,0.0,0.0,13,13,good,,,深圳市水务局开放平台·积涝点水位
2026-08-19T08:00:00+08:00,Asia/Shanghai,MS1104403090000141,(市)大浪新围街大船坑市场段,0.0,0.0,13,13,good,22.692058934615382,113.9964102346154,深圳市水务局开放平台·积涝点水位
2026-08-19T08:00:00+08:00,Asia/Shanghai,MS1104403100000028,(市)坪山法院门口,0.0,0.0,2,2,good,,,深圳市水务局开放平台·积涝点水位
2026-08-19T08:00:00+08:00,Asia/Shanghai,MS1104403100000032,(市)秀沙路比亚迪厂门前,0.0,0.0,13,13,good,22.767995359829058,114.39900074224022,深圳市水务局开放平台·积涝点水位
2026-08-19T08:00:00+08:00,Asia/Shanghai,MS1104403100000047,(市)群代路金泰航科技,0.01,0.01,63,63,good,,,深圳市水务局开放平台·积涝点水位
2026-08-19T08:00:00+08:00,Asia/Shanghai,MS1104403100000051,(市)三洋湖路三洋湖新区小区,0.0,0.0,13,13,good,,,深圳市水务局开放平台·积涝点水位
2026-08-19T08:00:00+08:00,Asia/Shanghai,MS1104403100000066,(市)文化中心地铁站,0.0,0.0,13,13,good,,,深圳市水务局开放平台·积涝点水位
2026-08-19T08:00:00+08:00,Asia/Shanghai,MS1104403110000597,(市)东长路外环高速长圳入口,0.0,0.0,13,13,good,22.747509018088216,113.91221411091422,深圳市水务局开放平台·积涝点水位
2026-08-19T08:00:00+08:00,Asia/Shanghai,MS1104403110000601,(市)光侨雅苑,0.0,0.0,2,2,good,,,深圳市水务局开放平台·积涝点水位
2026-08-19T08:00:00+08:00,Asia/Shanghai,MS1104403110000616,(市)同观路与汇融路交叉口,0.0,0.0,2,2,good,22.734039598507852,113.91441943299901,深圳市水务局开放平台·积涝点水位
2026-08-19T08:00:00+08:00,Asia/Shanghai,MS1104403110000620,(市)松白路松茂御城段,0.0,0.0,2,2,good,22.731110627923336,113.894856941127,深圳市水务局开放平台·积涝点水位
2026-08-19T08:00:00+08:00,Asia/Shanghai,MS1104403110000635,(市)公常路与环村路交叉口,0.0,0.0,13,13,good,22.826648407959507,113.95688701032125,深圳市水务局开放平台·积涝点水位
2026-08-19T08:00:00+08:00,Asia/Shanghai,MS110440311000064X,(市)光明区高级中学,0.0,0.0,2,2,good,,,深圳市水务局开放平台·积涝点水位
2026-08-19T08:00:00+08:00,Asia/Shanghai,MS1104403120000032,(市)大鹏液化天然气有限公司深圳接收站,0.0,0.0,13,13,good,,,深圳市水务局开放平台·积涝点水位
2026-08-19T09:00:00+08:00,Asia/Shanghai,9281192001,(市)平湖火车隧道口,0.0,0.0,13,13,good,,,深圳市水务局开放平台·积涝点水位
2026-08-19T09:00:00+08:00,Asia/Shanghai,9281192002,(市)新木路广深铁路桥底,0.0,0.0,13,13,good,22.6674177472887,114.13210195018992,深圳市水务局开放平台·积涝点水位
2026-08-19T09:00:00+08:00,Asia/Shanghai,9281192003,(市)新木路新围仔村路口,0.0,0.0,13,13,good,22.6674177472887,114.13210195018992,深圳市水务局开放平台·积涝点水位
2026-08-19T09:00:00+08:00,Asia/Shanghai,9281192004,(市)布李路富民城段,0.0,0.0,13,13,good,22.618912574166664,114.11654044833332,深圳市水务局开放平台·积涝点水位
2026-08-19T09:00:00+08:00,Asia/Shanghai,9281192005,(市)龙博路,0.01,0.01,60,60,good,22.62797037826087,114.10927237391306,深圳市水务局开放平台·积涝点水位
2026-08-19T09:00:00+08:00,Asia/Shanghai,9281192006,(市)五和大道四季花城,0.0,0.0,13,13,good,22.65976725256875,114.05975735653944,深圳市水务局开放平台·积涝点水位
2026-08-19T09:00:00+08:00,Asia/Shanghai,9281192007,(市)沙西小学至南岭万家乐段,0.0043,0.01,14,14,good,,,深圳市水务局开放平台·积涝点水位
2026-08-19T09:00:00+08:00,Asia/Shanghai,9281192008,(市)南联第六工业区桥洞,0.0,0.0,12,12,good,,,深圳市水务局开放平台·积涝点水位
2026-08-19T09:00:00+08:00,Asia/Shanghai,9281192009,(市)新坡塘村新坡塘积水点,0.0,0.0,13,13,good,,,深圳市水务局开放平台·积涝点水位
2026-08-19T09:00:00+08:00,Asia/Shanghai,9281192010,(市)安良六村安业路与安居路交汇处,0.0,0.0,13,13,good,,,深圳市水务局开放平台·积涝点水位
2026-08-19T09:00:00+08:00,Asia/Shanghai,9281192011,(市)松元头,0.01,0.01,60,60,good,,,深圳市水务局开放平台·积涝点水位
2026-08-19T09:00:00+08:00,Asia/Shanghai,9281192012,(市)湖南立交,0.0,0.0,13,13,good,,,深圳市水务局开放平台·积涝点水位
2026-08-19T09:00:00+08:00,Asia/Shanghai,9281192013,(市)高背路惠盐高速桥洞积水点,0.0,0.0,13,13,good,,,深圳市水务局开放平台·积涝点水位
2026-08-19T09:00:00+08:00,Asia/Shanghai,9281192014,(市)鹤坑桥洞,0.0,0.0,13,13,good,,,深圳市水务局开放平台·积涝点水位
2026-08-19T09:00:00+08:00,Asia/Shanghai,9281192015,(市)安良社区沿河一路疏港铁路桥洞,0.01,0.01,65,65,good,22.73162335,114.107919,深圳市水务局开放平台·积涝点水位
2026-08-19T09:00:00+08:00,Asia/Shanghai,9281192016,(市)宝荷路中新加油站对面,0.0,0.0,13,13,good,22.694796752516076,114.25970116268519,深圳市水务局开放平台·积涝点水位
2026-08-19T09:00:00+08:00,Asia/Shanghai,9281192017,(市)环观南路与观平路交汇处,0.0,0.0,13,13,good,22.705673908780923,114.07279441765539,深圳市水务局开放平台·积涝点水位
2026-08-19T09:00:00+08:00,Asia/Shanghai,9281192018,(市)龙华大道库坑天桥段,0.0,0.0,13,13,good,22.669745856798677,114.03752701836405,深圳市水务局开放平台·积涝点水位
2026-08-19T09:00:00+08:00,Asia/Shanghai,9281192019,(市)福龙路高铁桥下简上段,0.017,0.06,88,88,good,22.61964472178257,114.00080097044238,深圳市水务局开放平台·积涝点水位
2026-08-19T09:00:00+08:00,Asia/Shanghai,9281192020,(市)工业路壹成中心段,0.015,0.05,42,42,good,22.648754971805,114.02570221318598,深圳市水务局开放平台·积涝点水位
2026-08-19T09:00:00+08:00,Asia/Shanghai,9281192021,(市)东环一路和平路交汇处,0.022,0.05,20,20,good,22.65040479515617,114.03284713758192,深圳市水务局开放平台·积涝点水位
2026-08-19T09:00:00+08:00,Asia/Shanghai,9281192022,(市)龙田社区大水湾,0.0,0.0,13,13,good,,,深圳市水务局开放平台·积涝点水位
2026-08-19T09:00:00+08:00,Asia/Shanghai,9281292001,(市)滨河皇岗立交桥洞,0.0,0.0,13,13,good,,,深圳市水务局开放平台·积涝点水位
2026-08-19T09:00:00+08:00,Asia/Shanghai,9281292002,(市)广深高速桥下滨海大道北侧辅道,0.01,0.01,68,68,good,22.579823080041088,114.10123773351275,深圳市水务局开放平台·积涝点水位
2026-08-19T09:00:00+08:00,Asia/Shanghai,9281292003,(市)福田区竹子林立交下穿通道,0.0,0.0,13,13,good,,,深圳市水务局开放平台·积涝点水位
2026-08-19T09:00:00+08:00,Asia/Shanghai,9281292004,(市)滨河益田立交桥洞,0.0,0.0,12,12,good,,,深圳市水务局开放平台·积涝点水位
2026-08-19T09:00:00+08:00,Asia/Shanghai,9281292005,(市)深南新洲一号立交桥洞,0.0,0.0,12,12,good,,,深圳市水务局开放平台·积涝点水位
2026-08-19T09:00:00+08:00,Asia/Shanghai,9281292006,(市)北环新洲立交东南角辅道,0.0,0.0,13,13,good,,,深圳市水务局开放平台·积涝点水位
2026-08-19T09:00:00+08:00,Asia/Shanghai,9281292007,(市)107国道新安段(裕安加油站),0.0,0.0,13,13,good,22.55254164883845,113.90816500450731,深圳市水务局开放平台·积涝点水位
2026-08-19T09:00:00+08:00,Asia/Shanghai,9281292008,洲石路鹤洲桥底（市）,0.0,0.0,13,13,good,22.651019027149744,113.88061107664711,深圳市水务局开放平台·积涝点水位
2026-08-19T09:00:00+08:00,Asia/Shanghai,9281292009,(市)帝堂路（锦程路以西段）,0.01,0.01,66,66,good,22.70987723506993,113.7784856087664,深圳市水务局开放平台·积涝点水位
2026-08-19T09:00:00+08:00,Asia/Shanghai,9281292010,(市)上星南路与中心路丽沙花都,0.0,0.0,12,12,good,22.502209013854387,113.93734688972145,深圳市水务局开放平台·积涝点水位
2026-08-19T09:00:00+08:00,Asia/Shanghai,9281292011,(市)外环路广深高速新桥立交,0.0,0.0,13,13,good,22.736379220337216,113.84591188570887,深圳市水务局开放平台·积涝点水位
2026-08-19T09:00:00+08:00,Asia/Shanghai,9281292012,(市)固戍海滨新村文昌阁,0.0,0.0,13,13,good,,,深圳市水务局开放平台·积涝点水位
2026-08-19T09:00:00+08:00,Asia/Shanghai,9281292013,(市)宝安大道固戍地铁站,0.0,0.0,12,12,good,22.64678387472509,113.8417801892837,深圳市水务局开放平台·积涝点水位
2026-08-19T09:00:00+08:00,Asia/Shanghai,9281292014,(市)G107国道南行固戍大门,0.0,0.0,16,16,good,22.55254164883845,113.90816500450731,深圳市水务局开放平台·积涝点水位
2026-08-19T09:00:00+08:00,Asia/Shanghai,9281292015,(市)东环大道松宝大道段,0.0,0.0,12,12,good,,,深圳市水务局开放平台·积涝点水位
2026-08-19T09:00:00+08:00,Asia/Shanghai,9281292016,(市)长凤路龙大高速桥底,0.0,0.0,13,13,good,22.775734215738417,113.91156092305157,深圳市水务局开放平台·积涝点水位
2026-08-19T09:00:00+08:00,Asia/Shanghai,9281292017,(市)圳美同富裕工业区,0.0,0.0,12,12,good,,,深圳市水务局开放平台·积涝点水位
2026-08-19T09:00:00+08:00,Asia/Shanghai,9281292018,(市)根玉路东方大道交汇处,0.0,0.0,11,11,good,22.763216165633853,113.85149341983029,深圳市水务局开放平台·积涝点水位
2026-08-19T09:00:00+08:00,Asia/Shanghai,9281292019,(市)上村社区龙大桥底,0.0,0.0,13,13,good,,,深圳市水务局开放平台·积涝点水位
2026-08-19T09:00:00+08:00,Asia/Shanghai,9281292020,(市)马山头社区上石家路通兴路交汇处,0.0,0.0,17,17,good,22.763999933333334,113.8915635138889,深圳市水务局开放平台·积涝点水位
2026-08-19T09:00:00+08:00,Asia/Shanghai,9281292021,(市)临海大道海关保税区,0.0,0.0,13,13,good,22.53399911521491,113.88871009435005,深圳市水务局开放平台·积涝点水位
2026-08-19T09:00:00+08:00,Asia/Shanghai,9281292022,(市)南山大道南行亿利达村段,0.0,0.0,10,10,good,22.540721694789013,113.9181638130031,深圳市水务局开放平台·积涝点水位
2026-08-19T09:00:00+08:00,Asia/Shanghai,9281292023,(市)东滨路南行华联城市山林花园段,0.0,0.0,13,13,good,22.51106546682151,113.92212734316605,深圳市水务局开放平台·积涝点水位
2026-08-19T09:00:00+08:00,Asia/Shanghai,9281292024,(市)深圳湾东滨路与中心路交叉口,0.0,0.0,13,13,good,22.51106546682151,113.92212734316605,深圳市水务局开放平台·积涝点水位
2026-08-19T09:00:00+08:00,Asia/Shanghai,MS1104403030000228,(市)红岗公园,0.0,0.0,2,2,good,,,深圳市水务局开放平台·积涝点水位
2026-08-19T09:00:00+08:00,Asia/Shanghai,MS1104403030000232,(市)沿河南路文锦路社区,0.0,0.0,16,16,good,22.550252268776845,114.11444108979862,深圳市水务局开放平台·积涝点水位
2026-08-19T09:00:00+08:00,Asia/Shanghai,MS1104403030000247,(市)深南东路黄贝岭,0.0,0.0,13,13,good,22.54661746874732,114.11811396992493,深圳市水务局开放平台·积涝点水位
2026-08-19T09:00:00+08:00,Asia/Shanghai,MS1104403030000251,(市)滨河上步立交桥,0.0,0.0,2,2,good,,,深圳市水务局开放平台·积涝点水位
2026-08-19T09:00:00+08:00,Asia/Shanghai,MS1104403030000266,(市)罗湖火车站,0.0,0.0,13,13,good,,,深圳市水务局开放平台·积涝点水位
2026-08-19T09:00:00+08:00,Asia/Shanghai,MS1104403030000270,(市)罗湖区委,0.0,0.0,2,2,good,,,深圳市水务局开放平台·积涝点水位
2026-08-19T09:00:00+08:00,Asia/Shanghai,MS1104403030000285,(市)万象城,0.01,0.01,61,61,good,,,深圳市水务局开放平台·积涝点水位
2026-08-19T09:00:00+08:00,Asia/Shanghai,MS110440303000029X,(市)洪湖地铁站D出入口,0.0,0.0,2,2,good,,,深圳市水务局开放平台·积涝点水位
2026-08-19T09:00:00+08:00,Asia/Shanghai,MS1104403030000304,(市)东湖路,0.0,0.0,5,5,good,22.582822583699635,114.1345991945055,深圳市水务局开放平台·积涝点水位
2026-08-19T09:00:00+08:00,Asia/Shanghai,MS1104403030000319,(市)桂园片区,0.0,0.0,13,13,good,,,深圳市水务局开放平台·积涝点水位
2026-08-19T09:00:00+08:00,Asia/Shanghai,MS1104403030000323,(市)晒布路与东门中路交汇处,0.01,0.01,63,63,good,22.551568716163253,114.1183832504732,深圳市水务局开放平台·积涝点水位
2026-08-19T09:00:00+08:00,Asia/Shanghai,MS1104403030000338,(市)东湖公园爱国路与太宁路路口,0.0,0.0,13,13,good,22.563633808974675,114.13329390192719,深圳市水务局开放平台·积涝点水位
2026-08-19T09:00:00+08:00,Asia/Shanghai,MS1104403030000342,(市)文锦渡口岸,0.0,0.0,2,2,good,,,深圳市水务局开放平台·积涝点水位
2026-08-19T09:00:00+08:00,Asia/Shanghai,MS1104403040000543,(市)香梅莲花路口,0.0,0.0,2,2,good,22.559401296538805,114.04793087126708,深圳市水务局开放平台·积涝点水位
2026-08-19T09:00:00+08:00,Asia/Shanghai,MS1104403040000558,(市)信托花园,0.0,0.0,15,15,good,,,深圳市水务局开放平台·积涝点水位
2026-08-19T09:00:00+08:00,Asia/Shanghai,MS1104403040000562,(市)上步红荔路口,0.0,0.0,2,2,good,22.550171284097686,114.05891535550717,深圳市水务局开放平台·积涝点水位
2026-08-19T09:00:00+08:00,Asia/Shanghai,MS1104403040000577,(市)深南皇岗立交桥与皇岗路交汇处,0.0,0.0,13,13,good,22.552167188223326,114.06774281249497,深圳市水务局开放平台·积涝点水位
2026-08-19T09:00:00+08:00,Asia/Shanghai,MS1104403040000581,(市)北环大道与梅林路交汇处,0.0,0.0,2,2,good,22.55966775704351,113.99344633894496,深圳市水务局开放平台·积涝点水位
2026-08-19T09:00:00+08:00,Asia/Shanghai,MS1104403040000596,(市)侨香路香梅社区,0.0,0.0,2,2,good,22.55158384619422,114.00624803762132,深圳市水务局开放平台·积涝点水位
2026-08-19T09:00:00+08:00,Asia/Shanghai,MS1104403040000600,(市)侨香路香安社区,0.0,0.0,2,2,good,22.55158384619422,114.00624803762132,深圳市水务局开放平台·积涝点水位
2026-08-19T09:00:00+08:00,Asia/Shanghai,MS1104403040000615,(市)市民中心,0.0,0.0,2,2,good,,,深圳市水务局开放平台·积涝点水位
2026-08-19T09:00:00+08:00,Asia/Shanghai,MS110440304000062X,(市)民田路深圳证券交易所,0.0,0.0,13,13,good,22.53903429826115,114.04781278730138,深圳市水务局开放平台·积涝点水位
2026-08-19T09:00:00+08:00,Asia/Shanghai,MS1104403040000634,(市)燃气集团股份有限公司梅林 LNG安全应急气化站,0.0,0.0,12,12,good,,,深圳市水务局开放平台·积涝点水位
2026-08-19T09:00:00+08:00,Asia/Shanghai,MS1104403040000649,(市)深南大道车公庙交通枢纽段,0.0,0.0,13,13,good,22.5420797706313,113.9753640727562,深圳市水务局开放平台·积涝点水位
2026-08-19T09:00:00+08:00,Asia/Shanghai,MS1104403050000118,(市)月亮湾大道与前湾三路交叉口,0.0,0.0,2,2,good,22.511993391395155,113.8903078293519,深圳市水务局开放平台·积涝点水位
2026-08-19T09:00:00+08:00,Asia/Shanghai,MS1104403050000122,(市)南山大道深意工业大厦段,0.0,0.0,13,13,good,22.540721694789013,113.9181638130031,深圳市水务局开放平台·积涝点水位
2026-08-19T09:00:00+08:00,Asia/Shanghai,MS1104403050000137,(市)南山大道与登良路交叉口,0.0,0.0,2,2,good,22.540721694789013,113.9181638130031,深圳市水务局开放平台·积涝点水位
2026-08-19T09:00:00+08:00,Asia/Shanghai,MS1104403050000141,(市)南新路北头豪苑,0.0,0.0,2,2,good,22.535707366852186,113.92452459612443,深圳市水务局开放平台·积涝点水位
2026-08-19T09:00:00+08:00,Asia/Shanghai,MS1104403050000156,(市)滨海大道与南山大道交叉口,0.0,0.0,2,2,good,22.579823080041088,114.10123773351275,深圳市水务局开放平台·积涝点水位
2026-08-19T09:00:00+08:00,Asia/Shanghai,MS1104403050000160,(市)桃园路与南新路交叉口,0.0,0.0,2,2,good,22.535395972003414,113.91852837514443,深圳市水务局开放平台·积涝点水位
2026-08-19T09:00:00+08:00,Asia/Shanghai,MS1104403050000175,(市)后海大道与登良路交叉口,0.0032,0.01,19,19,good,22.51179221810604,113.92884393579894,深圳市水务局开放平台·积涝点水位
2026-08-19T09:00:00+08:00,Asia/Shanghai,MS110440305000018X,(市)后海大道港湾创业大厦,0.0,0.0,13,13,good,22.51179221810604,113.92884393579894,深圳市水务局开放平台·积涝点水位
2026-08-19T09:00:00+08:00,Asia/Shanghai,MS1104403050000194,(市)深南大道高新园地铁 AD 口,0.0,0.0,12,12,good,22.5420797706313,113.9753640727562,深圳市水务局开放平台·积涝点水位
2026-08-19T09:00:00+08:00,Asia/Shanghai,MS1104403050000209,(市)深圳湾口岸,0.0,0.0,2,2,good,,,深圳市水务局开放平台·积涝点水位
2026-08-19T09:00:00+08:00,Asia/Shanghai,MS1104403050000213,(市)前湾公园地铁站 A 出入口,0.0,0.0,13,13,good,,,深圳市水务局开放平台·积涝点水位
2026-08-19T09:00:00+08:00,Asia/Shanghai,MS1104403050000228,(市)粤海门地铁站 D2 出入口,0.0,0.0,13,13,good,,,深圳市水务局开放平台·积涝点水位
2026-08-19T09:00:00+08:00,Asia/Shanghai,MS1104403050000232,(市)桂庙路地下道路,0.0,0.0,13,13,good,22.52643977555155,113.91686609460196,深圳市水务局开放平台·积涝点水位
2026-08-19T09:00:00+08:00,Asia/Shanghai,MS1104403050000247,(市)国家超级计算深圳中心,0.0,0.0,16,16,good,,,深圳市水务局开放平台·积涝点水位
2026-08-19T09:00:00+08:00,Asia/Shanghai,MS110440306000029X,(市)辛养旧村辛居路,0.0,0.0,2,2,good,,,深圳市水务局开放平台·积涝点水位
2026-08-19T09:00:00+08:00,Asia/Shanghai,MS1104403060000304,(市)山门第三工业区,0.0,0.0,2,2,good,,,深圳市水务局开放平台·积涝点水位
2026-08-19T09:00:00+08:00,Asia/Shanghai,MS1104403060000319,(市)前进一路上川路口,0.0,0.0,13,13,good,22.57118007860348,113.90008995469552,深圳市水务局开放平台·积涝点水位
2026-08-19T09:00:00+08:00,Asia/Shanghai,MS1104403060000323,(市)洪浪北地铁站,0.0,0.0,13,13,good,,,深圳市水务局开放平台·积涝点水位
2026-08-19T09:00:00+08:00,Asia/Shanghai,MS1104403060000338,(市)东风幼儿园,0.0,0.0,2,2,good,,,深圳市水务局开放平台·积涝点水位
2026-08-19T09:00:00+08:00,Asia/Shanghai,MS1104403060000342,(市)海乐41区,0.0,0.0,2,2,good,,,深圳市水务局开放平台·积涝点水位
2026-08-19T09:00:00+08:00,Asia/Shanghai,MS1104403060000357,(市)前进二路,0.0,0.0,2,2,good,22.597482662679273,113.87435005513986,深圳市水务局开放平台·积涝点水位
2026-08-19T09:00:00+08:00,Asia/Shanghai,MS1104403060000361,(市)园岭商场,0.0,0.0,12,12,good,,,深圳市水务局开放平台·积涝点水位
2026-08-19T09:00:00+08:00,Asia/Shanghai,MS1104403060000376,(市)新圳西路万佳商场段,0.0,0.0,6,6,good,22.56349644,113.89998969999999,深圳市水务局开放平台·积涝点水位
2026-08-19T09:00:00+08:00,Asia/Shanghai,MS1104403060000380,(市)北环路与爱群路路口,0.0,0.0,13,13,good,22.79634568700108,114.39897783430258,深圳市水务局开放平台·积涝点水位
2026-08-19T09:00:00+08:00,Asia/Shanghai,MS1104403060000395,(市)宝安区幸福路与恒珠一路,0.0,0.0,2,2,good,,,深圳市水务局开放平台·积涝点水位
2026-08-19T09:00:00+08:00,Asia/Shanghai,MS110440306000040X,(市)宝安区勋业街,0.0,0.0,2,2,good,,,深圳市水务局开放平台·积涝点水位
2026-08-19T09:00:00+08:00,Asia/Shanghai,MS1104403060000414,(市)宝安区福和路西六巷,0.0,0.0,16,16,good,22.75496986065163,113.7975587837876,深圳市水务局开放平台·积涝点水位
2026-08-19T09:00:00+08:00,Asia/Shanghai,MS1104403060000429,(市)民福路与创新路交叉口,0.0,0.0,13,13,good,22.77931941488889,113.82386091368804,深圳市水务局开放平台·积涝点水位
2026-08-19T09:00:00+08:00,Asia/Shanghai,MS1104403060000433,(市)金沙二路与民福路交叉口,0.0,0.0,2,2,good,22.731531574999998,113.800096525,深圳市水务局开放平台·积涝点水位
2026-08-19T09:00:00+08:00,Asia/Shanghai,MS1104403060000448,(市)宝安区沙井西环路正科时代,0.0,0.0,2,2,good,22.658437552805964,113.96411546099013,深圳市水务局开放平台·积涝点水位
2026-08-19T09:00:00+08:00,Asia/Shanghai,MS1104403060000452,(市)宝源路固戍海滨公园,0.0,0.0,13,13,good,22.58668431255461,113.84584894450396,深圳市水务局开放平台·积涝点水位
2026-08-19T09:00:00+08:00,Asia/Shanghai,MS1104403060000467,(市)海雅缤纷城,0.0076,0.01,59,59,good,,,深圳市水务局开放平台·积涝点水位
2026-08-19T09:00:00+08:00,Asia/Shanghai,MS1104403060000471,(市)万达广场,0.0,0.0,2,2,good,,,深圳市水务局开放平台·积涝点水位
2026-08-19T09:00:00+08:00,Asia/Shanghai,MS1104403060000486,(市)固戍地铁站 A/F 出入口,0.0,0.0,11,11,good,,,深圳市水务局开放平台·积涝点水位
2026-08-19T09:00:00+08:00,Asia/Shanghai,MS1104403060000490,(市)碧海湾地铁站 B 出入口,0.0,0.0,17,17,good,,,深圳市水务局开放平台·积涝点水位
2026-08-19T09:00:00+08:00,Asia/Shanghai,MS1104403060000505,(市)海天路地下隧道,0.0,0.0,13,13,good,22.549962987088094,113.87889692546018,深圳市水务局开放平台·积涝点水位
2026-08-19T09:00:00+08:00,Asia/Shanghai,MS1104403070000175,(市)龙平西路新秀社区公园,0.0,0.0,2,2,good,22.731009781031894,114.22605984524496,深圳市水务局开放平台·积涝点水位
2026-08-19T09:00:00+08:00,Asia/Shanghai,MS110440307000018X,(市)如意路广发银行奥林支行,0.0,0.0,13,13,good,22.697841456213258,114.19931100734046,深圳市水务局开放平台·积涝点水位
2026-08-19T09:00:00+08:00,Asia/Shanghai,MS1104403070000194,(市)龙翔大道与龙城大道交汇处,0.0,0.0,13,13,good,22.708452173199664,114.22855732448205,深圳市水务局开放平台·积涝点水位
2026-08-19T09:00:00+08:00,Asia/Shanghai,MS1104403070000209,(市)龙城大道与龙平东路交汇处,0.0,0.0,13,13,good,22.734070392016967,114.26268655089929,深圳市水务局开放平台·积涝点水位
2026-08-19T09:00:00+08:00,Asia/Shanghai,MS1104403070000213,(市)龙西中路与盐龙大道交汇处,0.0,0.0,13,13,good,22.75103177856142,114.25588661241065,深圳市水务局开放平台·积涝点水位
2026-08-19T09:00:00+08:00,Asia/Shanghai,MS1104403070000228,(市)爱南路与深汕公路交汇处,0.0,0.0,13,13,good,22.709133830928806,114.31382413715897,深圳市水务局开放平台·积涝点水位
2026-08-19T09:00:00+08:00,Asia/Shanghai,MS1104403070000232,(市)园新路与乐园路交汇处,0.0,0.0,13,13,good,22.714932425,114.3001758,深圳市水务局开放平台·积涝点水位
2026-08-19T09:00:00+08:00,Asia/Shanghai,MS1104403070000247,(市)长深高速四方埔社区,0.0,0.0,2,2,good,22.785453209312927,114.3238491191703,深圳市水务局开放平台·积涝点水位
2026-08-19T09:00:00+08:00,Asia/Shanghai,MS1104403070000251,(市)龙岗区政府,0.0,0.0,16,16,good,,,深圳市水务局开放平台·积涝点水位
2026-08-19T09:00:00+08:00,Asia/Shanghai,MS1104403070000266,(市)五和地铁站H出入口,0.0,0.0,13,13,good,,,深圳市水务局开放平台·积涝点水位
2026-08-19T09:00:00+08:00,Asia/Shanghai,MS1104403070000270,(市)长龙地铁站C2出入口,0.0,0.0,2,2,good,,,深圳市水务局开放平台·积涝点水位
2026-08-19T09:00:00+08:00,Asia/Shanghai,MS1104403070000285,(市)育贤学校、童星幼儿园,0.0,0.0,13,13,good,,,深圳市水务局开放平台·积涝点水位
2026-08-19T09:00:00+08:00,Asia/Shanghai,MS110440307000029X,(市)深圳远东妇产医院,0.0,0.0,13,13,good,,,深圳市水务局开放平台·积涝点水位
2026-08-19T09:00:00+08:00,Asia/Shanghai,MS1104403070000304,(市)英才学校,0.0,0.0,13,13,good,,,深圳市水务局开放平台·积涝点水位
2026-08-19T09:00:00+08:00,Asia/Shanghai,MS1104403070000319,(市)吉榕路桥洞,0.0,0.0,13,13,good,,,深圳市水务局开放平台·积涝点水位
2026-08-19T09:00:00+08:00,Asia/Shanghai,MS1104403070000323,(市)京南路,0.0,0.0,2,2,good,22.602818284523806,114.12130894517196,深圳市水务局开放平台·积涝点水位
2026-08-19T09:00:00+08:00,Asia/Shanghai,MS1104403070000338,(市)布澜路国芬路口,0.0,0.0,2,2,good,22.635311170786817,114.12784150313183,深圳市水务局开放平台·积涝点水位
2026-08-19T09:00:00+08:00,Asia/Shanghai,MS1104403070000342,(市)布吉站（深圳东站）,0.0,0.0,2,2,good,,,深圳市水务局开放平台·积涝点水位
2026-08-19T09:00:00+08:00,Asia/Shanghai,MS1104403080000012,(市)金融路海涛路口片区,0.0,0.0,13,13,good,22.553642038690473,114.22939035281746,深圳市水务局开放平台·积涝点水位
2026-08-19T09:00:00+08:00,Asia/Shanghai,MS1104403080000027,(市)沙头角口岸小区,0.0,0.0,13,13,good,,,深圳市水务局开放平台·积涝点水位
2026-08-19T09:00:00+08:00,Asia/Shanghai,MS1104403080000031,(市)桥东街小区,0.0,0.0,13,13,good,,,深圳市水务局开放平台·积涝点水位
2026-08-19T09:00:00+08:00,Asia/Shanghai,MS1104403090000065,(市)泗黎路凹背社区富坑社区,0.0,0.0,2,2,good,22.753687171367037,114.03385655648283,深圳市水务局开放平台·积涝点水位
2026-08-19T09:00:00+08:00,Asia/Shanghai,MS110440309000007X,(市)银星科技园,0.0,0.0,2,2,good,,,深圳市水务局开放平台·积涝点水位
2026-08-19T09:00:00+08:00,Asia/Shanghai,MS1104403090000084,(市)观光路与福前路交汇处,0.0,0.0,2,2,good,22.733179257314486,114.01274963079653,深圳市水务局开放平台·积涝点水位
2026-08-19T09:00:00+08:00,Asia/Shanghai,MS1104403090000099,(市)三联社区,0.0,0.0,13,13,good,,,深圳市水务局开放平台·积涝点水位
2026-08-19T09:00:00+08:00,Asia/Shanghai,MS1104403090000103,(市)布龙路与五和大道交汇处,0.0,0.0,13,13,good,22.646750702555874,114.02665721385576,深圳市水务局开放平台·积涝点水位
2026-08-19T09:00:00+08:00,Asia/Shanghai,MS1104403090000118,(市)新区大道深圳北站,0.0,0.0,17,17,good,22.624351465560785,114.01682556681699,深圳市水务局开放平台·积涝点水位
2026-08-19T09:00:00+08:00,Asia/Shanghai,MS1104403090000122,(市)龙华壹方成,0.0,0.0,13,13,good,,,深圳市水务局开放平台·积涝点水位
2026-08-19T09:00:00+08:00,Asia/Shanghai,MS1104403090000137,(市)昌茂二路,0.0,0.0,13,13,good,,,深圳市水务局开放平台·积涝点水位
2026-08-19T09:00:00+08:00,Asia/Shanghai,MS1104403090000141,(市)大浪新围街大船坑市场段,0.0,0.0,13,13,good,22.692058934615382,113.9964102346154,深圳市水务局开放平台·积涝点水位
2026-08-19T09:00:00+08:00,Asia/Shanghai,MS1104403100000028,(市)坪山法院门口,0.0,0.0,2,2,good,,,深圳市水务局开放平台·积涝点水位
2026-08-19T09:00:00+08:00,Asia/Shanghai,MS1104403100000032,(市)秀沙路比亚迪厂门前,0.0,0.0,13,13,good,22.767995359829058,114.39900074224022,深圳市水务局开放平台·积涝点水位
2026-08-19T09:00:00+08:00,Asia/Shanghai,MS1104403100000047,(市)群代路金泰航科技,0.01,0.01,62,62,good,,,深圳市水务局开放平台·积涝点水位
2026-08-19T09:00:00+08:00,Asia/Shanghai,MS1104403100000051,(市)三洋湖路三洋湖新区小区,0.019,0.05,31,31,good,,,深圳市水务局开放平台·积涝点水位
2026-08-19T09:00:00+08:00,Asia/Shanghai,MS1104403100000066,(市)文化中心地铁站,0.0,0.0,13,13,good,,,深圳市水务局开放平台·积涝点水位
2026-08-19T09:00:00+08:00,Asia/Shanghai,MS1104403110000597,(市)东长路外环高速长圳入口,0.0,0.0,13,13,good,22.747509018088216,113.91221411091422,深圳市水务局开放平台·积涝点水位
2026-08-19T09:00:00+08:00,Asia/Shanghai,MS1104403110000601,(市)光侨雅苑,0.0,0.0,2,2,good,,,深圳市水务局开放平台·积涝点水位
2026-08-19T09:00:00+08:00,Asia/Shanghai,MS1104403110000616,(市)同观路与汇融路交叉口,0.0,0.0,2,2,good,22.734039598507852,113.91441943299901,深圳市水务局开放平台·积涝点水位
2026-08-19T09:00:00+08:00,Asia/Shanghai,MS1104403110000620,(市)松白路松茂御城段,0.0,0.0,2,2,good,22.731110627923336,113.894856941127,深圳市水务局开放平台·积涝点水位
2026-08-19T09:00:00+08:00,Asia/Shanghai,MS1104403110000635,(市)公常路与环村路交叉口,0.0,0.0,13,13,good,22.826648407959507,113.95688701032125,深圳市水务局开放平台·积涝点水位
2026-08-19T09:00:00+08:00,Asia/Shanghai,MS110440311000064X,(市)光明区高级中学,0.0,0.0,2,2,good,,,深圳市水务局开放平台·积涝点水位
2026-08-19T09:00:00+08:00,Asia/Shanghai,MS1104403120000032,(市)大鹏液化天然气有限公司深圳接收站,0.0,0.0,13,13,good,,,深圳市水务局开放平台·积涝点水位
2026-08-19T10:00:00+08:00,Asia/Shanghai,9281192001,(市)平湖火车隧道口,0.016,0.05,20,20,good,,,深圳市水务局开放平台·积涝点水位
2026-08-19T10:00:00+08:00,Asia/Shanghai,9281192002,(市)新木路广深铁路桥底,0.0095,0.03,22,22,good,22.6674177472887,114.13210195018992,深圳市水务局开放平台·积涝点水位
2026-08-19T10:00:00+08:00,Asia/Shanghai,9281192003,(市)新木路新围仔村路口,0.0218,0.1,56,56,good,22.6674177472887,114.13210195018992,深圳市水务局开放平台·积涝点水位
2026-08-19T10:00:00+08:00,Asia/Shanghai,9281192004,(市)布李路富民城段,0.0,0.0,13,13,good,22.618912574166664,114.11654044833332,深圳市水务局开放平台·积涝点水位
2026-08-19T10:00:00+08:00,Asia/Shanghai,9281192005,(市)龙博路,0.01,0.01,63,63,good,22.62797037826087,114.10927237391306,深圳市水务局开放平台·积涝点水位
2026-08-19T10:00:00+08:00,Asia/Shanghai,9281192006,(市)五和大道四季花城,0.0,0.0,7,7,good,22.65976725256875,114.05975735653944,深圳市水务局开放平台·积涝点水位
2026-08-19T10:00:00+08:00,Asia/Shanghai,9281192007,(市)沙西小学至南岭万家乐段,0.005,0.01,40,40,good,,,深圳市水务局开放平台·积涝点水位
2026-08-19T10:00:00+08:00,Asia/Shanghai,9281192008,(市)南联第六工业区桥洞,0.0,0.0,16,16,good,,,深圳市水务局开放平台·积涝点水位
2026-08-19T10:00:00+08:00,Asia/Shanghai,9281192009,(市)新坡塘村新坡塘积水点,0.0,0.0,13,13,good,,,深圳市水务局开放平台·积涝点水位
2026-08-19T10:00:00+08:00,Asia/Shanghai,9281192010,(市)安良六村安业路与安居路交汇处,0.0,0.0,13,13,good,,,深圳市水务局开放平台·积涝点水位
2026-08-19T10:00:00+08:00,Asia/Shanghai,9281192011,(市)松元头,0.01,0.01,64,64,good,,,深圳市水务局开放平台·积涝点水位
2026-08-19T10:00:00+08:00,Asia/Shanghai,9281192012,(市)湖南立交,0.0,0.0,13,13,good,,,深圳市水务局开放平台·积涝点水位
2026-08-19T10:00:00+08:00,Asia/Shanghai,9281192013,(市)高背路惠盐高速桥洞积水点,0.0,0.0,12,12,good,,,深圳市水务局开放平台·积涝点水位
2026-08-19T10:00:00+08:00,Asia/Shanghai,9281192014,(市)鹤坑桥洞,0.0,0.0,13,13,good,,,深圳市水务局开放平台·积涝点水位
2026-08-19T10:00:00+08:00,Asia/Shanghai,9281192015,(市)安良社区沿河一路疏港铁路桥洞,0.01,0.01,61,61,good,22.73162335,114.107919,深圳市水务局开放平台·积涝点水位
2026-08-19T10:00:00+08:00,Asia/Shanghai,9281192016,(市)宝荷路中新加油站对面,0.0,0.0,13,13,good,22.694796752516076,114.25970116268519,深圳市水务局开放平台·积涝点水位
2026-08-19T10:00:00+08:00,Asia/Shanghai,9281192017,(市)环观南路与观平路交汇处,0.0,0.0,13,13,good,22.705673908780923,114.07279441765539,深圳市水务局开放平台·积涝点水位
2026-08-19T10:00:00+08:00,Asia/Shanghai,9281192018,(市)龙华大道库坑天桥段,0.0,0.0,13,13,good,22.669745856798677,114.03752701836405,深圳市水务局开放平台·积涝点水位
2026-08-19T10:00:00+08:00,Asia/Shanghai,9281192019,(市)福龙路高铁桥下简上段,0.0261,0.05,18,18,good,22.61964472178257,114.00080097044238,深圳市水务局开放平台·积涝点水位
2026-08-19T10:00:00+08:00,Asia/Shanghai,9281192020,(市)工业路壹成中心段,0.0079,0.01,61,61,good,22.648754971805,114.02570221318598,深圳市水务局开放平台·积涝点水位
2026-08-19T10:00:00+08:00,Asia/Shanghai,9281192021,(市)东环一路和平路交汇处,0.0,0.0,14,14,good,22.65040479515617,114.03284713758192,深圳市水务局开放平台·积涝点水位
2026-08-19T10:00:00+08:00,Asia/Shanghai,9281192022,(市)龙田社区大水湾,0.0,0.0,13,13,good,,,深圳市水务局开放平台·积涝点水位
2026-08-19T10:00:00+08:00,Asia/Shanghai,9281292001,(市)滨河皇岗立交桥洞,0.0,0.0,13,13,good,,,深圳市水务局开放平台·积涝点水位
2026-08-19T10:00:00+08:00,Asia/Shanghai,9281292002,(市)广深高速桥下滨海大道北侧辅道,0.01,0.01,59,59,good,22.579823080041088,114.10123773351275,深圳市水务局开放平台·积涝点水位
2026-08-19T10:00:00+08:00,Asia/Shanghai,9281292003,(市)福田区竹子林立交下穿通道,0.0,0.0,13,13,good,,,深圳市水务局开放平台·积涝点水位
2026-08-19T10:00:00+08:00,Asia/Shanghai,9281292004,(市)滨河益田立交桥洞,0.0,0.0,13,13,good,,,深圳市水务局开放平台·积涝点水位
2026-08-19T10:00:00+08:00,Asia/Shanghai,9281292005,(市)深南新洲一号立交桥洞,0.0,0.0,13,13,good,,,深圳市水务局开放平台·积涝点水位
2026-08-19T10:00:00+08:00,Asia/Shanghai,9281292006,(市)北环新洲立交东南角辅道,0.0,0.0,12,12,good,,,深圳市水务局开放平台·积涝点水位
2026-08-19T10:00:00+08:00,Asia/Shanghai,9281292007,(市)107国道新安段(裕安加油站),0.0,0.0,13,13,good,22.55254164883845,113.90816500450731,深圳市水务局开放平台·积涝点水位
2026-08-19T10:00:00+08:00,Asia/Shanghai,9281292008,洲石路鹤洲桥底（市）,0.0,0.0,12,12,good,22.651019027149744,113.88061107664711,深圳市水务局开放平台·积涝点水位
2026-08-19T10:00:00+08:00,Asia/Shanghai,9281292009,(市)帝堂路（锦程路以西段）,0.01,0.01,61,61,good,22.70987723506993,113.7784856087664,深圳市水务局开放平台·积涝点水位
2026-08-19T10:00:00+08:00,Asia/Shanghai,9281292010,(市)上星南路与中心路丽沙花都,0.0,0.0,13,13,good,22.502209013854387,113.93734688972145,深圳市水务局开放平台·积涝点水位
2026-08-19T10:00:00+08:00,Asia/Shanghai,9281292011,(市)外环路广深高速新桥立交,0.0,0.0,13,13,good,22.736379220337216,113.84591188570887,深圳市水务局开放平台·积涝点水位
2026-08-19T10:00:00+08:00,Asia/Shanghai,9281292012,(市)固戍海滨新村文昌阁,0.0,0.0,13,13,good,,,深圳市水务局开放平台·积涝点水位
2026-08-19T10:00:00+08:00,Asia/Shanghai,9281292013,(市)宝安大道固戍地铁站,0.0,0.0,13,13,good,22.64678387472509,113.8417801892837,深圳市水务局开放平台·积涝点水位
2026-08-19T10:00:00+08:00,Asia/Shanghai,9281292014,(市)G107国道南行固戍大门,0.0,0.0,13,13,good,22.55254164883845,113.90816500450731,深圳市水务局开放平台·积涝点水位
2026-08-19T10:00:00+08:00,Asia/Shanghai,9281292015,(市)东环大道松宝大道段,0.0,0.0,12,12,good,,,深圳市水务局开放平台·积涝点水位
2026-08-19T10:00:00+08:00,Asia/Shanghai,9281292016,(市)长凤路龙大高速桥底,0.0,0.0,13,13,good,22.775734215738417,113.91156092305157,深圳市水务局开放平台·积涝点水位
2026-08-19T10:00:00+08:00,Asia/Shanghai,9281292017,(市)圳美同富裕工业区,0.0,0.0,13,13,good,,,深圳市水务局开放平台·积涝点水位
2026-08-19T10:00:00+08:00,Asia/Shanghai,9281292018,(市)根玉路东方大道交汇处,0.0,0.0,12,12,good,22.763216165633853,113.85149341983029,深圳市水务局开放平台·积涝点水位
2026-08-19T10:00:00+08:00,Asia/Shanghai,9281292019,(市)上村社区龙大桥底,0.0,0.0,13,13,good,,,深圳市水务局开放平台·积涝点水位
2026-08-19T10:00:00+08:00,Asia/Shanghai,9281292020,(市)马山头社区上石家路通兴路交汇处,0.0,0.0,12,12,good,22.763999933333334,113.8915635138889,深圳市水务局开放平台·积涝点水位
2026-08-19T10:00:00+08:00,Asia/Shanghai,9281292021,(市)临海大道海关保税区,0.0,0.0,13,13,good,22.53399911521491,113.88871009435005,深圳市水务局开放平台·积涝点水位
2026-08-19T10:00:00+08:00,Asia/Shanghai,9281292022,(市)南山大道南行亿利达村段,0.0014,0.01,14,14,good,22.540721694789013,113.9181638130031,深圳市水务局开放平台·积涝点水位
2026-08-19T10:00:00+08:00,Asia/Shanghai,9281292023,(市)东滨路南行华联城市山林花园段,0.0,0.0,13,13,good,22.51106546682151,113.92212734316605,深圳市水务局开放平台·积涝点水位
2026-08-19T10:00:00+08:00,Asia/Shanghai,9281292024,(市)深圳湾东滨路与中心路交叉口,0.0,0.0,13,13,good,22.51106546682151,113.92212734316605,深圳市水务局开放平台·积涝点水位
2026-08-19T10:00:00+08:00,Asia/Shanghai,MS1104403030000228,(市)红岗公园,0.0,0.0,2,2,good,,,深圳市水务局开放平台·积涝点水位
2026-08-19T10:00:00+08:00,Asia/Shanghai,MS1104403030000232,(市)沿河南路文锦路社区,0.0,0.0,13,13,good,22.550252268776845,114.11444108979862,深圳市水务局开放平台·积涝点水位
2026-08-19T10:00:00+08:00,Asia/Shanghai,MS1104403030000247,(市)深南东路黄贝岭,0.0,0.0,13,13,good,22.54661746874732,114.11811396992493,深圳市水务局开放平台·积涝点水位
2026-08-19T10:00:00+08:00,Asia/Shanghai,MS1104403030000251,(市)滨河上步立交桥,0.0,0.0,2,2,good,,,深圳市水务局开放平台·积涝点水位
2026-08-19T10:00:00+08:00,Asia/Shanghai,MS1104403030000266,(市)罗湖火车站,0.0,0.0,13,13,good,,,深圳市水务局开放平台·积涝点水位
2026-08-19T10:00:00+08:00,Asia/Shanghai,MS1104403030000270,(市)罗湖区委,0.0,0.0,2,2,good,,,深圳市水务局开放平台·积涝点水位
2026-08-19T10:00:00+08:00,Asia/Shanghai,MS1104403030000285,(市)万象城,0.01,0.01,61,61,good,,,深圳市水务局开放平台·积涝点水位
2026-08-19T10:00:00+08:00,Asia/Shanghai,MS110440303000029X,(市)洪湖地铁站D出入口,0.0,0.0,2,2,good,,,深圳市水务局开放平台·积涝点水位
2026-08-19T10:00:00+08:00,Asia/Shanghai,MS1104403030000304,(市)东湖路,0.0,0.0,5,5,good,22.582822583699635,114.1345991945055,深圳市水务局开放平台·积涝点水位
2026-08-19T10:00:00+08:00,Asia/Shanghai,MS1104403030000319,(市)桂园片区,0.0,0.0,13,13,good,,,深圳市水务局开放平台·积涝点水位
2026-08-19T10:00:00+08:00,Asia/Shanghai,MS1104403030000323,(市)晒布路与东门中路交汇处,0.01,0.01,61,61,good,22.551568716163253,114.1183832504732,深圳市水务局开放平台·积涝点水位
2026-08-19T10:00:00+08:00,Asia/Shanghai,MS1104403030000338,(市)东湖公园爱国路与太宁路路口,0.0,0.0,13,13,good,22.563633808974675,114.13329390192719,深圳市水务局开放平台·积涝点水位
2026-08-19T10:00:00+08:00,Asia/Shanghai,MS1104403030000342,(市)文锦渡口岸,0.0,0.0,2,2,good,,,深圳市水务局开放平台·积涝点水位
2026-08-19T10:00:00+08:00,Asia/Shanghai,MS1104403040000543,(市)香梅莲花路口,0.0,0.0,2,2,good,22.559401296538805,114.04793087126708,深圳市水务局开放平台·积涝点水位
2026-08-19T10:00:00+08:00,Asia/Shanghai,MS1104403040000558,(市)信托花园,0.0,0.0,12,12,good,,,深圳市水务局开放平台·积涝点水位
2026-08-19T10:00:00+08:00,Asia/Shanghai,MS1104403040000562,(市)上步红荔路口,0.0,0.0,2,2,good,22.550171284097686,114.05891535550717,深圳市水务局开放平台·积涝点水位
2026-08-19T10:00:00+08:00,Asia/Shanghai,MS1104403040000577,(市)深南皇岗立交桥与皇岗路交汇处,0.0,0.0,13,13,good,22.552167188223326,114.06774281249497,深圳市水务局开放平台·积涝点水位
2026-08-19T10:00:00+08:00,Asia/Shanghai,MS1104403040000581,(市)北环大道与梅林路交汇处,0.0,0.0,2,2,good,22.55966775704351,113.99344633894496,深圳市水务局开放平台·积涝点水位
2026-08-19T10:00:00+08:00,Asia/Shanghai,MS1104403040000596,(市)侨香路香梅社区,0.0,0.0,2,2,good,22.55158384619422,114.00624803762132,深圳市水务局开放平台·积涝点水位
2026-08-19T10:00:00+08:00,Asia/Shanghai,MS1104403040000600,(市)侨香路香安社区,0.0,0.0,2,2,good,22.55158384619422,114.00624803762132,深圳市水务局开放平台·积涝点水位
2026-08-19T10:00:00+08:00,Asia/Shanghai,MS1104403040000615,(市)市民中心,0.0,0.0,2,2,good,,,深圳市水务局开放平台·积涝点水位
2026-08-19T10:00:00+08:00,Asia/Shanghai,MS110440304000062X,(市)民田路深圳证券交易所,0.0,0.0,13,13,good,22.53903429826115,114.04781278730138,深圳市水务局开放平台·积涝点水位
2026-08-19T10:00:00+08:00,Asia/Shanghai,MS1104403040000634,(市)燃气集团股份有限公司梅林 LNG安全应急气化站,0.0,0.0,13,13,good,,,深圳市水务局开放平台·积涝点水位
2026-08-19T10:00:00+08:00,Asia/Shanghai,MS1104403040000649,(市)深南大道车公庙交通枢纽段,0.0,0.0,13,13,good,22.5420797706313,113.9753640727562,深圳市水务局开放平台·积涝点水位
2026-08-19T10:00:00+08:00,Asia/Shanghai,MS1104403050000118,(市)月亮湾大道与前湾三路交叉口,0.0,0.0,2,2,good,22.511993391395155,113.8903078293519,深圳市水务局开放平台·积涝点水位
2026-08-19T10:00:00+08:00,Asia/Shanghai,MS1104403050000122,(市)南山大道深意工业大厦段,0.0,0.0,13,13,good,22.540721694789013,113.9181638130031,深圳市水务局开放平台·积涝点水位
2026-08-19T10:00:00+08:00,Asia/Shanghai,MS1104403050000137,(市)南山大道与登良路交叉口,0.0,0.0,2,2,good,22.540721694789013,113.9181638130031,深圳市水务局开放平台·积涝点水位
2026-08-19T10:00:00+08:00,Asia/Shanghai,MS1104403050000141,(市)南新路北头豪苑,0.0,0.0,2,2,good,22.535707366852186,113.92452459612443,深圳市水务局开放平台·积涝点水位
2026-08-19T10:00:00+08:00,Asia/Shanghai,MS1104403050000156,(市)滨海大道与南山大道交叉口,0.0,0.0,2,2,good,22.579823080041088,114.10123773351275,深圳市水务局开放平台·积涝点水位
2026-08-19T10:00:00+08:00,Asia/Shanghai,MS1104403050000160,(市)桃园路与南新路交叉口,0.0,0.0,2,2,good,22.535395972003414,113.91852837514443,深圳市水务局开放平台·积涝点水位
2026-08-19T10:00:00+08:00,Asia/Shanghai,MS1104403050000175,(市)后海大道与登良路交叉口,0.0,0.0,13,13,good,22.51179221810604,113.92884393579894,深圳市水务局开放平台·积涝点水位
2026-08-19T10:00:00+08:00,Asia/Shanghai,MS110440305000018X,(市)后海大道港湾创业大厦,0.0,0.0,12,12,good,22.51179221810604,113.92884393579894,深圳市水务局开放平台·积涝点水位
2026-08-19T10:00:00+08:00,Asia/Shanghai,MS1104403050000194,(市)深南大道高新园地铁 AD 口,0.0,0.0,13,13,good,22.5420797706313,113.9753640727562,深圳市水务局开放平台·积涝点水位
2026-08-19T10:00:00+08:00,Asia/Shanghai,MS1104403050000209,(市)深圳湾口岸,0.0,0.0,2,2,good,,,深圳市水务局开放平台·积涝点水位
2026-08-19T10:00:00+08:00,Asia/Shanghai,MS1104403050000213,(市)前湾公园地铁站 A 出入口,0.0,0.0,13,13,good,,,深圳市水务局开放平台·积涝点水位
2026-08-19T10:00:00+08:00,Asia/Shanghai,MS1104403050000228,(市)粤海门地铁站 D2 出入口,0.0,0.0,12,12,good,,,深圳市水务局开放平台·积涝点水位
2026-08-19T10:00:00+08:00,Asia/Shanghai,MS1104403050000232,(市)桂庙路地下道路,0.0,0.0,13,13,good,22.52643977555155,113.91686609460196,深圳市水务局开放平台·积涝点水位
2026-08-19T10:00:00+08:00,Asia/Shanghai,MS1104403050000247,(市)国家超级计算深圳中心,0.0,0.0,13,13,good,,,深圳市水务局开放平台·积涝点水位
2026-08-19T10:00:00+08:00,Asia/Shanghai,MS110440306000029X,(市)辛养旧村辛居路,0.0,0.0,2,2,good,,,深圳市水务局开放平台·积涝点水位
2026-08-19T10:00:00+08:00,Asia/Shanghai,MS1104403060000304,(市)山门第三工业区,0.0,0.0,2,2,good,,,深圳市水务局开放平台·积涝点水位
2026-08-19T10:00:00+08:00,Asia/Shanghai,MS1104403060000319,(市)前进一路上川路口,0.0,0.0,13,13,good,22.57118007860348,113.90008995469552,深圳市水务局开放平台·积涝点水位
2026-08-19T10:00:00+08:00,Asia/Shanghai,MS1104403060000323,(市)洪浪北地铁站,0.0,0.0,13,13,good,,,深圳市水务局开放平台·积涝点水位
2026-08-19T10:00:00+08:00,Asia/Shanghai,MS1104403060000338,(市)东风幼儿园,0.0,0.0,2,2,good,,,深圳市水务局开放平台·积涝点水位
2026-08-19T10:00:00+08:00,Asia/Shanghai,MS1104403060000342,(市)海乐41区,0.0,0.0,2,2,good,,,深圳市水务局开放平台·积涝点水位
2026-08-19T10:00:00+08:00,Asia/Shanghai,MS1104403060000357,(市)前进二路,0.0,0.0,2,2,good,22.597482662679273,113.87435005513986,深圳市水务局开放平台·积涝点水位
2026-08-19T10:00:00+08:00,Asia/Shanghai,MS1104403060000361,(市)园岭商场,0.0,0.0,13,13,good,,,深圳市水务局开放平台·积涝点水位
2026-08-19T10:00:00+08:00,Asia/Shanghai,MS1104403060000376,(市)新圳西路万佳商场段,0.0,0.0,5,5,good,22.56349644,113.89998969999999,深圳市水务局开放平台·积涝点水位
2026-08-19T10:00:00+08:00,Asia/Shanghai,MS1104403060000380,(市)北环路与爱群路路口,0.0,0.0,13,13,good,22.79634568700108,114.39897783430258,深圳市水务局开放平台·积涝点水位
2026-08-19T10:00:00+08:00,Asia/Shanghai,MS1104403060000395,(市)宝安区幸福路与恒珠一路,0.0,0.0,2,2,good,,,深圳市水务局开放平台·积涝点水位
2026-08-19T10:00:00+08:00,Asia/Shanghai,MS110440306000040X,(市)宝安区勋业街,0.0,0.0,2,2,good,,,深圳市水务局开放平台·积涝点水位
2026-08-19T10:00:00+08:00,Asia/Shanghai,MS1104403060000414,(市)宝安区福和路西六巷,0.0,0.0,13,13,good,22.75496986065163,113.7975587837876,深圳市水务局开放平台·积涝点水位
2026-08-19T10:00:00+08:00,Asia/Shanghai,MS1104403060000429,(市)民福路与创新路交叉口,0.0,0.0,13,13,good,22.77931941488889,113.82386091368804,深圳市水务局开放平台·积涝点水位
2026-08-19T10:00:00+08:00,Asia/Shanghai,MS1104403060000433,(市)金沙二路与民福路交叉口,0.0,0.0,2,2,good,22.731531574999998,113.800096525,深圳市水务局开放平台·积涝点水位
2026-08-19T10:00:00+08:00,Asia/Shanghai,MS1104403060000448,(市)宝安区沙井西环路正科时代,0.0,0.0,2,2,good,22.658437552805964,113.96411546099013,深圳市水务局开放平台·积涝点水位
2026-08-19T10:00:00+08:00,Asia/Shanghai,MS1104403060000452,(市)宝源路固戍海滨公园,0.0,0.0,13,13,good,22.58668431255461,113.84584894450396,深圳市水务局开放平台·积涝点水位
2026-08-19T10:00:00+08:00,Asia/Shanghai,MS1104403060000467,(市)海雅缤纷城,0.0081,0.01,52,52,good,,,深圳市水务局开放平台·积涝点水位
2026-08-19T10:00:00+08:00,Asia/Shanghai,MS1104403060000471,(市)万达广场,0.0,0.0,2,2,good,,,深圳市水务局开放平台·积涝点水位
2026-08-19T10:00:00+08:00,Asia/Shanghai,MS1104403060000486,(市)固戍地铁站 A/F 出入口,0.0,0.0,13,13,good,,,深圳市水务局开放平台·积涝点水位
2026-08-19T10:00:00+08:00,Asia/Shanghai,MS1104403060000490,(市)碧海湾地铁站 B 出入口,0.0,0.0,13,13,good,,,深圳市水务局开放平台·积涝点水位
2026-08-19T10:00:00+08:00,Asia/Shanghai,MS1104403060000505,(市)海天路地下隧道,0.0,0.0,13,13,good,22.549962987088094,113.87889692546018,深圳市水务局开放平台·积涝点水位
2026-08-19T10:00:00+08:00,Asia/Shanghai,MS1104403070000175,(市)龙平西路新秀社区公园,0.0,0.0,2,2,good,22.731009781031894,114.22605984524496,深圳市水务局开放平台·积涝点水位
2026-08-19T10:00:00+08:00,Asia/Shanghai,MS110440307000018X,(市)如意路广发银行奥林支行,0.0,0.0,13,13,good,22.697841456213258,114.19931100734046,深圳市水务局开放平台·积涝点水位
2026-08-19T10:00:00+08:00,Asia/Shanghai,MS1104403070000194,(市)龙翔大道与龙城大道交汇处,0.0,0.0,13,13,good,22.708452173199664,114.22855732448205,深圳市水务局开放平台·积涝点水位
2026-08-19T10:00:00+08:00,Asia/Shanghai,MS1104403070000209,(市)龙城大道与龙平东路交汇处,0.0,0.0,12,12,good,22.734070392016967,114.26268655089929,深圳市水务局开放平台·积涝点水位
2026-08-19T10:00:00+08:00,Asia/Shanghai,MS1104403070000213,(市)龙西中路与盐龙大道交汇处,0.0,0.0,13,13,good,22.75103177856142,114.25588661241065,深圳市水务局开放平台·积涝点水位
2026-08-19T10:00:00+08:00,Asia/Shanghai,MS1104403070000228,(市)爱南路与深汕公路交汇处,0.0,0.0,13,13,good,22.709133830928806,114.31382413715897,深圳市水务局开放平台·积涝点水位
2026-08-19T10:00:00+08:00,Asia/Shanghai,MS1104403070000232,(市)园新路与乐园路交汇处,0.0,0.0,12,12,good,22.714932425,114.3001758,深圳市水务局开放平台·积涝点水位
2026-08-19T10:00:00+08:00,Asia/Shanghai,MS1104403070000247,(市)长深高速四方埔社区,0.0,0.0,2,2,good,22.785453209312927,114.3238491191703,深圳市水务局开放平台·积涝点水位
2026-08-19T10:00:00+08:00,Asia/Shanghai,MS1104403070000251,(市)龙岗区政府,0.0,0.0,13,13,good,,,深圳市水务局开放平台·积涝点水位
2026-08-19T10:00:00+08:00,Asia/Shanghai,MS1104403070000266,(市)五和地铁站H出入口,0.0,0.0,12,12,good,,,深圳市水务局开放平台·积涝点水位
2026-08-19T10:00:00+08:00,Asia/Shanghai,MS1104403070000270,(市)长龙地铁站C2出入口,0.0,0.0,2,2,good,,,深圳市水务局开放平台·积涝点水位
2026-08-19T10:00:00+08:00,Asia/Shanghai,MS1104403070000285,(市)育贤学校、童星幼儿园,0.0,0.0,13,13,good,,,深圳市水务局开放平台·积涝点水位
2026-08-19T10:00:00+08:00,Asia/Shanghai,MS110440307000029X,(市)深圳远东妇产医院,0.0,0.0,13,13,good,,,深圳市水务局开放平台·积涝点水位
2026-08-19T10:00:00+08:00,Asia/Shanghai,MS1104403070000304,(市)英才学校,0.0,0.0,13,13,good,,,深圳市水务局开放平台·积涝点水位
2026-08-19T10:00:00+08:00,Asia/Shanghai,MS1104403070000319,(市)吉榕路桥洞,0.0,0.0,14,14,good,,,深圳市水务局开放平台·积涝点水位
2026-08-19T10:00:00+08:00,Asia/Shanghai,MS1104403070000323,(市)京南路,0.0,0.0,2,2,good,22.602818284523806,114.12130894517196,深圳市水务局开放平台·积涝点水位
2026-08-19T10:00:00+08:00,Asia/Shanghai,MS1104403070000338,(市)布澜路国芬路口,0.0,0.0,2,2,good,22.635311170786817,114.12784150313183,深圳市水务局开放平台·积涝点水位
2026-08-19T10:00:00+08:00,Asia/Shanghai,MS1104403070000342,(市)布吉站（深圳东站）,0.0,0.0,2,2,good,,,深圳市水务局开放平台·积涝点水位
2026-08-19T10:00:00+08:00,Asia/Shanghai,MS1104403080000012,(市)金融路海涛路口片区,0.0,0.0,13,13,good,22.553642038690473,114.22939035281746,深圳市水务局开放平台·积涝点水位
2026-08-19T10:00:00+08:00,Asia/Shanghai,MS1104403080000027,(市)沙头角口岸小区,0.0,0.0,13,13,good,,,深圳市水务局开放平台·积涝点水位
2026-08-19T10:00:00+08:00,Asia/Shanghai,MS1104403080000031,(市)桥东街小区,0.0,0.0,13,13,good,,,深圳市水务局开放平台·积涝点水位
2026-08-19T10:00:00+08:00,Asia/Shanghai,MS1104403090000065,(市)泗黎路凹背社区富坑社区,0.0,0.0,2,2,good,22.753687171367037,114.03385655648283,深圳市水务局开放平台·积涝点水位
2026-08-19T10:00:00+08:00,Asia/Shanghai,MS110440309000007X,(市)银星科技园,0.0,0.0,2,2,good,,,深圳市水务局开放平台·积涝点水位
2026-08-19T10:00:00+08:00,Asia/Shanghai,MS1104403090000084,(市)观光路与福前路交汇处,0.0,0.0,2,2,good,22.733179257314486,114.01274963079653,深圳市水务局开放平台·积涝点水位
2026-08-19T10:00:00+08:00,Asia/Shanghai,MS1104403090000099,(市)三联社区,0.0,0.0,12,12,good,,,深圳市水务局开放平台·积涝点水位
2026-08-19T10:00:00+08:00,Asia/Shanghai,MS1104403090000103,(市)布龙路与五和大道交汇处,0.0,0.0,13,13,good,22.646750702555874,114.02665721385576,深圳市水务局开放平台·积涝点水位
2026-08-19T10:00:00+08:00,Asia/Shanghai,MS1104403090000118,(市)新区大道深圳北站,0.0,0.0,14,14,good,22.624351465560785,114.01682556681699,深圳市水务局开放平台·积涝点水位
2026-08-19T10:00:00+08:00,Asia/Shanghai,MS1104403090000122,(市)龙华壹方成,0.0,0.0,13,13,good,,,深圳市水务局开放平台·积涝点水位
2026-08-19T10:00:00+08:00,Asia/Shanghai,MS1104403090000137,(市)昌茂二路,0.0,0.0,13,13,good,,,深圳市水务局开放平台·积涝点水位
2026-08-19T10:00:00+08:00,Asia/Shanghai,MS1104403090000141,(市)大浪新围街大船坑市场段,0.0,0.0,13,13,good,22.692058934615382,113.9964102346154,深圳市水务局开放平台·积涝点水位
2026-08-19T10:00:00+08:00,Asia/Shanghai,MS1104403100000028,(市)坪山法院门口,0.0,0.0,2,2,good,,,深圳市水务局开放平台·积涝点水位
2026-08-19T10:00:00+08:00,Asia/Shanghai,MS1104403100000032,(市)秀沙路比亚迪厂门前,0.0,0.0,13,13,good,22.767995359829058,114.39900074224022,深圳市水务局开放平台·积涝点水位
2026-08-19T10:00:00+08:00,Asia/Shanghai,MS1104403100000047,(市)群代路金泰航科技,0.01,0.01,63,63,good,,,深圳市水务局开放平台·积涝点水位
2026-08-19T10:00:00+08:00,Asia/Shanghai,MS1104403100000051,(市)三洋湖路三洋湖新区小区,0.0,0.0,12,12,good,,,深圳市水务局开放平台·积涝点水位
2026-08-19T10:00:00+08:00,Asia/Shanghai,MS1104403100000066,(市)文化中心地铁站,0.0,0.0,13,13,good,,,深圳市水务局开放平台·积涝点水位
2026-08-19T10:00:00+08:00,Asia/Shanghai,MS1104403110000597,(市)东长路外环高速长圳入口,0.0,0.0,12,12,good,22.747509018088216,113.91221411091422,深圳市水务局开放平台·积涝点水位
2026-08-19T10:00:00+08:00,Asia/Shanghai,MS1104403110000601,(市)光侨雅苑,0.0,0.0,2,2,good,,,深圳市水务局开放平台·积涝点水位
2026-08-19T10:00:00+08:00,Asia/Shanghai,MS1104403110000616,(市)同观路与汇融路交叉口,0.0,0.0,2,2,good,22.734039598507852,113.91441943299901,深圳市水务局开放平台·积涝点水位
2026-08-19T10:00:00+08:00,Asia/Shanghai,MS1104403110000620,(市)松白路松茂御城段,0.0,0.0,2,2,good,22.731110627923336,113.894856941127,深圳市水务局开放平台·积涝点水位
2026-08-19T10:00:00+08:00,Asia/Shanghai,MS1104403110000635,(市)公常路与环村路交叉口,0.0,0.0,13,13,good,22.826648407959507,113.95688701032125,深圳市水务局开放平台·积涝点水位
2026-08-19T10:00:00+08:00,Asia/Shanghai,MS110440311000064X,(市)光明区高级中学,0.0,0.0,2,2,good,,,深圳市水务局开放平台·积涝点水位
2026-08-19T10:00:00+08:00,Asia/Shanghai,MS1104403120000032,(市)大鹏液化天然气有限公司深圳接收站,0.0,0.0,13,13,good,,,深圳市水务局开放平台·积涝点水位
2026-08-19T11:00:00+08:00,Asia/Shanghai,9281192001,(市)平湖火车隧道口,0.0,0.0,13,13,good,,,深圳市水务局开放平台·积涝点水位
2026-08-19T11:00:00+08:00,Asia/Shanghai,9281192002,(市)新木路广深铁路桥底,0.0147,0.05,17,17,good,22.6674177472887,114.13210195018992,深圳市水务局开放平台·积涝点水位
2026-08-19T11:00:00+08:00,Asia/Shanghai,9281192003,(市)新木路新围仔村路口,0.0,0.0,15,15,good,22.6674177472887,114.13210195018992,深圳市水务局开放平台·积涝点水位
2026-08-19T11:00:00+08:00,Asia/Shanghai,9281192004,(市)布李路富民城段,0.0,0.0,13,13,good,22.618912574166664,114.11654044833332,深圳市水务局开放平台·积涝点水位
2026-08-19T11:00:00+08:00,Asia/Shanghai,9281192005,(市)龙博路,0.01,0.01,61,61,good,22.62797037826087,114.10927237391306,深圳市水务局开放平台·积涝点水位
2026-08-19T11:00:00+08:00,Asia/Shanghai,9281192006,(市)五和大道四季花城,0.0,0.0,22,22,good,22.65976725256875,114.05975735653944,深圳市水务局开放平台·积涝点水位
2026-08-19T11:00:00+08:00,Asia/Shanghai,9281192007,(市)沙西小学至南岭万家乐段,0.0048,0.01,21,21,good,,,深圳市水务局开放平台·积涝点水位
2026-08-19T11:00:00+08:00,Asia/Shanghai,9281192008,(市)南联第六工业区桥洞,0.0,0.0,13,13,good,,,深圳市水务局开放平台·积涝点水位
2026-08-19T11:00:00+08:00,Asia/Shanghai,9281192009,(市)新坡塘村新坡塘积水点,0.0,0.0,13,13,good,,,深圳市水务局开放平台·积涝点水位
2026-08-19T11:00:00+08:00,Asia/Shanghai,9281192010,(市)安良六村安业路与安居路交汇处,0.0,0.0,13,13,good,,,深圳市水务局开放平台·积涝点水位
2026-08-19T11:00:00+08:00,Asia/Shanghai,9281192011,(市)松元头,0.01,0.01,61,61,good,,,深圳市水务局开放平台·积涝点水位
2026-08-19T11:00:00+08:00,Asia/Shanghai,9281192012,(市)湖南立交,0.0,0.0,13,13,good,,,深圳市水务局开放平台·积涝点水位
2026-08-19T11:00:00+08:00,Asia/Shanghai,9281192013,(市)高背路惠盐高速桥洞积水点,0.0,0.0,13,13,good,,,深圳市水务局开放平台·积涝点水位
2026-08-19T11:00:00+08:00,Asia/Shanghai,9281192014,(市)鹤坑桥洞,0.0,0.0,13,13,good,,,深圳市水务局开放平台·积涝点水位
2026-08-19T11:00:00+08:00,Asia/Shanghai,9281192015,(市)安良社区沿河一路疏港铁路桥洞,0.01,0.01,59,59,good,22.73162335,114.107919,深圳市水务局开放平台·积涝点水位
2026-08-19T11:00:00+08:00,Asia/Shanghai,9281192016,(市)宝荷路中新加油站对面,0.0028,0.01,18,18,good,22.694796752516076,114.25970116268519,深圳市水务局开放平台·积涝点水位
2026-08-19T11:00:00+08:00,Asia/Shanghai,9281192017,(市)环观南路与观平路交汇处,0.0,0.0,13,13,good,22.705673908780923,114.07279441765539,深圳市水务局开放平台·积涝点水位
2026-08-19T11:00:00+08:00,Asia/Shanghai,9281192018,(市)龙华大道库坑天桥段,0.0,0.0,13,13,good,22.669745856798677,114.03752701836405,深圳市水务局开放平台·积涝点水位
2026-08-19T11:00:00+08:00,Asia/Shanghai,9281192019,(市)福龙路高铁桥下简上段,0.0,0.0,18,18,good,22.61964472178257,114.00080097044238,深圳市水务局开放平台·积涝点水位
2026-08-19T11:00:00+08:00,Asia/Shanghai,9281192020,(市)工业路壹成中心段,0.0092,0.01,38,38,good,22.648754971805,114.02570221318598,深圳市水务局开放平台·积涝点水位
2026-08-19T11:00:00+08:00,Asia/Shanghai,9281192021,(市)东环一路和平路交汇处,0.0,0.0,13,13,good,22.65040479515617,114.03284713758192,深圳市水务局开放平台·积涝点水位
2026-08-19T11:00:00+08:00,Asia/Shanghai,9281192022,(市)龙田社区大水湾,0.0,0.0,13,13,good,,,深圳市水务局开放平台·积涝点水位
2026-08-19T11:00:00+08:00,Asia/Shanghai,9281292001,(市)滨河皇岗立交桥洞,0.0,0.0,13,13,good,,,深圳市水务局开放平台·积涝点水位
2026-08-19T11:00:00+08:00,Asia/Shanghai,9281292002,(市)广深高速桥下滨海大道北侧辅道,0.01,0.01,65,65,good,22.579823080041088,114.10123773351275,深圳市水务局开放平台·积涝点水位
2026-08-19T11:00:00+08:00,Asia/Shanghai,9281292003,(市)福田区竹子林立交下穿通道,0.0,0.0,12,12,good,,,深圳市水务局开放平台·积涝点水位
2026-08-19T11:00:00+08:00,Asia/Shanghai,9281292004,(市)滨河益田立交桥洞,0.0,0.0,13,13,good,,,深圳市水务局开放平台·积涝点水位
2026-08-19T11:00:00+08:00,Asia/Shanghai,9281292005,(市)深南新洲一号立交桥洞,0.0,0.0,13,13,good,,,深圳市水务局开放平台·积涝点水位
2026-08-19T11:00:00+08:00,Asia/Shanghai,9281292006,(市)北环新洲立交东南角辅道,0.0,0.0,13,13,good,,,深圳市水务局开放平台·积涝点水位
2026-08-19T11:00:00+08:00,Asia/Shanghai,9281292007,(市)107国道新安段(裕安加油站),0.0,0.0,15,15,good,22.55254164883845,113.90816500450731,深圳市水务局开放平台·积涝点水位
2026-08-19T11:00:00+08:00,Asia/Shanghai,9281292008,洲石路鹤洲桥底（市）,0.0,0.0,13,13,good,22.651019027149744,113.88061107664711,深圳市水务局开放平台·积涝点水位
2026-08-19T11:00:00+08:00,Asia/Shanghai,9281292009,(市)帝堂路（锦程路以西段）,0.01,0.01,61,61,good,22.70987723506993,113.7784856087664,深圳市水务局开放平台·积涝点水位
2026-08-19T11:00:00+08:00,Asia/Shanghai,9281292010,(市)上星南路与中心路丽沙花都,0.0,0.0,13,13,good,22.502209013854387,113.93734688972145,深圳市水务局开放平台·积涝点水位
2026-08-19T11:00:00+08:00,Asia/Shanghai,9281292011,(市)外环路广深高速新桥立交,0.0,0.0,13,13,good,22.736379220337216,113.84591188570887,深圳市水务局开放平台·积涝点水位
2026-08-19T11:00:00+08:00,Asia/Shanghai,9281292012,(市)固戍海滨新村文昌阁,0.0,0.0,13,13,good,,,深圳市水务局开放平台·积涝点水位
2026-08-19T11:00:00+08:00,Asia/Shanghai,9281292013,(市)宝安大道固戍地铁站,0.0,0.0,13,13,good,22.64678387472509,113.8417801892837,深圳市水务局开放平台·积涝点水位
2026-08-19T11:00:00+08:00,Asia/Shanghai,9281292014,(市)G107国道南行固戍大门,0.0,0.0,13,13,good,22.55254164883845,113.90816500450731,深圳市水务局开放平台·积涝点水位
2026-08-19T11:00:00+08:00,Asia/Shanghai,9281292015,(市)东环大道松宝大道段,0.0,0.0,13,13,good,,,深圳市水务局开放平台·积涝点水位
2026-08-19T11:00:00+08:00,Asia/Shanghai,9281292016,(市)长凤路龙大高速桥底,0.0,0.0,11,11,good,22.775734215738417,113.91156092305157,深圳市水务局开放平台·积涝点水位
2026-08-19T11:00:00+08:00,Asia/Shanghai,9281292017,(市)圳美同富裕工业区,0.0,0.0,13,13,good,,,深圳市水务局开放平台·积涝点水位
2026-08-19T11:00:00+08:00,Asia/Shanghai,9281292018,(市)根玉路东方大道交汇处,0.0,0.0,12,12,good,22.763216165633853,113.85149341983029,深圳市水务局开放平台·积涝点水位
2026-08-19T11:00:00+08:00,Asia/Shanghai,9281292019,(市)上村社区龙大桥底,0.0,0.0,13,13,good,,,深圳市水务局开放平台·积涝点水位
2026-08-19T11:00:00+08:00,Asia/Shanghai,9281292020,(市)马山头社区上石家路通兴路交汇处,0.0,0.0,13,13,good,22.763999933333334,113.8915635138889,深圳市水务局开放平台·积涝点水位
2026-08-19T11:00:00+08:00,Asia/Shanghai,9281292021,(市)临海大道海关保税区,0.0,0.0,13,13,good,22.53399911521491,113.88871009435005,深圳市水务局开放平台·积涝点水位
2026-08-19T11:00:00+08:00,Asia/Shanghai,9281292022,(市)南山大道南行亿利达村段,0.0007,0.01,14,14,good,22.540721694789013,113.9181638130031,深圳市水务局开放平台·积涝点水位
2026-08-19T11:00:00+08:00,Asia/Shanghai,9281292023,(市)东滨路南行华联城市山林花园段,0.0,0.0,13,13,good,22.51106546682151,113.92212734316605,深圳市水务局开放平台·积涝点水位
2026-08-19T11:00:00+08:00,Asia/Shanghai,9281292024,(市)深圳湾东滨路与中心路交叉口,0.0,0.0,13,13,good,22.51106546682151,113.92212734316605,深圳市水务局开放平台·积涝点水位
2026-08-19T11:00:00+08:00,Asia/Shanghai,MS1104403030000228,(市)红岗公园,0.0,0.0,2,2,good,,,深圳市水务局开放平台·积涝点水位
2026-08-19T11:00:00+08:00,Asia/Shanghai,MS1104403030000232,(市)沿河南路文锦路社区,0.0,0.0,13,13,good,22.550252268776845,114.11444108979862,深圳市水务局开放平台·积涝点水位
2026-08-19T11:00:00+08:00,Asia/Shanghai,MS1104403030000247,(市)深南东路黄贝岭,0.0,0.0,13,13,good,22.54661746874732,114.11811396992493,深圳市水务局开放平台·积涝点水位
2026-08-19T11:00:00+08:00,Asia/Shanghai,MS1104403030000251,(市)滨河上步立交桥,0.0,0.0,2,2,good,,,深圳市水务局开放平台·积涝点水位
2026-08-19T11:00:00+08:00,Asia/Shanghai,MS1104403030000266,(市)罗湖火车站,0.0,0.0,13,13,good,,,深圳市水务局开放平台·积涝点水位
2026-08-19T11:00:00+08:00,Asia/Shanghai,MS1104403030000270,(市)罗湖区委,0.0,0.0,2,2,good,,,深圳市水务局开放平台·积涝点水位
2026-08-19T11:00:00+08:00,Asia/Shanghai,MS1104403030000285,(市)万象城,0.0071,0.01,24,24,good,,,深圳市水务局开放平台·积涝点水位
2026-08-19T11:00:00+08:00,Asia/Shanghai,MS110440303000029X,(市)洪湖地铁站D出入口,0.0,0.0,2,2,good,,,深圳市水务局开放平台·积涝点水位
2026-08-19T11:00:00+08:00,Asia/Shanghai,MS1104403030000304,(市)东湖路,0.0,0.0,5,5,good,22.582822583699635,114.1345991945055,深圳市水务局开放平台·积涝点水位
2026-08-19T11:00:00+08:00,Asia/Shanghai,MS1104403030000319,(市)桂园片区,0.0,0.0,12,12,good,,,深圳市水务局开放平台·积涝点水位
2026-08-19T11:00:00+08:00,Asia/Shanghai,MS1104403030000323,(市)晒布路与东门中路交汇处,0.0085,0.01,52,52,good,22.551568716163253,114.1183832504732,深圳市水务局开放平台·积涝点水位
2026-08-19T11:00:00+08:00,Asia/Shanghai,MS1104403030000338,(市)东湖公园爱国路与太宁路路口,0.0,0.0,13,13,good,22.563633808974675,114.13329390192719,深圳市水务局开放平台·积涝点水位
2026-08-19T11:00:00+08:00,Asia/Shanghai,MS1104403030000342,(市)文锦渡口岸,0.0,0.0,2,2,good,,,深圳市水务局开放平台·积涝点水位
2026-08-19T11:00:00+08:00,Asia/Shanghai,MS1104403040000543,(市)香梅莲花路口,0.0,0.0,2,2,good,22.559401296538805,114.04793087126708,深圳市水务局开放平台·积涝点水位
2026-08-19T11:00:00+08:00,Asia/Shanghai,MS1104403040000558,(市)信托花园,0.0,0.0,12,12,good,,,深圳市水务局开放平台·积涝点水位
2026-08-19T11:00:00+08:00,Asia/Shanghai,MS1104403040000562,(市)上步红荔路口,0.0,0.0,2,2,good,22.550171284097686,114.05891535550717,深圳市水务局开放平台·积涝点水位
2026-08-19T11:00:00+08:00,Asia/Shanghai,MS1104403040000577,(市)深南皇岗立交桥与皇岗路交汇处,0.0,0.0,13,13,good,22.552167188223326,114.06774281249497,深圳市水务局开放平台·积涝点水位
2026-08-19T11:00:00+08:00,Asia/Shanghai,MS1104403040000581,(市)北环大道与梅林路交汇处,0.0,0.0,2,2,good,22.55966775704351,113.99344633894496,深圳市水务局开放平台·积涝点水位
2026-08-19T11:00:00+08:00,Asia/Shanghai,MS1104403040000596,(市)侨香路香梅社区,0.0,0.0,2,2,good,22.55158384619422,114.00624803762132,深圳市水务局开放平台·积涝点水位
2026-08-19T11:00:00+08:00,Asia/Shanghai,MS1104403040000600,(市)侨香路香安社区,0.0,0.0,2,2,good,22.55158384619422,114.00624803762132,深圳市水务局开放平台·积涝点水位
2026-08-19T11:00:00+08:00,Asia/Shanghai,MS1104403040000615,(市)市民中心,0.0,0.0,2,2,good,,,深圳市水务局开放平台·积涝点水位
2026-08-19T11:00:00+08:00,Asia/Shanghai,MS110440304000062X,(市)民田路深圳证券交易所,0.0,0.0,13,13,good,22.53903429826115,114.04781278730138,深圳市水务局开放平台·积涝点水位
2026-08-19T11:00:00+08:00,Asia/Shanghai,MS1104403040000634,(市)燃气集团股份有限公司梅林 LNG安全应急气化站,0.0,0.0,13,13,good,,,深圳市水务局开放平台·积涝点水位
2026-08-19T11:00:00+08:00,Asia/Shanghai,MS1104403040000649,(市)深南大道车公庙交通枢纽段,0.0,0.0,13,13,good,22.5420797706313,113.9753640727562,深圳市水务局开放平台·积涝点水位
2026-08-19T11:00:00+08:00,Asia/Shanghai,MS1104403050000118,(市)月亮湾大道与前湾三路交叉口,0.0,0.0,2,2,good,22.511993391395155,113.8903078293519,深圳市水务局开放平台·积涝点水位
2026-08-19T11:00:00+08:00,Asia/Shanghai,MS1104403050000122,(市)南山大道深意工业大厦段,0.0,0.0,13,13,good,22.540721694789013,113.9181638130031,深圳市水务局开放平台·积涝点水位
2026-08-19T11:00:00+08:00,Asia/Shanghai,MS1104403050000137,(市)南山大道与登良路交叉口,0.0,0.0,2,2,good,22.540721694789013,113.9181638130031,深圳市水务局开放平台·积涝点水位
2026-08-19T11:00:00+08:00,Asia/Shanghai,MS1104403050000141,(市)南新路北头豪苑,0.0,0.0,2,2,good,22.535707366852186,113.92452459612443,深圳市水务局开放平台·积涝点水位
2026-08-19T11:00:00+08:00,Asia/Shanghai,MS1104403050000156,(市)滨海大道与南山大道交叉口,0.0,0.0,2,2,good,22.579823080041088,114.10123773351275,深圳市水务局开放平台·积涝点水位
2026-08-19T11:00:00+08:00,Asia/Shanghai,MS1104403050000160,(市)桃园路与南新路交叉口,0.0,0.0,2,2,good,22.535395972003414,113.91852837514443,深圳市水务局开放平台·积涝点水位
2026-08-19T11:00:00+08:00,Asia/Shanghai,MS1104403050000175,(市)后海大道与登良路交叉口,0.0,0.0,13,13,good,22.51179221810604,113.92884393579894,深圳市水务局开放平台·积涝点水位
2026-08-19T11:00:00+08:00,Asia/Shanghai,MS110440305000018X,(市)后海大道港湾创业大厦,0.0,0.0,13,13,good,22.51179221810604,113.92884393579894,深圳市水务局开放平台·积涝点水位
2026-08-19T11:00:00+08:00,Asia/Shanghai,MS1104403050000194,(市)深南大道高新园地铁 AD 口,0.0,0.0,13,13,good,22.5420797706313,113.9753640727562,深圳市水务局开放平台·积涝点水位
2026-08-19T11:00:00+08:00,Asia/Shanghai,MS1104403050000209,(市)深圳湾口岸,0.0,0.0,2,2,good,,,深圳市水务局开放平台·积涝点水位
2026-08-19T11:00:00+08:00,Asia/Shanghai,MS1104403050000213,(市)前湾公园地铁站 A 出入口,0.0,0.0,13,13,good,,,深圳市水务局开放平台·积涝点水位
2026-08-19T11:00:00+08:00,Asia/Shanghai,MS1104403050000228,(市)粤海门地铁站 D2 出入口,0.0,0.0,13,13,good,,,深圳市水务局开放平台·积涝点水位
2026-08-19T11:00:00+08:00,Asia/Shanghai,MS1104403050000232,(市)桂庙路地下道路,0.0,0.0,13,13,good,22.52643977555155,113.91686609460196,深圳市水务局开放平台·积涝点水位
2026-08-19T11:00:00+08:00,Asia/Shanghai,MS1104403050000247,(市)国家超级计算深圳中心,0.0,0.0,14,14,good,,,深圳市水务局开放平台·积涝点水位
2026-08-19T11:00:00+08:00,Asia/Shanghai,MS110440306000029X,(市)辛养旧村辛居路,0.0,0.0,2,2,good,,,深圳市水务局开放平台·积涝点水位
2026-08-19T11:00:00+08:00,Asia/Shanghai,MS1104403060000304,(市)山门第三工业区,0.0,0.0,2,2,good,,,深圳市水务局开放平台·积涝点水位
2026-08-19T11:00:00+08:00,Asia/Shanghai,MS1104403060000319,(市)前进一路上川路口,0.0,0.0,13,13,good,22.57118007860348,113.90008995469552,深圳市水务局开放平台·积涝点水位
2026-08-19T11:00:00+08:00,Asia/Shanghai,MS1104403060000323,(市)洪浪北地铁站,0.0,0.0,13,13,good,,,深圳市水务局开放平台·积涝点水位
2026-08-19T11:00:00+08:00,Asia/Shanghai,MS1104403060000338,(市)东风幼儿园,0.0,0.0,2,2,good,,,深圳市水务局开放平台·积涝点水位
2026-08-19T11:00:00+08:00,Asia/Shanghai,MS1104403060000342,(市)海乐41区,0.0,0.0,2,2,good,,,深圳市水务局开放平台·积涝点水位
2026-08-19T11:00:00+08:00,Asia/Shanghai,MS1104403060000357,(市)前进二路,0.0,0.0,2,2,good,22.597482662679273,113.87435005513986,深圳市水务局开放平台·积涝点水位
2026-08-19T11:00:00+08:00,Asia/Shanghai,MS1104403060000361,(市)园岭商场,0.0,0.0,13,13,good,,,深圳市水务局开放平台·积涝点水位
2026-08-19T11:00:00+08:00,Asia/Shanghai,MS1104403060000376,(市)新圳西路万佳商场段,0.0,0.0,5,5,good,22.56349644,113.89998969999999,深圳市水务局开放平台·积涝点水位
2026-08-19T11:00:00+08:00,Asia/Shanghai,MS1104403060000380,(市)北环路与爱群路路口,0.0,0.0,13,13,good,22.79634568700108,114.39897783430258,深圳市水务局开放平台·积涝点水位
2026-08-19T11:00:00+08:00,Asia/Shanghai,MS1104403060000395,(市)宝安区幸福路与恒珠一路,0.0,0.0,2,2,good,,,深圳市水务局开放平台·积涝点水位
2026-08-19T11:00:00+08:00,Asia/Shanghai,MS110440306000040X,(市)宝安区勋业街,0.0,0.0,2,2,good,,,深圳市水务局开放平台·积涝点水位
2026-08-19T11:00:00+08:00,Asia/Shanghai,MS1104403060000414,(市)宝安区福和路西六巷,0.0,0.0,13,13,good,22.75496986065163,113.7975587837876,深圳市水务局开放平台·积涝点水位
2026-08-19T11:00:00+08:00,Asia/Shanghai,MS1104403060000429,(市)民福路与创新路交叉口,0.0,0.0,13,13,good,22.77931941488889,113.82386091368804,深圳市水务局开放平台·积涝点水位
2026-08-19T11:00:00+08:00,Asia/Shanghai,MS1104403060000433,(市)金沙二路与民福路交叉口,0.0,0.0,2,2,good,22.731531574999998,113.800096525,深圳市水务局开放平台·积涝点水位
2026-08-19T11:00:00+08:00,Asia/Shanghai,MS1104403060000448,(市)宝安区沙井西环路正科时代,0.0,0.0,2,2,good,22.658437552805964,113.96411546099013,深圳市水务局开放平台·积涝点水位
2026-08-19T11:00:00+08:00,Asia/Shanghai,MS1104403060000452,(市)宝源路固戍海滨公园,0.0,0.0,13,13,good,22.58668431255461,113.84584894450396,深圳市水务局开放平台·积涝点水位
2026-08-19T11:00:00+08:00,Asia/Shanghai,MS1104403060000467,(市)海雅缤纷城,0.0091,0.01,54,54,good,,,深圳市水务局开放平台·积涝点水位
2026-08-19T11:00:00+08:00,Asia/Shanghai,MS1104403060000471,(市)万达广场,0.0,0.0,2,2,good,,,深圳市水务局开放平台·积涝点水位
2026-08-19T11:00:00+08:00,Asia/Shanghai,MS1104403060000486,(市)固戍地铁站 A/F 出入口,0.0,0.0,13,13,good,,,深圳市水务局开放平台·积涝点水位
2026-08-19T11:00:00+08:00,Asia/Shanghai,MS1104403060000490,(市)碧海湾地铁站 B 出入口,0.0,0.0,13,13,good,,,深圳市水务局开放平台·积涝点水位
2026-08-19T11:00:00+08:00,Asia/Shanghai,MS1104403060000505,(市)海天路地下隧道,0.0,0.0,13,13,good,22.549962987088094,113.87889692546018,深圳市水务局开放平台·积涝点水位
2026-08-19T11:00:00+08:00,Asia/Shanghai,MS1104403070000175,(市)龙平西路新秀社区公园,0.0,0.0,2,2,good,22.731009781031894,114.22605984524496,深圳市水务局开放平台·积涝点水位
2026-08-19T11:00:00+08:00,Asia/Shanghai,MS110440307000018X,(市)如意路广发银行奥林支行,0.0,0.0,13,13,good,22.697841456213258,114.19931100734046,深圳市水务局开放平台·积涝点水位
2026-08-19T11:00:00+08:00,Asia/Shanghai,MS1104403070000194,(市)龙翔大道与龙城大道交汇处,0.0,0.0,13,13,good,22.708452173199664,114.22855732448205,深圳市水务局开放平台·积涝点水位
2026-08-19T11:00:00+08:00,Asia/Shanghai,MS1104403070000209,(市)龙城大道与龙平东路交汇处,0.0,0.0,12,12,good,22.734070392016967,114.26268655089929,深圳市水务局开放平台·积涝点水位
2026-08-19T11:00:00+08:00,Asia/Shanghai,MS1104403070000213,(市)龙西中路与盐龙大道交汇处,0.0,0.0,13,13,good,22.75103177856142,114.25588661241065,深圳市水务局开放平台·积涝点水位
2026-08-19T11:00:00+08:00,Asia/Shanghai,MS1104403070000228,(市)爱南路与深汕公路交汇处,0.0,0.0,12,12,good,22.709133830928806,114.31382413715897,深圳市水务局开放平台·积涝点水位
2026-08-19T11:00:00+08:00,Asia/Shanghai,MS1104403070000232,(市)园新路与乐园路交汇处,0.0,0.0,16,16,good,22.714932425,114.3001758,深圳市水务局开放平台·积涝点水位
2026-08-19T11:00:00+08:00,Asia/Shanghai,MS1104403070000247,(市)长深高速四方埔社区,0.0,0.0,2,2,good,22.785453209312927,114.3238491191703,深圳市水务局开放平台·积涝点水位
2026-08-19T11:00:00+08:00,Asia/Shanghai,MS1104403070000251,(市)龙岗区政府,0.0,0.0,13,13,good,,,深圳市水务局开放平台·积涝点水位
2026-08-19T11:00:00+08:00,Asia/Shanghai,MS1104403070000266,(市)五和地铁站H出入口,0.0,0.0,13,13,good,,,深圳市水务局开放平台·积涝点水位
2026-08-19T11:00:00+08:00,Asia/Shanghai,MS1104403070000270,(市)长龙地铁站C2出入口,0.0,0.0,2,2,good,,,深圳市水务局开放平台·积涝点水位
2026-08-19T11:00:00+08:00,Asia/Shanghai,MS1104403070000285,(市)育贤学校、童星幼儿园,0.0,0.0,13,13,good,,,深圳市水务局开放平台·积涝点水位
2026-08-19T11:00:00+08:00,Asia/Shanghai,MS110440307000029X,(市)深圳远东妇产医院,0.0,0.0,16,16,good,,,深圳市水务局开放平台·积涝点水位
2026-08-19T11:00:00+08:00,Asia/Shanghai,MS1104403070000304,(市)英才学校,0.0,0.0,13,13,good,,,深圳市水务局开放平台·积涝点水位
2026-08-19T11:00:00+08:00,Asia/Shanghai,MS1104403070000319,(市)吉榕路桥洞,0.0117,0.05,24,24,good,,,深圳市水务局开放平台·积涝点水位
2026-08-19T11:00:00+08:00,Asia/Shanghai,MS1104403070000323,(市)京南路,0.0,0.0,2,2,good,22.602818284523806,114.12130894517196,深圳市水务局开放平台·积涝点水位
2026-08-19T11:00:00+08:00,Asia/Shanghai,MS1104403070000338,(市)布澜路国芬路口,0.0225,0.03,12,12,good,22.635311170786817,114.12784150313183,深圳市水务局开放平台·积涝点水位
2026-08-19T11:00:00+08:00,Asia/Shanghai,MS1104403070000342,(市)布吉站（深圳东站）,0.0,0.0,2,2,good,,,深圳市水务局开放平台·积涝点水位
2026-08-19T11:00:00+08:00,Asia/Shanghai,MS1104403080000012,(市)金融路海涛路口片区,0.0,0.0,13,13,good,22.553642038690473,114.22939035281746,深圳市水务局开放平台·积涝点水位
2026-08-19T11:00:00+08:00,Asia/Shanghai,MS1104403080000027,(市)沙头角口岸小区,0.0,0.0,13,13,good,,,深圳市水务局开放平台·积涝点水位
2026-08-19T11:00:00+08:00,Asia/Shanghai,MS1104403080000031,(市)桥东街小区,0.0,0.0,12,12,good,,,深圳市水务局开放平台·积涝点水位
2026-08-19T11:00:00+08:00,Asia/Shanghai,MS1104403090000065,(市)泗黎路凹背社区富坑社区,0.0,0.0,2,2,good,22.753687171367037,114.03385655648283,深圳市水务局开放平台·积涝点水位
2026-08-19T11:00:00+08:00,Asia/Shanghai,MS110440309000007X,(市)银星科技园,0.0,0.0,2,2,good,,,深圳市水务局开放平台·积涝点水位
2026-08-19T11:00:00+08:00,Asia/Shanghai,MS1104403090000084,(市)观光路与福前路交汇处,0.0,0.0,2,2,good,22.733179257314486,114.01274963079653,深圳市水务局开放平台·积涝点水位
2026-08-19T11:00:00+08:00,Asia/Shanghai,MS1104403090000099,(市)三联社区,0.0,0.0,13,13,good,,,深圳市水务局开放平台·积涝点水位
2026-08-19T11:00:00+08:00,Asia/Shanghai,MS1104403090000103,(市)布龙路与五和大道交汇处,0.0,0.0,13,13,good,22.646750702555874,114.02665721385576,深圳市水务局开放平台·积涝点水位
2026-08-19T11:00:00+08:00,Asia/Shanghai,MS1104403090000118,(市)新区大道深圳北站,0.0,0.0,19,19,good,22.624351465560785,114.01682556681699,深圳市水务局开放平台·积涝点水位
2026-08-19T11:00:00+08:00,Asia/Shanghai,MS1104403090000122,(市)龙华壹方成,0.0,0.0,13,13,good,,,深圳市水务局开放平台·积涝点水位
2026-08-19T11:00:00+08:00,Asia/Shanghai,MS1104403090000137,(市)昌茂二路,0.0,0.0,16,16,good,,,深圳市水务局开放平台·积涝点水位
2026-08-19T11:00:00+08:00,Asia/Shanghai,MS1104403090000141,(市)大浪新围街大船坑市场段,0.0,0.0,13,13,good,22.692058934615382,113.9964102346154,深圳市水务局开放平台·积涝点水位
2026-08-19T11:00:00+08:00,Asia/Shanghai,MS1104403100000028,(市)坪山法院门口,0.0,0.0,2,2,good,,,深圳市水务局开放平台·积涝点水位
2026-08-19T11:00:00+08:00,Asia/Shanghai,MS1104403100000032,(市)秀沙路比亚迪厂门前,0.0,0.0,13,13,good,22.767995359829058,114.39900074224022,深圳市水务局开放平台·积涝点水位
2026-08-19T11:00:00+08:00,Asia/Shanghai,MS1104403100000047,(市)群代路金泰航科技,0.01,0.01,62,62,good,,,深圳市水务局开放平台·积涝点水位
2026-08-19T11:00:00+08:00,Asia/Shanghai,MS1104403100000051,(市)三洋湖路三洋湖新区小区,0.0,0.0,13,13,good,,,深圳市水务局开放平台·积涝点水位
2026-08-19T11:00:00+08:00,Asia/Shanghai,MS1104403100000066,(市)文化中心地铁站,0.0,0.0,13,13,good,,,深圳市水务局开放平台·积涝点水位
2026-08-19T11:00:00+08:00,Asia/Shanghai,MS1104403110000597,(市)东长路外环高速长圳入口,0.0,0.0,11,11,good,22.747509018088216,113.91221411091422,深圳市水务局开放平台·积涝点水位
2026-08-19T11:00:00+08:00,Asia/Shanghai,MS1104403110000601,(市)光侨雅苑,0.0,0.0,2,2,good,,,深圳市水务局开放平台·积涝点水位
2026-08-19T11:00:00+08:00,Asia/Shanghai,MS1104403110000616,(市)同观路与汇融路交叉口,0.0,0.0,2,2,good,22.734039598507852,113.91441943299901,深圳市水务局开放平台·积涝点水位
2026-08-19T11:00:00+08:00,Asia/Shanghai,MS1104403110000620,(市)松白路松茂御城段,0.0,0.0,2,2,good,22.731110627923336,113.894856941127,深圳市水务局开放平台·积涝点水位
2026-08-19T11:00:00+08:00,Asia/Shanghai,MS1104403110000635,(市)公常路与环村路交叉口,0.0,0.0,13,13,good,22.826648407959507,113.95688701032125,深圳市水务局开放平台·积涝点水位
2026-08-19T11:00:00+08:00,Asia/Shanghai,MS110440311000064X,(市)光明区高级中学,0.0,0.0,2,2,good,,,深圳市水务局开放平台·积涝点水位
2026-08-19T11:00:00+08:00,Asia/Shanghai,MS1104403120000032,(市)大鹏液化天然气有限公司深圳接收站,0.0,0.0,13,13,good,,,深圳市水务局开放平台·积涝点水位
2026-08-19T12:00:00+08:00,Asia/Shanghai,9281192001,(市)平湖火车隧道口,0.0,0.0,13,13,good,,,深圳市水务局开放平台·积涝点水位
2026-08-19T12:00:00+08:00,Asia/Shanghai,9281192002,(市)新木路广深铁路桥底,0.0,0.0,13,13,good,22.6674177472887,114.13210195018992,深圳市水务局开放平台·积涝点水位
2026-08-19T12:00:00+08:00,Asia/Shanghai,9281192003,(市)新木路新围仔村路口,0.0,0.0,13,13,good,22.6674177472887,114.13210195018992,深圳市水务局开放平台·积涝点水位
2026-08-19T12:00:00+08:00,Asia/Shanghai,9281192004,(市)布李路富民城段,0.0,0.0,13,13,good,22.618912574166664,114.11654044833332,深圳市水务局开放平台·积涝点水位
2026-08-19T12:00:00+08:00,Asia/Shanghai,9281192005,(市)龙博路,0.01,0.01,62,62,good,22.62797037826087,114.10927237391306,深圳市水务局开放平台·积涝点水位
2026-08-19T12:00:00+08:00,Asia/Shanghai,9281192006,(市)五和大道四季花城,0.0,0.0,10,10,good,22.65976725256875,114.05975735653944,深圳市水务局开放平台·积涝点水位
2026-08-19T12:00:00+08:00,Asia/Shanghai,9281192007,(市)沙西小学至南岭万家乐段,0.0,0.0,13,13,good,,,深圳市水务局开放平台·积涝点水位
2026-08-19T12:00:00+08:00,Asia/Shanghai,9281192008,(市)南联第六工业区桥洞,0.0,0.0,13,13,good,,,深圳市水务局开放平台·积涝点水位
2026-08-19T12:00:00+08:00,Asia/Shanghai,9281192009,(市)新坡塘村新坡塘积水点,0.0,0.0,13,13,good,,,深圳市水务局开放平台·积涝点水位
2026-08-19T12:00:00+08:00,Asia/Shanghai,9281192010,(市)安良六村安业路与安居路交汇处,0.0,0.0,13,13,good,,,深圳市水务局开放平台·积涝点水位
2026-08-19T12:00:00+08:00,Asia/Shanghai,9281192011,(市)松元头,0.01,0.01,65,65,good,,,深圳市水务局开放平台·积涝点水位
2026-08-19T12:00:00+08:00,Asia/Shanghai,9281192012,(市)湖南立交,0.0,0.0,13,13,good,,,深圳市水务局开放平台·积涝点水位
2026-08-19T12:00:00+08:00,Asia/Shanghai,9281192013,(市)高背路惠盐高速桥洞积水点,0.0,0.0,13,13,good,,,深圳市水务局开放平台·积涝点水位
2026-08-19T12:00:00+08:00,Asia/Shanghai,9281192014,(市)鹤坑桥洞,0.0,0.0,13,13,good,,,深圳市水务局开放平台·积涝点水位
2026-08-19T12:00:00+08:00,Asia/Shanghai,9281192015,(市)安良社区沿河一路疏港铁路桥洞,0.01,0.01,66,66,good,22.73162335,114.107919,深圳市水务局开放平台·积涝点水位
2026-08-19T12:00:00+08:00,Asia/Shanghai,9281192016,(市)宝荷路中新加油站对面,0.0,0.0,13,13,good,22.694796752516076,114.25970116268519,深圳市水务局开放平台·积涝点水位
2026-08-19T12:00:00+08:00,Asia/Shanghai,9281192017,(市)环观南路与观平路交汇处,0.0,0.0,13,13,good,22.705673908780923,114.07279441765539,深圳市水务局开放平台·积涝点水位
2026-08-19T12:00:00+08:00,Asia/Shanghai,9281192018,(市)龙华大道库坑天桥段,0.0,0.0,13,13,good,22.669745856798677,114.03752701836405,深圳市水务局开放平台·积涝点水位
2026-08-19T12:00:00+08:00,Asia/Shanghai,9281192019,(市)福龙路高铁桥下简上段,0.0,0.0,13,13,good,22.61964472178257,114.00080097044238,深圳市水务局开放平台·积涝点水位
2026-08-19T12:00:00+08:00,Asia/Shanghai,9281192020,(市)工业路壹成中心段,0.0,0.0,12,12,good,22.648754971805,114.02570221318598,深圳市水务局开放平台·积涝点水位
2026-08-19T12:00:00+08:00,Asia/Shanghai,9281192021,(市)东环一路和平路交汇处,0.0,0.0,13,13,good,22.65040479515617,114.03284713758192,深圳市水务局开放平台·积涝点水位
2026-08-19T12:00:00+08:00,Asia/Shanghai,9281192022,(市)龙田社区大水湾,0.0,0.0,13,13,good,,,深圳市水务局开放平台·积涝点水位
2026-08-19T12:00:00+08:00,Asia/Shanghai,9281292001,(市)滨河皇岗立交桥洞,0.0,0.0,13,13,good,,,深圳市水务局开放平台·积涝点水位
2026-08-19T12:00:00+08:00,Asia/Shanghai,9281292002,(市)广深高速桥下滨海大道北侧辅道,0.01,0.01,60,60,good,22.579823080041088,114.10123773351275,深圳市水务局开放平台·积涝点水位
2026-08-19T12:00:00+08:00,Asia/Shanghai,9281292003,(市)福田区竹子林立交下穿通道,0.0,0.0,12,12,good,,,深圳市水务局开放平台·积涝点水位
2026-08-19T12:00:00+08:00,Asia/Shanghai,9281292004,(市)滨河益田立交桥洞,0.0,0.0,12,12,good,,,深圳市水务局开放平台·积涝点水位
2026-08-19T12:00:00+08:00,Asia/Shanghai,9281292005,(市)深南新洲一号立交桥洞,0.0,0.0,13,13,good,,,深圳市水务局开放平台·积涝点水位
2026-08-19T12:00:00+08:00,Asia/Shanghai,9281292006,(市)北环新洲立交东南角辅道,0.0,0.0,11,11,good,,,深圳市水务局开放平台·积涝点水位
2026-08-19T12:00:00+08:00,Asia/Shanghai,9281292007,(市)107国道新安段(裕安加油站),0.0,0.0,13,13,good,22.55254164883845,113.90816500450731,深圳市水务局开放平台·积涝点水位
2026-08-19T12:00:00+08:00,Asia/Shanghai,9281292008,洲石路鹤洲桥底（市）,0.0,0.0,13,13,good,22.651019027149744,113.88061107664711,深圳市水务局开放平台·积涝点水位
2026-08-19T12:00:00+08:00,Asia/Shanghai,9281292009,(市)帝堂路（锦程路以西段）,0.0097,0.01,63,63,good,22.70987723506993,113.7784856087664,深圳市水务局开放平台·积涝点水位
2026-08-19T12:00:00+08:00,Asia/Shanghai,9281292010,(市)上星南路与中心路丽沙花都,0.0,0.0,13,13,good,22.502209013854387,113.93734688972145,深圳市水务局开放平台·积涝点水位
2026-08-19T12:00:00+08:00,Asia/Shanghai,9281292011,(市)外环路广深高速新桥立交,0.0,0.0,20,20,good,22.736379220337216,113.84591188570887,深圳市水务局开放平台·积涝点水位
2026-08-19T12:00:00+08:00,Asia/Shanghai,9281292012,(市)固戍海滨新村文昌阁,0.0,0.0,13,13,good,,,深圳市水务局开放平台·积涝点水位
2026-08-19T12:00:00+08:00,Asia/Shanghai,9281292013,(市)宝安大道固戍地铁站,0.0,0.0,13,13,good,22.64678387472509,113.8417801892837,深圳市水务局开放平台·积涝点水位
2026-08-19T12:00:00+08:00,Asia/Shanghai,9281292014,(市)G107国道南行固戍大门,0.0,0.0,13,13,good,22.55254164883845,113.90816500450731,深圳市水务局开放平台·积涝点水位
2026-08-19T12:00:00+08:00,Asia/Shanghai,9281292015,(市)东环大道松宝大道段,0.0,0.0,13,13,good,,,深圳市水务局开放平台·积涝点水位
2026-08-19T12:00:00+08:00,Asia/Shanghai,9281292016,(市)长凤路龙大高速桥底,0.0,0.0,13,13,good,22.775734215738417,113.91156092305157,深圳市水务局开放平台·积涝点水位
2026-08-19T12:00:00+08:00,Asia/Shanghai,9281292017,(市)圳美同富裕工业区,0.0,0.0,12,12,good,,,深圳市水务局开放平台·积涝点水位
2026-08-19T12:00:00+08:00,Asia/Shanghai,9281292018,(市)根玉路东方大道交汇处,0.0,0.0,12,12,good,22.763216165633853,113.85149341983029,深圳市水务局开放平台·积涝点水位
2026-08-19T12:00:00+08:00,Asia/Shanghai,9281292019,(市)上村社区龙大桥底,0.0,0.0,11,11,good,,,深圳市水务局开放平台·积涝点水位
2026-08-19T12:00:00+08:00,Asia/Shanghai,9281292020,(市)马山头社区上石家路通兴路交汇处,0.0,0.0,13,13,good,22.763999933333334,113.8915635138889,深圳市水务局开放平台·积涝点水位
2026-08-19T12:00:00+08:00,Asia/Shanghai,9281292021,(市)临海大道海关保税区,0.0,0.0,12,12,good,22.53399911521491,113.88871009435005,深圳市水务局开放平台·积涝点水位
2026-08-19T12:00:00+08:00,Asia/Shanghai,9281292022,(市)南山大道南行亿利达村段,0.0,0.0,13,13,good,22.540721694789013,113.9181638130031,深圳市水务局开放平台·积涝点水位
2026-08-19T12:00:00+08:00,Asia/Shanghai,9281292023,(市)东滨路南行华联城市山林花园段,0.0,0.0,13,13,good,22.51106546682151,113.92212734316605,深圳市水务局开放平台·积涝点水位
2026-08-19T12:00:00+08:00,Asia/Shanghai,9281292024,(市)深圳湾东滨路与中心路交叉口,0.0,0.0,12,12,good,22.51106546682151,113.92212734316605,深圳市水务局开放平台·积涝点水位
2026-08-19T12:00:00+08:00,Asia/Shanghai,MS1104403030000228,(市)红岗公园,0.0,0.0,2,2,good,,,深圳市水务局开放平台·积涝点水位
2026-08-19T12:00:00+08:00,Asia/Shanghai,MS1104403030000232,(市)沿河南路文锦路社区,0.0,0.0,13,13,good,22.550252268776845,114.11444108979862,深圳市水务局开放平台·积涝点水位
2026-08-19T12:00:00+08:00,Asia/Shanghai,MS1104403030000247,(市)深南东路黄贝岭,0.0,0.0,13,13,good,22.54661746874732,114.11811396992493,深圳市水务局开放平台·积涝点水位
2026-08-19T12:00:00+08:00,Asia/Shanghai,MS1104403030000251,(市)滨河上步立交桥,0.0,0.0,2,2,good,,,深圳市水务局开放平台·积涝点水位
2026-08-19T12:00:00+08:00,Asia/Shanghai,MS1104403030000266,(市)罗湖火车站,0.0,0.0,13,13,good,,,深圳市水务局开放平台·积涝点水位
2026-08-19T12:00:00+08:00,Asia/Shanghai,MS1104403030000270,(市)罗湖区委,0.0,0.0,2,2,good,,,深圳市水务局开放平台·积涝点水位
2026-08-19T12:00:00+08:00,Asia/Shanghai,MS1104403030000285,(市)万象城,0.0,0.0,13,13,good,,,深圳市水务局开放平台·积涝点水位
2026-08-19T12:00:00+08:00,Asia/Shanghai,MS110440303000029X,(市)洪湖地铁站D出入口,0.0,0.0,2,2,good,,,深圳市水务局开放平台·积涝点水位
2026-08-19T12:00:00+08:00,Asia/Shanghai,MS1104403030000304,(市)东湖路,0.0,0.0,5,5,good,22.582822583699635,114.1345991945055,深圳市水务局开放平台·积涝点水位
2026-08-19T12:00:00+08:00,Asia/Shanghai,MS1104403030000319,(市)桂园片区,0.0,0.0,13,13,good,,,深圳市水务局开放平台·积涝点水位
2026-08-19T12:00:00+08:00,Asia/Shanghai,MS1104403030000323,(市)晒布路与东门中路交汇处,0.0,0.0,9,9,good,22.551568716163253,114.1183832504732,深圳市水务局开放平台·积涝点水位
2026-08-19T12:00:00+08:00,Asia/Shanghai,MS1104403030000338,(市)东湖公园爱国路与太宁路路口,0.0,0.0,13,13,good,22.563633808974675,114.13329390192719,深圳市水务局开放平台·积涝点水位
2026-08-19T12:00:00+08:00,Asia/Shanghai,MS1104403030000342,(市)文锦渡口岸,0.0,0.0,2,2,good,,,深圳市水务局开放平台·积涝点水位
2026-08-19T12:00:00+08:00,Asia/Shanghai,MS1104403040000543,(市)香梅莲花路口,0.0,0.0,2,2,good,22.559401296538805,114.04793087126708,深圳市水务局开放平台·积涝点水位
2026-08-19T12:00:00+08:00,Asia/Shanghai,MS1104403040000558,(市)信托花园,0.0,0.0,16,16,good,,,深圳市水务局开放平台·积涝点水位
2026-08-19T12:00:00+08:00,Asia/Shanghai,MS1104403040000562,(市)上步红荔路口,0.0,0.0,2,2,good,22.550171284097686,114.05891535550717,深圳市水务局开放平台·积涝点水位
2026-08-19T12:00:00+08:00,Asia/Shanghai,MS1104403040000577,(市)深南皇岗立交桥与皇岗路交汇处,0.0,0.0,13,13,good,22.552167188223326,114.06774281249497,深圳市水务局开放平台·积涝点水位
2026-08-19T12:00:00+08:00,Asia/Shanghai,MS1104403040000581,(市)北环大道与梅林路交汇处,0.0,0.0,2,2,good,22.55966775704351,113.99344633894496,深圳市水务局开放平台·积涝点水位
2026-08-19T12:00:00+08:00,Asia/Shanghai,MS1104403040000596,(市)侨香路香梅社区,0.0,0.0,2,2,good,22.55158384619422,114.00624803762132,深圳市水务局开放平台·积涝点水位
2026-08-19T12:00:00+08:00,Asia/Shanghai,MS1104403040000600,(市)侨香路香安社区,0.0,0.0,2,2,good,22.55158384619422,114.00624803762132,深圳市水务局开放平台·积涝点水位
2026-08-19T12:00:00+08:00,Asia/Shanghai,MS1104403040000615,(市)市民中心,0.0,0.0,2,2,good,,,深圳市水务局开放平台·积涝点水位
2026-08-19T12:00:00+08:00,Asia/Shanghai,MS110440304000062X,(市)民田路深圳证券交易所,0.0,0.0,13,13,good,22.53903429826115,114.04781278730138,深圳市水务局开放平台·积涝点水位
2026-08-19T12:00:00+08:00,Asia/Shanghai,MS1104403040000634,(市)燃气集团股份有限公司梅林 LNG安全应急气化站,0.0,0.0,13,13,good,,,深圳市水务局开放平台·积涝点水位
2026-08-19T12:00:00+08:00,Asia/Shanghai,MS1104403040000649,(市)深南大道车公庙交通枢纽段,0.0,0.0,14,14,good,22.5420797706313,113.9753640727562,深圳市水务局开放平台·积涝点水位
2026-08-19T12:00:00+08:00,Asia/Shanghai,MS1104403050000118,(市)月亮湾大道与前湾三路交叉口,0.0,0.0,2,2,good,22.511993391395155,113.8903078293519,深圳市水务局开放平台·积涝点水位
2026-08-19T12:00:00+08:00,Asia/Shanghai,MS1104403050000122,(市)南山大道深意工业大厦段,0.0,0.0,13,13,good,22.540721694789013,113.9181638130031,深圳市水务局开放平台·积涝点水位
2026-08-19T12:00:00+08:00,Asia/Shanghai,MS1104403050000137,(市)南山大道与登良路交叉口,0.0,0.0,2,2,good,22.540721694789013,113.9181638130031,深圳市水务局开放平台·积涝点水位
2026-08-19T12:00:00+08:00,Asia/Shanghai,MS1104403050000141,(市)南新路北头豪苑,0.0,0.0,2,2,good,22.535707366852186,113.92452459612443,深圳市水务局开放平台·积涝点水位
2026-08-19T12:00:00+08:00,Asia/Shanghai,MS1104403050000156,(市)滨海大道与南山大道交叉口,0.0,0.0,2,2,good,22.579823080041088,114.10123773351275,深圳市水务局开放平台·积涝点水位
2026-08-19T12:00:00+08:00,Asia/Shanghai,MS1104403050000160,(市)桃园路与南新路交叉口,0.0,0.0,2,2,good,22.535395972003414,113.91852837514443,深圳市水务局开放平台·积涝点水位
2026-08-19T12:00:00+08:00,Asia/Shanghai,MS1104403050000175,(市)后海大道与登良路交叉口,0.0,0.0,13,13,good,22.51179221810604,113.92884393579894,深圳市水务局开放平台·积涝点水位
2026-08-19T12:00:00+08:00,Asia/Shanghai,MS110440305000018X,(市)后海大道港湾创业大厦,0.0,0.0,13,13,good,22.51179221810604,113.92884393579894,深圳市水务局开放平台·积涝点水位
2026-08-19T12:00:00+08:00,Asia/Shanghai,MS1104403050000194,(市)深南大道高新园地铁 AD 口,0.0,0.0,13,13,good,22.5420797706313,113.9753640727562,深圳市水务局开放平台·积涝点水位
2026-08-19T12:00:00+08:00,Asia/Shanghai,MS1104403050000209,(市)深圳湾口岸,0.0,0.0,2,2,good,,,深圳市水务局开放平台·积涝点水位
2026-08-19T12:00:00+08:00,Asia/Shanghai,MS1104403050000213,(市)前湾公园地铁站 A 出入口,0.0,0.0,13,13,good,,,深圳市水务局开放平台·积涝点水位
2026-08-19T12:00:00+08:00,Asia/Shanghai,MS1104403050000228,(市)粤海门地铁站 D2 出入口,0.0,0.0,13,13,good,,,深圳市水务局开放平台·积涝点水位
2026-08-19T12:00:00+08:00,Asia/Shanghai,MS1104403050000232,(市)桂庙路地下道路,0.0,0.0,13,13,good,22.52643977555155,113.91686609460196,深圳市水务局开放平台·积涝点水位
2026-08-19T12:00:00+08:00,Asia/Shanghai,MS1104403050000247,(市)国家超级计算深圳中心,0.0,0.0,17,17,good,,,深圳市水务局开放平台·积涝点水位
2026-08-19T12:00:00+08:00,Asia/Shanghai,MS110440306000029X,(市)辛养旧村辛居路,0.0,0.0,2,2,good,,,深圳市水务局开放平台·积涝点水位
2026-08-19T12:00:00+08:00,Asia/Shanghai,MS1104403060000304,(市)山门第三工业区,0.0,0.0,2,2,good,,,深圳市水务局开放平台·积涝点水位
2026-08-19T12:00:00+08:00,Asia/Shanghai,MS1104403060000319,(市)前进一路上川路口,0.0,0.0,13,13,good,22.57118007860348,113.90008995469552,深圳市水务局开放平台·积涝点水位
2026-08-19T12:00:00+08:00,Asia/Shanghai,MS1104403060000323,(市)洪浪北地铁站,0.0,0.0,13,13,good,,,深圳市水务局开放平台·积涝点水位
2026-08-19T12:00:00+08:00,Asia/Shanghai,MS1104403060000338,(市)东风幼儿园,0.0,0.0,2,2,good,,,深圳市水务局开放平台·积涝点水位
2026-08-19T12:00:00+08:00,Asia/Shanghai,MS1104403060000342,(市)海乐41区,0.0,0.0,2,2,good,,,深圳市水务局开放平台·积涝点水位
2026-08-19T12:00:00+08:00,Asia/Shanghai,MS1104403060000357,(市)前进二路,0.0,0.0,2,2,good,22.597482662679273,113.87435005513986,深圳市水务局开放平台·积涝点水位
2026-08-19T12:00:00+08:00,Asia/Shanghai,MS1104403060000361,(市)园岭商场,0.0,0.0,13,13,good,,,深圳市水务局开放平台·积涝点水位
2026-08-19T12:00:00+08:00,Asia/Shanghai,MS1104403060000376,(市)新圳西路万佳商场段,0.0,0.0,3,3,good,22.56349644,113.89998969999999,深圳市水务局开放平台·积涝点水位
2026-08-19T12:00:00+08:00,Asia/Shanghai,MS1104403060000380,(市)北环路与爱群路路口,0.0,0.0,13,13,good,22.79634568700108,114.39897783430258,深圳市水务局开放平台·积涝点水位
2026-08-19T12:00:00+08:00,Asia/Shanghai,MS1104403060000395,(市)宝安区幸福路与恒珠一路,0.0,0.0,2,2,good,,,深圳市水务局开放平台·积涝点水位
2026-08-19T12:00:00+08:00,Asia/Shanghai,MS110440306000040X,(市)宝安区勋业街,0.0,0.0,2,2,good,,,深圳市水务局开放平台·积涝点水位
2026-08-19T12:00:00+08:00,Asia/Shanghai,MS1104403060000414,(市)宝安区福和路西六巷,0.0,0.0,12,12,good,22.75496986065163,113.7975587837876,深圳市水务局开放平台·积涝点水位
2026-08-19T12:00:00+08:00,Asia/Shanghai,MS1104403060000429,(市)民福路与创新路交叉口,0.0,0.0,13,13,good,22.77931941488889,113.82386091368804,深圳市水务局开放平台·积涝点水位
2026-08-19T12:00:00+08:00,Asia/Shanghai,MS1104403060000433,(市)金沙二路与民福路交叉口,0.0,0.0,2,2,good,22.731531574999998,113.800096525,深圳市水务局开放平台·积涝点水位
2026-08-19T12:00:00+08:00,Asia/Shanghai,MS1104403060000448,(市)宝安区沙井西环路正科时代,0.0,0.0,2,2,good,22.658437552805964,113.96411546099013,深圳市水务局开放平台·积涝点水位
2026-08-19T12:00:00+08:00,Asia/Shanghai,MS1104403060000452,(市)宝源路固戍海滨公园,0.0,0.0,13,13,good,22.58668431255461,113.84584894450396,深圳市水务局开放平台·积涝点水位
2026-08-19T12:00:00+08:00,Asia/Shanghai,MS1104403060000467,(市)海雅缤纷城,0.0059,0.01,29,29,good,,,深圳市水务局开放平台·积涝点水位
2026-08-19T12:00:00+08:00,Asia/Shanghai,MS1104403060000471,(市)万达广场,0.0,0.0,2,2,good,,,深圳市水务局开放平台·积涝点水位
2026-08-19T12:00:00+08:00,Asia/Shanghai,MS1104403060000486,(市)固戍地铁站 A/F 出入口,0.0,0.0,13,13,good,,,深圳市水务局开放平台·积涝点水位
2026-08-19T12:00:00+08:00,Asia/Shanghai,MS1104403060000490,(市)碧海湾地铁站 B 出入口,0.0035,0.01,23,23,good,,,深圳市水务局开放平台·积涝点水位
2026-08-19T12:00:00+08:00,Asia/Shanghai,MS1104403060000505,(市)海天路地下隧道,0.0,0.0,13,13,good,22.549962987088094,113.87889692546018,深圳市水务局开放平台·积涝点水位
2026-08-19T12:00:00+08:00,Asia/Shanghai,MS1104403070000175,(市)龙平西路新秀社区公园,0.0,0.0,2,2,good,22.731009781031894,114.22605984524496,深圳市水务局开放平台·积涝点水位
2026-08-19T12:00:00+08:00,Asia/Shanghai,MS110440307000018X,(市)如意路广发银行奥林支行,0.0,0.0,13,13,good,22.697841456213258,114.19931100734046,深圳市水务局开放平台·积涝点水位
2026-08-19T12:00:00+08:00,Asia/Shanghai,MS1104403070000194,(市)龙翔大道与龙城大道交汇处,0.0,0.0,13,13,good,22.708452173199664,114.22855732448205,深圳市水务局开放平台·积涝点水位
2026-08-19T12:00:00+08:00,Asia/Shanghai,MS1104403070000209,(市)龙城大道与龙平东路交汇处,0.0,0.0,13,13,good,22.734070392016967,114.26268655089929,深圳市水务局开放平台·积涝点水位
2026-08-19T12:00:00+08:00,Asia/Shanghai,MS1104403070000213,(市)龙西中路与盐龙大道交汇处,0.0,0.0,13,13,good,22.75103177856142,114.25588661241065,深圳市水务局开放平台·积涝点水位
2026-08-19T12:00:00+08:00,Asia/Shanghai,MS1104403070000228,(市)爱南路与深汕公路交汇处,0.0,0.0,12,12,good,22.709133830928806,114.31382413715897,深圳市水务局开放平台·积涝点水位
2026-08-19T12:00:00+08:00,Asia/Shanghai,MS1104403070000232,(市)园新路与乐园路交汇处,0.0,0.0,13,13,good,22.714932425,114.3001758,深圳市水务局开放平台·积涝点水位
2026-08-19T12:00:00+08:00,Asia/Shanghai,MS1104403070000247,(市)长深高速四方埔社区,0.0,0.0,2,2,good,22.785453209312927,114.3238491191703,深圳市水务局开放平台·积涝点水位
2026-08-19T12:00:00+08:00,Asia/Shanghai,MS1104403070000251,(市)龙岗区政府,0.0,0.0,13,13,good,,,深圳市水务局开放平台·积涝点水位
2026-08-19T12:00:00+08:00,Asia/Shanghai,MS1104403070000266,(市)五和地铁站H出入口,0.0,0.0,13,13,good,,,深圳市水务局开放平台·积涝点水位
2026-08-19T12:00:00+08:00,Asia/Shanghai,MS1104403070000270,(市)长龙地铁站C2出入口,0.0,0.0,2,2,good,,,深圳市水务局开放平台·积涝点水位
2026-08-19T12:00:00+08:00,Asia/Shanghai,MS1104403070000285,(市)育贤学校、童星幼儿园,0.0,0.0,13,13,good,,,深圳市水务局开放平台·积涝点水位
2026-08-19T12:00:00+08:00,Asia/Shanghai,MS110440307000029X,(市)深圳远东妇产医院,0.0,0.0,13,13,good,,,深圳市水务局开放平台·积涝点水位
2026-08-19T12:00:00+08:00,Asia/Shanghai,MS1104403070000304,(市)英才学校,0.0,0.0,13,13,good,,,深圳市水务局开放平台·积涝点水位
2026-08-19T12:00:00+08:00,Asia/Shanghai,MS1104403070000319,(市)吉榕路桥洞,0.0,0.0,12,12,good,,,深圳市水务局开放平台·积涝点水位
2026-08-19T12:00:00+08:00,Asia/Shanghai,MS1104403070000323,(市)京南路,0.0,0.0,2,2,good,22.602818284523806,114.12130894517196,深圳市水务局开放平台·积涝点水位
2026-08-19T12:00:00+08:00,Asia/Shanghai,MS1104403070000338,(市)布澜路国芬路口,0.0,0.0,2,2,good,22.635311170786817,114.12784150313183,深圳市水务局开放平台·积涝点水位
2026-08-19T12:00:00+08:00,Asia/Shanghai,MS1104403070000342,(市)布吉站（深圳东站）,0.0,0.0,2,2,good,,,深圳市水务局开放平台·积涝点水位
2026-08-19T12:00:00+08:00,Asia/Shanghai,MS1104403080000012,(市)金融路海涛路口片区,0.0,0.0,12,12,good,22.553642038690473,114.22939035281746,深圳市水务局开放平台·积涝点水位
2026-08-19T12:00:00+08:00,Asia/Shanghai,MS1104403080000027,(市)沙头角口岸小区,0.0,0.0,13,13,good,,,深圳市水务局开放平台·积涝点水位
2026-08-19T12:00:00+08:00,Asia/Shanghai,MS1104403080000031,(市)桥东街小区,0.0,0.0,13,13,good,,,深圳市水务局开放平台·积涝点水位
2026-08-19T12:00:00+08:00,Asia/Shanghai,MS1104403090000065,(市)泗黎路凹背社区富坑社区,0.0,0.0,2,2,good,22.753687171367037,114.03385655648283,深圳市水务局开放平台·积涝点水位
2026-08-19T12:00:00+08:00,Asia/Shanghai,MS110440309000007X,(市)银星科技园,0.0,0.0,3,3,good,,,深圳市水务局开放平台·积涝点水位
2026-08-19T12:00:00+08:00,Asia/Shanghai,MS1104403090000084,(市)观光路与福前路交汇处,0.0,0.0,2,2,good,22.733179257314486,114.01274963079653,深圳市水务局开放平台·积涝点水位
2026-08-19T12:00:00+08:00,Asia/Shanghai,MS1104403090000099,(市)三联社区,0.0,0.0,13,13,good,,,深圳市水务局开放平台·积涝点水位
2026-08-19T12:00:00+08:00,Asia/Shanghai,MS1104403090000103,(市)布龙路与五和大道交汇处,0.0,0.0,13,13,good,22.646750702555874,114.02665721385576,深圳市水务局开放平台·积涝点水位
2026-08-19T12:00:00+08:00,Asia/Shanghai,MS1104403090000118,(市)新区大道深圳北站,0.0,0.0,13,13,good,22.624351465560785,114.01682556681699,深圳市水务局开放平台·积涝点水位
2026-08-19T12:00:00+08:00,Asia/Shanghai,MS1104403090000122,(市)龙华壹方成,0.0,0.0,18,18,good,,,深圳市水务局开放平台·积涝点水位
2026-08-19T12:00:00+08:00,Asia/Shanghai,MS1104403090000137,(市)昌茂二路,0.0,0.0,13,13,good,,,深圳市水务局开放平台·积涝点水位
2026-08-19T12:00:00+08:00,Asia/Shanghai,MS1104403090000141,(市)大浪新围街大船坑市场段,0.0,0.0,16,16,good,22.692058934615382,113.9964102346154,深圳市水务局开放平台·积涝点水位
2026-08-19T12:00:00+08:00,Asia/Shanghai,MS1104403100000028,(市)坪山法院门口,0.0,0.0,2,2,good,,,深圳市水务局开放平台·积涝点水位
2026-08-19T12:00:00+08:00,Asia/Shanghai,MS1104403100000032,(市)秀沙路比亚迪厂门前,0.0,0.0,13,13,good,22.767995359829058,114.39900074224022,深圳市水务局开放平台·积涝点水位
2026-08-19T12:00:00+08:00,Asia/Shanghai,MS1104403100000047,(市)群代路金泰航科技,0.01,0.01,64,64,good,,,深圳市水务局开放平台·积涝点水位
2026-08-19T12:00:00+08:00,Asia/Shanghai,MS1104403100000051,(市)三洋湖路三洋湖新区小区,0.0,0.0,13,13,good,,,深圳市水务局开放平台·积涝点水位
2026-08-19T12:00:00+08:00,Asia/Shanghai,MS1104403100000066,(市)文化中心地铁站,0.0,0.0,13,13,good,,,深圳市水务局开放平台·积涝点水位
2026-08-19T12:00:00+08:00,Asia/Shanghai,MS1104403110000597,(市)东长路外环高速长圳入口,0.0,0.0,13,13,good,22.747509018088216,113.91221411091422,深圳市水务局开放平台·积涝点水位
2026-08-19T12:00:00+08:00,Asia/Shanghai,MS1104403110000601,(市)光侨雅苑,0.0,0.0,2,2,good,,,深圳市水务局开放平台·积涝点水位
2026-08-19T12:00:00+08:00,Asia/Shanghai,MS1104403110000616,(市)同观路与汇融路交叉口,0.0,0.0,2,2,good,22.734039598507852,113.91441943299901,深圳市水务局开放平台·积涝点水位
2026-08-19T12:00:00+08:00,Asia/Shanghai,MS1104403110000620,(市)松白路松茂御城段,0.0,0.0,2,2,good,22.731110627923336,113.894856941127,深圳市水务局开放平台·积涝点水位
2026-08-19T12:00:00+08:00,Asia/Shanghai,MS1104403110000635,(市)公常路与环村路交叉口,0.0,0.0,13,13,good,22.826648407959507,113.95688701032125,深圳市水务局开放平台·积涝点水位
2026-08-19T12:00:00+08:00,Asia/Shanghai,MS110440311000064X,(市)光明区高级中学,0.0,0.0,2,2,good,,,深圳市水务局开放平台·积涝点水位
2026-08-19T12:00:00+08:00,Asia/Shanghai,MS1104403120000032,(市)大鹏液化天然气有限公司深圳接收站,0.0,0.0,13,13,good,,,深圳市水务局开放平台·积涝点水位
2026-08-19T13:00:00+08:00,Asia/Shanghai,9281192001,(市)平湖火车隧道口,0.0,0.0,13,13,good,,,深圳市水务局开放平台·积涝点水位
2026-08-19T13:00:00+08:00,Asia/Shanghai,9281192002,(市)新木路广深铁路桥底,0.0,0.0,13,13,good,22.6674177472887,114.13210195018992,深圳市水务局开放平台·积涝点水位
2026-08-19T13:00:00+08:00,Asia/Shanghai,9281192003,(市)新木路新围仔村路口,0.0,0.0,13,13,good,22.6674177472887,114.13210195018992,深圳市水务局开放平台·积涝点水位
2026-08-19T13:00:00+08:00,Asia/Shanghai,9281192004,(市)布李路富民城段,0.0,0.0,13,13,good,22.618912574166664,114.11654044833332,深圳市水务局开放平台·积涝点水位
2026-08-19T13:00:00+08:00,Asia/Shanghai,9281192005,(市)龙博路,0.01,0.01,66,66,good,22.62797037826087,114.10927237391306,深圳市水务局开放平台·积涝点水位
2026-08-19T13:00:00+08:00,Asia/Shanghai,9281192006,(市)五和大道四季花城,0.0,0.0,19,19,good,22.65976725256875,114.05975735653944,深圳市水务局开放平台·积涝点水位
2026-08-19T13:00:00+08:00,Asia/Shanghai,9281192007,(市)沙西小学至南岭万家乐段,0.0,0.0,13,13,good,,,深圳市水务局开放平台·积涝点水位
2026-08-19T13:00:00+08:00,Asia/Shanghai,9281192008,(市)南联第六工业区桥洞,0.0,0.0,13,13,good,,,深圳市水务局开放平台·积涝点水位
2026-08-19T13:00:00+08:00,Asia/Shanghai,9281192009,(市)新坡塘村新坡塘积水点,0.0,0.0,13,13,good,,,深圳市水务局开放平台·积涝点水位
2026-08-19T13:00:00+08:00,Asia/Shanghai,9281192010,(市)安良六村安业路与安居路交汇处,0.0,0.0,13,13,good,,,深圳市水务局开放平台·积涝点水位
2026-08-19T13:00:00+08:00,Asia/Shanghai,9281192011,(市)松元头,0.01,0.01,64,64,good,,,深圳市水务局开放平台·积涝点水位
2026-08-19T13:00:00+08:00,Asia/Shanghai,9281192012,(市)湖南立交,0.0,0.0,13,13,good,,,深圳市水务局开放平台·积涝点水位
2026-08-19T13:00:00+08:00,Asia/Shanghai,9281192013,(市)高背路惠盐高速桥洞积水点,0.0,0.0,13,13,good,,,深圳市水务局开放平台·积涝点水位
2026-08-19T13:00:00+08:00,Asia/Shanghai,9281192014,(市)鹤坑桥洞,0.0,0.0,13,13,good,,,深圳市水务局开放平台·积涝点水位
2026-08-19T13:00:00+08:00,Asia/Shanghai,9281192015,(市)安良社区沿河一路疏港铁路桥洞,0.01,0.01,62,62,good,22.73162335,114.107919,深圳市水务局开放平台·积涝点水位
2026-08-19T13:00:00+08:00,Asia/Shanghai,9281192016,(市)宝荷路中新加油站对面,0.0,0.0,13,13,good,22.694796752516076,114.25970116268519,深圳市水务局开放平台·积涝点水位
2026-08-19T13:00:00+08:00,Asia/Shanghai,9281192017,(市)环观南路与观平路交汇处,0.0,0.0,13,13,good,22.705673908780923,114.07279441765539,深圳市水务局开放平台·积涝点水位
2026-08-19T13:00:00+08:00,Asia/Shanghai,9281192018,(市)龙华大道库坑天桥段,0.0,0.0,13,13,good,22.669745856798677,114.03752701836405,深圳市水务局开放平台·积涝点水位
2026-08-19T13:00:00+08:00,Asia/Shanghai,9281192019,(市)福龙路高铁桥下简上段,0.0,0.0,12,12,good,22.61964472178257,114.00080097044238,深圳市水务局开放平台·积涝点水位
2026-08-19T13:00:00+08:00,Asia/Shanghai,9281192020,(市)工业路壹成中心段,0.0,0.0,13,13,good,22.648754971805,114.02570221318598,深圳市水务局开放平台·积涝点水位
2026-08-19T13:00:00+08:00,Asia/Shanghai,9281192021,(市)东环一路和平路交汇处,0.0,0.0,13,13,good,22.65040479515617,114.03284713758192,深圳市水务局开放平台·积涝点水位
2026-08-19T13:00:00+08:00,Asia/Shanghai,9281192022,(市)龙田社区大水湾,0.0,0.0,13,13,good,,,深圳市水务局开放平台·积涝点水位
2026-08-19T13:00:00+08:00,Asia/Shanghai,9281292001,(市)滨河皇岗立交桥洞,0.0,0.0,13,13,good,,,深圳市水务局开放平台·积涝点水位
2026-08-19T13:00:00+08:00,Asia/Shanghai,9281292002,(市)广深高速桥下滨海大道北侧辅道,0.01,0.01,65,65,good,22.579823080041088,114.10123773351275,深圳市水务局开放平台·积涝点水位
2026-08-19T13:00:00+08:00,Asia/Shanghai,9281292003,(市)福田区竹子林立交下穿通道,0.0,0.0,13,13,good,,,深圳市水务局开放平台·积涝点水位
2026-08-19T13:00:00+08:00,Asia/Shanghai,9281292004,(市)滨河益田立交桥洞,0.0,0.0,13,13,good,,,深圳市水务局开放平台·积涝点水位
2026-08-19T13:00:00+08:00,Asia/Shanghai,9281292005,(市)深南新洲一号立交桥洞,0.0,0.0,13,13,good,,,深圳市水务局开放平台·积涝点水位
2026-08-19T13:00:00+08:00,Asia/Shanghai,9281292006,(市)北环新洲立交东南角辅道,0.0,0.0,13,13,good,,,深圳市水务局开放平台·积涝点水位
2026-08-19T13:00:00+08:00,Asia/Shanghai,9281292007,(市)107国道新安段(裕安加油站),0.0,0.0,13,13,good,22.55254164883845,113.90816500450731,深圳市水务局开放平台·积涝点水位
2026-08-19T13:00:00+08:00,Asia/Shanghai,9281292008,洲石路鹤洲桥底（市）,0.0,0.0,12,12,good,22.651019027149744,113.88061107664711,深圳市水务局开放平台·积涝点水位
2026-08-19T13:00:00+08:00,Asia/Shanghai,9281292009,(市)帝堂路（锦程路以西段）,0.0066,0.01,29,29,good,22.70987723506993,113.7784856087664,深圳市水务局开放平台·积涝点水位
2026-08-19T13:00:00+08:00,Asia/Shanghai,9281292010,(市)上星南路与中心路丽沙花都,0.0,0.0,12,12,good,22.502209013854387,113.93734688972145,深圳市水务局开放平台·积涝点水位
2026-08-19T13:00:00+08:00,Asia/Shanghai,9281292011,(市)外环路广深高速新桥立交,0.0,0.0,3,3,good,22.736379220337216,113.84591188570887,深圳市水务局开放平台·积涝点水位
2026-08-19T13:00:00+08:00,Asia/Shanghai,9281292012,(市)固戍海滨新村文昌阁,0.0,0.0,13,13,good,,,深圳市水务局开放平台·积涝点水位
2026-08-19T13:00:00+08:00,Asia/Shanghai,9281292013,(市)宝安大道固戍地铁站,0.0,0.0,12,12,good,22.64678387472509,113.8417801892837,深圳市水务局开放平台·积涝点水位
2026-08-19T13:00:00+08:00,Asia/Shanghai,9281292014,(市)G107国道南行固戍大门,0.0,0.0,14,14,good,22.55254164883845,113.90816500450731,深圳市水务局开放平台·积涝点水位
2026-08-19T13:00:00+08:00,Asia/Shanghai,9281292015,(市)东环大道松宝大道段,0.0,0.0,12,12,good,,,深圳市水务局开放平台·积涝点水位
2026-08-19T13:00:00+08:00,Asia/Shanghai,9281292016,(市)长凤路龙大高速桥底,0.0,0.0,12,12,good,22.775734215738417,113.91156092305157,深圳市水务局开放平台·积涝点水位
2026-08-19T13:00:00+08:00,Asia/Shanghai,9281292017,(市)圳美同富裕工业区,0.0,0.0,13,13,good,,,深圳市水务局开放平台·积涝点水位
2026-08-19T13:00:00+08:00,Asia/Shanghai,9281292018,(市)根玉路东方大道交汇处,0.0,0.0,11,11,good,22.763216165633853,113.85149341983029,深圳市水务局开放平台·积涝点水位
2026-08-19T13:00:00+08:00,Asia/Shanghai,9281292019,(市)上村社区龙大桥底,0.0,0.0,12,12,good,,,深圳市水务局开放平台·积涝点水位
2026-08-19T13:00:00+08:00,Asia/Shanghai,9281292020,(市)马山头社区上石家路通兴路交汇处,0.0,0.0,11,11,good,22.763999933333334,113.8915635138889,深圳市水务局开放平台·积涝点水位
2026-08-19T13:00:00+08:00,Asia/Shanghai,9281292021,(市)临海大道海关保税区,0.0,0.0,12,12,good,22.53399911521491,113.88871009435005,深圳市水务局开放平台·积涝点水位
2026-08-19T13:00:00+08:00,Asia/Shanghai,9281292022,(市)南山大道南行亿利达村段,0.0,0.0,13,13,good,22.540721694789013,113.9181638130031,深圳市水务局开放平台·积涝点水位
2026-08-19T13:00:00+08:00,Asia/Shanghai,9281292023,(市)东滨路南行华联城市山林花园段,0.0,0.0,13,13,good,22.51106546682151,113.92212734316605,深圳市水务局开放平台·积涝点水位
2026-08-19T13:00:00+08:00,Asia/Shanghai,9281292024,(市)深圳湾东滨路与中心路交叉口,0.0,0.0,12,12,good,22.51106546682151,113.92212734316605,深圳市水务局开放平台·积涝点水位
2026-08-19T13:00:00+08:00,Asia/Shanghai,MS1104403030000228,(市)红岗公园,0.0,0.0,2,2,good,,,深圳市水务局开放平台·积涝点水位
2026-08-19T13:00:00+08:00,Asia/Shanghai,MS1104403030000232,(市)沿河南路文锦路社区,0.0,0.0,18,18,good,22.550252268776845,114.11444108979862,深圳市水务局开放平台·积涝点水位
2026-08-19T13:00:00+08:00,Asia/Shanghai,MS1104403030000247,(市)深南东路黄贝岭,0.0,0.0,13,13,good,22.54661746874732,114.11811396992493,深圳市水务局开放平台·积涝点水位
2026-08-19T13:00:00+08:00,Asia/Shanghai,MS1104403030000251,(市)滨河上步立交桥,0.0,0.0,2,2,good,,,深圳市水务局开放平台·积涝点水位
2026-08-19T13:00:00+08:00,Asia/Shanghai,MS1104403030000266,(市)罗湖火车站,0.0,0.0,13,13,good,,,深圳市水务局开放平台·积涝点水位
2026-08-19T13:00:00+08:00,Asia/Shanghai,MS1104403030000270,(市)罗湖区委,0.0,0.0,2,2,good,,,深圳市水务局开放平台·积涝点水位
2026-08-19T13:00:00+08:00,Asia/Shanghai,MS1104403030000285,(市)万象城,0.0,0.0,13,13,good,,,深圳市水务局开放平台·积涝点水位
2026-08-19T13:00:00+08:00,Asia/Shanghai,MS110440303000029X,(市)洪湖地铁站D出入口,0.0,0.0,2,2,good,,,深圳市水务局开放平台·积涝点水位
2026-08-19T13:00:00+08:00,Asia/Shanghai,MS1104403030000304,(市)东湖路,0.0,0.0,5,5,good,22.582822583699635,114.1345991945055,深圳市水务局开放平台·积涝点水位
2026-08-19T13:00:00+08:00,Asia/Shanghai,MS1104403030000319,(市)桂园片区,0.0,0.0,13,13,good,,,深圳市水务局开放平台·积涝点水位
2026-08-19T13:00:00+08:00,Asia/Shanghai,MS1104403030000323,(市)晒布路与东门中路交汇处,0.0,0.0,13,13,good,22.551568716163253,114.1183832504732,深圳市水务局开放平台·积涝点水位
2026-08-19T13:00:00+08:00,Asia/Shanghai,MS1104403030000338,(市)东湖公园爱国路与太宁路路口,0.0,0.0,13,13,good,22.563633808974675,114.13329390192719,深圳市水务局开放平台·积涝点水位
2026-08-19T13:00:00+08:00,Asia/Shanghai,MS1104403030000342,(市)文锦渡口岸,0.0,0.0,2,2,good,,,深圳市水务局开放平台·积涝点水位
2026-08-19T13:00:00+08:00,Asia/Shanghai,MS1104403040000543,(市)香梅莲花路口,0.0,0.0,2,2,good,22.559401296538805,114.04793087126708,深圳市水务局开放平台·积涝点水位
2026-08-19T13:00:00+08:00,Asia/Shanghai,MS1104403040000558,(市)信托花园,0.0,0.0,17,17,good,,,深圳市水务局开放平台·积涝点水位
2026-08-19T13:00:00+08:00,Asia/Shanghai,MS1104403040000562,(市)上步红荔路口,0.0,0.0,2,2,good,22.550171284097686,114.05891535550717,深圳市水务局开放平台·积涝点水位
2026-08-19T13:00:00+08:00,Asia/Shanghai,MS1104403040000577,(市)深南皇岗立交桥与皇岗路交汇处,0.0,0.0,13,13,good,22.552167188223326,114.06774281249497,深圳市水务局开放平台·积涝点水位
2026-08-19T13:00:00+08:00,Asia/Shanghai,MS1104403040000581,(市)北环大道与梅林路交汇处,0.0,0.0,2,2,good,22.55966775704351,113.99344633894496,深圳市水务局开放平台·积涝点水位
2026-08-19T13:00:00+08:00,Asia/Shanghai,MS1104403040000596,(市)侨香路香梅社区,0.0,0.0,2,2,good,22.55158384619422,114.00624803762132,深圳市水务局开放平台·积涝点水位
2026-08-19T13:00:00+08:00,Asia/Shanghai,MS1104403040000600,(市)侨香路香安社区,0.0,0.0,2,2,good,22.55158384619422,114.00624803762132,深圳市水务局开放平台·积涝点水位
2026-08-19T13:00:00+08:00,Asia/Shanghai,MS1104403040000615,(市)市民中心,0.0,0.0,2,2,good,,,深圳市水务局开放平台·积涝点水位
2026-08-19T13:00:00+08:00,Asia/Shanghai,MS110440304000062X,(市)民田路深圳证券交易所,0.0,0.0,13,13,good,22.53903429826115,114.04781278730138,深圳市水务局开放平台·积涝点水位
2026-08-19T13:00:00+08:00,Asia/Shanghai,MS1104403040000634,(市)燃气集团股份有限公司梅林 LNG安全应急气化站,0.0,0.0,13,13,good,,,深圳市水务局开放平台·积涝点水位
2026-08-19T13:00:00+08:00,Asia/Shanghai,MS1104403040000649,(市)深南大道车公庙交通枢纽段,0.0,0.0,14,14,good,22.5420797706313,113.9753640727562,深圳市水务局开放平台·积涝点水位
2026-08-19T13:00:00+08:00,Asia/Shanghai,MS1104403050000118,(市)月亮湾大道与前湾三路交叉口,0.0,0.0,2,2,good,22.511993391395155,113.8903078293519,深圳市水务局开放平台·积涝点水位
2026-08-19T13:00:00+08:00,Asia/Shanghai,MS1104403050000122,(市)南山大道深意工业大厦段,0.0,0.0,13,13,good,22.540721694789013,113.9181638130031,深圳市水务局开放平台·积涝点水位
2026-08-19T13:00:00+08:00,Asia/Shanghai,MS1104403050000137,(市)南山大道与登良路交叉口,0.0,0.0,2,2,good,22.540721694789013,113.9181638130031,深圳市水务局开放平台·积涝点水位
2026-08-19T13:00:00+08:00,Asia/Shanghai,MS1104403050000141,(市)南新路北头豪苑,0.0,0.0,2,2,good,22.535707366852186,113.92452459612443,深圳市水务局开放平台·积涝点水位
2026-08-19T13:00:00+08:00,Asia/Shanghai,MS1104403050000156,(市)滨海大道与南山大道交叉口,0.0,0.0,2,2,good,22.579823080041088,114.10123773351275,深圳市水务局开放平台·积涝点水位
2026-08-19T13:00:00+08:00,Asia/Shanghai,MS1104403050000160,(市)桃园路与南新路交叉口,0.0,0.0,2,2,good,22.535395972003414,113.91852837514443,深圳市水务局开放平台·积涝点水位
2026-08-19T13:00:00+08:00,Asia/Shanghai,MS1104403050000175,(市)后海大道与登良路交叉口,0.0,0.0,14,14,good,22.51179221810604,113.92884393579894,深圳市水务局开放平台·积涝点水位
2026-08-19T13:00:00+08:00,Asia/Shanghai,MS110440305000018X,(市)后海大道港湾创业大厦,0.0,0.0,13,13,good,22.51179221810604,113.92884393579894,深圳市水务局开放平台·积涝点水位
2026-08-19T13:00:00+08:00,Asia/Shanghai,MS1104403050000194,(市)深南大道高新园地铁 AD 口,0.0,0.0,13,13,good,22.5420797706313,113.9753640727562,深圳市水务局开放平台·积涝点水位
2026-08-19T13:00:00+08:00,Asia/Shanghai,MS1104403050000209,(市)深圳湾口岸,0.0,0.0,2,2,good,,,深圳市水务局开放平台·积涝点水位
2026-08-19T13:00:00+08:00,Asia/Shanghai,MS1104403050000213,(市)前湾公园地铁站 A 出入口,0.0,0.0,13,13,good,,,深圳市水务局开放平台·积涝点水位
2026-08-19T13:00:00+08:00,Asia/Shanghai,MS1104403050000228,(市)粤海门地铁站 D2 出入口,0.0,0.0,13,13,good,,,深圳市水务局开放平台·积涝点水位
2026-08-19T13:00:00+08:00,Asia/Shanghai,MS1104403050000232,(市)桂庙路地下道路,0.0,0.0,13,13,good,22.52643977555155,113.91686609460196,深圳市水务局开放平台·积涝点水位
2026-08-19T13:00:00+08:00,Asia/Shanghai,MS1104403050000247,(市)国家超级计算深圳中心,0.0,0.0,16,16,good,,,深圳市水务局开放平台·积涝点水位
2026-08-19T13:00:00+08:00,Asia/Shanghai,MS110440306000029X,(市)辛养旧村辛居路,0.0,0.0,2,2,good,,,深圳市水务局开放平台·积涝点水位
2026-08-19T13:00:00+08:00,Asia/Shanghai,MS1104403060000304,(市)山门第三工业区,0.0,0.0,2,2,good,,,深圳市水务局开放平台·积涝点水位
2026-08-19T13:00:00+08:00,Asia/Shanghai,MS1104403060000319,(市)前进一路上川路口,0.0,0.0,13,13,good,22.57118007860348,113.90008995469552,深圳市水务局开放平台·积涝点水位
2026-08-19T13:00:00+08:00,Asia/Shanghai,MS1104403060000323,(市)洪浪北地铁站,0.0,0.0,13,13,good,,,深圳市水务局开放平台·积涝点水位
2026-08-19T13:00:00+08:00,Asia/Shanghai,MS1104403060000338,(市)东风幼儿园,0.0,0.0,2,2,good,,,深圳市水务局开放平台·积涝点水位
2026-08-19T13:00:00+08:00,Asia/Shanghai,MS1104403060000342,(市)海乐41区,0.0,0.0,2,2,good,,,深圳市水务局开放平台·积涝点水位
2026-08-19T13:00:00+08:00,Asia/Shanghai,MS1104403060000357,(市)前进二路,0.0,0.0,2,2,good,22.597482662679273,113.87435005513986,深圳市水务局开放平台·积涝点水位
2026-08-19T13:00:00+08:00,Asia/Shanghai,MS1104403060000361,(市)园岭商场,0.0,0.0,11,11,good,,,深圳市水务局开放平台·积涝点水位
2026-08-19T13:00:00+08:00,Asia/Shanghai,MS1104403060000376,(市)新圳西路万佳商场段,0.0,0.0,3,3,good,22.56349644,113.89998969999999,深圳市水务局开放平台·积涝点水位
2026-08-19T13:00:00+08:00,Asia/Shanghai,MS1104403060000380,(市)北环路与爱群路路口,0.0,0.0,11,11,good,22.79634568700108,114.39897783430258,深圳市水务局开放平台·积涝点水位
2026-08-19T13:00:00+08:00,Asia/Shanghai,MS1104403060000395,(市)宝安区幸福路与恒珠一路,0.0,0.0,2,2,good,,,深圳市水务局开放平台·积涝点水位
2026-08-19T13:00:00+08:00,Asia/Shanghai,MS110440306000040X,(市)宝安区勋业街,0.0,0.0,2,2,good,,,深圳市水务局开放平台·积涝点水位
2026-08-19T13:00:00+08:00,Asia/Shanghai,MS1104403060000414,(市)宝安区福和路西六巷,0.0,0.0,12,12,good,22.75496986065163,113.7975587837876,深圳市水务局开放平台·积涝点水位
2026-08-19T13:00:00+08:00,Asia/Shanghai,MS1104403060000429,(市)民福路与创新路交叉口,0.0,0.0,12,12,good,22.77931941488889,113.82386091368804,深圳市水务局开放平台·积涝点水位
2026-08-19T13:00:00+08:00,Asia/Shanghai,MS1104403060000433,(市)金沙二路与民福路交叉口,0.0,0.0,2,2,good,22.731531574999998,113.800096525,深圳市水务局开放平台·积涝点水位
2026-08-19T13:00:00+08:00,Asia/Shanghai,MS1104403060000448,(市)宝安区沙井西环路正科时代,0.0,0.0,2,2,good,22.658437552805964,113.96411546099013,深圳市水务局开放平台·积涝点水位
2026-08-19T13:00:00+08:00,Asia/Shanghai,MS1104403060000452,(市)宝源路固戍海滨公园,0.0,0.0,13,13,good,22.58668431255461,113.84584894450396,深圳市水务局开放平台·积涝点水位
2026-08-19T13:00:00+08:00,Asia/Shanghai,MS1104403060000467,(市)海雅缤纷城,0.0045,0.01,33,33,good,,,深圳市水务局开放平台·积涝点水位
2026-08-19T13:00:00+08:00,Asia/Shanghai,MS1104403060000471,(市)万达广场,0.0,0.0,2,2,good,,,深圳市水务局开放平台·积涝点水位
2026-08-19T13:00:00+08:00,Asia/Shanghai,MS1104403060000486,(市)固戍地铁站 A/F 出入口,0.0,0.0,13,13,good,,,深圳市水务局开放平台·积涝点水位
2026-08-19T13:00:00+08:00,Asia/Shanghai,MS1104403060000490,(市)碧海湾地铁站 B 出入口,0.0,0.0,13,13,good,,,深圳市水务局开放平台·积涝点水位
2026-08-19T13:00:00+08:00,Asia/Shanghai,MS1104403060000505,(市)海天路地下隧道,0.0,0.0,13,13,good,22.549962987088094,113.87889692546018,深圳市水务局开放平台·积涝点水位
2026-08-19T13:00:00+08:00,Asia/Shanghai,MS1104403070000175,(市)龙平西路新秀社区公园,0.0,0.0,2,2,good,22.731009781031894,114.22605984524496,深圳市水务局开放平台·积涝点水位
2026-08-19T13:00:00+08:00,Asia/Shanghai,MS110440307000018X,(市)如意路广发银行奥林支行,0.0,0.0,12,12,good,22.697841456213258,114.19931100734046,深圳市水务局开放平台·积涝点水位
2026-08-19T13:00:00+08:00,Asia/Shanghai,MS1104403070000194,(市)龙翔大道与龙城大道交汇处,0.0,0.0,13,13,good,22.708452173199664,114.22855732448205,深圳市水务局开放平台·积涝点水位
2026-08-19T13:00:00+08:00,Asia/Shanghai,MS1104403070000209,(市)龙城大道与龙平东路交汇处,0.0,0.0,13,13,good,22.734070392016967,114.26268655089929,深圳市水务局开放平台·积涝点水位
2026-08-19T13:00:00+08:00,Asia/Shanghai,MS1104403070000213,(市)龙西中路与盐龙大道交汇处,0.0,0.0,13,13,good,22.75103177856142,114.25588661241065,深圳市水务局开放平台·积涝点水位
2026-08-19T13:00:00+08:00,Asia/Shanghai,MS1104403070000228,(市)爱南路与深汕公路交汇处,0.0,0.0,13,13,good,22.709133830928806,114.31382413715897,深圳市水务局开放平台·积涝点水位
2026-08-19T13:00:00+08:00,Asia/Shanghai,MS1104403070000232,(市)园新路与乐园路交汇处,0.0,0.0,13,13,good,22.714932425,114.3001758,深圳市水务局开放平台·积涝点水位
2026-08-19T13:00:00+08:00,Asia/Shanghai,MS1104403070000247,(市)长深高速四方埔社区,0.0,0.0,3,3,good,22.785453209312927,114.3238491191703,深圳市水务局开放平台·积涝点水位
2026-08-19T13:00:00+08:00,Asia/Shanghai,MS1104403070000251,(市)龙岗区政府,0.0,0.0,13,13,good,,,深圳市水务局开放平台·积涝点水位
2026-08-19T13:00:00+08:00,Asia/Shanghai,MS1104403070000266,(市)五和地铁站H出入口,0.0,0.0,13,13,good,,,深圳市水务局开放平台·积涝点水位
2026-08-19T13:00:00+08:00,Asia/Shanghai,MS1104403070000270,(市)长龙地铁站C2出入口,0.0,0.0,2,2,good,,,深圳市水务局开放平台·积涝点水位
2026-08-19T13:00:00+08:00,Asia/Shanghai,MS1104403070000285,(市)育贤学校、童星幼儿园,0.0,0.0,13,13,good,,,深圳市水务局开放平台·积涝点水位
2026-08-19T13:00:00+08:00,Asia/Shanghai,MS110440307000029X,(市)深圳远东妇产医院,0.0,0.0,13,13,good,,,深圳市水务局开放平台·积涝点水位
2026-08-19T13:00:00+08:00,Asia/Shanghai,MS1104403070000304,(市)英才学校,0.0,0.0,13,13,good,,,深圳市水务局开放平台·积涝点水位
2026-08-19T13:00:00+08:00,Asia/Shanghai,MS1104403070000319,(市)吉榕路桥洞,0.0,0.0,13,13,good,,,深圳市水务局开放平台·积涝点水位
2026-08-19T13:00:00+08:00,Asia/Shanghai,MS1104403070000323,(市)京南路,0.0,0.0,2,2,good,22.602818284523806,114.12130894517196,深圳市水务局开放平台·积涝点水位
2026-08-19T13:00:00+08:00,Asia/Shanghai,MS1104403070000338,(市)布澜路国芬路口,0.0,0.0,2,2,good,22.635311170786817,114.12784150313183,深圳市水务局开放平台·积涝点水位
2026-08-19T13:00:00+08:00,Asia/Shanghai,MS1104403070000342,(市)布吉站（深圳东站）,0.0,0.0,2,2,good,,,深圳市水务局开放平台·积涝点水位
2026-08-19T13:00:00+08:00,Asia/Shanghai,MS1104403080000012,(市)金融路海涛路口片区,0.0,0.0,12,12,good,22.553642038690473,114.22939035281746,深圳市水务局开放平台·积涝点水位
2026-08-19T13:00:00+08:00,Asia/Shanghai,MS1104403080000027,(市)沙头角口岸小区,0.0,0.0,13,13,good,,,深圳市水务局开放平台·积涝点水位
2026-08-19T13:00:00+08:00,Asia/Shanghai,MS1104403080000031,(市)桥东街小区,0.0,0.0,13,13,good,,,深圳市水务局开放平台·积涝点水位
2026-08-19T13:00:00+08:00,Asia/Shanghai,MS1104403090000065,(市)泗黎路凹背社区富坑社区,0.0,0.0,2,2,good,22.753687171367037,114.03385655648283,深圳市水务局开放平台·积涝点水位
2026-08-19T13:00:00+08:00,Asia/Shanghai,MS110440309000007X,(市)银星科技园,0.0,0.0,3,3,good,,,深圳市水务局开放平台·积涝点水位
2026-08-19T13:00:00+08:00,Asia/Shanghai,MS1104403090000084,(市)观光路与福前路交汇处,0.0,0.0,2,2,good,22.733179257314486,114.01274963079653,深圳市水务局开放平台·积涝点水位
2026-08-19T13:00:00+08:00,Asia/Shanghai,MS1104403090000099,(市)三联社区,0.0,0.0,13,13,good,,,深圳市水务局开放平台·积涝点水位
2026-08-19T13:00:00+08:00,Asia/Shanghai,MS1104403090000103,(市)布龙路与五和大道交汇处,0.0,0.0,13,13,good,22.646750702555874,114.02665721385576,深圳市水务局开放平台·积涝点水位
2026-08-19T13:00:00+08:00,Asia/Shanghai,MS1104403090000118,(市)新区大道深圳北站,0.0,0.0,13,13,good,22.624351465560785,114.01682556681699,深圳市水务局开放平台·积涝点水位
2026-08-19T13:00:00+08:00,Asia/Shanghai,MS1104403090000122,(市)龙华壹方成,0.0,0.0,13,13,good,,,深圳市水务局开放平台·积涝点水位
2026-08-19T13:00:00+08:00,Asia/Shanghai,MS1104403090000137,(市)昌茂二路,0.0,0.0,13,13,good,,,深圳市水务局开放平台·积涝点水位
2026-08-19T13:00:00+08:00,Asia/Shanghai,MS1104403090000141,(市)大浪新围街大船坑市场段,0.0,0.0,15,15,good,22.692058934615382,113.9964102346154,深圳市水务局开放平台·积涝点水位
2026-08-19T13:00:00+08:00,Asia/Shanghai,MS1104403100000028,(市)坪山法院门口,0.0,0.0,2,2,good,,,深圳市水务局开放平台·积涝点水位
2026-08-19T13:00:00+08:00,Asia/Shanghai,MS1104403100000032,(市)秀沙路比亚迪厂门前,0.0,0.0,13,13,good,22.767995359829058,114.39900074224022,深圳市水务局开放平台·积涝点水位
2026-08-19T13:00:00+08:00,Asia/Shanghai,MS1104403100000047,(市)群代路金泰航科技,0.01,0.01,61,61,good,,,深圳市水务局开放平台·积涝点水位
2026-08-19T13:00:00+08:00,Asia/Shanghai,MS1104403100000051,(市)三洋湖路三洋湖新区小区,0.0,0.0,13,13,good,,,深圳市水务局开放平台·积涝点水位
2026-08-19T13:00:00+08:00,Asia/Shanghai,MS1104403100000066,(市)文化中心地铁站,0.0,0.0,13,13,good,,,深圳市水务局开放平台·积涝点水位
2026-08-19T13:00:00+08:00,Asia/Shanghai,MS1104403110000597,(市)东长路外环高速长圳入口,0.0,0.0,12,12,good,22.747509018088216,113.91221411091422,深圳市水务局开放平台·积涝点水位
2026-08-19T13:00:00+08:00,Asia/Shanghai,MS1104403110000601,(市)光侨雅苑,0.0,0.0,2,2,good,,,深圳市水务局开放平台·积涝点水位
2026-08-19T13:00:00+08:00,Asia/Shanghai,MS1104403110000616,(市)同观路与汇融路交叉口,0.0,0.0,2,2,good,22.734039598507852,113.91441943299901,深圳市水务局开放平台·积涝点水位
2026-08-19T13:00:00+08:00,Asia/Shanghai,MS1104403110000620,(市)松白路松茂御城段,0.0,0.0,2,2,good,22.731110627923336,113.894856941127,深圳市水务局开放平台·积涝点水位
2026-08-19T13:00:00+08:00,Asia/Shanghai,MS1104403110000635,(市)公常路与环村路交叉口,0.0,0.0,13,13,good,22.826648407959507,113.95688701032125,深圳市水务局开放平台·积涝点水位
2026-08-19T13:00:00+08:00,Asia/Shanghai,MS110440311000064X,(市)光明区高级中学,0.0,0.0,2,2,good,,,深圳市水务局开放平台·积涝点水位
2026-08-19T13:00:00+08:00,Asia/Shanghai,MS1104403120000032,(市)大鹏液化天然气有限公司深圳接收站,0.0,0.0,13,13,good,,,深圳市水务局开放平台·积涝点水位
2026-08-19T14:00:00+08:00,Asia/Shanghai,9281192001,(市)平湖火车隧道口,0.0,0.0,12,12,good,,,深圳市水务局开放平台·积涝点水位
2026-08-19T14:00:00+08:00,Asia/Shanghai,9281192002,(市)新木路广深铁路桥底,0.0,0.0,13,13,good,22.6674177472887,114.13210195018992,深圳市水务局开放平台·积涝点水位
2026-08-19T14:00:00+08:00,Asia/Shanghai,9281192003,(市)新木路新围仔村路口,0.0,0.0,13,13,good,22.6674177472887,114.13210195018992,深圳市水务局开放平台·积涝点水位
2026-08-19T14:00:00+08:00,Asia/Shanghai,9281192004,(市)布李路富民城段,0.0,0.0,13,13,good,22.618912574166664,114.11654044833332,深圳市水务局开放平台·积涝点水位
2026-08-19T14:00:00+08:00,Asia/Shanghai,9281192005,(市)龙博路,0.01,0.01,61,61,good,22.62797037826087,114.10927237391306,深圳市水务局开放平台·积涝点水位
2026-08-19T14:00:00+08:00,Asia/Shanghai,9281192006,(市)五和大道四季花城,0.0,0.0,13,13,good,22.65976725256875,114.05975735653944,深圳市水务局开放平台·积涝点水位
2026-08-19T14:00:00+08:00,Asia/Shanghai,9281192007,(市)沙西小学至南岭万家乐段,0.0,0.0,13,13,good,,,深圳市水务局开放平台·积涝点水位
2026-08-19T14:00:00+08:00,Asia/Shanghai,9281192008,(市)南联第六工业区桥洞,0.0,0.0,13,13,good,,,深圳市水务局开放平台·积涝点水位
2026-08-19T14:00:00+08:00,Asia/Shanghai,9281192009,(市)新坡塘村新坡塘积水点,0.0,0.0,13,13,good,,,深圳市水务局开放平台·积涝点水位
2026-08-19T14:00:00+08:00,Asia/Shanghai,9281192010,(市)安良六村安业路与安居路交汇处,0.0,0.0,13,13,good,,,深圳市水务局开放平台·积涝点水位
2026-08-19T14:00:00+08:00,Asia/Shanghai,9281192011,(市)松元头,0.01,0.01,63,63,good,,,深圳市水务局开放平台·积涝点水位
2026-08-19T14:00:00+08:00,Asia/Shanghai,9281192012,(市)湖南立交,0.0,0.0,13,13,good,,,深圳市水务局开放平台·积涝点水位
2026-08-19T14:00:00+08:00,Asia/Shanghai,9281192013,(市)高背路惠盐高速桥洞积水点,0.0,0.0,12,12,good,,,深圳市水务局开放平台·积涝点水位
2026-08-19T14:00:00+08:00,Asia/Shanghai,9281192014,(市)鹤坑桥洞,0.0,0.0,12,12,good,,,深圳市水务局开放平台·积涝点水位
2026-08-19T14:00:00+08:00,Asia/Shanghai,9281192015,(市)安良社区沿河一路疏港铁路桥洞,0.01,0.01,63,63,good,22.73162335,114.107919,深圳市水务局开放平台·积涝点水位
2026-08-19T14:00:00+08:00,Asia/Shanghai,9281192016,(市)宝荷路中新加油站对面,0.0,0.0,13,13,good,22.694796752516076,114.25970116268519,深圳市水务局开放平台·积涝点水位
2026-08-19T14:00:00+08:00,Asia/Shanghai,9281192017,(市)环观南路与观平路交汇处,0.0,0.0,13,13,good,22.705673908780923,114.07279441765539,深圳市水务局开放平台·积涝点水位
2026-08-19T14:00:00+08:00,Asia/Shanghai,9281192018,(市)龙华大道库坑天桥段,0.0,0.0,13,13,good,22.669745856798677,114.03752701836405,深圳市水务局开放平台·积涝点水位
2026-08-19T14:00:00+08:00,Asia/Shanghai,9281192019,(市)福龙路高铁桥下简上段,0.0,0.0,13,13,good,22.61964472178257,114.00080097044238,深圳市水务局开放平台·积涝点水位
2026-08-19T14:00:00+08:00,Asia/Shanghai,9281192020,(市)工业路壹成中心段,0.0,0.0,14,14,good,22.648754971805,114.02570221318598,深圳市水务局开放平台·积涝点水位
2026-08-19T14:00:00+08:00,Asia/Shanghai,9281192021,(市)东环一路和平路交汇处,0.0,0.0,13,13,good,22.65040479515617,114.03284713758192,深圳市水务局开放平台·积涝点水位
2026-08-19T14:00:00+08:00,Asia/Shanghai,9281192022,(市)龙田社区大水湾,0.0,0.0,13,13,good,,,深圳市水务局开放平台·积涝点水位
2026-08-19T14:00:00+08:00,Asia/Shanghai,9281292001,(市)滨河皇岗立交桥洞,0.0,0.0,15,15,good,,,深圳市水务局开放平台·积涝点水位
2026-08-19T14:00:00+08:00,Asia/Shanghai,9281292002,(市)广深高速桥下滨海大道北侧辅道,0.01,0.01,64,64,good,22.579823080041088,114.10123773351275,深圳市水务局开放平台·积涝点水位
2026-08-19T14:00:00+08:00,Asia/Shanghai,9281292003,(市)福田区竹子林立交下穿通道,0.0,0.0,13,13,good,,,深圳市水务局开放平台·积涝点水位
2026-08-19T14:00:00+08:00,Asia/Shanghai,9281292004,(市)滨河益田立交桥洞,0.0,0.0,12,12,good,,,深圳市水务局开放平台·积涝点水位
2026-08-19T14:00:00+08:00,Asia/Shanghai,9281292005,(市)深南新洲一号立交桥洞,0.0,0.0,13,13,good,,,深圳市水务局开放平台·积涝点水位
2026-08-19T14:00:00+08:00,Asia/Shanghai,9281292006,(市)北环新洲立交东南角辅道,0.0,0.0,13,13,good,,,深圳市水务局开放平台·积涝点水位
2026-08-19T14:00:00+08:00,Asia/Shanghai,9281292007,(市)107国道新安段(裕安加油站),0.0,0.0,13,13,good,22.55254164883845,113.90816500450731,深圳市水务局开放平台·积涝点水位
2026-08-19T14:00:00+08:00,Asia/Shanghai,9281292008,洲石路鹤洲桥底（市）,0.0,0.0,13,13,good,22.651019027149744,113.88061107664711,深圳市水务局开放平台·积涝点水位
2026-08-19T14:00:00+08:00,Asia/Shanghai,9281292009,(市)帝堂路（锦程路以西段）,0.0035,0.01,20,20,good,22.70987723506993,113.7784856087664,深圳市水务局开放平台·积涝点水位
2026-08-19T14:00:00+08:00,Asia/Shanghai,9281292010,(市)上星南路与中心路丽沙花都,0.0,0.0,13,13,good,22.502209013854387,113.93734688972145,深圳市水务局开放平台·积涝点水位
2026-08-19T14:00:00+08:00,Asia/Shanghai,9281292011,(市)外环路广深高速新桥立交,0.0,0.0,21,21,good,22.736379220337216,113.84591188570887,深圳市水务局开放平台·积涝点水位
2026-08-19T14:00:00+08:00,Asia/Shanghai,9281292012,(市)固戍海滨新村文昌阁,0.0,0.0,13,13,good,,,深圳市水务局开放平台·积涝点水位
2026-08-19T14:00:00+08:00,Asia/Shanghai,9281292013,(市)宝安大道固戍地铁站,0.0,0.0,13,13,good,22.64678387472509,113.8417801892837,深圳市水务局开放平台·积涝点水位
2026-08-19T14:00:00+08:00,Asia/Shanghai,9281292014,(市)G107国道南行固戍大门,0.0,0.0,13,13,good,22.55254164883845,113.90816500450731,深圳市水务局开放平台·积涝点水位
2026-08-19T14:00:00+08:00,Asia/Shanghai,9281292015,(市)东环大道松宝大道段,0.0,0.0,12,12,good,,,深圳市水务局开放平台·积涝点水位
2026-08-19T14:00:00+08:00,Asia/Shanghai,9281292016,(市)长凤路龙大高速桥底,0.0,0.0,13,13,good,22.775734215738417,113.91156092305157,深圳市水务局开放平台·积涝点水位
2026-08-19T14:00:00+08:00,Asia/Shanghai,9281292017,(市)圳美同富裕工业区,0.0,0.0,13,13,good,,,深圳市水务局开放平台·积涝点水位
2026-08-19T14:00:00+08:00,Asia/Shanghai,9281292018,(市)根玉路东方大道交汇处,0.0,0.0,13,13,good,22.763216165633853,113.85149341983029,深圳市水务局开放平台·积涝点水位
2026-08-19T14:00:00+08:00,Asia/Shanghai,9281292019,(市)上村社区龙大桥底,0.0,0.0,13,13,good,,,深圳市水务局开放平台·积涝点水位
2026-08-19T14:00:00+08:00,Asia/Shanghai,9281292020,(市)马山头社区上石家路通兴路交汇处,0.0,0.0,11,11,good,22.763999933333334,113.8915635138889,深圳市水务局开放平台·积涝点水位
2026-08-19T14:00:00+08:00,Asia/Shanghai,9281292021,(市)临海大道海关保税区,0.0,0.0,13,13,good,22.53399911521491,113.88871009435005,深圳市水务局开放平台·积涝点水位
2026-08-19T14:00:00+08:00,Asia/Shanghai,9281292022,(市)南山大道南行亿利达村段,0.0,0.0,13,13,good,22.540721694789013,113.9181638130031,深圳市水务局开放平台·积涝点水位
2026-08-19T14:00:00+08:00,Asia/Shanghai,9281292023,(市)东滨路南行华联城市山林花园段,0.0,0.0,13,13,good,22.51106546682151,113.92212734316605,深圳市水务局开放平台·积涝点水位
2026-08-19T14:00:00+08:00,Asia/Shanghai,9281292024,(市)深圳湾东滨路与中心路交叉口,0.0,0.0,13,13,good,22.51106546682151,113.92212734316605,深圳市水务局开放平台·积涝点水位
2026-08-19T14:00:00+08:00,Asia/Shanghai,MS1104403030000228,(市)红岗公园,0.0,0.0,2,2,good,,,深圳市水务局开放平台·积涝点水位
2026-08-19T14:00:00+08:00,Asia/Shanghai,MS1104403030000232,(市)沿河南路文锦路社区,0.0,0.0,16,16,good,22.550252268776845,114.11444108979862,深圳市水务局开放平台·积涝点水位
2026-08-19T14:00:00+08:00,Asia/Shanghai,MS1104403030000247,(市)深南东路黄贝岭,0.0,0.0,13,13,good,22.54661746874732,114.11811396992493,深圳市水务局开放平台·积涝点水位
2026-08-19T14:00:00+08:00,Asia/Shanghai,MS1104403030000251,(市)滨河上步立交桥,0.0,0.0,2,2,good,,,深圳市水务局开放平台·积涝点水位
2026-08-19T14:00:00+08:00,Asia/Shanghai,MS1104403030000266,(市)罗湖火车站,0.0,0.0,13,13,good,,,深圳市水务局开放平台·积涝点水位
2026-08-19T14:00:00+08:00,Asia/Shanghai,MS1104403030000270,(市)罗湖区委,0.0,0.0,2,2,good,,,深圳市水务局开放平台·积涝点水位
2026-08-19T14:00:00+08:00,Asia/Shanghai,MS1104403030000285,(市)万象城,0.0,0.0,13,13,good,,,深圳市水务局开放平台·积涝点水位
2026-08-19T14:00:00+08:00,Asia/Shanghai,MS110440303000029X,(市)洪湖地铁站D出入口,0.0,0.0,2,2,good,,,深圳市水务局开放平台·积涝点水位
2026-08-19T14:00:00+08:00,Asia/Shanghai,MS1104403030000304,(市)东湖路,0.0,0.0,5,5,good,22.582822583699635,114.1345991945055,深圳市水务局开放平台·积涝点水位
2026-08-19T14:00:00+08:00,Asia/Shanghai,MS1104403030000319,(市)桂园片区,0.0,0.0,13,13,good,,,深圳市水务局开放平台·积涝点水位
2026-08-19T14:00:00+08:00,Asia/Shanghai,MS1104403030000323,(市)晒布路与东门中路交汇处,0.0,0.0,12,12,good,22.551568716163253,114.1183832504732,深圳市水务局开放平台·积涝点水位
2026-08-19T14:00:00+08:00,Asia/Shanghai,MS1104403030000338,(市)东湖公园爱国路与太宁路路口,0.0,0.0,13,13,good,22.563633808974675,114.13329390192719,深圳市水务局开放平台·积涝点水位
2026-08-19T14:00:00+08:00,Asia/Shanghai,MS1104403030000342,(市)文锦渡口岸,0.0,0.0,2,2,good,,,深圳市水务局开放平台·积涝点水位
2026-08-19T14:00:00+08:00,Asia/Shanghai,MS1104403040000543,(市)香梅莲花路口,0.0,0.0,2,2,good,22.559401296538805,114.04793087126708,深圳市水务局开放平台·积涝点水位
2026-08-19T14:00:00+08:00,Asia/Shanghai,MS1104403040000558,(市)信托花园,0.0,0.0,16,16,good,,,深圳市水务局开放平台·积涝点水位
2026-08-19T14:00:00+08:00,Asia/Shanghai,MS1104403040000562,(市)上步红荔路口,0.0,0.0,2,2,good,22.550171284097686,114.05891535550717,深圳市水务局开放平台·积涝点水位
2026-08-19T14:00:00+08:00,Asia/Shanghai,MS1104403040000577,(市)深南皇岗立交桥与皇岗路交汇处,0.0,0.0,13,13,good,22.552167188223326,114.06774281249497,深圳市水务局开放平台·积涝点水位
2026-08-19T14:00:00+08:00,Asia/Shanghai,MS1104403040000581,(市)北环大道与梅林路交汇处,0.0,0.0,2,2,good,22.55966775704351,113.99344633894496,深圳市水务局开放平台·积涝点水位
2026-08-19T14:00:00+08:00,Asia/Shanghai,MS1104403040000596,(市)侨香路香梅社区,0.0,0.0,2,2,good,22.55158384619422,114.00624803762132,深圳市水务局开放平台·积涝点水位
2026-08-19T14:00:00+08:00,Asia/Shanghai,MS1104403040000600,(市)侨香路香安社区,0.0,0.0,2,2,good,22.55158384619422,114.00624803762132,深圳市水务局开放平台·积涝点水位
2026-08-19T14:00:00+08:00,Asia/Shanghai,MS1104403040000615,(市)市民中心,0.0,0.0,2,2,good,,,深圳市水务局开放平台·积涝点水位
2026-08-19T14:00:00+08:00,Asia/Shanghai,MS110440304000062X,(市)民田路深圳证券交易所,0.0,0.0,13,13,good,22.53903429826115,114.04781278730138,深圳市水务局开放平台·积涝点水位
2026-08-19T14:00:00+08:00,Asia/Shanghai,MS1104403040000634,(市)燃气集团股份有限公司梅林 LNG安全应急气化站,0.0,0.0,13,13,good,,,深圳市水务局开放平台·积涝点水位
2026-08-19T14:00:00+08:00,Asia/Shanghai,MS1104403040000649,(市)深南大道车公庙交通枢纽段,0.0,0.0,13,13,good,22.5420797706313,113.9753640727562,深圳市水务局开放平台·积涝点水位
2026-08-19T14:00:00+08:00,Asia/Shanghai,MS1104403050000118,(市)月亮湾大道与前湾三路交叉口,0.0,0.0,2,2,good,22.511993391395155,113.8903078293519,深圳市水务局开放平台·积涝点水位
2026-08-19T14:00:00+08:00,Asia/Shanghai,MS1104403050000122,(市)南山大道深意工业大厦段,0.0,0.0,13,13,good,22.540721694789013,113.9181638130031,深圳市水务局开放平台·积涝点水位
2026-08-19T14:00:00+08:00,Asia/Shanghai,MS1104403050000137,(市)南山大道与登良路交叉口,0.0,0.0,2,2,good,22.540721694789013,113.9181638130031,深圳市水务局开放平台·积涝点水位
2026-08-19T14:00:00+08:00,Asia/Shanghai,MS1104403050000141,(市)南新路北头豪苑,0.0,0.0,2,2,good,22.535707366852186,113.92452459612443,深圳市水务局开放平台·积涝点水位
2026-08-19T14:00:00+08:00,Asia/Shanghai,MS1104403050000156,(市)滨海大道与南山大道交叉口,0.0,0.0,2,2,good,22.579823080041088,114.10123773351275,深圳市水务局开放平台·积涝点水位
2026-08-19T14:00:00+08:00,Asia/Shanghai,MS1104403050000160,(市)桃园路与南新路交叉口,0.0,0.0,2,2,good,22.535395972003414,113.91852837514443,深圳市水务局开放平台·积涝点水位
2026-08-19T14:00:00+08:00,Asia/Shanghai,MS1104403050000175,(市)后海大道与登良路交叉口,0.0,0.0,13,13,good,22.51179221810604,113.92884393579894,深圳市水务局开放平台·积涝点水位
2026-08-19T14:00:00+08:00,Asia/Shanghai,MS110440305000018X,(市)后海大道港湾创业大厦,0.0,0.0,13,13,good,22.51179221810604,113.92884393579894,深圳市水务局开放平台·积涝点水位
2026-08-19T14:00:00+08:00,Asia/Shanghai,MS1104403050000194,(市)深南大道高新园地铁 AD 口,0.0,0.0,13,13,good,22.5420797706313,113.9753640727562,深圳市水务局开放平台·积涝点水位
2026-08-19T14:00:00+08:00,Asia/Shanghai,MS1104403050000209,(市)深圳湾口岸,0.0,0.0,2,2,good,,,深圳市水务局开放平台·积涝点水位
2026-08-19T14:00:00+08:00,Asia/Shanghai,MS1104403050000213,(市)前湾公园地铁站 A 出入口,0.0,0.0,13,13,good,,,深圳市水务局开放平台·积涝点水位
2026-08-19T14:00:00+08:00,Asia/Shanghai,MS1104403050000228,(市)粤海门地铁站 D2 出入口,0.0,0.0,13,13,good,,,深圳市水务局开放平台·积涝点水位
2026-08-19T14:00:00+08:00,Asia/Shanghai,MS1104403050000232,(市)桂庙路地下道路,0.0,0.0,13,13,good,22.52643977555155,113.91686609460196,深圳市水务局开放平台·积涝点水位
2026-08-19T14:00:00+08:00,Asia/Shanghai,MS1104403050000247,(市)国家超级计算深圳中心,0.0,0.0,13,13,good,,,深圳市水务局开放平台·积涝点水位
2026-08-19T14:00:00+08:00,Asia/Shanghai,MS110440306000029X,(市)辛养旧村辛居路,0.0,0.0,2,2,good,,,深圳市水务局开放平台·积涝点水位
2026-08-19T14:00:00+08:00,Asia/Shanghai,MS1104403060000304,(市)山门第三工业区,0.0,0.0,2,2,good,,,深圳市水务局开放平台·积涝点水位
2026-08-19T14:00:00+08:00,Asia/Shanghai,MS1104403060000319,(市)前进一路上川路口,0.0,0.0,13,13,good,22.57118007860348,113.90008995469552,深圳市水务局开放平台·积涝点水位
2026-08-19T14:00:00+08:00,Asia/Shanghai,MS1104403060000323,(市)洪浪北地铁站,0.0,0.0,13,13,good,,,深圳市水务局开放平台·积涝点水位
2026-08-19T14:00:00+08:00,Asia/Shanghai,MS1104403060000338,(市)东风幼儿园,0.0,0.0,2,2,good,,,深圳市水务局开放平台·积涝点水位
2026-08-19T14:00:00+08:00,Asia/Shanghai,MS1104403060000342,(市)海乐41区,0.0,0.0,2,2,good,,,深圳市水务局开放平台·积涝点水位
2026-08-19T14:00:00+08:00,Asia/Shanghai,MS1104403060000357,(市)前进二路,0.0,0.0,2,2,good,22.597482662679273,113.87435005513986,深圳市水务局开放平台·积涝点水位
2026-08-19T14:00:00+08:00,Asia/Shanghai,MS1104403060000361,(市)园岭商场,0.0,0.0,13,13,good,,,深圳市水务局开放平台·积涝点水位
2026-08-19T14:00:00+08:00,Asia/Shanghai,MS1104403060000376,(市)新圳西路万佳商场段,0.0,0.0,4,4,good,22.56349644,113.89998969999999,深圳市水务局开放平台·积涝点水位
2026-08-19T14:00:00+08:00,Asia/Shanghai,MS1104403060000380,(市)北环路与爱群路路口,0.0,0.0,13,13,good,22.79634568700108,114.39897783430258,深圳市水务局开放平台·积涝点水位
2026-08-19T14:00:00+08:00,Asia/Shanghai,MS1104403060000395,(市)宝安区幸福路与恒珠一路,0.0,0.0,2,2,good,,,深圳市水务局开放平台·积涝点水位
2026-08-19T14:00:00+08:00,Asia/Shanghai,MS110440306000040X,(市)宝安区勋业街,0.0,0.0,2,2,good,,,深圳市水务局开放平台·积涝点水位
2026-08-19T14:00:00+08:00,Asia/Shanghai,MS1104403060000414,(市)宝安区福和路西六巷,0.0,0.0,13,13,good,22.75496986065163,113.7975587837876,深圳市水务局开放平台·积涝点水位
2026-08-19T14:00:00+08:00,Asia/Shanghai,MS1104403060000429,(市)民福路与创新路交叉口,0.0,0.0,13,13,good,22.77931941488889,113.82386091368804,深圳市水务局开放平台·积涝点水位
2026-08-19T14:00:00+08:00,Asia/Shanghai,MS1104403060000433,(市)金沙二路与民福路交叉口,0.0,0.0,2,2,good,22.731531574999998,113.800096525,深圳市水务局开放平台·积涝点水位
2026-08-19T14:00:00+08:00,Asia/Shanghai,MS1104403060000448,(市)宝安区沙井西环路正科时代,0.0,0.0,2,2,good,22.658437552805964,113.96411546099013,深圳市水务局开放平台·积涝点水位
2026-08-19T14:00:00+08:00,Asia/Shanghai,MS1104403060000452,(市)宝源路固戍海滨公园,0.0,0.0,13,13,good,22.58668431255461,113.84584894450396,深圳市水务局开放平台·积涝点水位
2026-08-19T14:00:00+08:00,Asia/Shanghai,MS1104403060000467,(市)海雅缤纷城,0.0051,0.01,35,35,good,,,深圳市水务局开放平台·积涝点水位
2026-08-19T14:00:00+08:00,Asia/Shanghai,MS1104403060000471,(市)万达广场,0.0,0.0,2,2,good,,,深圳市水务局开放平台·积涝点水位
2026-08-19T14:00:00+08:00,Asia/Shanghai,MS1104403060000486,(市)固戍地铁站 A/F 出入口,0.0,0.0,13,13,good,,,深圳市水务局开放平台·积涝点水位
2026-08-19T14:00:00+08:00,Asia/Shanghai,MS1104403060000490,(市)碧海湾地铁站 B 出入口,0.0,0.0,16,16,good,,,深圳市水务局开放平台·积涝点水位
2026-08-19T14:00:00+08:00,Asia/Shanghai,MS1104403060000505,(市)海天路地下隧道,0.0,0.0,13,13,good,22.549962987088094,113.87889692546018,深圳市水务局开放平台·积涝点水位
2026-08-19T14:00:00+08:00,Asia/Shanghai,MS1104403070000175,(市)龙平西路新秀社区公园,0.0,0.0,2,2,good,22.731009781031894,114.22605984524496,深圳市水务局开放平台·积涝点水位
2026-08-19T14:00:00+08:00,Asia/Shanghai,MS110440307000018X,(市)如意路广发银行奥林支行,0.0,0.0,14,14,good,22.697841456213258,114.19931100734046,深圳市水务局开放平台·积涝点水位
2026-08-19T14:00:00+08:00,Asia/Shanghai,MS1104403070000194,(市)龙翔大道与龙城大道交汇处,0.0,0.0,13,13,good,22.708452173199664,114.22855732448205,深圳市水务局开放平台·积涝点水位
2026-08-19T14:00:00+08:00,Asia/Shanghai,MS1104403070000209,(市)龙城大道与龙平东路交汇处,0.0,0.0,13,13,good,22.734070392016967,114.26268655089929,深圳市水务局开放平台·积涝点水位
2026-08-19T14:00:00+08:00,Asia/Shanghai,MS1104403070000213,(市)龙西中路与盐龙大道交汇处,0.0,0.0,13,13,good,22.75103177856142,114.25588661241065,深圳市水务局开放平台·积涝点水位
2026-08-19T14:00:00+08:00,Asia/Shanghai,MS1104403070000228,(市)爱南路与深汕公路交汇处,0.0,0.0,11,11,good,22.709133830928806,114.31382413715897,深圳市水务局开放平台·积涝点水位
2026-08-19T14:00:00+08:00,Asia/Shanghai,MS1104403070000232,(市)园新路与乐园路交汇处,0.0,0.0,13,13,good,22.714932425,114.3001758,深圳市水务局开放平台·积涝点水位
2026-08-19T14:00:00+08:00,Asia/Shanghai,MS1104403070000247,(市)长深高速四方埔社区,0.0,0.0,2,2,good,22.785453209312927,114.3238491191703,深圳市水务局开放平台·积涝点水位
2026-08-19T14:00:00+08:00,Asia/Shanghai,MS1104403070000251,(市)龙岗区政府,0.0,0.0,13,13,good,,,深圳市水务局开放平台·积涝点水位
2026-08-19T14:00:00+08:00,Asia/Shanghai,MS1104403070000266,(市)五和地铁站H出入口,0.0,0.0,13,13,good,,,深圳市水务局开放平台·积涝点水位
2026-08-19T14:00:00+08:00,Asia/Shanghai,MS1104403070000270,(市)长龙地铁站C2出入口,0.0,0.0,2,2,good,,,深圳市水务局开放平台·积涝点水位
2026-08-19T14:00:00+08:00,Asia/Shanghai,MS1104403070000285,(市)育贤学校、童星幼儿园,0.0,0.0,13,13,good,,,深圳市水务局开放平台·积涝点水位
2026-08-19T14:00:00+08:00,Asia/Shanghai,MS110440307000029X,(市)深圳远东妇产医院,0.0,0.0,13,13,good,,,深圳市水务局开放平台·积涝点水位
2026-08-19T14:00:00+08:00,Asia/Shanghai,MS1104403070000304,(市)英才学校,0.0,0.0,13,13,good,,,深圳市水务局开放平台·积涝点水位
2026-08-19T14:00:00+08:00,Asia/Shanghai,MS1104403070000319,(市)吉榕路桥洞,0.0,0.0,13,13,good,,,深圳市水务局开放平台·积涝点水位
2026-08-19T14:00:00+08:00,Asia/Shanghai,MS1104403070000323,(市)京南路,0.0,0.0,2,2,good,22.602818284523806,114.12130894517196,深圳市水务局开放平台·积涝点水位
2026-08-19T14:00:00+08:00,Asia/Shanghai,MS1104403070000338,(市)布澜路国芬路口,0.0,0.0,2,2,good,22.635311170786817,114.12784150313183,深圳市水务局开放平台·积涝点水位
2026-08-19T14:00:00+08:00,Asia/Shanghai,MS1104403070000342,(市)布吉站（深圳东站）,0.0,0.0,2,2,good,,,深圳市水务局开放平台·积涝点水位
2026-08-19T14:00:00+08:00,Asia/Shanghai,MS1104403080000012,(市)金融路海涛路口片区,0.0,0.0,13,13,good,22.553642038690473,114.22939035281746,深圳市水务局开放平台·积涝点水位
2026-08-19T14:00:00+08:00,Asia/Shanghai,MS1104403080000027,(市)沙头角口岸小区,0.0,0.0,13,13,good,,,深圳市水务局开放平台·积涝点水位
2026-08-19T14:00:00+08:00,Asia/Shanghai,MS1104403080000031,(市)桥东街小区,0.0,0.0,13,13,good,,,深圳市水务局开放平台·积涝点水位
2026-08-19T14:00:00+08:00,Asia/Shanghai,MS1104403090000065,(市)泗黎路凹背社区富坑社区,0.0,0.0,2,2,good,22.753687171367037,114.03385655648283,深圳市水务局开放平台·积涝点水位
2026-08-19T14:00:00+08:00,Asia/Shanghai,MS110440309000007X,(市)银星科技园,0.0,0.0,3,3,good,,,深圳市水务局开放平台·积涝点水位
2026-08-19T14:00:00+08:00,Asia/Shanghai,MS1104403090000084,(市)观光路与福前路交汇处,0.0,0.0,2,2,good,22.733179257314486,114.01274963079653,深圳市水务局开放平台·积涝点水位
2026-08-19T14:00:00+08:00,Asia/Shanghai,MS1104403090000099,(市)三联社区,0.0,0.0,13,13,good,,,深圳市水务局开放平台·积涝点水位
2026-08-19T14:00:00+08:00,Asia/Shanghai,MS1104403090000103,(市)布龙路与五和大道交汇处,0.0,0.0,13,13,good,22.646750702555874,114.02665721385576,深圳市水务局开放平台·积涝点水位
2026-08-19T14:00:00+08:00,Asia/Shanghai,MS1104403090000118,(市)新区大道深圳北站,0.0,0.0,13,13,good,22.624351465560785,114.01682556681699,深圳市水务局开放平台·积涝点水位
2026-08-19T14:00:00+08:00,Asia/Shanghai,MS1104403090000122,(市)龙华壹方成,0.0,0.0,13,13,good,,,深圳市水务局开放平台·积涝点水位
2026-08-19T14:00:00+08:00,Asia/Shanghai,MS1104403090000137,(市)昌茂二路,0.0,0.0,13,13,good,,,深圳市水务局开放平台·积涝点水位
2026-08-19T14:00:00+08:00,Asia/Shanghai,MS1104403090000141,(市)大浪新围街大船坑市场段,0.0,0.0,13,13,good,22.692058934615382,113.9964102346154,深圳市水务局开放平台·积涝点水位
2026-08-19T14:00:00+08:00,Asia/Shanghai,MS1104403100000028,(市)坪山法院门口,0.0,0.0,2,2,good,,,深圳市水务局开放平台·积涝点水位
2026-08-19T14:00:00+08:00,Asia/Shanghai,MS1104403100000032,(市)秀沙路比亚迪厂门前,0.0,0.0,13,13,good,22.767995359829058,114.39900074224022,深圳市水务局开放平台·积涝点水位
2026-08-19T14:00:00+08:00,Asia/Shanghai,MS1104403100000047,(市)群代路金泰航科技,0.01,0.01,63,63,good,,,深圳市水务局开放平台·积涝点水位
2026-08-19T14:00:00+08:00,Asia/Shanghai,MS1104403100000051,(市)三洋湖路三洋湖新区小区,0.0,0.0,13,13,good,,,深圳市水务局开放平台·积涝点水位
2026-08-19T14:00:00+08:00,Asia/Shanghai,MS1104403100000066,(市)文化中心地铁站,0.0,0.0,13,13,good,,,深圳市水务局开放平台·积涝点水位
2026-08-19T14:00:00+08:00,Asia/Shanghai,MS1104403110000597,(市)东长路外环高速长圳入口,0.0,0.0,12,12,good,22.747509018088216,113.91221411091422,深圳市水务局开放平台·积涝点水位
2026-08-19T14:00:00+08:00,Asia/Shanghai,MS1104403110000601,(市)光侨雅苑,0.0,0.0,2,2,good,,,深圳市水务局开放平台·积涝点水位
2026-08-19T14:00:00+08:00,Asia/Shanghai,MS1104403110000616,(市)同观路与汇融路交叉口,0.0,0.0,2,2,good,22.734039598507852,113.91441943299901,深圳市水务局开放平台·积涝点水位
2026-08-19T14:00:00+08:00,Asia/Shanghai,MS1104403110000620,(市)松白路松茂御城段,0.0,0.0,2,2,good,22.731110627923336,113.894856941127,深圳市水务局开放平台·积涝点水位
2026-08-19T14:00:00+08:00,Asia/Shanghai,MS1104403110000635,(市)公常路与环村路交叉口,0.0,0.0,13,13,good,22.826648407959507,113.95688701032125,深圳市水务局开放平台·积涝点水位
2026-08-19T14:00:00+08:00,Asia/Shanghai,MS110440311000064X,(市)光明区高级中学,0.0,0.0,2,2,good,,,深圳市水务局开放平台·积涝点水位
2026-08-19T14:00:00+08:00,Asia/Shanghai,MS1104403120000032,(市)大鹏液化天然气有限公司深圳接收站,0.0,0.0,13,13,good,,,深圳市水务局开放平台·积涝点水位
2026-08-19T15:00:00+08:00,Asia/Shanghai,9281192001,(市)平湖火车隧道口,0.0,0.0,12,12,good,,,深圳市水务局开放平台·积涝点水位
2026-08-19T15:00:00+08:00,Asia/Shanghai,9281192002,(市)新木路广深铁路桥底,0.0,0.0,13,13,good,22.6674177472887,114.13210195018992,深圳市水务局开放平台·积涝点水位
2026-08-19T15:00:00+08:00,Asia/Shanghai,9281192003,(市)新木路新围仔村路口,0.0,0.0,13,13,good,22.6674177472887,114.13210195018992,深圳市水务局开放平台·积涝点水位
2026-08-19T15:00:00+08:00,Asia/Shanghai,9281192004,(市)布李路富民城段,0.0,0.0,13,13,good,22.618912574166664,114.11654044833332,深圳市水务局开放平台·积涝点水位
2026-08-19T15:00:00+08:00,Asia/Shanghai,9281192005,(市)龙博路,0.01,0.01,63,63,good,22.62797037826087,114.10927237391306,深圳市水务局开放平台·积涝点水位
2026-08-19T15:00:00+08:00,Asia/Shanghai,9281192006,(市)五和大道四季花城,0.0,0.0,13,13,good,22.65976725256875,114.05975735653944,深圳市水务局开放平台·积涝点水位
2026-08-19T15:00:00+08:00,Asia/Shanghai,9281192007,(市)沙西小学至南岭万家乐段,0.0,0.0,13,13,good,,,深圳市水务局开放平台·积涝点水位
2026-08-19T15:00:00+08:00,Asia/Shanghai,9281192008,(市)南联第六工业区桥洞,0.0,0.0,13,13,good,,,深圳市水务局开放平台·积涝点水位
2026-08-19T15:00:00+08:00,Asia/Shanghai,9281192009,(市)新坡塘村新坡塘积水点,0.0,0.0,13,13,good,,,深圳市水务局开放平台·积涝点水位
2026-08-19T15:00:00+08:00,Asia/Shanghai,9281192010,(市)安良六村安业路与安居路交汇处,0.0,0.0,13,13,good,,,深圳市水务局开放平台·积涝点水位
2026-08-19T15:00:00+08:00,Asia/Shanghai,9281192011,(市)松元头,0.01,0.01,65,65,good,,,深圳市水务局开放平台·积涝点水位
2026-08-19T15:00:00+08:00,Asia/Shanghai,9281192012,(市)湖南立交,0.0,0.0,12,12,good,,,深圳市水务局开放平台·积涝点水位
2026-08-19T15:00:00+08:00,Asia/Shanghai,9281192013,(市)高背路惠盐高速桥洞积水点,0.0,0.0,13,13,good,,,深圳市水务局开放平台·积涝点水位
2026-08-19T15:00:00+08:00,Asia/Shanghai,9281192014,(市)鹤坑桥洞,0.0,0.0,13,13,good,,,深圳市水务局开放平台·积涝点水位
2026-08-19T15:00:00+08:00,Asia/Shanghai,9281192015,(市)安良社区沿河一路疏港铁路桥洞,0.01,0.01,64,64,good,22.73162335,114.107919,深圳市水务局开放平台·积涝点水位
2026-08-19T15:00:00+08:00,Asia/Shanghai,9281192016,(市)宝荷路中新加油站对面,0.003,0.01,20,20,good,22.694796752516076,114.25970116268519,深圳市水务局开放平台·积涝点水位
2026-08-19T15:00:00+08:00,Asia/Shanghai,9281192017,(市)环观南路与观平路交汇处,0.0,0.0,12,12,good,22.705673908780923,114.07279441765539,深圳市水务局开放平台·积涝点水位
2026-08-19T15:00:00+08:00,Asia/Shanghai,9281192018,(市)龙华大道库坑天桥段,0.0,0.0,13,13,good,22.669745856798677,114.03752701836405,深圳市水务局开放平台·积涝点水位
2026-08-19T15:00:00+08:00,Asia/Shanghai,9281192019,(市)福龙路高铁桥下简上段,0.0,0.0,13,13,good,22.61964472178257,114.00080097044238,深圳市水务局开放平台·积涝点水位
2026-08-19T15:00:00+08:00,Asia/Shanghai,9281192020,(市)工业路壹成中心段,0.0,0.0,13,13,good,22.648754971805,114.02570221318598,深圳市水务局开放平台·积涝点水位
2026-08-19T15:00:00+08:00,Asia/Shanghai,9281192021,(市)东环一路和平路交汇处,0.0,0.0,13,13,good,22.65040479515617,114.03284713758192,深圳市水务局开放平台·积涝点水位
2026-08-19T15:00:00+08:00,Asia/Shanghai,9281192022,(市)龙田社区大水湾,0.0,0.0,13,13,good,,,深圳市水务局开放平台·积涝点水位
2026-08-19T15:00:00+08:00,Asia/Shanghai,9281292001,(市)滨河皇岗立交桥洞,0.0,0.0,16,16,good,,,深圳市水务局开放平台·积涝点水位
2026-08-19T15:00:00+08:00,Asia/Shanghai,9281292002,(市)广深高速桥下滨海大道北侧辅道,0.01,0.01,62,62,good,22.579823080041088,114.10123773351275,深圳市水务局开放平台·积涝点水位
2026-08-19T15:00:00+08:00,Asia/Shanghai,9281292003,(市)福田区竹子林立交下穿通道,0.0,0.0,13,13,good,,,深圳市水务局开放平台·积涝点水位
2026-08-19T15:00:00+08:00,Asia/Shanghai,9281292004,(市)滨河益田立交桥洞,0.0,0.0,12,12,good,,,深圳市水务局开放平台·积涝点水位
2026-08-19T15:00:00+08:00,Asia/Shanghai,9281292005,(市)深南新洲一号立交桥洞,0.0,0.0,13,13,good,,,深圳市水务局开放平台·积涝点水位
2026-08-19T15:00:00+08:00,Asia/Shanghai,9281292006,(市)北环新洲立交东南角辅道,0.0104,0.05,27,27,good,,,深圳市水务局开放平台·积涝点水位
2026-08-19T15:00:00+08:00,Asia/Shanghai,9281292007,(市)107国道新安段(裕安加油站),0.0,0.0,12,12,good,22.55254164883845,113.90816500450731,深圳市水务局开放平台·积涝点水位
2026-08-19T15:00:00+08:00,Asia/Shanghai,9281292008,洲石路鹤洲桥底（市）,0.0,0.0,13,13,good,22.651019027149744,113.88061107664711,深圳市水务局开放平台·积涝点水位
2026-08-19T15:00:00+08:00,Asia/Shanghai,9281292009,(市)帝堂路（锦程路以西段）,0.0041,0.01,34,34,good,22.70987723506993,113.7784856087664,深圳市水务局开放平台·积涝点水位
2026-08-19T15:00:00+08:00,Asia/Shanghai,9281292010,(市)上星南路与中心路丽沙花都,0.0,0.0,13,13,good,22.502209013854387,113.93734688972145,深圳市水务局开放平台·积涝点水位
2026-08-19T15:00:00+08:00,Asia/Shanghai,9281292011,(市)外环路广深高速新桥立交,0.0,0.0,7,7,good,22.736379220337216,113.84591188570887,深圳市水务局开放平台·积涝点水位
2026-08-19T15:00:00+08:00,Asia/Shanghai,9281292012,(市)固戍海滨新村文昌阁,0.0,0.0,13,13,good,,,深圳市水务局开放平台·积涝点水位
2026-08-19T15:00:00+08:00,Asia/Shanghai,9281292013,(市)宝安大道固戍地铁站,0.0,0.0,12,12,good,22.64678387472509,113.8417801892837,深圳市水务局开放平台·积涝点水位
2026-08-19T15:00:00+08:00,Asia/Shanghai,9281292014,(市)G107国道南行固戍大门,0.0,0.0,13,13,good,22.55254164883845,113.90816500450731,深圳市水务局开放平台·积涝点水位
2026-08-19T15:00:00+08:00,Asia/Shanghai,9281292015,(市)东环大道松宝大道段,0.0,0.0,10,10,good,,,深圳市水务局开放平台·积涝点水位
2026-08-19T15:00:00+08:00,Asia/Shanghai,9281292016,(市)长凤路龙大高速桥底,0.0,0.0,11,11,good,22.775734215738417,113.91156092305157,深圳市水务局开放平台·积涝点水位
2026-08-19T15:00:00+08:00,Asia/Shanghai,9281292017,(市)圳美同富裕工业区,0.0,0.0,13,13,good,,,深圳市水务局开放平台·积涝点水位
2026-08-19T15:00:00+08:00,Asia/Shanghai,9281292018,(市)根玉路东方大道交汇处,0.0,0.0,12,12,good,22.763216165633853,113.85149341983029,深圳市水务局开放平台·积涝点水位
2026-08-19T15:00:00+08:00,Asia/Shanghai,9281292019,(市)上村社区龙大桥底,0.0,0.0,13,13,good,,,深圳市水务局开放平台·积涝点水位
2026-08-19T15:00:00+08:00,Asia/Shanghai,9281292020,(市)马山头社区上石家路通兴路交汇处,0.0,0.0,13,13,good,22.763999933333334,113.8915635138889,深圳市水务局开放平台·积涝点水位
2026-08-19T15:00:00+08:00,Asia/Shanghai,9281292021,(市)临海大道海关保税区,0.0,0.0,13,13,good,22.53399911521491,113.88871009435005,深圳市水务局开放平台·积涝点水位
2026-08-19T15:00:00+08:00,Asia/Shanghai,9281292022,(市)南山大道南行亿利达村段,0.0,0.0,13,13,good,22.540721694789013,113.9181638130031,深圳市水务局开放平台·积涝点水位
2026-08-19T15:00:00+08:00,Asia/Shanghai,9281292023,(市)东滨路南行华联城市山林花园段,0.0,0.0,13,13,good,22.51106546682151,113.92212734316605,深圳市水务局开放平台·积涝点水位
2026-08-19T15:00:00+08:00,Asia/Shanghai,9281292024,(市)深圳湾东滨路与中心路交叉口,0.0,0.0,13,13,good,22.51106546682151,113.92212734316605,深圳市水务局开放平台·积涝点水位
2026-08-19T15:00:00+08:00,Asia/Shanghai,MS1104403030000228,(市)红岗公园,0.0,0.0,2,2,good,,,深圳市水务局开放平台·积涝点水位
2026-08-19T15:00:00+08:00,Asia/Shanghai,MS1104403030000232,(市)沿河南路文锦路社区,0.0,0.0,20,20,good,22.550252268776845,114.11444108979862,深圳市水务局开放平台·积涝点水位
2026-08-19T15:00:00+08:00,Asia/Shanghai,MS1104403030000247,(市)深南东路黄贝岭,0.0,0.0,13,13,good,22.54661746874732,114.11811396992493,深圳市水务局开放平台·积涝点水位
2026-08-19T15:00:00+08:00,Asia/Shanghai,MS1104403030000251,(市)滨河上步立交桥,0.0,0.0,2,2,good,,,深圳市水务局开放平台·积涝点水位
2026-08-19T15:00:00+08:00,Asia/Shanghai,MS1104403030000266,(市)罗湖火车站,0.0,0.0,13,13,good,,,深圳市水务局开放平台·积涝点水位
2026-08-19T15:00:00+08:00,Asia/Shanghai,MS1104403030000270,(市)罗湖区委,0.0,0.0,2,2,good,,,深圳市水务局开放平台·积涝点水位
2026-08-19T15:00:00+08:00,Asia/Shanghai,MS1104403030000285,(市)万象城,0.0,0.0,13,13,good,,,深圳市水务局开放平台·积涝点水位
2026-08-19T15:00:00+08:00,Asia/Shanghai,MS110440303000029X,(市)洪湖地铁站D出入口,0.0,0.0,2,2,good,,,深圳市水务局开放平台·积涝点水位
2026-08-19T15:00:00+08:00,Asia/Shanghai,MS1104403030000304,(市)东湖路,0.0,0.0,5,5,good,22.582822583699635,114.1345991945055,深圳市水务局开放平台·积涝点水位
2026-08-19T15:00:00+08:00,Asia/Shanghai,MS1104403030000319,(市)桂园片区,0.0,0.0,17,17,good,,,深圳市水务局开放平台·积涝点水位
2026-08-19T15:00:00+08:00,Asia/Shanghai,MS1104403030000323,(市)晒布路与东门中路交汇处,0.0,0.0,13,13,good,22.551568716163253,114.1183832504732,深圳市水务局开放平台·积涝点水位
2026-08-19T15:00:00+08:00,Asia/Shanghai,MS1104403030000338,(市)东湖公园爱国路与太宁路路口,0.0,0.0,12,12,good,22.563633808974675,114.13329390192719,深圳市水务局开放平台·积涝点水位
2026-08-19T15:00:00+08:00,Asia/Shanghai,MS1104403030000342,(市)文锦渡口岸,0.0,0.0,2,2,good,,,深圳市水务局开放平台·积涝点水位
2026-08-19T15:00:00+08:00,Asia/Shanghai,MS1104403040000543,(市)香梅莲花路口,0.0,0.0,2,2,good,22.559401296538805,114.04793087126708,深圳市水务局开放平台·积涝点水位
2026-08-19T15:00:00+08:00,Asia/Shanghai,MS1104403040000558,(市)信托花园,0.0152,0.05,23,23,good,,,深圳市水务局开放平台·积涝点水位
2026-08-19T15:00:00+08:00,Asia/Shanghai,MS1104403040000562,(市)上步红荔路口,0.0,0.0,2,2,good,22.550171284097686,114.05891535550717,深圳市水务局开放平台·积涝点水位
2026-08-19T15:00:00+08:00,Asia/Shanghai,MS1104403040000577,(市)深南皇岗立交桥与皇岗路交汇处,0.0,0.0,12,12,good,22.552167188223326,114.06774281249497,深圳市水务局开放平台·积涝点水位
2026-08-19T15:00:00+08:00,Asia/Shanghai,MS1104403040000581,(市)北环大道与梅林路交汇处,0.0,0.0,2,2,good,22.55966775704351,113.99344633894496,深圳市水务局开放平台·积涝点水位
2026-08-19T15:00:00+08:00,Asia/Shanghai,MS1104403040000596,(市)侨香路香梅社区,0.0,0.0,2,2,good,22.55158384619422,114.00624803762132,深圳市水务局开放平台·积涝点水位
2026-08-19T15:00:00+08:00,Asia/Shanghai,MS1104403040000600,(市)侨香路香安社区,0.0,0.0,2,2,good,22.55158384619422,114.00624803762132,深圳市水务局开放平台·积涝点水位
2026-08-19T15:00:00+08:00,Asia/Shanghai,MS1104403040000615,(市)市民中心,0.0,0.0,2,2,good,,,深圳市水务局开放平台·积涝点水位
2026-08-19T15:00:00+08:00,Asia/Shanghai,MS110440304000062X,(市)民田路深圳证券交易所,0.0,0.0,13,13,good,22.53903429826115,114.04781278730138,深圳市水务局开放平台·积涝点水位
2026-08-19T15:00:00+08:00,Asia/Shanghai,MS1104403040000634,(市)燃气集团股份有限公司梅林 LNG安全应急气化站,0.0,0.0,12,12,good,,,深圳市水务局开放平台·积涝点水位
2026-08-19T15:00:00+08:00,Asia/Shanghai,MS1104403040000649,(市)深南大道车公庙交通枢纽段,0.0,0.0,12,12,good,22.5420797706313,113.9753640727562,深圳市水务局开放平台·积涝点水位
2026-08-19T15:00:00+08:00,Asia/Shanghai,MS1104403050000118,(市)月亮湾大道与前湾三路交叉口,0.0,0.0,2,2,good,22.511993391395155,113.8903078293519,深圳市水务局开放平台·积涝点水位
2026-08-19T15:00:00+08:00,Asia/Shanghai,MS1104403050000122,(市)南山大道深意工业大厦段,0.0,0.0,13,13,good,22.540721694789013,113.9181638130031,深圳市水务局开放平台·积涝点水位
2026-08-19T15:00:00+08:00,Asia/Shanghai,MS1104403050000137,(市)南山大道与登良路交叉口,0.0,0.0,2,2,good,22.540721694789013,113.9181638130031,深圳市水务局开放平台·积涝点水位
2026-08-19T15:00:00+08:00,Asia/Shanghai,MS1104403050000141,(市)南新路北头豪苑,0.0,0.0,2,2,good,22.535707366852186,113.92452459612443,深圳市水务局开放平台·积涝点水位
2026-08-19T15:00:00+08:00,Asia/Shanghai,MS1104403050000156,(市)滨海大道与南山大道交叉口,0.0,0.0,2,2,good,22.579823080041088,114.10123773351275,深圳市水务局开放平台·积涝点水位
2026-08-19T15:00:00+08:00,Asia/Shanghai,MS1104403050000160,(市)桃园路与南新路交叉口,0.0,0.0,2,2,good,22.535395972003414,113.91852837514443,深圳市水务局开放平台·积涝点水位
2026-08-19T15:00:00+08:00,Asia/Shanghai,MS1104403050000175,(市)后海大道与登良路交叉口,0.0,0.0,13,13,good,22.51179221810604,113.92884393579894,深圳市水务局开放平台·积涝点水位
2026-08-19T15:00:00+08:00,Asia/Shanghai,MS110440305000018X,(市)后海大道港湾创业大厦,0.0,0.0,12,12,good,22.51179221810604,113.92884393579894,深圳市水务局开放平台·积涝点水位
2026-08-19T15:00:00+08:00,Asia/Shanghai,MS1104403050000194,(市)深南大道高新园地铁 AD 口,0.0,0.0,12,12,good,22.5420797706313,113.9753640727562,深圳市水务局开放平台·积涝点水位
2026-08-19T15:00:00+08:00,Asia/Shanghai,MS1104403050000209,(市)深圳湾口岸,0.0,0.0,2,2,good,,,深圳市水务局开放平台·积涝点水位
2026-08-19T15:00:00+08:00,Asia/Shanghai,MS1104403050000213,(市)前湾公园地铁站 A 出入口,0.0,0.0,12,12,good,,,深圳市水务局开放平台·积涝点水位
2026-08-19T15:00:00+08:00,Asia/Shanghai,MS1104403050000228,(市)粤海门地铁站 D2 出入口,0.0,0.0,18,18,good,,,深圳市水务局开放平台·积涝点水位
2026-08-19T15:00:00+08:00,Asia/Shanghai,MS1104403050000232,(市)桂庙路地下道路,0.0,0.0,13,13,good,22.52643977555155,113.91686609460196,深圳市水务局开放平台·积涝点水位
2026-08-19T15:00:00+08:00,Asia/Shanghai,MS1104403050000247,(市)国家超级计算深圳中心,0.0,0.0,13,13,good,,,深圳市水务局开放平台·积涝点水位
2026-08-19T15:00:00+08:00,Asia/Shanghai,MS110440306000029X,(市)辛养旧村辛居路,0.0,0.0,2,2,good,,,深圳市水务局开放平台·积涝点水位
2026-08-19T15:00:00+08:00,Asia/Shanghai,MS1104403060000304,(市)山门第三工业区,0.0,0.0,2,2,good,,,深圳市水务局开放平台·积涝点水位
2026-08-19T15:00:00+08:00,Asia/Shanghai,MS1104403060000319,(市)前进一路上川路口,0.0,0.0,13,13,good,22.57118007860348,113.90008995469552,深圳市水务局开放平台·积涝点水位
2026-08-19T15:00:00+08:00,Asia/Shanghai,MS1104403060000323,(市)洪浪北地铁站,0.0,0.0,13,13,good,,,深圳市水务局开放平台·积涝点水位
2026-08-19T15:00:00+08:00,Asia/Shanghai,MS1104403060000338,(市)东风幼儿园,0.0211,0.05,9,9,good,,,深圳市水务局开放平台·积涝点水位
2026-08-19T15:00:00+08:00,Asia/Shanghai,MS1104403060000342,(市)海乐41区,0.0,0.0,2,2,good,,,深圳市水务局开放平台·积涝点水位
2026-08-19T15:00:00+08:00,Asia/Shanghai,MS1104403060000357,(市)前进二路,0.0,0.0,2,2,good,22.597482662679273,113.87435005513986,深圳市水务局开放平台·积涝点水位
2026-08-19T15:00:00+08:00,Asia/Shanghai,MS1104403060000361,(市)园岭商场,0.0,0.0,12,12,good,,,深圳市水务局开放平台·积涝点水位
2026-08-19T15:00:00+08:00,Asia/Shanghai,MS1104403060000376,(市)新圳西路万佳商场段,0.0,0.0,5,5,good,22.56349644,113.89998969999999,深圳市水务局开放平台·积涝点水位
2026-08-19T15:00:00+08:00,Asia/Shanghai,MS1104403060000380,(市)北环路与爱群路路口,0.0,0.0,12,12,good,22.79634568700108,114.39897783430258,深圳市水务局开放平台·积涝点水位
2026-08-19T15:00:00+08:00,Asia/Shanghai,MS1104403060000395,(市)宝安区幸福路与恒珠一路,0.0,0.0,2,2,good,,,深圳市水务局开放平台·积涝点水位
2026-08-19T15:00:00+08:00,Asia/Shanghai,MS110440306000040X,(市)宝安区勋业街,0.0,0.0,2,2,good,,,深圳市水务局开放平台·积涝点水位
2026-08-19T15:00:00+08:00,Asia/Shanghai,MS1104403060000414,(市)宝安区福和路西六巷,0.0,0.0,13,13,good,22.75496986065163,113.7975587837876,深圳市水务局开放平台·积涝点水位
2026-08-19T15:00:00+08:00,Asia/Shanghai,MS1104403060000429,(市)民福路与创新路交叉口,0.0,0.0,12,12,good,22.77931941488889,113.82386091368804,深圳市水务局开放平台·积涝点水位
2026-08-19T15:00:00+08:00,Asia/Shanghai,MS1104403060000433,(市)金沙二路与民福路交叉口,0.0,0.0,2,2,good,22.731531574999998,113.800096525,深圳市水务局开放平台·积涝点水位
2026-08-19T15:00:00+08:00,Asia/Shanghai,MS1104403060000448,(市)宝安区沙井西环路正科时代,0.0,0.0,2,2,good,22.658437552805964,113.96411546099013,深圳市水务局开放平台·积涝点水位
2026-08-19T15:00:00+08:00,Asia/Shanghai,MS1104403060000452,(市)宝源路固戍海滨公园,0.0,0.0,13,13,good,22.58668431255461,113.84584894450396,深圳市水务局开放平台·积涝点水位
2026-08-19T15:00:00+08:00,Asia/Shanghai,MS1104403060000467,(市)海雅缤纷城,0.0035,0.01,17,17,good,,,深圳市水务局开放平台·积涝点水位
2026-08-19T15:00:00+08:00,Asia/Shanghai,MS1104403060000471,(市)万达广场,0.0,0.0,2,2,good,,,深圳市水务局开放平台·积涝点水位
2026-08-19T15:00:00+08:00,Asia/Shanghai,MS1104403060000486,(市)固戍地铁站 A/F 出入口,0.0,0.0,13,13,good,,,深圳市水务局开放平台·积涝点水位
2026-08-19T15:00:00+08:00,Asia/Shanghai,MS1104403060000490,(市)碧海湾地铁站 B 出入口,0.0,0.0,13,13,good,,,深圳市水务局开放平台·积涝点水位
2026-08-19T15:00:00+08:00,Asia/Shanghai,MS1104403060000505,(市)海天路地下隧道,0.0,0.0,13,13,good,22.549962987088094,113.87889692546018,深圳市水务局开放平台·积涝点水位
2026-08-19T15:00:00+08:00,Asia/Shanghai,MS1104403070000175,(市)龙平西路新秀社区公园,0.0,0.0,2,2,good,22.731009781031894,114.22605984524496,深圳市水务局开放平台·积涝点水位
2026-08-19T15:00:00+08:00,Asia/Shanghai,MS110440307000018X,(市)如意路广发银行奥林支行,0.0,0.0,13,13,good,22.697841456213258,114.19931100734046,深圳市水务局开放平台·积涝点水位
2026-08-19T15:00:00+08:00,Asia/Shanghai,MS1104403070000194,(市)龙翔大道与龙城大道交汇处,0.0,0.0,13,13,good,22.708452173199664,114.22855732448205,深圳市水务局开放平台·积涝点水位
2026-08-19T15:00:00+08:00,Asia/Shanghai,MS1104403070000209,(市)龙城大道与龙平东路交汇处,0.0,0.0,13,13,good,22.734070392016967,114.26268655089929,深圳市水务局开放平台·积涝点水位
2026-08-19T15:00:00+08:00,Asia/Shanghai,MS1104403070000213,(市)龙西中路与盐龙大道交汇处,0.0,0.0,13,13,good,22.75103177856142,114.25588661241065,深圳市水务局开放平台·积涝点水位
2026-08-19T15:00:00+08:00,Asia/Shanghai,MS1104403070000228,(市)爱南路与深汕公路交汇处,0.0,0.0,13,13,good,22.709133830928806,114.31382413715897,深圳市水务局开放平台·积涝点水位
2026-08-19T15:00:00+08:00,Asia/Shanghai,MS1104403070000232,(市)园新路与乐园路交汇处,0.0,0.0,13,13,good,22.714932425,114.3001758,深圳市水务局开放平台·积涝点水位
2026-08-19T15:00:00+08:00,Asia/Shanghai,MS1104403070000247,(市)长深高速四方埔社区,0.0,0.0,2,2,good,22.785453209312927,114.3238491191703,深圳市水务局开放平台·积涝点水位
2026-08-19T15:00:00+08:00,Asia/Shanghai,MS1104403070000251,(市)龙岗区政府,0.0,0.0,13,13,good,,,深圳市水务局开放平台·积涝点水位
2026-08-19T15:00:00+08:00,Asia/Shanghai,MS1104403070000266,(市)五和地铁站H出入口,0.0,0.0,13,13,good,,,深圳市水务局开放平台·积涝点水位
2026-08-19T15:00:00+08:00,Asia/Shanghai,MS1104403070000270,(市)长龙地铁站C2出入口,0.0,0.0,2,2,good,,,深圳市水务局开放平台·积涝点水位
2026-08-19T15:00:00+08:00,Asia/Shanghai,MS1104403070000285,(市)育贤学校、童星幼儿园,0.0,0.0,13,13,good,,,深圳市水务局开放平台·积涝点水位
2026-08-19T15:00:00+08:00,Asia/Shanghai,MS110440307000029X,(市)深圳远东妇产医院,0.0,0.0,20,20,good,,,深圳市水务局开放平台·积涝点水位
2026-08-19T15:00:00+08:00,Asia/Shanghai,MS1104403070000304,(市)英才学校,0.0,0.0,12,12,good,,,深圳市水务局开放平台·积涝点水位
2026-08-19T15:00:00+08:00,Asia/Shanghai,MS1104403070000319,(市)吉榕路桥洞,0.0,0.0,13,13,good,,,深圳市水务局开放平台·积涝点水位
2026-08-19T15:00:00+08:00,Asia/Shanghai,MS1104403070000323,(市)京南路,0.0,0.0,2,2,good,22.602818284523806,114.12130894517196,深圳市水务局开放平台·积涝点水位
2026-08-19T15:00:00+08:00,Asia/Shanghai,MS1104403070000338,(市)布澜路国芬路口,0.0,0.0,2,2,good,22.635311170786817,114.12784150313183,深圳市水务局开放平台·积涝点水位
2026-08-19T15:00:00+08:00,Asia/Shanghai,MS1104403070000342,(市)布吉站（深圳东站）,0.0,0.0,2,2,good,,,深圳市水务局开放平台·积涝点水位
2026-08-19T15:00:00+08:00,Asia/Shanghai,MS1104403080000012,(市)金融路海涛路口片区,0.0,0.0,13,13,good,22.553642038690473,114.22939035281746,深圳市水务局开放平台·积涝点水位
2026-08-19T15:00:00+08:00,Asia/Shanghai,MS1104403080000027,(市)沙头角口岸小区,0.0,0.0,12,12,good,,,深圳市水务局开放平台·积涝点水位
2026-08-19T15:00:00+08:00,Asia/Shanghai,MS1104403080000031,(市)桥东街小区,0.0,0.0,13,13,good,,,深圳市水务局开放平台·积涝点水位
2026-08-19T15:00:00+08:00,Asia/Shanghai,MS1104403090000065,(市)泗黎路凹背社区富坑社区,0.0,0.0,2,2,good,22.753687171367037,114.03385655648283,深圳市水务局开放平台·积涝点水位
2026-08-19T15:00:00+08:00,Asia/Shanghai,MS110440309000007X,(市)银星科技园,0.0,0.0,2,2,good,,,深圳市水务局开放平台·积涝点水位
2026-08-19T15:00:00+08:00,Asia/Shanghai,MS1104403090000084,(市)观光路与福前路交汇处,0.025,0.05,4,4,good,22.733179257314486,114.01274963079653,深圳市水务局开放平台·积涝点水位
2026-08-19T15:00:00+08:00,Asia/Shanghai,MS1104403090000099,(市)三联社区,0.0,0.0,13,13,good,,,深圳市水务局开放平台·积涝点水位
2026-08-19T15:00:00+08:00,Asia/Shanghai,MS1104403090000103,(市)布龙路与五和大道交汇处,0.0,0.0,13,13,good,22.646750702555874,114.02665721385576,深圳市水务局开放平台·积涝点水位
2026-08-19T15:00:00+08:00,Asia/Shanghai,MS1104403090000118,(市)新区大道深圳北站,0.0,0.0,13,13,good,22.624351465560785,114.01682556681699,深圳市水务局开放平台·积涝点水位
2026-08-19T15:00:00+08:00,Asia/Shanghai,MS1104403090000122,(市)龙华壹方成,0.0,0.0,13,13,good,,,深圳市水务局开放平台·积涝点水位
2026-08-19T15:00:00+08:00,Asia/Shanghai,MS1104403090000137,(市)昌茂二路,0.0,0.0,16,16,good,,,深圳市水务局开放平台·积涝点水位
2026-08-19T15:00:00+08:00,Asia/Shanghai,MS1104403090000141,(市)大浪新围街大船坑市场段,0.0,0.0,13,13,good,22.692058934615382,113.9964102346154,深圳市水务局开放平台·积涝点水位
2026-08-19T15:00:00+08:00,Asia/Shanghai,MS1104403100000028,(市)坪山法院门口,0.0,0.0,2,2,good,,,深圳市水务局开放平台·积涝点水位
2026-08-19T15:00:00+08:00,Asia/Shanghai,MS1104403100000032,(市)秀沙路比亚迪厂门前,0.0,0.0,13,13,good,22.767995359829058,114.39900074224022,深圳市水务局开放平台·积涝点水位
2026-08-19T15:00:00+08:00,Asia/Shanghai,MS1104403100000047,(市)群代路金泰航科技,0.01,0.01,65,65,good,,,深圳市水务局开放平台·积涝点水位
2026-08-19T15:00:00+08:00,Asia/Shanghai,MS1104403100000051,(市)三洋湖路三洋湖新区小区,0.0,0.0,13,13,good,,,深圳市水务局开放平台·积涝点水位
2026-08-19T15:00:00+08:00,Asia/Shanghai,MS1104403100000066,(市)文化中心地铁站,0.0,0.0,13,13,good,,,深圳市水务局开放平台·积涝点水位
2026-08-19T15:00:00+08:00,Asia/Shanghai,MS1104403110000597,(市)东长路外环高速长圳入口,0.0,0.0,13,13,good,22.747509018088216,113.91221411091422,深圳市水务局开放平台·积涝点水位
2026-08-19T15:00:00+08:00,Asia/Shanghai,MS1104403110000601,(市)光侨雅苑,0.0,0.0,2,2,good,,,深圳市水务局开放平台·积涝点水位
2026-08-19T15:00:00+08:00,Asia/Shanghai,MS1104403110000616,(市)同观路与汇融路交叉口,0.0,0.0,2,2,good,22.734039598507852,113.91441943299901,深圳市水务局开放平台·积涝点水位
2026-08-19T15:00:00+08:00,Asia/Shanghai,MS1104403110000620,(市)松白路松茂御城段,0.0,0.0,2,2,good,22.731110627923336,113.894856941127,深圳市水务局开放平台·积涝点水位
2026-08-19T15:00:00+08:00,Asia/Shanghai,MS1104403110000635,(市)公常路与环村路交叉口,0.0,0.0,12,12,good,22.826648407959507,113.95688701032125,深圳市水务局开放平台·积涝点水位
2026-08-19T15:00:00+08:00,Asia/Shanghai,MS110440311000064X,(市)光明区高级中学,0.0,0.0,2,2,good,,,深圳市水务局开放平台·积涝点水位
2026-08-19T15:00:00+08:00,Asia/Shanghai,MS1104403120000032,(市)大鹏液化天然气有限公司深圳接收站,0.0,0.0,13,13,good,,,深圳市水务局开放平台·积涝点水位
2026-08-19T16:00:00+08:00,Asia/Shanghai,9281192001,(市)平湖火车隧道口,0.0,0.0,13,13,good,,,深圳市水务局开放平台·积涝点水位
2026-08-19T16:00:00+08:00,Asia/Shanghai,9281192002,(市)新木路广深铁路桥底,0.0,0.0,13,13,good,22.6674177472887,114.13210195018992,深圳市水务局开放平台·积涝点水位
2026-08-19T16:00:00+08:00,Asia/Shanghai,9281192003,(市)新木路新围仔村路口,0.0,0.0,13,13,good,22.6674177472887,114.13210195018992,深圳市水务局开放平台·积涝点水位
2026-08-19T16:00:00+08:00,Asia/Shanghai,9281192004,(市)布李路富民城段,0.0,0.0,13,13,good,22.618912574166664,114.11654044833332,深圳市水务局开放平台·积涝点水位
2026-08-19T16:00:00+08:00,Asia/Shanghai,9281192005,(市)龙博路,0.01,0.01,62,62,good,22.62797037826087,114.10927237391306,深圳市水务局开放平台·积涝点水位
2026-08-19T16:00:00+08:00,Asia/Shanghai,9281192006,(市)五和大道四季花城,0.0,0.0,13,13,good,22.65976725256875,114.05975735653944,深圳市水务局开放平台·积涝点水位
2026-08-19T16:00:00+08:00,Asia/Shanghai,9281192007,(市)沙西小学至南岭万家乐段,0.0,0.0,13,13,good,,,深圳市水务局开放平台·积涝点水位
2026-08-19T16:00:00+08:00,Asia/Shanghai,9281192008,(市)南联第六工业区桥洞,0.0,0.0,13,13,good,,,深圳市水务局开放平台·积涝点水位
2026-08-19T16:00:00+08:00,Asia/Shanghai,9281192009,(市)新坡塘村新坡塘积水点,0.0,0.0,13,13,good,,,深圳市水务局开放平台·积涝点水位
2026-08-19T16:00:00+08:00,Asia/Shanghai,9281192010,(市)安良六村安业路与安居路交汇处,0.0,0.0,13,13,good,,,深圳市水务局开放平台·积涝点水位
2026-08-19T16:00:00+08:00,Asia/Shanghai,9281192011,(市)松元头,0.01,0.01,62,62,good,,,深圳市水务局开放平台·积涝点水位
2026-08-19T16:00:00+08:00,Asia/Shanghai,9281192012,(市)湖南立交,0.0,0.0,12,12,good,,,深圳市水务局开放平台·积涝点水位
2026-08-19T16:00:00+08:00,Asia/Shanghai,9281192013,(市)高背路惠盐高速桥洞积水点,0.0,0.0,13,13,good,,,深圳市水务局开放平台·积涝点水位
2026-08-19T16:00:00+08:00,Asia/Shanghai,9281192014,(市)鹤坑桥洞,0.0,0.0,13,13,good,,,深圳市水务局开放平台·积涝点水位
2026-08-19T16:00:00+08:00,Asia/Shanghai,9281192015,(市)安良社区沿河一路疏港铁路桥洞,0.01,0.01,61,61,good,22.73162335,114.107919,深圳市水务局开放平台·积涝点水位
2026-08-19T16:00:00+08:00,Asia/Shanghai,9281192016,(市)宝荷路中新加油站对面,0.0,0.0,12,12,good,22.694796752516076,114.25970116268519,深圳市水务局开放平台·积涝点水位
2026-08-19T16:00:00+08:00,Asia/Shanghai,9281192017,(市)环观南路与观平路交汇处,0.0,0.0,13,13,good,22.705673908780923,114.07279441765539,深圳市水务局开放平台·积涝点水位
2026-08-19T16:00:00+08:00,Asia/Shanghai,9281192018,(市)龙华大道库坑天桥段,0.0,0.0,13,13,good,22.669745856798677,114.03752701836405,深圳市水务局开放平台·积涝点水位
2026-08-19T16:00:00+08:00,Asia/Shanghai,9281192019,(市)福龙路高铁桥下简上段,0.0,0.0,13,13,good,22.61964472178257,114.00080097044238,深圳市水务局开放平台·积涝点水位
2026-08-19T16:00:00+08:00,Asia/Shanghai,9281192020,(市)工业路壹成中心段,0.0,0.0,13,13,good,22.648754971805,114.02570221318598,深圳市水务局开放平台·积涝点水位
2026-08-19T16:00:00+08:00,Asia/Shanghai,9281192021,(市)东环一路和平路交汇处,0.0,0.0,13,13,good,22.65040479515617,114.03284713758192,深圳市水务局开放平台·积涝点水位
2026-08-19T16:00:00+08:00,Asia/Shanghai,9281192022,(市)龙田社区大水湾,0.0,0.0,13,13,good,,,深圳市水务局开放平台·积涝点水位
2026-08-19T16:00:00+08:00,Asia/Shanghai,9281292001,(市)滨河皇岗立交桥洞,0.0,0.0,13,13,good,,,深圳市水务局开放平台·积涝点水位
2026-08-19T16:00:00+08:00,Asia/Shanghai,9281292002,(市)广深高速桥下滨海大道北侧辅道,0.01,0.01,64,64,good,22.579823080041088,114.10123773351275,深圳市水务局开放平台·积涝点水位
2026-08-19T16:00:00+08:00,Asia/Shanghai,9281292003,(市)福田区竹子林立交下穿通道,0.0,0.0,13,13,good,,,深圳市水务局开放平台·积涝点水位
2026-08-19T16:00:00+08:00,Asia/Shanghai,9281292004,(市)滨河益田立交桥洞,0.0,0.0,12,12,good,,,深圳市水务局开放平台·积涝点水位
2026-08-19T16:00:00+08:00,Asia/Shanghai,9281292005,(市)深南新洲一号立交桥洞,0.0,0.0,13,13,good,,,深圳市水务局开放平台·积涝点水位
2026-08-19T16:00:00+08:00,Asia/Shanghai,9281292006,(市)北环新洲立交东南角辅道,0.0,0.0,11,11,good,,,深圳市水务局开放平台·积涝点水位
2026-08-19T16:00:00+08:00,Asia/Shanghai,9281292007,(市)107国道新安段(裕安加油站),0.0,0.0,18,18,good,22.55254164883845,113.90816500450731,深圳市水务局开放平台·积涝点水位
2026-08-19T16:00:00+08:00,Asia/Shanghai,9281292008,洲石路鹤洲桥底（市）,0.0,0.0,13,13,good,22.651019027149744,113.88061107664711,深圳市水务局开放平台·积涝点水位
2026-08-19T16:00:00+08:00,Asia/Shanghai,9281292009,(市)帝堂路（锦程路以西段）,0.0045,0.01,33,33,good,22.70987723506993,113.7784856087664,深圳市水务局开放平台·积涝点水位
2026-08-19T16:00:00+08:00,Asia/Shanghai,9281292010,(市)上星南路与中心路丽沙花都,0.0,0.0,13,13,good,22.502209013854387,113.93734688972145,深圳市水务局开放平台·积涝点水位
2026-08-19T16:00:00+08:00,Asia/Shanghai,9281292012,(市)固戍海滨新村文昌阁,0.0,0.0,13,13,good,,,深圳市水务局开放平台·积涝点水位
2026-08-19T16:00:00+08:00,Asia/Shanghai,9281292013,(市)宝安大道固戍地铁站,0.0,0.0,13,13,good,22.64678387472509,113.8417801892837,深圳市水务局开放平台·积涝点水位
2026-08-19T16:00:00+08:00,Asia/Shanghai,9281292014,(市)G107国道南行固戍大门,0.0,0.0,13,13,good,22.55254164883845,113.90816500450731,深圳市水务局开放平台·积涝点水位
2026-08-19T16:00:00+08:00,Asia/Shanghai,9281292015,(市)东环大道松宝大道段,0.0,0.0,13,13,good,,,深圳市水务局开放平台·积涝点水位
2026-08-19T16:00:00+08:00,Asia/Shanghai,9281292016,(市)长凤路龙大高速桥底,0.0,0.0,13,13,good,22.775734215738417,113.91156092305157,深圳市水务局开放平台·积涝点水位
2026-08-19T16:00:00+08:00,Asia/Shanghai,9281292017,(市)圳美同富裕工业区,0.0,0.0,11,11,good,,,深圳市水务局开放平台·积涝点水位
2026-08-19T16:00:00+08:00,Asia/Shanghai,9281292018,(市)根玉路东方大道交汇处,0.0,0.0,13,13,good,22.763216165633853,113.85149341983029,深圳市水务局开放平台·积涝点水位
2026-08-19T16:00:00+08:00,Asia/Shanghai,9281292019,(市)上村社区龙大桥底,0.0,0.0,13,13,good,,,深圳市水务局开放平台·积涝点水位
2026-08-19T16:00:00+08:00,Asia/Shanghai,9281292020,(市)马山头社区上石家路通兴路交汇处,0.0,0.0,13,13,good,22.763999933333334,113.8915635138889,深圳市水务局开放平台·积涝点水位
2026-08-19T16:00:00+08:00,Asia/Shanghai,9281292021,(市)临海大道海关保税区,0.0,0.0,13,13,good,22.53399911521491,113.88871009435005,深圳市水务局开放平台·积涝点水位
2026-08-19T16:00:00+08:00,Asia/Shanghai,9281292022,(市)南山大道南行亿利达村段,0.0,0.0,13,13,good,22.540721694789013,113.9181638130031,深圳市水务局开放平台·积涝点水位
2026-08-19T16:00:00+08:00,Asia/Shanghai,9281292023,(市)东滨路南行华联城市山林花园段,0.0,0.0,13,13,good,22.51106546682151,113.92212734316605,深圳市水务局开放平台·积涝点水位
2026-08-19T16:00:00+08:00,Asia/Shanghai,9281292024,(市)深圳湾东滨路与中心路交叉口,0.0,0.0,12,12,good,22.51106546682151,113.92212734316605,深圳市水务局开放平台·积涝点水位
2026-08-19T16:00:00+08:00,Asia/Shanghai,MS1104403030000228,(市)红岗公园,0.0,0.0,2,2,good,,,深圳市水务局开放平台·积涝点水位
2026-08-19T16:00:00+08:00,Asia/Shanghai,MS1104403030000232,(市)沿河南路文锦路社区,0.0,0.0,11,11,good,22.550252268776845,114.11444108979862,深圳市水务局开放平台·积涝点水位
2026-08-19T16:00:00+08:00,Asia/Shanghai,MS1104403030000247,(市)深南东路黄贝岭,0.0,0.0,13,13,good,22.54661746874732,114.11811396992493,深圳市水务局开放平台·积涝点水位
2026-08-19T16:00:00+08:00,Asia/Shanghai,MS1104403030000251,(市)滨河上步立交桥,0.0,0.0,2,2,good,,,深圳市水务局开放平台·积涝点水位
2026-08-19T16:00:00+08:00,Asia/Shanghai,MS1104403030000266,(市)罗湖火车站,0.0,0.0,13,13,good,,,深圳市水务局开放平台·积涝点水位
2026-08-19T16:00:00+08:00,Asia/Shanghai,MS1104403030000270,(市)罗湖区委,0.0,0.0,2,2,good,,,深圳市水务局开放平台·积涝点水位
2026-08-19T16:00:00+08:00,Asia/Shanghai,MS1104403030000285,(市)万象城,0.0,0.0,13,13,good,,,深圳市水务局开放平台·积涝点水位
2026-08-19T16:00:00+08:00,Asia/Shanghai,MS110440303000029X,(市)洪湖地铁站D出入口,0.0,0.0,2,2,good,,,深圳市水务局开放平台·积涝点水位
2026-08-19T16:00:00+08:00,Asia/Shanghai,MS1104403030000304,(市)东湖路,0.0,0.0,5,5,good,22.582822583699635,114.1345991945055,深圳市水务局开放平台·积涝点水位
2026-08-19T16:00:00+08:00,Asia/Shanghai,MS1104403030000319,(市)桂园片区,0.0,0.0,13,13,good,,,深圳市水务局开放平台·积涝点水位
2026-08-19T16:00:00+08:00,Asia/Shanghai,MS1104403030000323,(市)晒布路与东门中路交汇处,0.0,0.0,13,13,good,22.551568716163253,114.1183832504732,深圳市水务局开放平台·积涝点水位
2026-08-19T16:00:00+08:00,Asia/Shanghai,MS1104403030000338,(市)东湖公园爱国路与太宁路路口,0.0,0.0,13,13,good,22.563633808974675,114.13329390192719,深圳市水务局开放平台·积涝点水位
2026-08-19T16:00:00+08:00,Asia/Shanghai,MS1104403030000342,(市)文锦渡口岸,0.0,0.0,2,2,good,,,深圳市水务局开放平台·积涝点水位
2026-08-19T16:00:00+08:00,Asia/Shanghai,MS1104403040000543,(市)香梅莲花路口,0.0,0.0,2,2,good,22.559401296538805,114.04793087126708,深圳市水务局开放平台·积涝点水位
2026-08-19T16:00:00+08:00,Asia/Shanghai,MS1104403040000558,(市)信托花园,0.0,0.0,13,13,good,,,深圳市水务局开放平台·积涝点水位
2026-08-19T16:00:00+08:00,Asia/Shanghai,MS1104403040000562,(市)上步红荔路口,0.0,0.0,2,2,good,22.550171284097686,114.05891535550717,深圳市水务局开放平台·积涝点水位
2026-08-19T16:00:00+08:00,Asia/Shanghai,MS1104403040000577,(市)深南皇岗立交桥与皇岗路交汇处,0.0,0.0,13,13,good,22.552167188223326,114.06774281249497,深圳市水务局开放平台·积涝点水位
2026-08-19T16:00:00+08:00,Asia/Shanghai,MS1104403040000581,(市)北环大道与梅林路交汇处,0.0,0.0,2,2,good,22.55966775704351,113.99344633894496,深圳市水务局开放平台·积涝点水位
2026-08-19T16:00:00+08:00,Asia/Shanghai,MS1104403040000596,(市)侨香路香梅社区,0.0,0.0,2,2,good,22.55158384619422,114.00624803762132,深圳市水务局开放平台·积涝点水位
2026-08-19T16:00:00+08:00,Asia/Shanghai,MS1104403040000600,(市)侨香路香安社区,0.0,0.0,2,2,good,22.55158384619422,114.00624803762132,深圳市水务局开放平台·积涝点水位
2026-08-19T16:00:00+08:00,Asia/Shanghai,MS1104403040000615,(市)市民中心,0.0,0.0,2,2,good,,,深圳市水务局开放平台·积涝点水位
2026-08-19T16:00:00+08:00,Asia/Shanghai,MS110440304000062X,(市)民田路深圳证券交易所,0.0,0.0,13,13,good,22.53903429826115,114.04781278730138,深圳市水务局开放平台·积涝点水位
2026-08-19T16:00:00+08:00,Asia/Shanghai,MS1104403040000634,(市)燃气集团股份有限公司梅林 LNG安全应急气化站,0.0,0.0,13,13,good,,,深圳市水务局开放平台·积涝点水位
2026-08-19T16:00:00+08:00,Asia/Shanghai,MS1104403040000649,(市)深南大道车公庙交通枢纽段,0.0,0.0,13,13,good,22.5420797706313,113.9753640727562,深圳市水务局开放平台·积涝点水位
2026-08-19T16:00:00+08:00,Asia/Shanghai,MS1104403050000118,(市)月亮湾大道与前湾三路交叉口,0.0,0.0,2,2,good,22.511993391395155,113.8903078293519,深圳市水务局开放平台·积涝点水位
2026-08-19T16:00:00+08:00,Asia/Shanghai,MS1104403050000122,(市)南山大道深意工业大厦段,0.0,0.0,13,13,good,22.540721694789013,113.9181638130031,深圳市水务局开放平台·积涝点水位
2026-08-19T16:00:00+08:00,Asia/Shanghai,MS1104403050000137,(市)南山大道与登良路交叉口,0.0,0.0,2,2,good,22.540721694789013,113.9181638130031,深圳市水务局开放平台·积涝点水位
2026-08-19T16:00:00+08:00,Asia/Shanghai,MS1104403050000141,(市)南新路北头豪苑,0.0,0.0,2,2,good,22.535707366852186,113.92452459612443,深圳市水务局开放平台·积涝点水位
2026-08-19T16:00:00+08:00,Asia/Shanghai,MS1104403050000156,(市)滨海大道与南山大道交叉口,0.0,0.0,2,2,good,22.579823080041088,114.10123773351275,深圳市水务局开放平台·积涝点水位
2026-08-19T16:00:00+08:00,Asia/Shanghai,MS1104403050000160,(市)桃园路与南新路交叉口,0.0,0.0,2,2,good,22.535395972003414,113.91852837514443,深圳市水务局开放平台·积涝点水位
2026-08-19T16:00:00+08:00,Asia/Shanghai,MS1104403050000175,(市)后海大道与登良路交叉口,0.0,0.0,15,15,good,22.51179221810604,113.92884393579894,深圳市水务局开放平台·积涝点水位
2026-08-19T16:00:00+08:00,Asia/Shanghai,MS110440305000018X,(市)后海大道港湾创业大厦,0.0,0.0,13,13,good,22.51179221810604,113.92884393579894,深圳市水务局开放平台·积涝点水位
2026-08-19T16:00:00+08:00,Asia/Shanghai,MS1104403050000194,(市)深南大道高新园地铁 AD 口,0.0,0.0,13,13,good,22.5420797706313,113.9753640727562,深圳市水务局开放平台·积涝点水位
2026-08-19T16:00:00+08:00,Asia/Shanghai,MS1104403050000209,(市)深圳湾口岸,0.0,0.0,2,2,good,,,深圳市水务局开放平台·积涝点水位
2026-08-19T16:00:00+08:00,Asia/Shanghai,MS1104403050000213,(市)前湾公园地铁站 A 出入口,0.0,0.0,13,13,good,,,深圳市水务局开放平台·积涝点水位
2026-08-19T16:00:00+08:00,Asia/Shanghai,MS1104403050000228,(市)粤海门地铁站 D2 出入口,0.0,0.0,12,12,good,,,深圳市水务局开放平台·积涝点水位
2026-08-19T16:00:00+08:00,Asia/Shanghai,MS1104403050000232,(市)桂庙路地下道路,0.0,0.0,13,13,good,22.52643977555155,113.91686609460196,深圳市水务局开放平台·积涝点水位
2026-08-19T16:00:00+08:00,Asia/Shanghai,MS1104403050000247,(市)国家超级计算深圳中心,0.0,0.0,16,16,good,,,深圳市水务局开放平台·积涝点水位
2026-08-19T16:00:00+08:00,Asia/Shanghai,MS110440306000029X,(市)辛养旧村辛居路,0.0,0.0,2,2,good,,,深圳市水务局开放平台·积涝点水位
2026-08-19T16:00:00+08:00,Asia/Shanghai,MS1104403060000304,(市)山门第三工业区,0.0375,0.05,4,4,good,,,深圳市水务局开放平台·积涝点水位
2026-08-19T16:00:00+08:00,Asia/Shanghai,MS1104403060000319,(市)前进一路上川路口,0.0,0.0,13,13,good,22.57118007860348,113.90008995469552,深圳市水务局开放平台·积涝点水位
2026-08-19T16:00:00+08:00,Asia/Shanghai,MS1104403060000323,(市)洪浪北地铁站,0.0,0.0,13,13,good,,,深圳市水务局开放平台·积涝点水位
2026-08-19T16:00:00+08:00,Asia/Shanghai,MS1104403060000338,(市)东风幼儿园,0.0,0.0,2,2,good,,,深圳市水务局开放平台·积涝点水位
2026-08-19T16:00:00+08:00,Asia/Shanghai,MS1104403060000342,(市)海乐41区,0.0,0.0,2,2,good,,,深圳市水务局开放平台·积涝点水位
2026-08-19T16:00:00+08:00,Asia/Shanghai,MS1104403060000357,(市)前进二路,0.0,0.0,2,2,good,22.597482662679273,113.87435005513986,深圳市水务局开放平台·积涝点水位
2026-08-19T16:00:00+08:00,Asia/Shanghai,MS1104403060000361,(市)园岭商场,0.0,0.0,13,13,good,,,深圳市水务局开放平台·积涝点水位
2026-08-19T16:00:00+08:00,Asia/Shanghai,MS1104403060000376,(市)新圳西路万佳商场段,0.0,0.0,3,3,good,22.56349644,113.89998969999999,深圳市水务局开放平台·积涝点水位
2026-08-19T16:00:00+08:00,Asia/Shanghai,MS1104403060000380,(市)北环路与爱群路路口,0.0,0.0,13,13,good,22.79634568700108,114.39897783430258,深圳市水务局开放平台·积涝点水位
2026-08-19T16:00:00+08:00,Asia/Shanghai,MS1104403060000395,(市)宝安区幸福路与恒珠一路,0.0244,0.05,9,9,good,,,深圳市水务局开放平台·积涝点水位
2026-08-19T16:00:00+08:00,Asia/Shanghai,MS110440306000040X,(市)宝安区勋业街,0.0,0.0,2,2,good,,,深圳市水务局开放平台·积涝点水位
2026-08-19T16:00:00+08:00,Asia/Shanghai,MS1104403060000414,(市)宝安区福和路西六巷,0.0,0.0,13,13,good,22.75496986065163,113.7975587837876,深圳市水务局开放平台·积涝点水位
2026-08-19T16:00:00+08:00,Asia/Shanghai,MS1104403060000429,(市)民福路与创新路交叉口,0.0,0.0,13,13,good,22.77931941488889,113.82386091368804,深圳市水务局开放平台·积涝点水位
2026-08-19T16:00:00+08:00,Asia/Shanghai,MS1104403060000433,(市)金沙二路与民福路交叉口,0.0,0.0,2,2,good,22.731531574999998,113.800096525,深圳市水务局开放平台·积涝点水位
2026-08-19T16:00:00+08:00,Asia/Shanghai,MS1104403060000448,(市)宝安区沙井西环路正科时代,0.0,0.0,2,2,good,22.658437552805964,113.96411546099013,深圳市水务局开放平台·积涝点水位
2026-08-19T16:00:00+08:00,Asia/Shanghai,MS1104403060000452,(市)宝源路固戍海滨公园,0.0,0.0,12,12,good,22.58668431255461,113.84584894450396,深圳市水务局开放平台·积涝点水位
2026-08-19T16:00:00+08:00,Asia/Shanghai,MS1104403060000467,(市)海雅缤纷城,0.0054,0.01,37,37,good,,,深圳市水务局开放平台·积涝点水位
2026-08-19T16:00:00+08:00,Asia/Shanghai,MS1104403060000471,(市)万达广场,0.0,0.0,2,2,good,,,深圳市水务局开放平台·积涝点水位
2026-08-19T16:00:00+08:00,Asia/Shanghai,MS1104403060000486,(市)固戍地铁站 A/F 出入口,0.0,0.0,13,13,good,,,深圳市水务局开放平台·积涝点水位
2026-08-19T16:00:00+08:00,Asia/Shanghai,MS1104403060000490,(市)碧海湾地铁站 B 出入口,0.0,0.0,12,12,good,,,深圳市水务局开放平台·积涝点水位
2026-08-19T16:00:00+08:00,Asia/Shanghai,MS1104403060000505,(市)海天路地下隧道,0.0,0.0,13,13,good,22.549962987088094,113.87889692546018,深圳市水务局开放平台·积涝点水位
2026-08-19T16:00:00+08:00,Asia/Shanghai,MS1104403070000175,(市)龙平西路新秀社区公园,0.0,0.0,2,2,good,22.731009781031894,114.22605984524496,深圳市水务局开放平台·积涝点水位
2026-08-19T16:00:00+08:00,Asia/Shanghai,MS110440307000018X,(市)如意路广发银行奥林支行,0.0,0.0,13,13,good,22.697841456213258,114.19931100734046,深圳市水务局开放平台·积涝点水位
2026-08-19T16:00:00+08:00,Asia/Shanghai,MS1104403070000194,(市)龙翔大道与龙城大道交汇处,0.0,0.0,13,13,good,22.708452173199664,114.22855732448205,深圳市水务局开放平台·积涝点水位
2026-08-19T16:00:00+08:00,Asia/Shanghai,MS1104403070000209,(市)龙城大道与龙平东路交汇处,0.0,0.0,12,12,good,22.734070392016967,114.26268655089929,深圳市水务局开放平台·积涝点水位
2026-08-19T16:00:00+08:00,Asia/Shanghai,MS1104403070000213,(市)龙西中路与盐龙大道交汇处,0.0,0.0,13,13,good,22.75103177856142,114.25588661241065,深圳市水务局开放平台·积涝点水位
2026-08-19T16:00:00+08:00,Asia/Shanghai,MS1104403070000228,(市)爱南路与深汕公路交汇处,0.0,0.0,13,13,good,22.709133830928806,114.31382413715897,深圳市水务局开放平台·积涝点水位
2026-08-19T16:00:00+08:00,Asia/Shanghai,MS1104403070000232,(市)园新路与乐园路交汇处,0.0,0.0,12,12,good,22.714932425,114.3001758,深圳市水务局开放平台·积涝点水位
2026-08-19T16:00:00+08:00,Asia/Shanghai,MS1104403070000247,(市)长深高速四方埔社区,0.0,0.0,2,2,good,22.785453209312927,114.3238491191703,深圳市水务局开放平台·积涝点水位
2026-08-19T16:00:00+08:00,Asia/Shanghai,MS1104403070000251,(市)龙岗区政府,0.0,0.0,13,13,good,,,深圳市水务局开放平台·积涝点水位
2026-08-19T16:00:00+08:00,Asia/Shanghai,MS1104403070000266,(市)五和地铁站H出入口,0.0,0.0,12,12,good,,,深圳市水务局开放平台·积涝点水位
2026-08-19T16:00:00+08:00,Asia/Shanghai,MS1104403070000270,(市)长龙地铁站C2出入口,0.0,0.0,2,2,good,,,深圳市水务局开放平台·积涝点水位
2026-08-19T16:00:00+08:00,Asia/Shanghai,MS1104403070000285,(市)育贤学校、童星幼儿园,0.0,0.0,13,13,good,,,深圳市水务局开放平台·积涝点水位
2026-08-19T16:00:00+08:00,Asia/Shanghai,MS110440307000029X,(市)深圳远东妇产医院,0.0,0.0,15,15,good,,,深圳市水务局开放平台·积涝点水位
2026-08-19T16:00:00+08:00,Asia/Shanghai,MS1104403070000304,(市)英才学校,0.0,0.0,13,13,good,,,深圳市水务局开放平台·积涝点水位
2026-08-19T16:00:00+08:00,Asia/Shanghai,MS1104403070000319,(市)吉榕路桥洞,0.0,0.0,13,13,good,,,深圳市水务局开放平台·积涝点水位
2026-08-19T16:00:00+08:00,Asia/Shanghai,MS1104403070000323,(市)京南路,0.0,0.0,2,2,good,22.602818284523806,114.12130894517196,深圳市水务局开放平台·积涝点水位
2026-08-19T16:00:00+08:00,Asia/Shanghai,MS1104403070000338,(市)布澜路国芬路口,0.0,0.0,2,2,good,22.635311170786817,114.12784150313183,深圳市水务局开放平台·积涝点水位
2026-08-19T16:00:00+08:00,Asia/Shanghai,MS1104403070000342,(市)布吉站（深圳东站）,0.0,0.0,2,2,good,,,深圳市水务局开放平台·积涝点水位
2026-08-19T16:00:00+08:00,Asia/Shanghai,MS1104403080000012,(市)金融路海涛路口片区,0.0,0.0,13,13,good,22.553642038690473,114.22939035281746,深圳市水务局开放平台·积涝点水位
2026-08-19T16:00:00+08:00,Asia/Shanghai,MS1104403080000027,(市)沙头角口岸小区,0.0,0.0,13,13,good,,,深圳市水务局开放平台·积涝点水位
2026-08-19T16:00:00+08:00,Asia/Shanghai,MS1104403080000031,(市)桥东街小区,0.0,0.0,13,13,good,,,深圳市水务局开放平台·积涝点水位
2026-08-19T16:00:00+08:00,Asia/Shanghai,MS1104403090000065,(市)泗黎路凹背社区富坑社区,0.0,0.0,2,2,good,22.753687171367037,114.03385655648283,深圳市水务局开放平台·积涝点水位
2026-08-19T16:00:00+08:00,Asia/Shanghai,MS110440309000007X,(市)银星科技园,0.0,0.0,5,5,good,,,深圳市水务局开放平台·积涝点水位
2026-08-19T16:00:00+08:00,Asia/Shanghai,MS1104403090000084,(市)观光路与福前路交汇处,0.0,0.0,2,2,good,22.733179257314486,114.01274963079653,深圳市水务局开放平台·积涝点水位
2026-08-19T16:00:00+08:00,Asia/Shanghai,MS1104403090000099,(市)三联社区,0.0,0.0,13,13,good,,,深圳市水务局开放平台·积涝点水位
2026-08-19T16:00:00+08:00,Asia/Shanghai,MS1104403090000103,(市)布龙路与五和大道交汇处,0.0,0.0,13,13,good,22.646750702555874,114.02665721385576,深圳市水务局开放平台·积涝点水位
2026-08-19T16:00:00+08:00,Asia/Shanghai,MS1104403090000118,(市)新区大道深圳北站,0.0,0.0,17,17,good,22.624351465560785,114.01682556681699,深圳市水务局开放平台·积涝点水位
2026-08-19T16:00:00+08:00,Asia/Shanghai,MS1104403090000122,(市)龙华壹方成,0.0,0.0,13,13,good,,,深圳市水务局开放平台·积涝点水位
2026-08-19T16:00:00+08:00,Asia/Shanghai,MS1104403090000137,(市)昌茂二路,0.0,0.0,15,15,good,,,深圳市水务局开放平台·积涝点水位
2026-08-19T16:00:00+08:00,Asia/Shanghai,MS1104403090000141,(市)大浪新围街大船坑市场段,0.0,0.0,13,13,good,22.692058934615382,113.9964102346154,深圳市水务局开放平台·积涝点水位
2026-08-19T16:00:00+08:00,Asia/Shanghai,MS1104403100000028,(市)坪山法院门口,0.0,0.0,2,2,good,,,深圳市水务局开放平台·积涝点水位
2026-08-19T16:00:00+08:00,Asia/Shanghai,MS1104403100000032,(市)秀沙路比亚迪厂门前,0.0,0.0,14,14,good,22.767995359829058,114.39900074224022,深圳市水务局开放平台·积涝点水位
2026-08-19T16:00:00+08:00,Asia/Shanghai,MS1104403100000047,(市)群代路金泰航科技,0.01,0.01,63,63,good,,,深圳市水务局开放平台·积涝点水位
2026-08-19T16:00:00+08:00,Asia/Shanghai,MS1104403100000051,(市)三洋湖路三洋湖新区小区,0.0,0.0,13,13,good,,,深圳市水务局开放平台·积涝点水位
2026-08-19T16:00:00+08:00,Asia/Shanghai,MS1104403100000066,(市)文化中心地铁站,0.0,0.0,13,13,good,,,深圳市水务局开放平台·积涝点水位
2026-08-19T16:00:00+08:00,Asia/Shanghai,MS1104403110000597,(市)东长路外环高速长圳入口,0.0,0.0,13,13,good,22.747509018088216,113.91221411091422,深圳市水务局开放平台·积涝点水位
2026-08-19T16:00:00+08:00,Asia/Shanghai,MS1104403110000601,(市)光侨雅苑,0.0,0.0,2,2,good,,,深圳市水务局开放平台·积涝点水位
2026-08-19T16:00:00+08:00,Asia/Shanghai,MS1104403110000616,(市)同观路与汇融路交叉口,0.0,0.0,2,2,good,22.734039598507852,113.91441943299901,深圳市水务局开放平台·积涝点水位
2026-08-19T16:00:00+08:00,Asia/Shanghai,MS1104403110000620,(市)松白路松茂御城段,0.0,0.0,2,2,good,22.731110627923336,113.894856941127,深圳市水务局开放平台·积涝点水位
2026-08-19T16:00:00+08:00,Asia/Shanghai,MS1104403110000635,(市)公常路与环村路交叉口,0.0,0.0,13,13,good,22.826648407959507,113.95688701032125,深圳市水务局开放平台·积涝点水位
2026-08-19T16:00:00+08:00,Asia/Shanghai,MS110440311000064X,(市)光明区高级中学,0.0,0.0,2,2,good,,,深圳市水务局开放平台·积涝点水位
2026-08-19T16:00:00+08:00,Asia/Shanghai,MS1104403120000032,(市)大鹏液化天然气有限公司深圳接收站,0.0,0.0,13,13,good,,,深圳市水务局开放平台·积涝点水位
2026-08-19T17:00:00+08:00,Asia/Shanghai,9281192001,(市)平湖火车隧道口,0.0,0.0,9,9,good,,,深圳市水务局开放平台·积涝点水位
2026-08-19T17:00:00+08:00,Asia/Shanghai,9281192002,(市)新木路广深铁路桥底,0.0,0.0,13,13,good,22.6674177472887,114.13210195018992,深圳市水务局开放平台·积涝点水位
2026-08-19T17:00:00+08:00,Asia/Shanghai,9281192003,(市)新木路新围仔村路口,0.0,0.0,13,13,good,22.6674177472887,114.13210195018992,深圳市水务局开放平台·积涝点水位
2026-08-19T17:00:00+08:00,Asia/Shanghai,9281192004,(市)布李路富民城段,0.0,0.0,13,13,good,22.618912574166664,114.11654044833332,深圳市水务局开放平台·积涝点水位
2026-08-19T17:00:00+08:00,Asia/Shanghai,9281192005,(市)龙博路,0.01,0.01,65,65,good,22.62797037826087,114.10927237391306,深圳市水务局开放平台·积涝点水位
2026-08-19T17:00:00+08:00,Asia/Shanghai,9281192006,(市)五和大道四季花城,0.0,0.0,13,13,good,22.65976725256875,114.05975735653944,深圳市水务局开放平台·积涝点水位
2026-08-19T17:00:00+08:00,Asia/Shanghai,9281192007,(市)沙西小学至南岭万家乐段,0.0,0.0,13,13,good,,,深圳市水务局开放平台·积涝点水位
2026-08-19T17:00:00+08:00,Asia/Shanghai,9281192008,(市)南联第六工业区桥洞,0.0,0.0,13,13,good,,,深圳市水务局开放平台·积涝点水位
2026-08-19T17:00:00+08:00,Asia/Shanghai,9281192009,(市)新坡塘村新坡塘积水点,0.0,0.0,13,13,good,,,深圳市水务局开放平台·积涝点水位
2026-08-19T17:00:00+08:00,Asia/Shanghai,9281192010,(市)安良六村安业路与安居路交汇处,0.0,0.0,13,13,good,,,深圳市水务局开放平台·积涝点水位
2026-08-19T17:00:00+08:00,Asia/Shanghai,9281192011,(市)松元头,0.01,0.01,70,70,good,,,深圳市水务局开放平台·积涝点水位
2026-08-19T17:00:00+08:00,Asia/Shanghai,9281192012,(市)湖南立交,0.0,0.0,13,13,good,,,深圳市水务局开放平台·积涝点水位
2026-08-19T17:00:00+08:00,Asia/Shanghai,9281192013,(市)高背路惠盐高速桥洞积水点,0.0,0.0,13,13,good,,,深圳市水务局开放平台·积涝点水位
2026-08-19T17:00:00+08:00,Asia/Shanghai,9281192014,(市)鹤坑桥洞,0.0,0.0,13,13,good,,,深圳市水务局开放平台·积涝点水位
2026-08-19T17:00:00+08:00,Asia/Shanghai,9281192015,(市)安良社区沿河一路疏港铁路桥洞,0.01,0.01,72,72,good,22.73162335,114.107919,深圳市水务局开放平台·积涝点水位
2026-08-19T17:00:00+08:00,Asia/Shanghai,9281192016,(市)宝荷路中新加油站对面,0.0,0.0,13,13,good,22.694796752516076,114.25970116268519,深圳市水务局开放平台·积涝点水位
2026-08-19T17:00:00+08:00,Asia/Shanghai,9281192017,(市)环观南路与观平路交汇处,0.0,0.0,13,13,good,22.705673908780923,114.07279441765539,深圳市水务局开放平台·积涝点水位
2026-08-19T17:00:00+08:00,Asia/Shanghai,9281192018,(市)龙华大道库坑天桥段,0.0,0.0,13,13,good,22.669745856798677,114.03752701836405,深圳市水务局开放平台·积涝点水位
2026-08-19T17:00:00+08:00,Asia/Shanghai,9281192019,(市)福龙路高铁桥下简上段,0.0,0.0,16,16,good,22.61964472178257,114.00080097044238,深圳市水务局开放平台·积涝点水位
2026-08-19T17:00:00+08:00,Asia/Shanghai,9281192020,(市)工业路壹成中心段,0.0,0.0,13,13,good,22.648754971805,114.02570221318598,深圳市水务局开放平台·积涝点水位
2026-08-19T17:00:00+08:00,Asia/Shanghai,9281192021,(市)东环一路和平路交汇处,0.0,0.0,13,13,good,22.65040479515617,114.03284713758192,深圳市水务局开放平台·积涝点水位
2026-08-19T17:00:00+08:00,Asia/Shanghai,9281192022,(市)龙田社区大水湾,0.0,0.0,13,13,good,,,深圳市水务局开放平台·积涝点水位
2026-08-19T17:00:00+08:00,Asia/Shanghai,9281292001,(市)滨河皇岗立交桥洞,0.0,0.0,13,13,good,,,深圳市水务局开放平台·积涝点水位
2026-08-19T17:00:00+08:00,Asia/Shanghai,9281292002,(市)广深高速桥下滨海大道北侧辅道,0.01,0.01,67,67,good,22.579823080041088,114.10123773351275,深圳市水务局开放平台·积涝点水位
2026-08-19T17:00:00+08:00,Asia/Shanghai,9281292003,(市)福田区竹子林立交下穿通道,0.0,0.0,13,13,good,,,深圳市水务局开放平台·积涝点水位
2026-08-19T17:00:00+08:00,Asia/Shanghai,9281292004,(市)滨河益田立交桥洞,0.0,0.0,14,14,good,,,深圳市水务局开放平台·积涝点水位
2026-08-19T17:00:00+08:00,Asia/Shanghai,9281292005,(市)深南新洲一号立交桥洞,0.0,0.0,13,13,good,,,深圳市水务局开放平台·积涝点水位
2026-08-19T17:00:00+08:00,Asia/Shanghai,9281292006,(市)北环新洲立交东南角辅道,0.0,0.0,12,12,good,,,深圳市水务局开放平台·积涝点水位
2026-08-19T17:00:00+08:00,Asia/Shanghai,9281292007,(市)107国道新安段(裕安加油站),0.0,0.0,13,13,good,22.55254164883845,113.90816500450731,深圳市水务局开放平台·积涝点水位
2026-08-19T17:00:00+08:00,Asia/Shanghai,9281292008,洲石路鹤洲桥底（市）,0.0,0.0,12,12,good,22.651019027149744,113.88061107664711,深圳市水务局开放平台·积涝点水位
2026-08-19T17:00:00+08:00,Asia/Shanghai,9281292009,(市)帝堂路（锦程路以西段）,0.0033,0.01,27,27,good,22.70987723506993,113.7784856087664,深圳市水务局开放平台·积涝点水位
2026-08-19T17:00:00+08:00,Asia/Shanghai,9281292010,(市)上星南路与中心路丽沙花都,0.0,0.0,13,13,good,22.502209013854387,113.93734688972145,深圳市水务局开放平台·积涝点水位
2026-08-19T17:00:00+08:00,Asia/Shanghai,9281292012,(市)固戍海滨新村文昌阁,0.0,0.0,13,13,good,,,深圳市水务局开放平台·积涝点水位
2026-08-19T17:00:00+08:00,Asia/Shanghai,9281292013,(市)宝安大道固戍地铁站,0.0,0.0,13,13,good,22.64678387472509,113.8417801892837,深圳市水务局开放平台·积涝点水位
2026-08-19T17:00:00+08:00,Asia/Shanghai,9281292014,(市)G107国道南行固戍大门,0.0,0.0,13,13,good,22.55254164883845,113.90816500450731,深圳市水务局开放平台·积涝点水位
2026-08-19T17:00:00+08:00,Asia/Shanghai,9281292015,(市)东环大道松宝大道段,0.0,0.0,13,13,good,,,深圳市水务局开放平台·积涝点水位
2026-08-19T17:00:00+08:00,Asia/Shanghai,9281292016,(市)长凤路龙大高速桥底,0.0,0.0,11,11,good,22.775734215738417,113.91156092305157,深圳市水务局开放平台·积涝点水位
2026-08-19T17:00:00+08:00,Asia/Shanghai,9281292017,(市)圳美同富裕工业区,0.0,0.0,13,13,good,,,深圳市水务局开放平台·积涝点水位
2026-08-19T17:00:00+08:00,Asia/Shanghai,9281292018,(市)根玉路东方大道交汇处,0.0,0.0,13,13,good,22.763216165633853,113.85149341983029,深圳市水务局开放平台·积涝点水位
2026-08-19T17:00:00+08:00,Asia/Shanghai,9281292019,(市)上村社区龙大桥底,0.0,0.0,13,13,good,,,深圳市水务局开放平台·积涝点水位
2026-08-19T17:00:00+08:00,Asia/Shanghai,9281292020,(市)马山头社区上石家路通兴路交汇处,0.0,0.0,13,13,good,22.763999933333334,113.8915635138889,深圳市水务局开放平台·积涝点水位
2026-08-19T17:00:00+08:00,Asia/Shanghai,9281292021,(市)临海大道海关保税区,0.0,0.0,13,13,good,22.53399911521491,113.88871009435005,深圳市水务局开放平台·积涝点水位
2026-08-19T17:00:00+08:00,Asia/Shanghai,9281292022,(市)南山大道南行亿利达村段,0.0,0.0,13,13,good,22.540721694789013,113.9181638130031,深圳市水务局开放平台·积涝点水位
2026-08-19T17:00:00+08:00,Asia/Shanghai,9281292023,(市)东滨路南行华联城市山林花园段,0.0,0.0,13,13,good,22.51106546682151,113.92212734316605,深圳市水务局开放平台·积涝点水位
2026-08-19T17:00:00+08:00,Asia/Shanghai,9281292024,(市)深圳湾东滨路与中心路交叉口,0.0,0.0,13,13,good,22.51106546682151,113.92212734316605,深圳市水务局开放平台·积涝点水位
2026-08-19T17:00:00+08:00,Asia/Shanghai,MS1104403030000228,(市)红岗公园,0.0,0.0,2,2,good,,,深圳市水务局开放平台·积涝点水位
2026-08-19T17:00:00+08:00,Asia/Shanghai,MS1104403030000232,(市)沿河南路文锦路社区,0.0,0.0,18,18,good,22.550252268776845,114.11444108979862,深圳市水务局开放平台·积涝点水位
2026-08-19T17:00:00+08:00,Asia/Shanghai,MS1104403030000247,(市)深南东路黄贝岭,0.0,0.0,13,13,good,22.54661746874732,114.11811396992493,深圳市水务局开放平台·积涝点水位
2026-08-19T17:00:00+08:00,Asia/Shanghai,MS1104403030000251,(市)滨河上步立交桥,0.0,0.0,2,2,good,,,深圳市水务局开放平台·积涝点水位
2026-08-19T17:00:00+08:00,Asia/Shanghai,MS1104403030000266,(市)罗湖火车站,0.0,0.0,12,12,good,,,深圳市水务局开放平台·积涝点水位
2026-08-19T17:00:00+08:00,Asia/Shanghai,MS1104403030000270,(市)罗湖区委,0.0,0.0,2,2,good,,,深圳市水务局开放平台·积涝点水位
2026-08-19T17:00:00+08:00,Asia/Shanghai,MS1104403030000285,(市)万象城,0.0,0.0,12,12,good,,,深圳市水务局开放平台·积涝点水位
2026-08-19T17:00:00+08:00,Asia/Shanghai,MS110440303000029X,(市)洪湖地铁站D出入口,0.0,0.0,2,2,good,,,深圳市水务局开放平台·积涝点水位
2026-08-19T17:00:00+08:00,Asia/Shanghai,MS1104403030000304,(市)东湖路,0.0,0.0,5,5,good,22.582822583699635,114.1345991945055,深圳市水务局开放平台·积涝点水位
2026-08-19T17:00:00+08:00,Asia/Shanghai,MS1104403030000319,(市)桂园片区,0.0,0.0,13,13,good,,,深圳市水务局开放平台·积涝点水位
2026-08-19T17:00:00+08:00,Asia/Shanghai,MS1104403030000323,(市)晒布路与东门中路交汇处,0.0,0.0,13,13,good,22.551568716163253,114.1183832504732,深圳市水务局开放平台·积涝点水位
2026-08-19T17:00:00+08:00,Asia/Shanghai,MS1104403030000338,(市)东湖公园爱国路与太宁路路口,0.0,0.0,12,12,good,22.563633808974675,114.13329390192719,深圳市水务局开放平台·积涝点水位
2026-08-19T17:00:00+08:00,Asia/Shanghai,MS1104403030000342,(市)文锦渡口岸,0.0,0.0,2,2,good,,,深圳市水务局开放平台·积涝点水位
2026-08-19T17:00:00+08:00,Asia/Shanghai,MS1104403040000543,(市)香梅莲花路口,0.0,0.0,2,2,good,22.559401296538805,114.04793087126708,深圳市水务局开放平台·积涝点水位
2026-08-19T17:00:00+08:00,Asia/Shanghai,MS1104403040000558,(市)信托花园,0.0,0.0,13,13,good,,,深圳市水务局开放平台·积涝点水位
2026-08-19T17:00:00+08:00,Asia/Shanghai,MS1104403040000562,(市)上步红荔路口,0.0,0.0,2,2,good,22.550171284097686,114.05891535550717,深圳市水务局开放平台·积涝点水位
2026-08-19T17:00:00+08:00,Asia/Shanghai,MS1104403040000577,(市)深南皇岗立交桥与皇岗路交汇处,0.0,0.0,13,13,good,22.552167188223326,114.06774281249497,深圳市水务局开放平台·积涝点水位
2026-08-19T17:00:00+08:00,Asia/Shanghai,MS1104403040000581,(市)北环大道与梅林路交汇处,0.0,0.0,2,2,good,22.55966775704351,113.99344633894496,深圳市水务局开放平台·积涝点水位
2026-08-19T17:00:00+08:00,Asia/Shanghai,MS1104403040000596,(市)侨香路香梅社区,0.0,0.0,2,2,good,22.55158384619422,114.00624803762132,深圳市水务局开放平台·积涝点水位
2026-08-19T17:00:00+08:00,Asia/Shanghai,MS1104403040000600,(市)侨香路香安社区,0.0,0.0,2,2,good,22.55158384619422,114.00624803762132,深圳市水务局开放平台·积涝点水位
2026-08-19T17:00:00+08:00,Asia/Shanghai,MS1104403040000615,(市)市民中心,0.0,0.0,2,2,good,,,深圳市水务局开放平台·积涝点水位
2026-08-19T17:00:00+08:00,Asia/Shanghai,MS110440304000062X,(市)民田路深圳证券交易所,0.0,0.0,13,13,good,22.53903429826115,114.04781278730138,深圳市水务局开放平台·积涝点水位
2026-08-19T17:00:00+08:00,Asia/Shanghai,MS1104403040000634,(市)燃气集团股份有限公司梅林 LNG安全应急气化站,0.0,0.0,13,13,good,,,深圳市水务局开放平台·积涝点水位
2026-08-19T17:00:00+08:00,Asia/Shanghai,MS1104403040000649,(市)深南大道车公庙交通枢纽段,0.0,0.0,13,13,good,22.5420797706313,113.9753640727562,深圳市水务局开放平台·积涝点水位
2026-08-19T17:00:00+08:00,Asia/Shanghai,MS1104403050000118,(市)月亮湾大道与前湾三路交叉口,0.0,0.0,2,2,good,22.511993391395155,113.8903078293519,深圳市水务局开放平台·积涝点水位
2026-08-19T17:00:00+08:00,Asia/Shanghai,MS1104403050000122,(市)南山大道深意工业大厦段,0.0,0.0,13,13,good,22.540721694789013,113.9181638130031,深圳市水务局开放平台·积涝点水位
2026-08-19T17:00:00+08:00,Asia/Shanghai,MS1104403050000137,(市)南山大道与登良路交叉口,0.0,0.0,2,2,good,22.540721694789013,113.9181638130031,深圳市水务局开放平台·积涝点水位
2026-08-19T17:00:00+08:00,Asia/Shanghai,MS1104403050000141,(市)南新路北头豪苑,0.0,0.0,2,2,good,22.535707366852186,113.92452459612443,深圳市水务局开放平台·积涝点水位
2026-08-19T17:00:00+08:00,Asia/Shanghai,MS1104403050000156,(市)滨海大道与南山大道交叉口,0.0,0.0,2,2,good,22.579823080041088,114.10123773351275,深圳市水务局开放平台·积涝点水位
2026-08-19T17:00:00+08:00,Asia/Shanghai,MS1104403050000160,(市)桃园路与南新路交叉口,0.0,0.0,2,2,good,22.535395972003414,113.91852837514443,深圳市水务局开放平台·积涝点水位
2026-08-19T17:00:00+08:00,Asia/Shanghai,MS1104403050000175,(市)后海大道与登良路交叉口,0.0,0.0,13,13,good,22.51179221810604,113.92884393579894,深圳市水务局开放平台·积涝点水位
2026-08-19T17:00:00+08:00,Asia/Shanghai,MS110440305000018X,(市)后海大道港湾创业大厦,0.0,0.0,13,13,good,22.51179221810604,113.92884393579894,深圳市水务局开放平台·积涝点水位
2026-08-19T17:00:00+08:00,Asia/Shanghai,MS1104403050000194,(市)深南大道高新园地铁 AD 口,0.0,0.0,13,13,good,22.5420797706313,113.9753640727562,深圳市水务局开放平台·积涝点水位
2026-08-19T17:00:00+08:00,Asia/Shanghai,MS1104403050000209,(市)深圳湾口岸,0.0,0.0,2,2,good,,,深圳市水务局开放平台·积涝点水位
2026-08-19T17:00:00+08:00,Asia/Shanghai,MS1104403050000213,(市)前湾公园地铁站 A 出入口,0.0,0.0,13,13,good,,,深圳市水务局开放平台·积涝点水位
2026-08-19T17:00:00+08:00,Asia/Shanghai,MS1104403050000228,(市)粤海门地铁站 D2 出入口,0.0,0.0,15,15,good,,,深圳市水务局开放平台·积涝点水位
2026-08-19T17:00:00+08:00,Asia/Shanghai,MS1104403050000232,(市)桂庙路地下道路,0.0,0.0,13,13,good,22.52643977555155,113.91686609460196,深圳市水务局开放平台·积涝点水位
2026-08-19T17:00:00+08:00,Asia/Shanghai,MS1104403050000247,(市)国家超级计算深圳中心,0.0,0.0,14,14,good,,,深圳市水务局开放平台·积涝点水位
2026-08-19T17:00:00+08:00,Asia/Shanghai,MS110440306000029X,(市)辛养旧村辛居路,0.0,0.0,2,2,good,,,深圳市水务局开放平台·积涝点水位
2026-08-19T17:00:00+08:00,Asia/Shanghai,MS1104403060000304,(市)山门第三工业区,0.0,0.0,2,2,good,,,深圳市水务局开放平台·积涝点水位
2026-08-19T17:00:00+08:00,Asia/Shanghai,MS1104403060000319,(市)前进一路上川路口,0.0,0.0,13,13,good,22.57118007860348,113.90008995469552,深圳市水务局开放平台·积涝点水位
2026-08-19T17:00:00+08:00,Asia/Shanghai,MS1104403060000323,(市)洪浪北地铁站,0.0,0.0,12,12,good,,,深圳市水务局开放平台·积涝点水位
2026-08-19T17:00:00+08:00,Asia/Shanghai,MS1104403060000338,(市)东风幼儿园,0.0,0.0,2,2,good,,,深圳市水务局开放平台·积涝点水位
2026-08-19T17:00:00+08:00,Asia/Shanghai,MS1104403060000342,(市)海乐41区,0.0,0.0,2,2,good,,,深圳市水务局开放平台·积涝点水位
2026-08-19T17:00:00+08:00,Asia/Shanghai,MS1104403060000357,(市)前进二路,0.0,0.0,2,2,good,22.597482662679273,113.87435005513986,深圳市水务局开放平台·积涝点水位
2026-08-19T17:00:00+08:00,Asia/Shanghai,MS1104403060000361,(市)园岭商场,0.0,0.0,13,13,good,,,深圳市水务局开放平台·积涝点水位
2026-08-19T17:00:00+08:00,Asia/Shanghai,MS1104403060000376,(市)新圳西路万佳商场段,0.0,0.0,3,3,good,22.56349644,113.89998969999999,深圳市水务局开放平台·积涝点水位
2026-08-19T17:00:00+08:00,Asia/Shanghai,MS1104403060000380,(市)北环路与爱群路路口,0.0,0.0,12,12,good,22.79634568700108,114.39897783430258,深圳市水务局开放平台·积涝点水位
2026-08-19T17:00:00+08:00,Asia/Shanghai,MS1104403060000395,(市)宝安区幸福路与恒珠一路,0.0,0.0,2,2,good,,,深圳市水务局开放平台·积涝点水位
2026-08-19T17:00:00+08:00,Asia/Shanghai,MS110440306000040X,(市)宝安区勋业街,0.0,0.0,2,2,good,,,深圳市水务局开放平台·积涝点水位
2026-08-19T17:00:00+08:00,Asia/Shanghai,MS1104403060000414,(市)宝安区福和路西六巷,0.0,0.0,13,13,good,22.75496986065163,113.7975587837876,深圳市水务局开放平台·积涝点水位
2026-08-19T17:00:00+08:00,Asia/Shanghai,MS1104403060000429,(市)民福路与创新路交叉口,0.0,0.0,13,13,good,22.77931941488889,113.82386091368804,深圳市水务局开放平台·积涝点水位
2026-08-19T17:00:00+08:00,Asia/Shanghai,MS1104403060000433,(市)金沙二路与民福路交叉口,0.0,0.0,2,2,good,22.731531574999998,113.800096525,深圳市水务局开放平台·积涝点水位
2026-08-19T17:00:00+08:00,Asia/Shanghai,MS1104403060000448,(市)宝安区沙井西环路正科时代,0.0,0.0,2,2,good,22.658437552805964,113.96411546099013,深圳市水务局开放平台·积涝点水位
2026-08-19T17:00:00+08:00,Asia/Shanghai,MS1104403060000452,(市)宝源路固戍海滨公园,0.0,0.0,13,13,good,22.58668431255461,113.84584894450396,深圳市水务局开放平台·积涝点水位
2026-08-19T17:00:00+08:00,Asia/Shanghai,MS1104403060000467,(市)海雅缤纷城,0.0,0.0,9,9,good,,,深圳市水务局开放平台·积涝点水位
2026-08-19T17:00:00+08:00,Asia/Shanghai,MS1104403060000471,(市)万达广场,0.0,0.0,2,2,good,,,深圳市水务局开放平台·积涝点水位
2026-08-19T17:00:00+08:00,Asia/Shanghai,MS1104403060000486,(市)固戍地铁站 A/F 出入口,0.0,0.0,13,13,good,,,深圳市水务局开放平台·积涝点水位
2026-08-19T17:00:00+08:00,Asia/Shanghai,MS1104403060000490,(市)碧海湾地铁站 B 出入口,0.0,0.0,13,13,good,,,深圳市水务局开放平台·积涝点水位
2026-08-19T17:00:00+08:00,Asia/Shanghai,MS1104403060000505,(市)海天路地下隧道,0.0,0.0,13,13,good,22.549962987088094,113.87889692546018,深圳市水务局开放平台·积涝点水位
2026-08-19T17:00:00+08:00,Asia/Shanghai,MS1104403070000175,(市)龙平西路新秀社区公园,0.0,0.0,2,2,good,22.731009781031894,114.22605984524496,深圳市水务局开放平台·积涝点水位
2026-08-19T17:00:00+08:00,Asia/Shanghai,MS110440307000018X,(市)如意路广发银行奥林支行,0.0,0.0,13,13,good,22.697841456213258,114.19931100734046,深圳市水务局开放平台·积涝点水位
2026-08-19T17:00:00+08:00,Asia/Shanghai,MS1104403070000194,(市)龙翔大道与龙城大道交汇处,0.0,0.0,12,12,good,22.708452173199664,114.22855732448205,深圳市水务局开放平台·积涝点水位
2026-08-19T17:00:00+08:00,Asia/Shanghai,MS1104403070000209,(市)龙城大道与龙平东路交汇处,0.0,0.0,13,13,good,22.734070392016967,114.26268655089929,深圳市水务局开放平台·积涝点水位
2026-08-19T17:00:00+08:00,Asia/Shanghai,MS1104403070000213,(市)龙西中路与盐龙大道交汇处,0.0,0.0,13,13,good,22.75103177856142,114.25588661241065,深圳市水务局开放平台·积涝点水位
2026-08-19T17:00:00+08:00,Asia/Shanghai,MS1104403070000228,(市)爱南路与深汕公路交汇处,0.0,0.0,13,13,good,22.709133830928806,114.31382413715897,深圳市水务局开放平台·积涝点水位
2026-08-19T17:00:00+08:00,Asia/Shanghai,MS1104403070000232,(市)园新路与乐园路交汇处,0.0,0.0,13,13,good,22.714932425,114.3001758,深圳市水务局开放平台·积涝点水位
2026-08-19T17:00:00+08:00,Asia/Shanghai,MS1104403070000247,(市)长深高速四方埔社区,0.0,0.0,2,2,good,22.785453209312927,114.3238491191703,深圳市水务局开放平台·积涝点水位
2026-08-19T17:00:00+08:00,Asia/Shanghai,MS1104403070000251,(市)龙岗区政府,0.0,0.0,13,13,good,,,深圳市水务局开放平台·积涝点水位
2026-08-19T17:00:00+08:00,Asia/Shanghai,MS1104403070000266,(市)五和地铁站H出入口,0.0,0.0,13,13,good,,,深圳市水务局开放平台·积涝点水位
2026-08-19T17:00:00+08:00,Asia/Shanghai,MS1104403070000270,(市)长龙地铁站C2出入口,0.0,0.0,2,2,good,,,深圳市水务局开放平台·积涝点水位
2026-08-19T17:00:00+08:00,Asia/Shanghai,MS1104403070000285,(市)育贤学校、童星幼儿园,0.0,0.0,12,12,good,,,深圳市水务局开放平台·积涝点水位
2026-08-19T17:00:00+08:00,Asia/Shanghai,MS110440307000029X,(市)深圳远东妇产医院,0.0,0.0,15,15,good,,,深圳市水务局开放平台·积涝点水位
2026-08-19T17:00:00+08:00,Asia/Shanghai,MS1104403070000304,(市)英才学校,0.0,0.0,12,12,good,,,深圳市水务局开放平台·积涝点水位
2026-08-19T17:00:00+08:00,Asia/Shanghai,MS1104403070000319,(市)吉榕路桥洞,0.0,0.0,13,13,good,,,深圳市水务局开放平台·积涝点水位
2026-08-19T17:00:00+08:00,Asia/Shanghai,MS1104403070000323,(市)京南路,0.0,0.0,2,2,good,22.602818284523806,114.12130894517196,深圳市水务局开放平台·积涝点水位
2026-08-19T17:00:00+08:00,Asia/Shanghai,MS1104403070000338,(市)布澜路国芬路口,0.0,0.0,2,2,good,22.635311170786817,114.12784150313183,深圳市水务局开放平台·积涝点水位
2026-08-19T17:00:00+08:00,Asia/Shanghai,MS1104403070000342,(市)布吉站（深圳东站）,0.0,0.0,2,2,good,,,深圳市水务局开放平台·积涝点水位
2026-08-19T17:00:00+08:00,Asia/Shanghai,MS1104403080000012,(市)金融路海涛路口片区,0.0,0.0,13,13,good,22.553642038690473,114.22939035281746,深圳市水务局开放平台·积涝点水位
2026-08-19T17:00:00+08:00,Asia/Shanghai,MS1104403080000027,(市)沙头角口岸小区,0.0,0.0,13,13,good,,,深圳市水务局开放平台·积涝点水位
2026-08-19T17:00:00+08:00,Asia/Shanghai,MS1104403080000031,(市)桥东街小区,0.0,0.0,13,13,good,,,深圳市水务局开放平台·积涝点水位
2026-08-19T17:00:00+08:00,Asia/Shanghai,MS1104403090000065,(市)泗黎路凹背社区富坑社区,0.0,0.0,2,2,good,22.753687171367037,114.03385655648283,深圳市水务局开放平台·积涝点水位
2026-08-19T17:00:00+08:00,Asia/Shanghai,MS110440309000007X,(市)银星科技园,0.0,0.0,5,5,good,,,深圳市水务局开放平台·积涝点水位
2026-08-19T17:00:00+08:00,Asia/Shanghai,MS1104403090000084,(市)观光路与福前路交汇处,0.0,0.0,2,2,good,22.733179257314486,114.01274963079653,深圳市水务局开放平台·积涝点水位
2026-08-19T17:00:00+08:00,Asia/Shanghai,MS1104403090000099,(市)三联社区,0.0,0.0,13,13,good,,,深圳市水务局开放平台·积涝点水位
2026-08-19T17:00:00+08:00,Asia/Shanghai,MS1104403090000103,(市)布龙路与五和大道交汇处,0.0,0.0,13,13,good,22.646750702555874,114.02665721385576,深圳市水务局开放平台·积涝点水位
2026-08-19T17:00:00+08:00,Asia/Shanghai,MS1104403090000118,(市)新区大道深圳北站,0.0,0.0,13,13,good,22.624351465560785,114.01682556681699,深圳市水务局开放平台·积涝点水位
2026-08-19T17:00:00+08:00,Asia/Shanghai,MS1104403090000122,(市)龙华壹方成,0.0,0.0,13,13,good,,,深圳市水务局开放平台·积涝点水位
2026-08-19T17:00:00+08:00,Asia/Shanghai,MS1104403090000137,(市)昌茂二路,0.0,0.0,13,13,good,,,深圳市水务局开放平台·积涝点水位
2026-08-19T17:00:00+08:00,Asia/Shanghai,MS1104403090000141,(市)大浪新围街大船坑市场段,0.0,0.0,16,16,good,22.692058934615382,113.9964102346154,深圳市水务局开放平台·积涝点水位
2026-08-19T17:00:00+08:00,Asia/Shanghai,MS1104403100000028,(市)坪山法院门口,0.0,0.0,2,2,good,,,深圳市水务局开放平台·积涝点水位
2026-08-19T17:00:00+08:00,Asia/Shanghai,MS1104403100000032,(市)秀沙路比亚迪厂门前,0.0,0.0,13,13,good,22.767995359829058,114.39900074224022,深圳市水务局开放平台·积涝点水位
2026-08-19T17:00:00+08:00,Asia/Shanghai,MS1104403100000047,(市)群代路金泰航科技,0.01,0.01,69,69,good,,,深圳市水务局开放平台·积涝点水位
2026-08-19T17:00:00+08:00,Asia/Shanghai,MS1104403100000051,(市)三洋湖路三洋湖新区小区,0.0,0.0,13,13,good,,,深圳市水务局开放平台·积涝点水位
2026-08-19T17:00:00+08:00,Asia/Shanghai,MS1104403100000066,(市)文化中心地铁站,0.0,0.0,13,13,good,,,深圳市水务局开放平台·积涝点水位
2026-08-19T17:00:00+08:00,Asia/Shanghai,MS1104403110000597,(市)东长路外环高速长圳入口,0.0,0.0,11,11,good,22.747509018088216,113.91221411091422,深圳市水务局开放平台·积涝点水位
2026-08-19T17:00:00+08:00,Asia/Shanghai,MS1104403110000601,(市)光侨雅苑,0.0,0.0,2,2,good,,,深圳市水务局开放平台·积涝点水位
2026-08-19T17:00:00+08:00,Asia/Shanghai,MS1104403110000616,(市)同观路与汇融路交叉口,0.0,0.0,2,2,good,22.734039598507852,113.91441943299901,深圳市水务局开放平台·积涝点水位
2026-08-19T17:00:00+08:00,Asia/Shanghai,MS1104403110000620,(市)松白路松茂御城段,0.0,0.0,2,2,good,22.731110627923336,113.894856941127,深圳市水务局开放平台·积涝点水位
2026-08-19T17:00:00+08:00,Asia/Shanghai,MS1104403110000635,(市)公常路与环村路交叉口,0.0,0.0,13,13,good,22.826648407959507,113.95688701032125,深圳市水务局开放平台·积涝点水位
2026-08-19T17:00:00+08:00,Asia/Shanghai,MS110440311000064X,(市)光明区高级中学,0.0,0.0,2,2,good,,,深圳市水务局开放平台·积涝点水位
2026-08-19T17:00:00+08:00,Asia/Shanghai,MS1104403120000032,(市)大鹏液化天然气有限公司深圳接收站,0.0,0.0,13,13,good,,,深圳市水务局开放平台·积涝点水位
2026-08-19T18:00:00+08:00,Asia/Shanghai,9281192001,(市)平湖火车隧道口,0.0,0.0,13,13,good,,,深圳市水务局开放平台·积涝点水位
2026-08-19T18:00:00+08:00,Asia/Shanghai,9281192002,(市)新木路广深铁路桥底,0.0,0.0,13,13,good,22.6674177472887,114.13210195018992,深圳市水务局开放平台·积涝点水位
2026-08-19T18:00:00+08:00,Asia/Shanghai,9281192003,(市)新木路新围仔村路口,0.0,0.0,13,13,good,22.6674177472887,114.13210195018992,深圳市水务局开放平台·积涝点水位
2026-08-19T18:00:00+08:00,Asia/Shanghai,9281192004,(市)布李路富民城段,0.0,0.0,13,13,good,22.618912574166664,114.11654044833332,深圳市水务局开放平台·积涝点水位
2026-08-19T18:00:00+08:00,Asia/Shanghai,9281192005,(市)龙博路,0.01,0.01,62,62,good,22.62797037826087,114.10927237391306,深圳市水务局开放平台·积涝点水位
2026-08-19T18:00:00+08:00,Asia/Shanghai,9281192006,(市)五和大道四季花城,0.0,0.0,13,13,good,22.65976725256875,114.05975735653944,深圳市水务局开放平台·积涝点水位
2026-08-19T18:00:00+08:00,Asia/Shanghai,9281192007,(市)沙西小学至南岭万家乐段,0.0,0.0,13,13,good,,,深圳市水务局开放平台·积涝点水位
2026-08-19T18:00:00+08:00,Asia/Shanghai,9281192008,(市)南联第六工业区桥洞,0.0,0.0,13,13,good,,,深圳市水务局开放平台·积涝点水位
2026-08-19T18:00:00+08:00,Asia/Shanghai,9281192009,(市)新坡塘村新坡塘积水点,0.0,0.0,13,13,good,,,深圳市水务局开放平台·积涝点水位
2026-08-19T18:00:00+08:00,Asia/Shanghai,9281192010,(市)安良六村安业路与安居路交汇处,0.0,0.0,13,13,good,,,深圳市水务局开放平台·积涝点水位
2026-08-19T18:00:00+08:00,Asia/Shanghai,9281192011,(市)松元头,0.01,0.01,64,64,good,,,深圳市水务局开放平台·积涝点水位
2026-08-19T18:00:00+08:00,Asia/Shanghai,9281192012,(市)湖南立交,0.0,0.0,12,12,good,,,深圳市水务局开放平台·积涝点水位
2026-08-19T18:00:00+08:00,Asia/Shanghai,9281192013,(市)高背路惠盐高速桥洞积水点,0.0,0.0,13,13,good,,,深圳市水务局开放平台·积涝点水位
2026-08-19T18:00:00+08:00,Asia/Shanghai,9281192014,(市)鹤坑桥洞,0.0,0.0,13,13,good,,,深圳市水务局开放平台·积涝点水位
2026-08-19T18:00:00+08:00,Asia/Shanghai,9281192015,(市)安良社区沿河一路疏港铁路桥洞,0.0082,0.01,28,28,good,22.73162335,114.107919,深圳市水务局开放平台·积涝点水位
2026-08-19T18:00:00+08:00,Asia/Shanghai,9281192016,(市)宝荷路中新加油站对面,0.0,0.0,13,13,good,22.694796752516076,114.25970116268519,深圳市水务局开放平台·积涝点水位
2026-08-19T18:00:00+08:00,Asia/Shanghai,9281192017,(市)环观南路与观平路交汇处,0.0,0.0,13,13,good,22.705673908780923,114.07279441765539,深圳市水务局开放平台·积涝点水位
2026-08-19T18:00:00+08:00,Asia/Shanghai,9281192018,(市)龙华大道库坑天桥段,0.0,0.0,11,11,good,22.669745856798677,114.03752701836405,深圳市水务局开放平台·积涝点水位
2026-08-19T18:00:00+08:00,Asia/Shanghai,9281192019,(市)福龙路高铁桥下简上段,0.0,0.0,13,13,good,22.61964472178257,114.00080097044238,深圳市水务局开放平台·积涝点水位
2026-08-19T18:00:00+08:00,Asia/Shanghai,9281192020,(市)工业路壹成中心段,0.0,0.0,13,13,good,22.648754971805,114.02570221318598,深圳市水务局开放平台·积涝点水位
2026-08-19T18:00:00+08:00,Asia/Shanghai,9281192021,(市)东环一路和平路交汇处,0.0,0.0,13,13,good,22.65040479515617,114.03284713758192,深圳市水务局开放平台·积涝点水位
2026-08-19T18:00:00+08:00,Asia/Shanghai,9281192022,(市)龙田社区大水湾,0.0,0.0,12,12,good,,,深圳市水务局开放平台·积涝点水位
2026-08-19T18:00:00+08:00,Asia/Shanghai,9281292001,(市)滨河皇岗立交桥洞,0.0,0.0,13,13,good,,,深圳市水务局开放平台·积涝点水位
2026-08-19T18:00:00+08:00,Asia/Shanghai,9281292002,(市)广深高速桥下滨海大道北侧辅道,0.01,0.01,66,66,good,22.579823080041088,114.10123773351275,深圳市水务局开放平台·积涝点水位
2026-08-19T18:00:00+08:00,Asia/Shanghai,9281292003,(市)福田区竹子林立交下穿通道,0.0,0.0,13,13,good,,,深圳市水务局开放平台·积涝点水位
2026-08-19T18:00:00+08:00,Asia/Shanghai,9281292004,(市)滨河益田立交桥洞,0.0,0.0,14,14,good,,,深圳市水务局开放平台·积涝点水位
2026-08-19T18:00:00+08:00,Asia/Shanghai,9281292005,(市)深南新洲一号立交桥洞,0.0,0.0,13,13,good,,,深圳市水务局开放平台·积涝点水位
2026-08-19T18:00:00+08:00,Asia/Shanghai,9281292006,(市)北环新洲立交东南角辅道,0.0,0.0,13,13,good,,,深圳市水务局开放平台·积涝点水位
2026-08-19T18:00:00+08:00,Asia/Shanghai,9281292007,(市)107国道新安段(裕安加油站),0.0,0.0,13,13,good,22.55254164883845,113.90816500450731,深圳市水务局开放平台·积涝点水位
2026-08-19T18:00:00+08:00,Asia/Shanghai,9281292008,洲石路鹤洲桥底（市）,0.0,0.0,13,13,good,22.651019027149744,113.88061107664711,深圳市水务局开放平台·积涝点水位
2026-08-19T18:00:00+08:00,Asia/Shanghai,9281292009,(市)帝堂路（锦程路以西段）,0.0,0.0,8,8,good,22.70987723506993,113.7784856087664,深圳市水务局开放平台·积涝点水位
2026-08-19T18:00:00+08:00,Asia/Shanghai,9281292010,(市)上星南路与中心路丽沙花都,0.0,0.0,13,13,good,22.502209013854387,113.93734688972145,深圳市水务局开放平台·积涝点水位
2026-08-19T18:00:00+08:00,Asia/Shanghai,9281292012,(市)固戍海滨新村文昌阁,0.0,0.0,13,13,good,,,深圳市水务局开放平台·积涝点水位
2026-08-19T18:00:00+08:00,Asia/Shanghai,9281292013,(市)宝安大道固戍地铁站,0.0,0.0,13,13,good,22.64678387472509,113.8417801892837,深圳市水务局开放平台·积涝点水位
2026-08-19T18:00:00+08:00,Asia/Shanghai,9281292014,(市)G107国道南行固戍大门,0.0,0.0,13,13,good,22.55254164883845,113.90816500450731,深圳市水务局开放平台·积涝点水位
2026-08-19T18:00:00+08:00,Asia/Shanghai,9281292015,(市)东环大道松宝大道段,0.0,0.0,13,13,good,,,深圳市水务局开放平台·积涝点水位
2026-08-19T18:00:00+08:00,Asia/Shanghai,9281292016,(市)长凤路龙大高速桥底,0.0,0.0,12,12,good,22.775734215738417,113.91156092305157,深圳市水务局开放平台·积涝点水位
2026-08-19T18:00:00+08:00,Asia/Shanghai,9281292017,(市)圳美同富裕工业区,0.0,0.0,13,13,good,,,深圳市水务局开放平台·积涝点水位
2026-08-19T18:00:00+08:00,Asia/Shanghai,9281292018,(市)根玉路东方大道交汇处,0.0,0.0,13,13,good,22.763216165633853,113.85149341983029,深圳市水务局开放平台·积涝点水位
2026-08-19T18:00:00+08:00,Asia/Shanghai,9281292019,(市)上村社区龙大桥底,0.0,0.0,13,13,good,,,深圳市水务局开放平台·积涝点水位
2026-08-19T18:00:00+08:00,Asia/Shanghai,9281292020,(市)马山头社区上石家路通兴路交汇处,0.0,0.0,13,13,good,22.763999933333334,113.8915635138889,深圳市水务局开放平台·积涝点水位
2026-08-19T18:00:00+08:00,Asia/Shanghai,9281292021,(市)临海大道海关保税区,0.0,0.0,13,13,good,22.53399911521491,113.88871009435005,深圳市水务局开放平台·积涝点水位
2026-08-19T18:00:00+08:00,Asia/Shanghai,9281292022,(市)南山大道南行亿利达村段,0.0,0.0,13,13,good,22.540721694789013,113.9181638130031,深圳市水务局开放平台·积涝点水位
2026-08-19T18:00:00+08:00,Asia/Shanghai,9281292023,(市)东滨路南行华联城市山林花园段,0.0,0.0,13,13,good,22.51106546682151,113.92212734316605,深圳市水务局开放平台·积涝点水位
2026-08-19T18:00:00+08:00,Asia/Shanghai,9281292024,(市)深圳湾东滨路与中心路交叉口,0.0,0.0,12,12,good,22.51106546682151,113.92212734316605,深圳市水务局开放平台·积涝点水位
2026-08-19T18:00:00+08:00,Asia/Shanghai,MS1104403030000228,(市)红岗公园,0.0,0.0,2,2,good,,,深圳市水务局开放平台·积涝点水位
2026-08-19T18:00:00+08:00,Asia/Shanghai,MS1104403030000232,(市)沿河南路文锦路社区,0.0,0.0,13,13,good,22.550252268776845,114.11444108979862,深圳市水务局开放平台·积涝点水位
2026-08-19T18:00:00+08:00,Asia/Shanghai,MS1104403030000247,(市)深南东路黄贝岭,0.0,0.0,13,13,good,22.54661746874732,114.11811396992493,深圳市水务局开放平台·积涝点水位
2026-08-19T18:00:00+08:00,Asia/Shanghai,MS1104403030000251,(市)滨河上步立交桥,0.0,0.0,2,2,good,,,深圳市水务局开放平台·积涝点水位
2026-08-19T18:00:00+08:00,Asia/Shanghai,MS1104403030000266,(市)罗湖火车站,0.0,0.0,13,13,good,,,深圳市水务局开放平台·积涝点水位
2026-08-19T18:00:00+08:00,Asia/Shanghai,MS1104403030000270,(市)罗湖区委,0.0,0.0,2,2,good,,,深圳市水务局开放平台·积涝点水位
2026-08-19T18:00:00+08:00,Asia/Shanghai,MS1104403030000285,(市)万象城,0.0,0.0,12,12,good,,,深圳市水务局开放平台·积涝点水位
2026-08-19T18:00:00+08:00,Asia/Shanghai,MS110440303000029X,(市)洪湖地铁站D出入口,0.0,0.0,2,2,good,,,深圳市水务局开放平台·积涝点水位
2026-08-19T18:00:00+08:00,Asia/Shanghai,MS1104403030000304,(市)东湖路,0.0,0.0,5,5,good,22.582822583699635,114.1345991945055,深圳市水务局开放平台·积涝点水位
2026-08-19T18:00:00+08:00,Asia/Shanghai,MS1104403030000319,(市)桂园片区,0.0,0.0,13,13,good,,,深圳市水务局开放平台·积涝点水位
2026-08-19T18:00:00+08:00,Asia/Shanghai,MS1104403030000323,(市)晒布路与东门中路交汇处,0.0,0.0,11,11,good,22.551568716163253,114.1183832504732,深圳市水务局开放平台·积涝点水位
2026-08-19T18:00:00+08:00,Asia/Shanghai,MS1104403030000338,(市)东湖公园爱国路与太宁路路口,0.0,0.0,13,13,good,22.563633808974675,114.13329390192719,深圳市水务局开放平台·积涝点水位
2026-08-19T18:00:00+08:00,Asia/Shanghai,MS1104403030000342,(市)文锦渡口岸,0.0,0.0,2,2,good,,,深圳市水务局开放平台·积涝点水位
2026-08-19T18:00:00+08:00,Asia/Shanghai,MS1104403040000543,(市)香梅莲花路口,0.0,0.0,2,2,good,22.559401296538805,114.04793087126708,深圳市水务局开放平台·积涝点水位
2026-08-19T18:00:00+08:00,Asia/Shanghai,MS1104403040000558,(市)信托花园,0.0,0.0,14,14,good,,,深圳市水务局开放平台·积涝点水位
2026-08-19T18:00:00+08:00,Asia/Shanghai,MS1104403040000562,(市)上步红荔路口,0.0,0.0,2,2,good,22.550171284097686,114.05891535550717,深圳市水务局开放平台·积涝点水位
2026-08-19T18:00:00+08:00,Asia/Shanghai,MS1104403040000577,(市)深南皇岗立交桥与皇岗路交汇处,0.0,0.0,13,13,good,22.552167188223326,114.06774281249497,深圳市水务局开放平台·积涝点水位
2026-08-19T18:00:00+08:00,Asia/Shanghai,MS1104403040000581,(市)北环大道与梅林路交汇处,0.0,0.0,2,2,good,22.55966775704351,113.99344633894496,深圳市水务局开放平台·积涝点水位
2026-08-19T18:00:00+08:00,Asia/Shanghai,MS1104403040000596,(市)侨香路香梅社区,0.0,0.0,2,2,good,22.55158384619422,114.00624803762132,深圳市水务局开放平台·积涝点水位
2026-08-19T18:00:00+08:00,Asia/Shanghai,MS1104403040000600,(市)侨香路香安社区,0.0,0.0,2,2,good,22.55158384619422,114.00624803762132,深圳市水务局开放平台·积涝点水位
2026-08-19T18:00:00+08:00,Asia/Shanghai,MS1104403040000615,(市)市民中心,0.0,0.0,2,2,good,,,深圳市水务局开放平台·积涝点水位
2026-08-19T18:00:00+08:00,Asia/Shanghai,MS110440304000062X,(市)民田路深圳证券交易所,0.0,0.0,13,13,good,22.53903429826115,114.04781278730138,深圳市水务局开放平台·积涝点水位
2026-08-19T18:00:00+08:00,Asia/Shanghai,MS1104403040000634,(市)燃气集团股份有限公司梅林 LNG安全应急气化站,0.0,0.0,13,13,good,,,深圳市水务局开放平台·积涝点水位
2026-08-19T18:00:00+08:00,Asia/Shanghai,MS1104403040000649,(市)深南大道车公庙交通枢纽段,0.0,0.0,13,13,good,22.5420797706313,113.9753640727562,深圳市水务局开放平台·积涝点水位
2026-08-19T18:00:00+08:00,Asia/Shanghai,MS1104403050000118,(市)月亮湾大道与前湾三路交叉口,0.0,0.0,2,2,good,22.511993391395155,113.8903078293519,深圳市水务局开放平台·积涝点水位
2026-08-19T18:00:00+08:00,Asia/Shanghai,MS1104403050000122,(市)南山大道深意工业大厦段,0.0,0.0,13,13,good,22.540721694789013,113.9181638130031,深圳市水务局开放平台·积涝点水位
2026-08-19T18:00:00+08:00,Asia/Shanghai,MS1104403050000137,(市)南山大道与登良路交叉口,0.0,0.0,2,2,good,22.540721694789013,113.9181638130031,深圳市水务局开放平台·积涝点水位
2026-08-19T18:00:00+08:00,Asia/Shanghai,MS1104403050000141,(市)南新路北头豪苑,0.0,0.0,2,2,good,22.535707366852186,113.92452459612443,深圳市水务局开放平台·积涝点水位
2026-08-19T18:00:00+08:00,Asia/Shanghai,MS1104403050000156,(市)滨海大道与南山大道交叉口,0.0,0.0,2,2,good,22.579823080041088,114.10123773351275,深圳市水务局开放平台·积涝点水位
2026-08-19T18:00:00+08:00,Asia/Shanghai,MS1104403050000160,(市)桃园路与南新路交叉口,0.0,0.0,2,2,good,22.535395972003414,113.91852837514443,深圳市水务局开放平台·积涝点水位
2026-08-19T18:00:00+08:00,Asia/Shanghai,MS1104403050000175,(市)后海大道与登良路交叉口,0.0,0.0,13,13,good,22.51179221810604,113.92884393579894,深圳市水务局开放平台·积涝点水位
2026-08-19T18:00:00+08:00,Asia/Shanghai,MS110440305000018X,(市)后海大道港湾创业大厦,0.0,0.0,13,13,good,22.51179221810604,113.92884393579894,深圳市水务局开放平台·积涝点水位
2026-08-19T18:00:00+08:00,Asia/Shanghai,MS1104403050000194,(市)深南大道高新园地铁 AD 口,0.0,0.0,12,12,good,22.5420797706313,113.9753640727562,深圳市水务局开放平台·积涝点水位
2026-08-19T18:00:00+08:00,Asia/Shanghai,MS1104403050000209,(市)深圳湾口岸,0.0,0.0,2,2,good,,,深圳市水务局开放平台·积涝点水位
2026-08-19T18:00:00+08:00,Asia/Shanghai,MS1104403050000213,(市)前湾公园地铁站 A 出入口,0.0,0.0,13,13,good,,,深圳市水务局开放平台·积涝点水位
2026-08-19T18:00:00+08:00,Asia/Shanghai,MS1104403050000228,(市)粤海门地铁站 D2 出入口,0.0,0.0,17,17,good,,,深圳市水务局开放平台·积涝点水位
2026-08-19T18:00:00+08:00,Asia/Shanghai,MS1104403050000232,(市)桂庙路地下道路,0.0,0.0,13,13,good,22.52643977555155,113.91686609460196,深圳市水务局开放平台·积涝点水位
2026-08-19T18:00:00+08:00,Asia/Shanghai,MS1104403050000247,(市)国家超级计算深圳中心,0.0,0.0,16,16,good,,,深圳市水务局开放平台·积涝点水位
2026-08-19T18:00:00+08:00,Asia/Shanghai,MS110440306000029X,(市)辛养旧村辛居路,0.0,0.0,2,2,good,,,深圳市水务局开放平台·积涝点水位
2026-08-19T18:00:00+08:00,Asia/Shanghai,MS1104403060000304,(市)山门第三工业区,0.0,0.0,2,2,good,,,深圳市水务局开放平台·积涝点水位
2026-08-19T18:00:00+08:00,Asia/Shanghai,MS1104403060000319,(市)前进一路上川路口,0.0,0.0,13,13,good,22.57118007860348,113.90008995469552,深圳市水务局开放平台·积涝点水位
2026-08-19T18:00:00+08:00,Asia/Shanghai,MS1104403060000323,(市)洪浪北地铁站,0.0,0.0,13,13,good,,,深圳市水务局开放平台·积涝点水位
2026-08-19T18:00:00+08:00,Asia/Shanghai,MS1104403060000338,(市)东风幼儿园,0.0,0.0,2,2,good,,,深圳市水务局开放平台·积涝点水位
2026-08-19T18:00:00+08:00,Asia/Shanghai,MS1104403060000342,(市)海乐41区,0.0,0.0,2,2,good,,,深圳市水务局开放平台·积涝点水位
2026-08-19T18:00:00+08:00,Asia/Shanghai,MS1104403060000357,(市)前进二路,0.0,0.0,2,2,good,22.597482662679273,113.87435005513986,深圳市水务局开放平台·积涝点水位
2026-08-19T18:00:00+08:00,Asia/Shanghai,MS1104403060000361,(市)园岭商场,0.0,0.0,13,13,good,,,深圳市水务局开放平台·积涝点水位
2026-08-19T18:00:00+08:00,Asia/Shanghai,MS1104403060000376,(市)新圳西路万佳商场段,0.0,0.0,3,3,good,22.56349644,113.89998969999999,深圳市水务局开放平台·积涝点水位
2026-08-19T18:00:00+08:00,Asia/Shanghai,MS1104403060000380,(市)北环路与爱群路路口,0.0,0.0,13,13,good,22.79634568700108,114.39897783430258,深圳市水务局开放平台·积涝点水位
2026-08-19T18:00:00+08:00,Asia/Shanghai,MS1104403060000395,(市)宝安区幸福路与恒珠一路,0.0,0.0,2,2,good,,,深圳市水务局开放平台·积涝点水位
2026-08-19T18:00:00+08:00,Asia/Shanghai,MS110440306000040X,(市)宝安区勋业街,0.0,0.0,2,2,good,,,深圳市水务局开放平台·积涝点水位
2026-08-19T18:00:00+08:00,Asia/Shanghai,MS1104403060000414,(市)宝安区福和路西六巷,0.0,0.0,13,13,good,22.75496986065163,113.7975587837876,深圳市水务局开放平台·积涝点水位
2026-08-19T18:00:00+08:00,Asia/Shanghai,MS1104403060000429,(市)民福路与创新路交叉口,0.0,0.0,12,12,good,22.77931941488889,113.82386091368804,深圳市水务局开放平台·积涝点水位
2026-08-19T18:00:00+08:00,Asia/Shanghai,MS1104403060000433,(市)金沙二路与民福路交叉口,0.0,0.0,2,2,good,22.731531574999998,113.800096525,深圳市水务局开放平台·积涝点水位
2026-08-19T18:00:00+08:00,Asia/Shanghai,MS1104403060000448,(市)宝安区沙井西环路正科时代,0.0,0.0,2,2,good,22.658437552805964,113.96411546099013,深圳市水务局开放平台·积涝点水位
2026-08-19T18:00:00+08:00,Asia/Shanghai,MS1104403060000452,(市)宝源路固戍海滨公园,0.0,0.0,13,13,good,22.58668431255461,113.84584894450396,深圳市水务局开放平台·积涝点水位
2026-08-19T18:00:00+08:00,Asia/Shanghai,MS1104403060000467,(市)海雅缤纷城,0.005,0.01,36,36,good,,,深圳市水务局开放平台·积涝点水位
2026-08-19T18:00:00+08:00,Asia/Shanghai,MS1104403060000471,(市)万达广场,0.0,0.0,2,2,good,,,深圳市水务局开放平台·积涝点水位
2026-08-19T18:00:00+08:00,Asia/Shanghai,MS1104403060000486,(市)固戍地铁站 A/F 出入口,0.0,0.0,13,13,good,,,深圳市水务局开放平台·积涝点水位
2026-08-19T18:00:00+08:00,Asia/Shanghai,MS1104403060000490,(市)碧海湾地铁站 B 出入口,0.0,0.0,13,13,good,,,深圳市水务局开放平台·积涝点水位
2026-08-19T18:00:00+08:00,Asia/Shanghai,MS1104403060000505,(市)海天路地下隧道,0.0,0.0,13,13,good,22.549962987088094,113.87889692546018,深圳市水务局开放平台·积涝点水位
2026-08-19T18:00:00+08:00,Asia/Shanghai,MS1104403070000175,(市)龙平西路新秀社区公园,0.0,0.0,2,2,good,22.731009781031894,114.22605984524496,深圳市水务局开放平台·积涝点水位
2026-08-19T18:00:00+08:00,Asia/Shanghai,MS110440307000018X,(市)如意路广发银行奥林支行,0.0,0.0,12,12,good,22.697841456213258,114.19931100734046,深圳市水务局开放平台·积涝点水位
2026-08-19T18:00:00+08:00,Asia/Shanghai,MS1104403070000194,(市)龙翔大道与龙城大道交汇处,0.0,0.0,13,13,good,22.708452173199664,114.22855732448205,深圳市水务局开放平台·积涝点水位
2026-08-19T18:00:00+08:00,Asia/Shanghai,MS1104403070000209,(市)龙城大道与龙平东路交汇处,0.0,0.0,12,12,good,22.734070392016967,114.26268655089929,深圳市水务局开放平台·积涝点水位
2026-08-19T18:00:00+08:00,Asia/Shanghai,MS1104403070000213,(市)龙西中路与盐龙大道交汇处,0.0,0.0,13,13,good,22.75103177856142,114.25588661241065,深圳市水务局开放平台·积涝点水位
2026-08-19T18:00:00+08:00,Asia/Shanghai,MS1104403070000228,(市)爱南路与深汕公路交汇处,0.0,0.0,13,13,good,22.709133830928806,114.31382413715897,深圳市水务局开放平台·积涝点水位
2026-08-19T18:00:00+08:00,Asia/Shanghai,MS1104403070000232,(市)园新路与乐园路交汇处,0.0,0.0,13,13,good,22.714932425,114.3001758,深圳市水务局开放平台·积涝点水位
2026-08-19T18:00:00+08:00,Asia/Shanghai,MS1104403070000247,(市)长深高速四方埔社区,0.0,0.0,2,2,good,22.785453209312927,114.3238491191703,深圳市水务局开放平台·积涝点水位
2026-08-19T18:00:00+08:00,Asia/Shanghai,MS1104403070000251,(市)龙岗区政府,0.0,0.0,13,13,good,,,深圳市水务局开放平台·积涝点水位
2026-08-19T18:00:00+08:00,Asia/Shanghai,MS1104403070000266,(市)五和地铁站H出入口,0.0,0.0,13,13,good,,,深圳市水务局开放平台·积涝点水位
2026-08-19T18:00:00+08:00,Asia/Shanghai,MS1104403070000270,(市)长龙地铁站C2出入口,0.0,0.0,2,2,good,,,深圳市水务局开放平台·积涝点水位
2026-08-19T18:00:00+08:00,Asia/Shanghai,MS1104403070000285,(市)育贤学校、童星幼儿园,0.0,0.0,13,13,good,,,深圳市水务局开放平台·积涝点水位
2026-08-19T18:00:00+08:00,Asia/Shanghai,MS110440307000029X,(市)深圳远东妇产医院,0.0,0.0,8,8,good,,,深圳市水务局开放平台·积涝点水位
2026-08-19T18:00:00+08:00,Asia/Shanghai,MS1104403070000304,(市)英才学校,0.0,0.0,13,13,good,,,深圳市水务局开放平台·积涝点水位
2026-08-19T18:00:00+08:00,Asia/Shanghai,MS1104403070000319,(市)吉榕路桥洞,0.0,0.0,13,13,good,,,深圳市水务局开放平台·积涝点水位
2026-08-19T18:00:00+08:00,Asia/Shanghai,MS1104403070000323,(市)京南路,0.0,0.0,2,2,good,22.602818284523806,114.12130894517196,深圳市水务局开放平台·积涝点水位
2026-08-19T18:00:00+08:00,Asia/Shanghai,MS1104403070000338,(市)布澜路国芬路口,0.0,0.0,3,3,good,22.635311170786817,114.12784150313183,深圳市水务局开放平台·积涝点水位
2026-08-19T18:00:00+08:00,Asia/Shanghai,MS1104403070000342,(市)布吉站（深圳东站）,0.0,0.0,2,2,good,,,深圳市水务局开放平台·积涝点水位
2026-08-19T18:00:00+08:00,Asia/Shanghai,MS1104403080000012,(市)金融路海涛路口片区,0.0,0.0,13,13,good,22.553642038690473,114.22939035281746,深圳市水务局开放平台·积涝点水位
2026-08-19T18:00:00+08:00,Asia/Shanghai,MS1104403080000027,(市)沙头角口岸小区,0.0,0.0,13,13,good,,,深圳市水务局开放平台·积涝点水位
2026-08-19T18:00:00+08:00,Asia/Shanghai,MS1104403080000031,(市)桥东街小区,0.0,0.0,13,13,good,,,深圳市水务局开放平台·积涝点水位
2026-08-19T18:00:00+08:00,Asia/Shanghai,MS1104403090000065,(市)泗黎路凹背社区富坑社区,0.0,0.0,2,2,good,22.753687171367037,114.03385655648283,深圳市水务局开放平台·积涝点水位
2026-08-19T18:00:00+08:00,Asia/Shanghai,MS110440309000007X,(市)银星科技园,0.0,0.0,3,3,good,,,深圳市水务局开放平台·积涝点水位
2026-08-19T18:00:00+08:00,Asia/Shanghai,MS1104403090000084,(市)观光路与福前路交汇处,0.0,0.0,2,2,good,22.733179257314486,114.01274963079653,深圳市水务局开放平台·积涝点水位
2026-08-19T18:00:00+08:00,Asia/Shanghai,MS1104403090000099,(市)三联社区,0.0,0.0,13,13,good,,,深圳市水务局开放平台·积涝点水位
2026-08-19T18:00:00+08:00,Asia/Shanghai,MS1104403090000103,(市)布龙路与五和大道交汇处,0.0,0.0,13,13,good,22.646750702555874,114.02665721385576,深圳市水务局开放平台·积涝点水位
2026-08-19T18:00:00+08:00,Asia/Shanghai,MS1104403090000118,(市)新区大道深圳北站,0.0,0.0,13,13,good,22.624351465560785,114.01682556681699,深圳市水务局开放平台·积涝点水位
2026-08-19T18:00:00+08:00,Asia/Shanghai,MS1104403090000122,(市)龙华壹方成,0.0,0.0,13,13,good,,,深圳市水务局开放平台·积涝点水位
2026-08-19T18:00:00+08:00,Asia/Shanghai,MS1104403090000137,(市)昌茂二路,0.0,0.0,13,13,good,,,深圳市水务局开放平台·积涝点水位
2026-08-19T18:00:00+08:00,Asia/Shanghai,MS1104403090000141,(市)大浪新围街大船坑市场段,0.0,0.0,13,13,good,22.692058934615382,113.9964102346154,深圳市水务局开放平台·积涝点水位
2026-08-19T18:00:00+08:00,Asia/Shanghai,MS1104403100000028,(市)坪山法院门口,0.0,0.0,2,2,good,,,深圳市水务局开放平台·积涝点水位
2026-08-19T18:00:00+08:00,Asia/Shanghai,MS1104403100000032,(市)秀沙路比亚迪厂门前,0.0,0.0,13,13,good,22.767995359829058,114.39900074224022,深圳市水务局开放平台·积涝点水位
2026-08-19T18:00:00+08:00,Asia/Shanghai,MS1104403100000047,(市)群代路金泰航科技,0.01,0.01,65,65,good,,,深圳市水务局开放平台·积涝点水位
2026-08-19T18:00:00+08:00,Asia/Shanghai,MS1104403100000051,(市)三洋湖路三洋湖新区小区,0.0,0.0,13,13,good,,,深圳市水务局开放平台·积涝点水位
2026-08-19T18:00:00+08:00,Asia/Shanghai,MS1104403100000066,(市)文化中心地铁站,0.0,0.0,13,13,good,,,深圳市水务局开放平台·积涝点水位
2026-08-19T18:00:00+08:00,Asia/Shanghai,MS1104403110000597,(市)东长路外环高速长圳入口,0.0,0.0,13,13,good,22.747509018088216,113.91221411091422,深圳市水务局开放平台·积涝点水位
2026-08-19T18:00:00+08:00,Asia/Shanghai,MS1104403110000601,(市)光侨雅苑,0.0,0.0,2,2,good,,,深圳市水务局开放平台·积涝点水位
2026-08-19T18:00:00+08:00,Asia/Shanghai,MS1104403110000616,(市)同观路与汇融路交叉口,0.0,0.0,2,2,good,22.734039598507852,113.91441943299901,深圳市水务局开放平台·积涝点水位
2026-08-19T18:00:00+08:00,Asia/Shanghai,MS1104403110000620,(市)松白路松茂御城段,0.0,0.0,2,2,good,22.731110627923336,113.894856941127,深圳市水务局开放平台·积涝点水位
2026-08-19T18:00:00+08:00,Asia/Shanghai,MS1104403110000635,(市)公常路与环村路交叉口,0.0,0.0,12,12,good,22.826648407959507,113.95688701032125,深圳市水务局开放平台·积涝点水位
2026-08-19T18:00:00+08:00,Asia/Shanghai,MS110440311000064X,(市)光明区高级中学,0.0,0.0,2,2,good,,,深圳市水务局开放平台·积涝点水位
2026-08-19T18:00:00+08:00,Asia/Shanghai,MS1104403120000032,(市)大鹏液化天然气有限公司深圳接收站,0.0,0.0,13,13,good,,,深圳市水务局开放平台·积涝点水位
2026-08-19T19:00:00+08:00,Asia/Shanghai,9281192001,(市)平湖火车隧道口,0.0,0.0,12,12,good,,,深圳市水务局开放平台·积涝点水位
2026-08-19T19:00:00+08:00,Asia/Shanghai,9281192002,(市)新木路广深铁路桥底,0.0,0.0,12,12,good,22.6674177472887,114.13210195018992,深圳市水务局开放平台·积涝点水位
2026-08-19T19:00:00+08:00,Asia/Shanghai,9281192003,(市)新木路新围仔村路口,0.0,0.0,13,13,good,22.6674177472887,114.13210195018992,深圳市水务局开放平台·积涝点水位
2026-08-19T19:00:00+08:00,Asia/Shanghai,9281192004,(市)布李路富民城段,0.0,0.0,13,13,good,22.618912574166664,114.11654044833332,深圳市水务局开放平台·积涝点水位
2026-08-19T19:00:00+08:00,Asia/Shanghai,9281192005,(市)龙博路,0.01,0.01,62,62,good,22.62797037826087,114.10927237391306,深圳市水务局开放平台·积涝点水位
2026-08-19T19:00:00+08:00,Asia/Shanghai,9281192006,(市)五和大道四季花城,0.0,0.0,13,13,good,22.65976725256875,114.05975735653944,深圳市水务局开放平台·积涝点水位
2026-08-19T19:00:00+08:00,Asia/Shanghai,9281192007,(市)沙西小学至南岭万家乐段,0.0,0.0,13,13,good,,,深圳市水务局开放平台·积涝点水位
2026-08-19T19:00:00+08:00,Asia/Shanghai,9281192008,(市)南联第六工业区桥洞,0.0,0.0,13,13,good,,,深圳市水务局开放平台·积涝点水位
2026-08-19T19:00:00+08:00,Asia/Shanghai,9281192009,(市)新坡塘村新坡塘积水点,0.0,0.0,13,13,good,,,深圳市水务局开放平台·积涝点水位
2026-08-19T19:00:00+08:00,Asia/Shanghai,9281192010,(市)安良六村安业路与安居路交汇处,0.0,0.0,13,13,good,,,深圳市水务局开放平台·积涝点水位
2026-08-19T19:00:00+08:00,Asia/Shanghai,9281192011,(市)松元头,0.01,0.01,62,62,good,,,深圳市水务局开放平台·积涝点水位
2026-08-19T19:00:00+08:00,Asia/Shanghai,9281192012,(市)湖南立交,0.0,0.0,11,11,good,,,深圳市水务局开放平台·积涝点水位
2026-08-19T19:00:00+08:00,Asia/Shanghai,9281192013,(市)高背路惠盐高速桥洞积水点,0.0,0.0,13,13,good,,,深圳市水务局开放平台·积涝点水位
2026-08-19T19:00:00+08:00,Asia/Shanghai,9281192014,(市)鹤坑桥洞,0.0,0.0,12,12,good,,,深圳市水务局开放平台·积涝点水位
2026-08-19T19:00:00+08:00,Asia/Shanghai,9281192015,(市)安良社区沿河一路疏港铁路桥洞,0.0,0.0,13,13,good,22.73162335,114.107919,深圳市水务局开放平台·积涝点水位
2026-08-19T19:00:00+08:00,Asia/Shanghai,9281192016,(市)宝荷路中新加油站对面,0.0,0.0,13,13,good,22.694796752516076,114.25970116268519,深圳市水务局开放平台·积涝点水位
2026-08-19T19:00:00+08:00,Asia/Shanghai,9281192017,(市)环观南路与观平路交汇处,0.0,0.0,13,13,good,22.705673908780923,114.07279441765539,深圳市水务局开放平台·积涝点水位
2026-08-19T19:00:00+08:00,Asia/Shanghai,9281192018,(市)龙华大道库坑天桥段,0.0,0.0,13,13,good,22.669745856798677,114.03752701836405,深圳市水务局开放平台·积涝点水位
2026-08-19T19:00:00+08:00,Asia/Shanghai,9281192019,(市)福龙路高铁桥下简上段,0.0,0.0,13,13,good,22.61964472178257,114.00080097044238,深圳市水务局开放平台·积涝点水位
2026-08-19T19:00:00+08:00,Asia/Shanghai,9281192020,(市)工业路壹成中心段,0.0,0.0,13,13,good,22.648754971805,114.02570221318598,深圳市水务局开放平台·积涝点水位
2026-08-19T19:00:00+08:00,Asia/Shanghai,9281192021,(市)东环一路和平路交汇处,0.0,0.0,13,13,good,22.65040479515617,114.03284713758192,深圳市水务局开放平台·积涝点水位
2026-08-19T19:00:00+08:00,Asia/Shanghai,9281192022,(市)龙田社区大水湾,0.0,0.0,13,13,good,,,深圳市水务局开放平台·积涝点水位
2026-08-19T19:00:00+08:00,Asia/Shanghai,9281292001,(市)滨河皇岗立交桥洞,0.0,0.0,15,15,good,,,深圳市水务局开放平台·积涝点水位
2026-08-19T19:00:00+08:00,Asia/Shanghai,9281292002,(市)广深高速桥下滨海大道北侧辅道,0.01,0.01,67,67,good,22.579823080041088,114.10123773351275,深圳市水务局开放平台·积涝点水位
2026-08-19T19:00:00+08:00,Asia/Shanghai,9281292003,(市)福田区竹子林立交下穿通道,0.0,0.0,13,13,good,,,深圳市水务局开放平台·积涝点水位
2026-08-19T19:00:00+08:00,Asia/Shanghai,9281292004,(市)滨河益田立交桥洞,0.0,0.0,12,12,good,,,深圳市水务局开放平台·积涝点水位
2026-08-19T19:00:00+08:00,Asia/Shanghai,9281292005,(市)深南新洲一号立交桥洞,0.0,0.0,13,13,good,,,深圳市水务局开放平台·积涝点水位
2026-08-19T19:00:00+08:00,Asia/Shanghai,9281292006,(市)北环新洲立交东南角辅道,0.0,0.0,13,13,good,,,深圳市水务局开放平台·积涝点水位
2026-08-19T19:00:00+08:00,Asia/Shanghai,9281292007,(市)107国道新安段(裕安加油站),0.0,0.0,12,12,good,22.55254164883845,113.90816500450731,深圳市水务局开放平台·积涝点水位
2026-08-19T19:00:00+08:00,Asia/Shanghai,9281292008,洲石路鹤洲桥底（市）,0.0,0.0,13,13,good,22.651019027149744,113.88061107664711,深圳市水务局开放平台·积涝点水位
2026-08-19T19:00:00+08:00,Asia/Shanghai,9281292009,(市)帝堂路（锦程路以西段）,0.0083,0.01,54,54,good,22.70987723506993,113.7784856087664,深圳市水务局开放平台·积涝点水位
2026-08-19T19:00:00+08:00,Asia/Shanghai,9281292010,(市)上星南路与中心路丽沙花都,0.0,0.0,13,13,good,22.502209013854387,113.93734688972145,深圳市水务局开放平台·积涝点水位
2026-08-19T19:00:00+08:00,Asia/Shanghai,9281292011,(市)外环路广深高速新桥立交,0.0,0.0,9,9,good,22.736379220337216,113.84591188570887,深圳市水务局开放平台·积涝点水位
2026-08-19T19:00:00+08:00,Asia/Shanghai,9281292012,(市)固戍海滨新村文昌阁,0.0,0.0,13,13,good,,,深圳市水务局开放平台·积涝点水位
2026-08-19T19:00:00+08:00,Asia/Shanghai,9281292013,(市)宝安大道固戍地铁站,0.0,0.0,13,13,good,22.64678387472509,113.8417801892837,深圳市水务局开放平台·积涝点水位
2026-08-19T19:00:00+08:00,Asia/Shanghai,9281292014,(市)G107国道南行固戍大门,0.0,0.0,13,13,good,22.55254164883845,113.90816500450731,深圳市水务局开放平台·积涝点水位
2026-08-19T19:00:00+08:00,Asia/Shanghai,9281292015,(市)东环大道松宝大道段,0.0,0.0,13,13,good,,,深圳市水务局开放平台·积涝点水位
2026-08-19T19:00:00+08:00,Asia/Shanghai,9281292016,(市)长凤路龙大高速桥底,0.0,0.0,13,13,good,22.775734215738417,113.91156092305157,深圳市水务局开放平台·积涝点水位
2026-08-19T19:00:00+08:00,Asia/Shanghai,9281292017,(市)圳美同富裕工业区,0.0,0.0,12,12,good,,,深圳市水务局开放平台·积涝点水位
2026-08-19T19:00:00+08:00,Asia/Shanghai,9281292018,(市)根玉路东方大道交汇处,0.0,0.0,13,13,good,22.763216165633853,113.85149341983029,深圳市水务局开放平台·积涝点水位
2026-08-19T19:00:00+08:00,Asia/Shanghai,9281292019,(市)上村社区龙大桥底,0.0,0.0,10,10,good,,,深圳市水务局开放平台·积涝点水位
2026-08-19T19:00:00+08:00,Asia/Shanghai,9281292020,(市)马山头社区上石家路通兴路交汇处,0.0,0.0,13,13,good,22.763999933333334,113.8915635138889,深圳市水务局开放平台·积涝点水位
2026-08-19T19:00:00+08:00,Asia/Shanghai,9281292021,(市)临海大道海关保税区,0.0,0.0,13,13,good,22.53399911521491,113.88871009435005,深圳市水务局开放平台·积涝点水位
2026-08-19T19:00:00+08:00,Asia/Shanghai,9281292022,(市)南山大道南行亿利达村段,0.0,0.0,12,12,good,22.540721694789013,113.9181638130031,深圳市水务局开放平台·积涝点水位
2026-08-19T19:00:00+08:00,Asia/Shanghai,9281292023,(市)东滨路南行华联城市山林花园段,0.0,0.0,13,13,good,22.51106546682151,113.92212734316605,深圳市水务局开放平台·积涝点水位
2026-08-19T19:00:00+08:00,Asia/Shanghai,9281292024,(市)深圳湾东滨路与中心路交叉口,0.0,0.0,12,12,good,22.51106546682151,113.92212734316605,深圳市水务局开放平台·积涝点水位
2026-08-19T19:00:00+08:00,Asia/Shanghai,MS1104403030000228,(市)红岗公园,0.0,0.0,2,2,good,,,深圳市水务局开放平台·积涝点水位
2026-08-19T19:00:00+08:00,Asia/Shanghai,MS1104403030000232,(市)沿河南路文锦路社区,0.0,0.0,15,15,good,22.550252268776845,114.11444108979862,深圳市水务局开放平台·积涝点水位
2026-08-19T19:00:00+08:00,Asia/Shanghai,MS1104403030000247,(市)深南东路黄贝岭,0.0,0.0,13,13,good,22.54661746874732,114.11811396992493,深圳市水务局开放平台·积涝点水位
2026-08-19T19:00:00+08:00,Asia/Shanghai,MS1104403030000251,(市)滨河上步立交桥,0.0,0.0,2,2,good,,,深圳市水务局开放平台·积涝点水位
2026-08-19T19:00:00+08:00,Asia/Shanghai,MS1104403030000266,(市)罗湖火车站,0.0,0.0,13,13,good,,,深圳市水务局开放平台·积涝点水位
2026-08-19T19:00:00+08:00,Asia/Shanghai,MS1104403030000270,(市)罗湖区委,0.0,0.0,2,2,good,,,深圳市水务局开放平台·积涝点水位
2026-08-19T19:00:00+08:00,Asia/Shanghai,MS1104403030000285,(市)万象城,0.0,0.0,13,13,good,,,深圳市水务局开放平台·积涝点水位
2026-08-19T19:00:00+08:00,Asia/Shanghai,MS110440303000029X,(市)洪湖地铁站D出入口,0.0,0.0,2,2,good,,,深圳市水务局开放平台·积涝点水位
2026-08-19T19:00:00+08:00,Asia/Shanghai,MS1104403030000304,(市)东湖路,0.0,0.0,5,5,good,22.582822583699635,114.1345991945055,深圳市水务局开放平台·积涝点水位
2026-08-19T19:00:00+08:00,Asia/Shanghai,MS1104403030000319,(市)桂园片区,0.0,0.0,13,13,good,,,深圳市水务局开放平台·积涝点水位
2026-08-19T19:00:00+08:00,Asia/Shanghai,MS1104403030000323,(市)晒布路与东门中路交汇处,0.0,0.0,13,13,good,22.551568716163253,114.1183832504732,深圳市水务局开放平台·积涝点水位
2026-08-19T19:00:00+08:00,Asia/Shanghai,MS1104403030000338,(市)东湖公园爱国路与太宁路路口,0.0,0.0,13,13,good,22.563633808974675,114.13329390192719,深圳市水务局开放平台·积涝点水位
2026-08-19T19:00:00+08:00,Asia/Shanghai,MS1104403030000342,(市)文锦渡口岸,0.0,0.0,2,2,good,,,深圳市水务局开放平台·积涝点水位
2026-08-19T19:00:00+08:00,Asia/Shanghai,MS1104403040000543,(市)香梅莲花路口,0.0,0.0,2,2,good,22.559401296538805,114.04793087126708,深圳市水务局开放平台·积涝点水位
2026-08-19T19:00:00+08:00,Asia/Shanghai,MS1104403040000558,(市)信托花园,0.0,0.0,14,14,good,,,深圳市水务局开放平台·积涝点水位
2026-08-19T19:00:00+08:00,Asia/Shanghai,MS1104403040000562,(市)上步红荔路口,0.0,0.0,2,2,good,22.550171284097686,114.05891535550717,深圳市水务局开放平台·积涝点水位
2026-08-19T19:00:00+08:00,Asia/Shanghai,MS1104403040000577,(市)深南皇岗立交桥与皇岗路交汇处,0.0,0.0,12,12,good,22.552167188223326,114.06774281249497,深圳市水务局开放平台·积涝点水位
2026-08-19T19:00:00+08:00,Asia/Shanghai,MS1104403040000581,(市)北环大道与梅林路交汇处,0.0,0.0,2,2,good,22.55966775704351,113.99344633894496,深圳市水务局开放平台·积涝点水位
2026-08-19T19:00:00+08:00,Asia/Shanghai,MS1104403040000596,(市)侨香路香梅社区,0.0,0.0,2,2,good,22.55158384619422,114.00624803762132,深圳市水务局开放平台·积涝点水位
2026-08-19T19:00:00+08:00,Asia/Shanghai,MS1104403040000600,(市)侨香路香安社区,0.0,0.0,2,2,good,22.55158384619422,114.00624803762132,深圳市水务局开放平台·积涝点水位
2026-08-19T19:00:00+08:00,Asia/Shanghai,MS1104403040000615,(市)市民中心,0.0,0.0,2,2,good,,,深圳市水务局开放平台·积涝点水位
2026-08-19T19:00:00+08:00,Asia/Shanghai,MS110440304000062X,(市)民田路深圳证券交易所,0.0,0.0,13,13,good,22.53903429826115,114.04781278730138,深圳市水务局开放平台·积涝点水位
2026-08-19T19:00:00+08:00,Asia/Shanghai,MS1104403040000634,(市)燃气集团股份有限公司梅林 LNG安全应急气化站,0.0,0.0,13,13,good,,,深圳市水务局开放平台·积涝点水位
2026-08-19T19:00:00+08:00,Asia/Shanghai,MS1104403040000649,(市)深南大道车公庙交通枢纽段,0.0,0.0,13,13,good,22.5420797706313,113.9753640727562,深圳市水务局开放平台·积涝点水位
2026-08-19T19:00:00+08:00,Asia/Shanghai,MS1104403050000118,(市)月亮湾大道与前湾三路交叉口,0.0,0.0,2,2,good,22.511993391395155,113.8903078293519,深圳市水务局开放平台·积涝点水位
2026-08-19T19:00:00+08:00,Asia/Shanghai,MS1104403050000122,(市)南山大道深意工业大厦段,0.0,0.0,13,13,good,22.540721694789013,113.9181638130031,深圳市水务局开放平台·积涝点水位
2026-08-19T19:00:00+08:00,Asia/Shanghai,MS1104403050000137,(市)南山大道与登良路交叉口,0.0,0.0,2,2,good,22.540721694789013,113.9181638130031,深圳市水务局开放平台·积涝点水位
2026-08-19T19:00:00+08:00,Asia/Shanghai,MS1104403050000141,(市)南新路北头豪苑,0.0,0.0,2,2,good,22.535707366852186,113.92452459612443,深圳市水务局开放平台·积涝点水位
2026-08-19T19:00:00+08:00,Asia/Shanghai,MS1104403050000156,(市)滨海大道与南山大道交叉口,0.0,0.0,2,2,good,22.579823080041088,114.10123773351275,深圳市水务局开放平台·积涝点水位
2026-08-19T19:00:00+08:00,Asia/Shanghai,MS1104403050000160,(市)桃园路与南新路交叉口,0.0,0.0,2,2,good,22.535395972003414,113.91852837514443,深圳市水务局开放平台·积涝点水位
2026-08-19T19:00:00+08:00,Asia/Shanghai,MS1104403050000175,(市)后海大道与登良路交叉口,0.0,0.0,13,13,good,22.51179221810604,113.92884393579894,深圳市水务局开放平台·积涝点水位
2026-08-19T19:00:00+08:00,Asia/Shanghai,MS110440305000018X,(市)后海大道港湾创业大厦,0.0,0.0,13,13,good,22.51179221810604,113.92884393579894,深圳市水务局开放平台·积涝点水位
2026-08-19T19:00:00+08:00,Asia/Shanghai,MS1104403050000194,(市)深南大道高新园地铁 AD 口,0.0,0.0,13,13,good,22.5420797706313,113.9753640727562,深圳市水务局开放平台·积涝点水位
2026-08-19T19:00:00+08:00,Asia/Shanghai,MS1104403050000209,(市)深圳湾口岸,0.0,0.0,2,2,good,,,深圳市水务局开放平台·积涝点水位
2026-08-19T19:00:00+08:00,Asia/Shanghai,MS1104403050000213,(市)前湾公园地铁站 A 出入口,0.0,0.0,13,13,good,,,深圳市水务局开放平台·积涝点水位
2026-08-19T19:00:00+08:00,Asia/Shanghai,MS1104403050000228,(市)粤海门地铁站 D2 出入口,0.0,0.0,12,12,good,,,深圳市水务局开放平台·积涝点水位
2026-08-19T19:00:00+08:00,Asia/Shanghai,MS1104403050000232,(市)桂庙路地下道路,0.0,0.0,13,13,good,22.52643977555155,113.91686609460196,深圳市水务局开放平台·积涝点水位
2026-08-19T19:00:00+08:00,Asia/Shanghai,MS1104403050000247,(市)国家超级计算深圳中心,0.0,0.0,12,12,good,,,深圳市水务局开放平台·积涝点水位
2026-08-19T19:00:00+08:00,Asia/Shanghai,MS110440306000029X,(市)辛养旧村辛居路,0.0,0.0,2,2,good,,,深圳市水务局开放平台·积涝点水位
2026-08-19T19:00:00+08:00,Asia/Shanghai,MS1104403060000304,(市)山门第三工业区,0.0,0.0,2,2,good,,,深圳市水务局开放平台·积涝点水位
2026-08-19T19:00:00+08:00,Asia/Shanghai,MS1104403060000319,(市)前进一路上川路口,0.0,0.0,12,12,good,22.57118007860348,113.90008995469552,深圳市水务局开放平台·积涝点水位
2026-08-19T19:00:00+08:00,Asia/Shanghai,MS1104403060000323,(市)洪浪北地铁站,0.0,0.0,13,13,good,,,深圳市水务局开放平台·积涝点水位
2026-08-19T19:00:00+08:00,Asia/Shanghai,MS1104403060000338,(市)东风幼儿园,0.0,0.0,2,2,good,,,深圳市水务局开放平台·积涝点水位
2026-08-19T19:00:00+08:00,Asia/Shanghai,MS1104403060000342,(市)海乐41区,0.0,0.0,2,2,good,,,深圳市水务局开放平台·积涝点水位
2026-08-19T19:00:00+08:00,Asia/Shanghai,MS1104403060000357,(市)前进二路,0.0,0.0,2,2,good,22.597482662679273,113.87435005513986,深圳市水务局开放平台·积涝点水位
2026-08-19T19:00:00+08:00,Asia/Shanghai,MS1104403060000361,(市)园岭商场,0.0,0.0,13,13,good,,,深圳市水务局开放平台·积涝点水位
2026-08-19T19:00:00+08:00,Asia/Shanghai,MS1104403060000376,(市)新圳西路万佳商场段,0.0,0.0,3,3,good,22.56349644,113.89998969999999,深圳市水务局开放平台·积涝点水位
2026-08-19T19:00:00+08:00,Asia/Shanghai,MS1104403060000380,(市)北环路与爱群路路口,0.0,0.0,12,12,good,22.79634568700108,114.39897783430258,深圳市水务局开放平台·积涝点水位
2026-08-19T19:00:00+08:00,Asia/Shanghai,MS1104403060000395,(市)宝安区幸福路与恒珠一路,0.0,0.0,2,2,good,,,深圳市水务局开放平台·积涝点水位
2026-08-19T19:00:00+08:00,Asia/Shanghai,MS110440306000040X,(市)宝安区勋业街,0.0,0.0,2,2,good,,,深圳市水务局开放平台·积涝点水位
2026-08-19T19:00:00+08:00,Asia/Shanghai,MS1104403060000414,(市)宝安区福和路西六巷,0.0,0.0,12,12,good,22.75496986065163,113.7975587837876,深圳市水务局开放平台·积涝点水位
2026-08-19T19:00:00+08:00,Asia/Shanghai,MS1104403060000429,(市)民福路与创新路交叉口,0.0,0.0,13,13,good,22.77931941488889,113.82386091368804,深圳市水务局开放平台·积涝点水位
2026-08-19T19:00:00+08:00,Asia/Shanghai,MS1104403060000433,(市)金沙二路与民福路交叉口,0.0,0.0,2,2,good,22.731531574999998,113.800096525,深圳市水务局开放平台·积涝点水位
2026-08-19T19:00:00+08:00,Asia/Shanghai,MS1104403060000448,(市)宝安区沙井西环路正科时代,0.0,0.0,2,2,good,22.658437552805964,113.96411546099013,深圳市水务局开放平台·积涝点水位
2026-08-19T19:00:00+08:00,Asia/Shanghai,MS1104403060000452,(市)宝源路固戍海滨公园,0.0,0.0,13,13,good,22.58668431255461,113.84584894450396,深圳市水务局开放平台·积涝点水位
2026-08-19T19:00:00+08:00,Asia/Shanghai,MS1104403060000467,(市)海雅缤纷城,0.0,0.0,10,10,good,,,深圳市水务局开放平台·积涝点水位
2026-08-19T19:00:00+08:00,Asia/Shanghai,MS1104403060000471,(市)万达广场,0.0,0.0,2,2,good,,,深圳市水务局开放平台·积涝点水位
2026-08-19T19:00:00+08:00,Asia/Shanghai,MS1104403060000486,(市)固戍地铁站 A/F 出入口,0.0,0.0,13,13,good,,,深圳市水务局开放平台·积涝点水位
2026-08-19T19:00:00+08:00,Asia/Shanghai,MS1104403060000490,(市)碧海湾地铁站 B 出入口,0.0,0.0,13,13,good,,,深圳市水务局开放平台·积涝点水位
2026-08-19T19:00:00+08:00,Asia/Shanghai,MS1104403060000505,(市)海天路地下隧道,0.0,0.0,13,13,good,22.549962987088094,113.87889692546018,深圳市水务局开放平台·积涝点水位
2026-08-19T19:00:00+08:00,Asia/Shanghai,MS1104403070000175,(市)龙平西路新秀社区公园,0.0,0.0,2,2,good,22.731009781031894,114.22605984524496,深圳市水务局开放平台·积涝点水位
2026-08-19T19:00:00+08:00,Asia/Shanghai,MS110440307000018X,(市)如意路广发银行奥林支行,0.0,0.0,13,13,good,22.697841456213258,114.19931100734046,深圳市水务局开放平台·积涝点水位
2026-08-19T19:00:00+08:00,Asia/Shanghai,MS1104403070000194,(市)龙翔大道与龙城大道交汇处,0.0,0.0,13,13,good,22.708452173199664,114.22855732448205,深圳市水务局开放平台·积涝点水位
2026-08-19T19:00:00+08:00,Asia/Shanghai,MS1104403070000209,(市)龙城大道与龙平东路交汇处,0.0,0.0,13,13,good,22.734070392016967,114.26268655089929,深圳市水务局开放平台·积涝点水位
2026-08-19T19:00:00+08:00,Asia/Shanghai,MS1104403070000213,(市)龙西中路与盐龙大道交汇处,0.0,0.0,12,12,good,22.75103177856142,114.25588661241065,深圳市水务局开放平台·积涝点水位
2026-08-19T19:00:00+08:00,Asia/Shanghai,MS1104403070000228,(市)爱南路与深汕公路交汇处,0.0,0.0,13,13,good,22.709133830928806,114.31382413715897,深圳市水务局开放平台·积涝点水位
2026-08-19T19:00:00+08:00,Asia/Shanghai,MS1104403070000232,(市)园新路与乐园路交汇处,0.0,0.0,13,13,good,22.714932425,114.3001758,深圳市水务局开放平台·积涝点水位
2026-08-19T19:00:00+08:00,Asia/Shanghai,MS1104403070000247,(市)长深高速四方埔社区,0.0,0.0,2,2,good,22.785453209312927,114.3238491191703,深圳市水务局开放平台·积涝点水位
2026-08-19T19:00:00+08:00,Asia/Shanghai,MS1104403070000251,(市)龙岗区政府,0.0,0.0,13,13,good,,,深圳市水务局开放平台·积涝点水位
2026-08-19T19:00:00+08:00,Asia/Shanghai,MS1104403070000266,(市)五和地铁站H出入口,0.0,0.0,13,13,good,,,深圳市水务局开放平台·积涝点水位
2026-08-19T19:00:00+08:00,Asia/Shanghai,MS1104403070000270,(市)长龙地铁站C2出入口,0.0,0.0,2,2,good,,,深圳市水务局开放平台·积涝点水位
2026-08-19T19:00:00+08:00,Asia/Shanghai,MS1104403070000285,(市)育贤学校、童星幼儿园,0.0,0.0,13,13,good,,,深圳市水务局开放平台·积涝点水位
2026-08-19T19:00:00+08:00,Asia/Shanghai,MS110440307000029X,(市)深圳远东妇产医院,0.0,0.0,15,15,good,,,深圳市水务局开放平台·积涝点水位
2026-08-19T19:00:00+08:00,Asia/Shanghai,MS1104403070000304,(市)英才学校,0.0,0.0,13,13,good,,,深圳市水务局开放平台·积涝点水位
2026-08-19T19:00:00+08:00,Asia/Shanghai,MS1104403070000319,(市)吉榕路桥洞,0.0,0.0,13,13,good,,,深圳市水务局开放平台·积涝点水位
2026-08-19T19:00:00+08:00,Asia/Shanghai,MS1104403070000323,(市)京南路,0.0,0.0,2,2,good,22.602818284523806,114.12130894517196,深圳市水务局开放平台·积涝点水位
2026-08-19T19:00:00+08:00,Asia/Shanghai,MS1104403070000338,(市)布澜路国芬路口,0.0,0.0,2,2,good,22.635311170786817,114.12784150313183,深圳市水务局开放平台·积涝点水位
2026-08-19T19:00:00+08:00,Asia/Shanghai,MS1104403070000342,(市)布吉站（深圳东站）,0.0,0.0,2,2,good,,,深圳市水务局开放平台·积涝点水位
2026-08-19T19:00:00+08:00,Asia/Shanghai,MS1104403080000012,(市)金融路海涛路口片区,0.0,0.0,13,13,good,22.553642038690473,114.22939035281746,深圳市水务局开放平台·积涝点水位
2026-08-19T19:00:00+08:00,Asia/Shanghai,MS1104403080000027,(市)沙头角口岸小区,0.0,0.0,13,13,good,,,深圳市水务局开放平台·积涝点水位
2026-08-19T19:00:00+08:00,Asia/Shanghai,MS1104403080000031,(市)桥东街小区,0.0,0.0,13,13,good,,,深圳市水务局开放平台·积涝点水位
2026-08-19T19:00:00+08:00,Asia/Shanghai,MS1104403090000065,(市)泗黎路凹背社区富坑社区,0.0,0.0,2,2,good,22.753687171367037,114.03385655648283,深圳市水务局开放平台·积涝点水位
2026-08-19T19:00:00+08:00,Asia/Shanghai,MS110440309000007X,(市)银星科技园,0.0,0.0,2,2,good,,,深圳市水务局开放平台·积涝点水位
2026-08-19T19:00:00+08:00,Asia/Shanghai,MS1104403090000084,(市)观光路与福前路交汇处,0.0,0.0,2,2,good,22.733179257314486,114.01274963079653,深圳市水务局开放平台·积涝点水位
2026-08-19T19:00:00+08:00,Asia/Shanghai,MS1104403090000099,(市)三联社区,0.0,0.0,13,13,good,,,深圳市水务局开放平台·积涝点水位
2026-08-19T19:00:00+08:00,Asia/Shanghai,MS1104403090000103,(市)布龙路与五和大道交汇处,0.0,0.0,13,13,good,22.646750702555874,114.02665721385576,深圳市水务局开放平台·积涝点水位
2026-08-19T19:00:00+08:00,Asia/Shanghai,MS1104403090000118,(市)新区大道深圳北站,0.0,0.0,13,13,good,22.624351465560785,114.01682556681699,深圳市水务局开放平台·积涝点水位
2026-08-19T19:00:00+08:00,Asia/Shanghai,MS1104403090000122,(市)龙华壹方成,0.0,0.0,13,13,good,,,深圳市水务局开放平台·积涝点水位
2026-08-19T19:00:00+08:00,Asia/Shanghai,MS1104403090000137,(市)昌茂二路,0.0,0.0,14,14,good,,,深圳市水务局开放平台·积涝点水位
2026-08-19T19:00:00+08:00,Asia/Shanghai,MS1104403090000141,(市)大浪新围街大船坑市场段,0.0,0.0,16,16,good,22.692058934615382,113.9964102346154,深圳市水务局开放平台·积涝点水位
2026-08-19T19:00:00+08:00,Asia/Shanghai,MS1104403100000028,(市)坪山法院门口,0.0,0.0,2,2,good,,,深圳市水务局开放平台·积涝点水位
2026-08-19T19:00:00+08:00,Asia/Shanghai,MS1104403100000032,(市)秀沙路比亚迪厂门前,0.0,0.0,13,13,good,22.767995359829058,114.39900074224022,深圳市水务局开放平台·积涝点水位
2026-08-19T19:00:00+08:00,Asia/Shanghai,MS1104403100000047,(市)群代路金泰航科技,0.01,0.01,61,61,good,,,深圳市水务局开放平台·积涝点水位
2026-08-19T19:00:00+08:00,Asia/Shanghai,MS1104403100000051,(市)三洋湖路三洋湖新区小区,0.0,0.0,13,13,good,,,深圳市水务局开放平台·积涝点水位
2026-08-19T19:00:00+08:00,Asia/Shanghai,MS1104403100000066,(市)文化中心地铁站,0.0,0.0,13,13,good,,,深圳市水务局开放平台·积涝点水位
2026-08-19T19:00:00+08:00,Asia/Shanghai,MS1104403110000597,(市)东长路外环高速长圳入口,0.0,0.0,13,13,good,22.747509018088216,113.91221411091422,深圳市水务局开放平台·积涝点水位
2026-08-19T19:00:00+08:00,Asia/Shanghai,MS1104403110000601,(市)光侨雅苑,0.0,0.0,2,2,good,,,深圳市水务局开放平台·积涝点水位
2026-08-19T19:00:00+08:00,Asia/Shanghai,MS1104403110000616,(市)同观路与汇融路交叉口,0.0,0.0,2,2,good,22.734039598507852,113.91441943299901,深圳市水务局开放平台·积涝点水位
2026-08-19T19:00:00+08:00,Asia/Shanghai,MS1104403110000620,(市)松白路松茂御城段,0.0,0.0,2,2,good,22.731110627923336,113.894856941127,深圳市水务局开放平台·积涝点水位
2026-08-19T19:00:00+08:00,Asia/Shanghai,MS1104403110000635,(市)公常路与环村路交叉口,0.0,0.0,13,13,good,22.826648407959507,113.95688701032125,深圳市水务局开放平台·积涝点水位
2026-08-19T19:00:00+08:00,Asia/Shanghai,MS110440311000064X,(市)光明区高级中学,0.0,0.0,2,2,good,,,深圳市水务局开放平台·积涝点水位
2026-08-19T19:00:00+08:00,Asia/Shanghai,MS1104403120000032,(市)大鹏液化天然气有限公司深圳接收站,0.0,0.0,12,12,good,,,深圳市水务局开放平台·积涝点水位
2026-08-19T20:00:00+08:00,Asia/Shanghai,9281192001,(市)平湖火车隧道口,0.0,0.0,13,13,good,,,深圳市水务局开放平台·积涝点水位
2026-08-19T20:00:00+08:00,Asia/Shanghai,9281192002,(市)新木路广深铁路桥底,0.0,0.0,11,11,good,22.6674177472887,114.13210195018992,深圳市水务局开放平台·积涝点水位
2026-08-19T20:00:00+08:00,Asia/Shanghai,9281192003,(市)新木路新围仔村路口,0.0,0.0,13,13,good,22.6674177472887,114.13210195018992,深圳市水务局开放平台·积涝点水位
2026-08-19T20:00:00+08:00,Asia/Shanghai,9281192004,(市)布李路富民城段,0.0,0.0,13,13,good,22.618912574166664,114.11654044833332,深圳市水务局开放平台·积涝点水位
2026-08-19T20:00:00+08:00,Asia/Shanghai,9281192005,(市)龙博路,0.01,0.01,61,61,good,22.62797037826087,114.10927237391306,深圳市水务局开放平台·积涝点水位
2026-08-19T20:00:00+08:00,Asia/Shanghai,9281192006,(市)五和大道四季花城,0.0,0.0,13,13,good,22.65976725256875,114.05975735653944,深圳市水务局开放平台·积涝点水位
2026-08-19T20:00:00+08:00,Asia/Shanghai,9281192007,(市)沙西小学至南岭万家乐段,0.0,0.0,13,13,good,,,深圳市水务局开放平台·积涝点水位
2026-08-19T20:00:00+08:00,Asia/Shanghai,9281192008,(市)南联第六工业区桥洞,0.0,0.0,13,13,good,,,深圳市水务局开放平台·积涝点水位
2026-08-19T20:00:00+08:00,Asia/Shanghai,9281192009,(市)新坡塘村新坡塘积水点,0.0,0.0,13,13,good,,,深圳市水务局开放平台·积涝点水位
2026-08-19T20:00:00+08:00,Asia/Shanghai,9281192010,(市)安良六村安业路与安居路交汇处,0.0,0.0,13,13,good,,,深圳市水务局开放平台·积涝点水位
2026-08-19T20:00:00+08:00,Asia/Shanghai,9281192011,(市)松元头,0.01,0.01,64,64,good,,,深圳市水务局开放平台·积涝点水位
2026-08-19T20:00:00+08:00,Asia/Shanghai,9281192012,(市)湖南立交,0.0,0.0,12,12,good,,,深圳市水务局开放平台·积涝点水位
2026-08-19T20:00:00+08:00,Asia/Shanghai,9281192013,(市)高背路惠盐高速桥洞积水点,0.0,0.0,12,12,good,,,深圳市水务局开放平台·积涝点水位
2026-08-19T20:00:00+08:00,Asia/Shanghai,9281192014,(市)鹤坑桥洞,0.0,0.0,12,12,good,,,深圳市水务局开放平台·积涝点水位
2026-08-19T20:00:00+08:00,Asia/Shanghai,9281192015,(市)安良社区沿河一路疏港铁路桥洞,0.0,0.0,13,13,good,22.73162335,114.107919,深圳市水务局开放平台·积涝点水位
2026-08-19T20:00:00+08:00,Asia/Shanghai,9281192016,(市)宝荷路中新加油站对面,0.0,0.0,13,13,good,22.694796752516076,114.25970116268519,深圳市水务局开放平台·积涝点水位
2026-08-19T20:00:00+08:00,Asia/Shanghai,9281192017,(市)环观南路与观平路交汇处,0.0,0.0,13,13,good,22.705673908780923,114.07279441765539,深圳市水务局开放平台·积涝点水位
2026-08-19T20:00:00+08:00,Asia/Shanghai,9281192018,(市)龙华大道库坑天桥段,0.0,0.0,13,13,good,22.669745856798677,114.03752701836405,深圳市水务局开放平台·积涝点水位
2026-08-19T20:00:00+08:00,Asia/Shanghai,9281192019,(市)福龙路高铁桥下简上段,0.0,0.0,13,13,good,22.61964472178257,114.00080097044238,深圳市水务局开放平台·积涝点水位
2026-08-19T20:00:00+08:00,Asia/Shanghai,9281192020,(市)工业路壹成中心段,0.0,0.0,15,15,good,22.648754971805,114.02570221318598,深圳市水务局开放平台·积涝点水位
2026-08-19T20:00:00+08:00,Asia/Shanghai,9281192021,(市)东环一路和平路交汇处,0.0,0.0,13,13,good,22.65040479515617,114.03284713758192,深圳市水务局开放平台·积涝点水位
2026-08-19T20:00:00+08:00,Asia/Shanghai,9281192022,(市)龙田社区大水湾,0.0,0.0,13,13,good,,,深圳市水务局开放平台·积涝点水位
2026-08-19T20:00:00+08:00,Asia/Shanghai,9281292001,(市)滨河皇岗立交桥洞,0.0,0.0,18,18,good,,,深圳市水务局开放平台·积涝点水位
2026-08-19T20:00:00+08:00,Asia/Shanghai,9281292002,(市)广深高速桥下滨海大道北侧辅道,0.01,0.01,64,64,good,22.579823080041088,114.10123773351275,深圳市水务局开放平台·积涝点水位
2026-08-19T20:00:00+08:00,Asia/Shanghai,9281292003,(市)福田区竹子林立交下穿通道,0.0,0.0,13,13,good,,,深圳市水务局开放平台·积涝点水位
2026-08-19T20:00:00+08:00,Asia/Shanghai,9281292004,(市)滨河益田立交桥洞,0.0,0.0,12,12,good,,,深圳市水务局开放平台·积涝点水位
2026-08-19T20:00:00+08:00,Asia/Shanghai,9281292005,(市)深南新洲一号立交桥洞,0.0,0.0,13,13,good,,,深圳市水务局开放平台·积涝点水位
2026-08-19T20:00:00+08:00,Asia/Shanghai,9281292006,(市)北环新洲立交东南角辅道,0.0,0.0,13,13,good,,,深圳市水务局开放平台·积涝点水位
2026-08-19T20:00:00+08:00,Asia/Shanghai,9281292007,(市)107国道新安段(裕安加油站),0.0,0.0,12,12,good,22.55254164883845,113.90816500450731,深圳市水务局开放平台·积涝点水位
2026-08-19T20:00:00+08:00,Asia/Shanghai,9281292008,洲石路鹤洲桥底（市）,0.0,0.0,13,13,good,22.651019027149744,113.88061107664711,深圳市水务局开放平台·积涝点水位
2026-08-19T20:00:00+08:00,Asia/Shanghai,9281292009,(市)帝堂路（锦程路以西段）,0.01,0.01,60,60,good,22.70987723506993,113.7784856087664,深圳市水务局开放平台·积涝点水位
2026-08-19T20:00:00+08:00,Asia/Shanghai,9281292010,(市)上星南路与中心路丽沙花都,0.0,0.0,13,13,good,22.502209013854387,113.93734688972145,深圳市水务局开放平台·积涝点水位
2026-08-19T20:00:00+08:00,Asia/Shanghai,9281292012,(市)固戍海滨新村文昌阁,0.0,0.0,12,12,good,,,深圳市水务局开放平台·积涝点水位
2026-08-19T20:00:00+08:00,Asia/Shanghai,9281292013,(市)宝安大道固戍地铁站,0.0,0.0,13,13,good,22.64678387472509,113.8417801892837,深圳市水务局开放平台·积涝点水位
2026-08-19T20:00:00+08:00,Asia/Shanghai,9281292014,(市)G107国道南行固戍大门,0.0,0.0,13,13,good,22.55254164883845,113.90816500450731,深圳市水务局开放平台·积涝点水位
2026-08-19T20:00:00+08:00,Asia/Shanghai,9281292015,(市)东环大道松宝大道段,0.0,0.0,13,13,good,,,深圳市水务局开放平台·积涝点水位
2026-08-19T20:00:00+08:00,Asia/Shanghai,9281292016,(市)长凤路龙大高速桥底,0.0,0.0,13,13,good,22.775734215738417,113.91156092305157,深圳市水务局开放平台·积涝点水位
2026-08-19T20:00:00+08:00,Asia/Shanghai,9281292017,(市)圳美同富裕工业区,0.0,0.0,13,13,good,,,深圳市水务局开放平台·积涝点水位
2026-08-19T20:00:00+08:00,Asia/Shanghai,9281292018,(市)根玉路东方大道交汇处,0.0,0.0,12,12,good,22.763216165633853,113.85149341983029,深圳市水务局开放平台·积涝点水位
2026-08-19T20:00:00+08:00,Asia/Shanghai,9281292019,(市)上村社区龙大桥底,0.0,0.0,12,12,good,,,深圳市水务局开放平台·积涝点水位
2026-08-19T20:00:00+08:00,Asia/Shanghai,9281292020,(市)马山头社区上石家路通兴路交汇处,0.0,0.0,16,16,good,22.763999933333334,113.8915635138889,深圳市水务局开放平台·积涝点水位
2026-08-19T20:00:00+08:00,Asia/Shanghai,9281292021,(市)临海大道海关保税区,0.0,0.0,13,13,good,22.53399911521491,113.88871009435005,深圳市水务局开放平台·积涝点水位
2026-08-19T20:00:00+08:00,Asia/Shanghai,9281292022,(市)南山大道南行亿利达村段,0.0,0.0,12,12,good,22.540721694789013,113.9181638130031,深圳市水务局开放平台·积涝点水位
2026-08-19T20:00:00+08:00,Asia/Shanghai,9281292023,(市)东滨路南行华联城市山林花园段,0.0,0.0,13,13,good,22.51106546682151,113.92212734316605,深圳市水务局开放平台·积涝点水位
2026-08-19T20:00:00+08:00,Asia/Shanghai,9281292024,(市)深圳湾东滨路与中心路交叉口,0.0,0.0,13,13,good,22.51106546682151,113.92212734316605,深圳市水务局开放平台·积涝点水位
2026-08-19T20:00:00+08:00,Asia/Shanghai,MS1104403030000228,(市)红岗公园,0.0,0.0,2,2,good,,,深圳市水务局开放平台·积涝点水位
2026-08-19T20:00:00+08:00,Asia/Shanghai,MS1104403030000232,(市)沿河南路文锦路社区,0.0,0.0,17,17,good,22.550252268776845,114.11444108979862,深圳市水务局开放平台·积涝点水位
2026-08-19T20:00:00+08:00,Asia/Shanghai,MS1104403030000247,(市)深南东路黄贝岭,0.0,0.0,13,13,good,22.54661746874732,114.11811396992493,深圳市水务局开放平台·积涝点水位
2026-08-19T20:00:00+08:00,Asia/Shanghai,MS1104403030000251,(市)滨河上步立交桥,0.0,0.0,2,2,good,,,深圳市水务局开放平台·积涝点水位
2026-08-19T20:00:00+08:00,Asia/Shanghai,MS1104403030000266,(市)罗湖火车站,0.0,0.0,13,13,good,,,深圳市水务局开放平台·积涝点水位
2026-08-19T20:00:00+08:00,Asia/Shanghai,MS1104403030000270,(市)罗湖区委,0.0,0.0,2,2,good,,,深圳市水务局开放平台·积涝点水位
2026-08-19T20:00:00+08:00,Asia/Shanghai,MS1104403030000285,(市)万象城,0.0,0.0,12,12,good,,,深圳市水务局开放平台·积涝点水位
2026-08-19T20:00:00+08:00,Asia/Shanghai,MS110440303000029X,(市)洪湖地铁站D出入口,0.0,0.0,2,2,good,,,深圳市水务局开放平台·积涝点水位
2026-08-19T20:00:00+08:00,Asia/Shanghai,MS1104403030000304,(市)东湖路,0.0,0.0,5,5,good,22.582822583699635,114.1345991945055,深圳市水务局开放平台·积涝点水位
2026-08-19T20:00:00+08:00,Asia/Shanghai,MS1104403030000319,(市)桂园片区,0.0,0.0,12,12,good,,,深圳市水务局开放平台·积涝点水位
2026-08-19T20:00:00+08:00,Asia/Shanghai,MS1104403030000323,(市)晒布路与东门中路交汇处,0.0,0.0,20,20,good,22.551568716163253,114.1183832504732,深圳市水务局开放平台·积涝点水位
2026-08-19T20:00:00+08:00,Asia/Shanghai,MS1104403030000338,(市)东湖公园爱国路与太宁路路口,0.0,0.0,12,12,good,22.563633808974675,114.13329390192719,深圳市水务局开放平台·积涝点水位
2026-08-19T20:00:00+08:00,Asia/Shanghai,MS1104403030000342,(市)文锦渡口岸,0.0,0.0,2,2,good,,,深圳市水务局开放平台·积涝点水位
2026-08-19T20:00:00+08:00,Asia/Shanghai,MS1104403040000543,(市)香梅莲花路口,0.0,0.0,2,2,good,22.559401296538805,114.04793087126708,深圳市水务局开放平台·积涝点水位
2026-08-19T20:00:00+08:00,Asia/Shanghai,MS1104403040000558,(市)信托花园,0.0,0.0,16,16,good,,,深圳市水务局开放平台·积涝点水位
2026-08-19T20:00:00+08:00,Asia/Shanghai,MS1104403040000562,(市)上步红荔路口,0.0,0.0,2,2,good,22.550171284097686,114.05891535550717,深圳市水务局开放平台·积涝点水位
2026-08-19T20:00:00+08:00,Asia/Shanghai,MS1104403040000577,(市)深南皇岗立交桥与皇岗路交汇处,0.0,0.0,13,13,good,22.552167188223326,114.06774281249497,深圳市水务局开放平台·积涝点水位
2026-08-19T20:00:00+08:00,Asia/Shanghai,MS1104403040000581,(市)北环大道与梅林路交汇处,0.0,0.0,2,2,good,22.55966775704351,113.99344633894496,深圳市水务局开放平台·积涝点水位
2026-08-19T20:00:00+08:00,Asia/Shanghai,MS1104403040000596,(市)侨香路香梅社区,0.0,0.0,2,2,good,22.55158384619422,114.00624803762132,深圳市水务局开放平台·积涝点水位
2026-08-19T20:00:00+08:00,Asia/Shanghai,MS1104403040000600,(市)侨香路香安社区,0.0,0.0,2,2,good,22.55158384619422,114.00624803762132,深圳市水务局开放平台·积涝点水位
2026-08-19T20:00:00+08:00,Asia/Shanghai,MS1104403040000615,(市)市民中心,0.0,0.0,2,2,good,,,深圳市水务局开放平台·积涝点水位
2026-08-19T20:00:00+08:00,Asia/Shanghai,MS110440304000062X,(市)民田路深圳证券交易所,0.0,0.0,13,13,good,22.53903429826115,114.04781278730138,深圳市水务局开放平台·积涝点水位
2026-08-19T20:00:00+08:00,Asia/Shanghai,MS1104403040000634,(市)燃气集团股份有限公司梅林 LNG安全应急气化站,0.0,0.0,13,13,good,,,深圳市水务局开放平台·积涝点水位
2026-08-19T20:00:00+08:00,Asia/Shanghai,MS1104403040000649,(市)深南大道车公庙交通枢纽段,0.0,0.0,13,13,good,22.5420797706313,113.9753640727562,深圳市水务局开放平台·积涝点水位
2026-08-19T20:00:00+08:00,Asia/Shanghai,MS1104403050000118,(市)月亮湾大道与前湾三路交叉口,0.0,0.0,2,2,good,22.511993391395155,113.8903078293519,深圳市水务局开放平台·积涝点水位
2026-08-19T20:00:00+08:00,Asia/Shanghai,MS1104403050000122,(市)南山大道深意工业大厦段,0.0,0.0,13,13,good,22.540721694789013,113.9181638130031,深圳市水务局开放平台·积涝点水位
2026-08-19T20:00:00+08:00,Asia/Shanghai,MS1104403050000137,(市)南山大道与登良路交叉口,0.0,0.0,2,2,good,22.540721694789013,113.9181638130031,深圳市水务局开放平台·积涝点水位
2026-08-19T20:00:00+08:00,Asia/Shanghai,MS1104403050000141,(市)南新路北头豪苑,0.0,0.0,2,2,good,22.535707366852186,113.92452459612443,深圳市水务局开放平台·积涝点水位
2026-08-19T20:00:00+08:00,Asia/Shanghai,MS1104403050000156,(市)滨海大道与南山大道交叉口,0.0,0.0,2,2,good,22.579823080041088,114.10123773351275,深圳市水务局开放平台·积涝点水位
2026-08-19T20:00:00+08:00,Asia/Shanghai,MS1104403050000160,(市)桃园路与南新路交叉口,0.0,0.0,2,2,good,22.535395972003414,113.91852837514443,深圳市水务局开放平台·积涝点水位
2026-08-19T20:00:00+08:00,Asia/Shanghai,MS1104403050000175,(市)后海大道与登良路交叉口,0.0,0.0,13,13,good,22.51179221810604,113.92884393579894,深圳市水务局开放平台·积涝点水位
2026-08-19T20:00:00+08:00,Asia/Shanghai,MS110440305000018X,(市)后海大道港湾创业大厦,0.0,0.0,12,12,good,22.51179221810604,113.92884393579894,深圳市水务局开放平台·积涝点水位
2026-08-19T20:00:00+08:00,Asia/Shanghai,MS1104403050000194,(市)深南大道高新园地铁 AD 口,0.0,0.0,12,12,good,22.5420797706313,113.9753640727562,深圳市水务局开放平台·积涝点水位
2026-08-19T20:00:00+08:00,Asia/Shanghai,MS1104403050000209,(市)深圳湾口岸,0.0,0.0,2,2,good,,,深圳市水务局开放平台·积涝点水位
2026-08-19T20:00:00+08:00,Asia/Shanghai,MS1104403050000213,(市)前湾公园地铁站 A 出入口,0.0,0.0,18,18,good,,,深圳市水务局开放平台·积涝点水位
2026-08-19T20:00:00+08:00,Asia/Shanghai,MS1104403050000228,(市)粤海门地铁站 D2 出入口,0.0,0.0,13,13,good,,,深圳市水务局开放平台·积涝点水位
2026-08-19T20:00:00+08:00,Asia/Shanghai,MS1104403050000232,(市)桂庙路地下道路,0.0,0.0,13,13,good,22.52643977555155,113.91686609460196,深圳市水务局开放平台·积涝点水位
2026-08-19T20:00:00+08:00,Asia/Shanghai,MS1104403050000247,(市)国家超级计算深圳中心,0.0,0.0,15,15,good,,,深圳市水务局开放平台·积涝点水位
2026-08-19T20:00:00+08:00,Asia/Shanghai,MS110440306000029X,(市)辛养旧村辛居路,0.0,0.0,2,2,good,,,深圳市水务局开放平台·积涝点水位
2026-08-19T20:00:00+08:00,Asia/Shanghai,MS1104403060000304,(市)山门第三工业区,0.0,0.0,2,2,good,,,深圳市水务局开放平台·积涝点水位
2026-08-19T20:00:00+08:00,Asia/Shanghai,MS1104403060000319,(市)前进一路上川路口,0.0,0.0,13,13,good,22.57118007860348,113.90008995469552,深圳市水务局开放平台·积涝点水位
2026-08-19T20:00:00+08:00,Asia/Shanghai,MS1104403060000323,(市)洪浪北地铁站,0.0,0.0,13,13,good,,,深圳市水务局开放平台·积涝点水位
2026-08-19T20:00:00+08:00,Asia/Shanghai,MS1104403060000338,(市)东风幼儿园,0.0,0.0,2,2,good,,,深圳市水务局开放平台·积涝点水位
2026-08-19T20:00:00+08:00,Asia/Shanghai,MS1104403060000342,(市)海乐41区,0.0,0.0,2,2,good,,,深圳市水务局开放平台·积涝点水位
2026-08-19T20:00:00+08:00,Asia/Shanghai,MS1104403060000357,(市)前进二路,0.0,0.0,2,2,good,22.597482662679273,113.87435005513986,深圳市水务局开放平台·积涝点水位
2026-08-19T20:00:00+08:00,Asia/Shanghai,MS1104403060000361,(市)园岭商场,0.0,0.0,13,13,good,,,深圳市水务局开放平台·积涝点水位
2026-08-19T20:00:00+08:00,Asia/Shanghai,MS1104403060000376,(市)新圳西路万佳商场段,0.0,0.0,4,4,good,22.56349644,113.89998969999999,深圳市水务局开放平台·积涝点水位
2026-08-19T20:00:00+08:00,Asia/Shanghai,MS1104403060000380,(市)北环路与爱群路路口,0.0,0.0,13,13,good,22.79634568700108,114.39897783430258,深圳市水务局开放平台·积涝点水位
2026-08-19T20:00:00+08:00,Asia/Shanghai,MS1104403060000395,(市)宝安区幸福路与恒珠一路,0.0,0.0,2,2,good,,,深圳市水务局开放平台·积涝点水位
2026-08-19T20:00:00+08:00,Asia/Shanghai,MS110440306000040X,(市)宝安区勋业街,0.0,0.0,2,2,good,,,深圳市水务局开放平台·积涝点水位
2026-08-19T20:00:00+08:00,Asia/Shanghai,MS1104403060000414,(市)宝安区福和路西六巷,0.0,0.0,13,13,good,22.75496986065163,113.7975587837876,深圳市水务局开放平台·积涝点水位
2026-08-19T20:00:00+08:00,Asia/Shanghai,MS1104403060000429,(市)民福路与创新路交叉口,0.0,0.0,13,13,good,22.77931941488889,113.82386091368804,深圳市水务局开放平台·积涝点水位
2026-08-19T20:00:00+08:00,Asia/Shanghai,MS1104403060000433,(市)金沙二路与民福路交叉口,0.0,0.0,2,2,good,22.731531574999998,113.800096525,深圳市水务局开放平台·积涝点水位
2026-08-19T20:00:00+08:00,Asia/Shanghai,MS1104403060000448,(市)宝安区沙井西环路正科时代,0.0,0.0,2,2,good,22.658437552805964,113.96411546099013,深圳市水务局开放平台·积涝点水位
2026-08-19T20:00:00+08:00,Asia/Shanghai,MS1104403060000452,(市)宝源路固戍海滨公园,0.0,0.0,13,13,good,22.58668431255461,113.84584894450396,深圳市水务局开放平台·积涝点水位
2026-08-19T20:00:00+08:00,Asia/Shanghai,MS1104403060000467,(市)海雅缤纷城,0.0,0.0,13,13,good,,,深圳市水务局开放平台·积涝点水位
2026-08-19T20:00:00+08:00,Asia/Shanghai,MS1104403060000471,(市)万达广场,0.0,0.0,2,2,good,,,深圳市水务局开放平台·积涝点水位
2026-08-19T20:00:00+08:00,Asia/Shanghai,MS1104403060000486,(市)固戍地铁站 A/F 出入口,0.0,0.0,13,13,good,,,深圳市水务局开放平台·积涝点水位
2026-08-19T20:00:00+08:00,Asia/Shanghai,MS1104403060000490,(市)碧海湾地铁站 B 出入口,0.0,0.0,13,13,good,,,深圳市水务局开放平台·积涝点水位
2026-08-19T20:00:00+08:00,Asia/Shanghai,MS1104403060000505,(市)海天路地下隧道,0.0,0.0,13,13,good,22.549962987088094,113.87889692546018,深圳市水务局开放平台·积涝点水位
2026-08-19T20:00:00+08:00,Asia/Shanghai,MS1104403070000175,(市)龙平西路新秀社区公园,0.0,0.0,2,2,good,22.731009781031894,114.22605984524496,深圳市水务局开放平台·积涝点水位
2026-08-19T20:00:00+08:00,Asia/Shanghai,MS110440307000018X,(市)如意路广发银行奥林支行,0.0,0.0,13,13,good,22.697841456213258,114.19931100734046,深圳市水务局开放平台·积涝点水位
2026-08-19T20:00:00+08:00,Asia/Shanghai,MS1104403070000194,(市)龙翔大道与龙城大道交汇处,0.0,0.0,13,13,good,22.708452173199664,114.22855732448205,深圳市水务局开放平台·积涝点水位
2026-08-19T20:00:00+08:00,Asia/Shanghai,MS1104403070000209,(市)龙城大道与龙平东路交汇处,0.0,0.0,13,13,good,22.734070392016967,114.26268655089929,深圳市水务局开放平台·积涝点水位
2026-08-19T20:00:00+08:00,Asia/Shanghai,MS1104403070000213,(市)龙西中路与盐龙大道交汇处,0.0,0.0,13,13,good,22.75103177856142,114.25588661241065,深圳市水务局开放平台·积涝点水位
2026-08-19T20:00:00+08:00,Asia/Shanghai,MS1104403070000228,(市)爱南路与深汕公路交汇处,0.0,0.0,13,13,good,22.709133830928806,114.31382413715897,深圳市水务局开放平台·积涝点水位
2026-08-19T20:00:00+08:00,Asia/Shanghai,MS1104403070000232,(市)园新路与乐园路交汇处,0.0,0.0,12,12,good,22.714932425,114.3001758,深圳市水务局开放平台·积涝点水位
2026-08-19T20:00:00+08:00,Asia/Shanghai,MS1104403070000247,(市)长深高速四方埔社区,0.0,0.0,2,2,good,22.785453209312927,114.3238491191703,深圳市水务局开放平台·积涝点水位
2026-08-19T20:00:00+08:00,Asia/Shanghai,MS1104403070000251,(市)龙岗区政府,0.0,0.0,12,12,good,,,深圳市水务局开放平台·积涝点水位
2026-08-19T20:00:00+08:00,Asia/Shanghai,MS1104403070000266,(市)五和地铁站H出入口,0.0,0.0,13,13,good,,,深圳市水务局开放平台·积涝点水位
2026-08-19T20:00:00+08:00,Asia/Shanghai,MS1104403070000270,(市)长龙地铁站C2出入口,0.0,0.0,2,2,good,,,深圳市水务局开放平台·积涝点水位
2026-08-19T20:00:00+08:00,Asia/Shanghai,MS1104403070000285,(市)育贤学校、童星幼儿园,0.0,0.0,12,12,good,,,深圳市水务局开放平台·积涝点水位
2026-08-19T20:00:00+08:00,Asia/Shanghai,MS110440307000029X,(市)深圳远东妇产医院,0.0,0.0,16,16,good,,,深圳市水务局开放平台·积涝点水位
2026-08-19T20:00:00+08:00,Asia/Shanghai,MS1104403070000304,(市)英才学校,0.0,0.0,13,13,good,,,深圳市水务局开放平台·积涝点水位
2026-08-19T20:00:00+08:00,Asia/Shanghai,MS1104403070000319,(市)吉榕路桥洞,0.0,0.0,13,13,good,,,深圳市水务局开放平台·积涝点水位
2026-08-19T20:00:00+08:00,Asia/Shanghai,MS1104403070000323,(市)京南路,0.0,0.0,2,2,good,22.602818284523806,114.12130894517196,深圳市水务局开放平台·积涝点水位
2026-08-19T20:00:00+08:00,Asia/Shanghai,MS1104403070000338,(市)布澜路国芬路口,0.0,0.0,2,2,good,22.635311170786817,114.12784150313183,深圳市水务局开放平台·积涝点水位
2026-08-19T20:00:00+08:00,Asia/Shanghai,MS1104403070000342,(市)布吉站（深圳东站）,0.0,0.0,2,2,good,,,深圳市水务局开放平台·积涝点水位
2026-08-19T20:00:00+08:00,Asia/Shanghai,MS1104403080000012,(市)金融路海涛路口片区,0.0,0.0,13,13,good,22.553642038690473,114.22939035281746,深圳市水务局开放平台·积涝点水位
2026-08-19T20:00:00+08:00,Asia/Shanghai,MS1104403080000027,(市)沙头角口岸小区,0.0,0.0,13,13,good,,,深圳市水务局开放平台·积涝点水位
2026-08-19T20:00:00+08:00,Asia/Shanghai,MS1104403080000031,(市)桥东街小区,0.0,0.0,13,13,good,,,深圳市水务局开放平台·积涝点水位
2026-08-19T20:00:00+08:00,Asia/Shanghai,MS1104403090000065,(市)泗黎路凹背社区富坑社区,0.0,0.0,2,2,good,22.753687171367037,114.03385655648283,深圳市水务局开放平台·积涝点水位
2026-08-19T20:00:00+08:00,Asia/Shanghai,MS110440309000007X,(市)银星科技园,0.0,0.0,4,4,good,,,深圳市水务局开放平台·积涝点水位
2026-08-19T20:00:00+08:00,Asia/Shanghai,MS1104403090000084,(市)观光路与福前路交汇处,0.0,0.0,2,2,good,22.733179257314486,114.01274963079653,深圳市水务局开放平台·积涝点水位
2026-08-19T20:00:00+08:00,Asia/Shanghai,MS1104403090000099,(市)三联社区,0.0,0.0,13,13,good,,,深圳市水务局开放平台·积涝点水位
2026-08-19T20:00:00+08:00,Asia/Shanghai,MS1104403090000103,(市)布龙路与五和大道交汇处,0.0,0.0,13,13,good,22.646750702555874,114.02665721385576,深圳市水务局开放平台·积涝点水位
2026-08-19T20:00:00+08:00,Asia/Shanghai,MS1104403090000118,(市)新区大道深圳北站,0.0,0.0,13,13,good,22.624351465560785,114.01682556681699,深圳市水务局开放平台·积涝点水位
2026-08-19T20:00:00+08:00,Asia/Shanghai,MS1104403090000122,(市)龙华壹方成,0.0,0.0,14,14,good,,,深圳市水务局开放平台·积涝点水位
2026-08-19T20:00:00+08:00,Asia/Shanghai,MS1104403090000137,(市)昌茂二路,0.0,0.0,13,13,good,,,深圳市水务局开放平台·积涝点水位
2026-08-19T20:00:00+08:00,Asia/Shanghai,MS1104403090000141,(市)大浪新围街大船坑市场段,0.0,0.0,10,10,good,22.692058934615382,113.9964102346154,深圳市水务局开放平台·积涝点水位
2026-08-19T20:00:00+08:00,Asia/Shanghai,MS1104403100000028,(市)坪山法院门口,0.0,0.0,2,2,good,,,深圳市水务局开放平台·积涝点水位
2026-08-19T20:00:00+08:00,Asia/Shanghai,MS1104403100000032,(市)秀沙路比亚迪厂门前,0.0,0.0,13,13,good,22.767995359829058,114.39900074224022,深圳市水务局开放平台·积涝点水位
2026-08-19T20:00:00+08:00,Asia/Shanghai,MS1104403100000047,(市)群代路金泰航科技,0.01,0.01,62,62,good,,,深圳市水务局开放平台·积涝点水位
2026-08-19T20:00:00+08:00,Asia/Shanghai,MS1104403100000051,(市)三洋湖路三洋湖新区小区,0.0,0.0,13,13,good,,,深圳市水务局开放平台·积涝点水位
2026-08-19T20:00:00+08:00,Asia/Shanghai,MS1104403100000066,(市)文化中心地铁站,0.0,0.0,13,13,good,,,深圳市水务局开放平台·积涝点水位
2026-08-19T20:00:00+08:00,Asia/Shanghai,MS1104403110000597,(市)东长路外环高速长圳入口,0.0,0.0,12,12,good,22.747509018088216,113.91221411091422,深圳市水务局开放平台·积涝点水位
2026-08-19T20:00:00+08:00,Asia/Shanghai,MS1104403110000601,(市)光侨雅苑,0.0,0.0,2,2,good,,,深圳市水务局开放平台·积涝点水位
2026-08-19T20:00:00+08:00,Asia/Shanghai,MS1104403110000616,(市)同观路与汇融路交叉口,0.0,0.0,2,2,good,22.734039598507852,113.91441943299901,深圳市水务局开放平台·积涝点水位
2026-08-19T20:00:00+08:00,Asia/Shanghai,MS1104403110000620,(市)松白路松茂御城段,0.0,0.0,2,2,good,22.731110627923336,113.894856941127,深圳市水务局开放平台·积涝点水位
2026-08-19T20:00:00+08:00,Asia/Shanghai,MS1104403110000635,(市)公常路与环村路交叉口,0.0,0.0,12,12,good,22.826648407959507,113.95688701032125,深圳市水务局开放平台·积涝点水位
2026-08-19T20:00:00+08:00,Asia/Shanghai,MS110440311000064X,(市)光明区高级中学,0.0,0.0,2,2,good,,,深圳市水务局开放平台·积涝点水位
2026-08-19T20:00:00+08:00,Asia/Shanghai,MS1104403120000032,(市)大鹏液化天然气有限公司深圳接收站,0.0,0.0,13,13,good,,,深圳市水务局开放平台·积涝点水位
2026-08-19T21:00:00+08:00,Asia/Shanghai,9281192001,(市)平湖火车隧道口,0.0,0.0,13,13,good,,,深圳市水务局开放平台·积涝点水位
2026-08-19T21:00:00+08:00,Asia/Shanghai,9281192002,(市)新木路广深铁路桥底,0.0,0.0,13,13,good,22.6674177472887,114.13210195018992,深圳市水务局开放平台·积涝点水位
2026-08-19T21:00:00+08:00,Asia/Shanghai,9281192003,(市)新木路新围仔村路口,0.0,0.0,13,13,good,22.6674177472887,114.13210195018992,深圳市水务局开放平台·积涝点水位
2026-08-19T21:00:00+08:00,Asia/Shanghai,9281192004,(市)布李路富民城段,0.0,0.0,12,12,good,22.618912574166664,114.11654044833332,深圳市水务局开放平台·积涝点水位
2026-08-19T21:00:00+08:00,Asia/Shanghai,9281192005,(市)龙博路,0.01,0.01,60,60,good,22.62797037826087,114.10927237391306,深圳市水务局开放平台·积涝点水位
2026-08-19T21:00:00+08:00,Asia/Shanghai,9281192006,(市)五和大道四季花城,0.0,0.0,16,16,good,22.65976725256875,114.05975735653944,深圳市水务局开放平台·积涝点水位
2026-08-19T21:00:00+08:00,Asia/Shanghai,9281192007,(市)沙西小学至南岭万家乐段,0.0,0.0,13,13,good,,,深圳市水务局开放平台·积涝点水位
2026-08-19T21:00:00+08:00,Asia/Shanghai,9281192008,(市)南联第六工业区桥洞,0.0,0.0,13,13,good,,,深圳市水务局开放平台·积涝点水位
2026-08-19T21:00:00+08:00,Asia/Shanghai,9281192009,(市)新坡塘村新坡塘积水点,0.0,0.0,16,16,good,,,深圳市水务局开放平台·积涝点水位
2026-08-19T21:00:00+08:00,Asia/Shanghai,9281192010,(市)安良六村安业路与安居路交汇处,0.0,0.0,13,13,good,,,深圳市水务局开放平台·积涝点水位
2026-08-19T21:00:00+08:00,Asia/Shanghai,9281192011,(市)松元头,0.01,0.01,63,63,good,,,深圳市水务局开放平台·积涝点水位
2026-08-19T21:00:00+08:00,Asia/Shanghai,9281192012,(市)湖南立交,0.0,0.0,13,13,good,,,深圳市水务局开放平台·积涝点水位
2026-08-19T21:00:00+08:00,Asia/Shanghai,9281192013,(市)高背路惠盐高速桥洞积水点,0.0,0.0,12,12,good,,,深圳市水务局开放平台·积涝点水位
2026-08-19T21:00:00+08:00,Asia/Shanghai,9281192014,(市)鹤坑桥洞,0.0,0.0,13,13,good,,,深圳市水务局开放平台·积涝点水位
2026-08-19T21:00:00+08:00,Asia/Shanghai,9281192015,(市)安良社区沿河一路疏港铁路桥洞,0.0,0.0,13,13,good,22.73162335,114.107919,深圳市水务局开放平台·积涝点水位
2026-08-19T21:00:00+08:00,Asia/Shanghai,9281192016,(市)宝荷路中新加油站对面,0.0,0.0,13,13,good,22.694796752516076,114.25970116268519,深圳市水务局开放平台·积涝点水位
2026-08-19T21:00:00+08:00,Asia/Shanghai,9281192017,(市)环观南路与观平路交汇处,0.0,0.0,13,13,good,22.705673908780923,114.07279441765539,深圳市水务局开放平台·积涝点水位
2026-08-19T21:00:00+08:00,Asia/Shanghai,9281192018,(市)龙华大道库坑天桥段,0.0,0.0,13,13,good,22.669745856798677,114.03752701836405,深圳市水务局开放平台·积涝点水位
2026-08-19T21:00:00+08:00,Asia/Shanghai,9281192019,(市)福龙路高铁桥下简上段,0.0,0.0,15,15,good,22.61964472178257,114.00080097044238,深圳市水务局开放平台·积涝点水位
2026-08-19T21:00:00+08:00,Asia/Shanghai,9281192020,(市)工业路壹成中心段,0.0,0.0,14,14,good,22.648754971805,114.02570221318598,深圳市水务局开放平台·积涝点水位
2026-08-19T21:00:00+08:00,Asia/Shanghai,9281192021,(市)东环一路和平路交汇处,0.0,0.0,13,13,good,22.65040479515617,114.03284713758192,深圳市水务局开放平台·积涝点水位
2026-08-19T21:00:00+08:00,Asia/Shanghai,9281192022,(市)龙田社区大水湾,0.0,0.0,13,13,good,,,深圳市水务局开放平台·积涝点水位
2026-08-19T21:00:00+08:00,Asia/Shanghai,9281292001,(市)滨河皇岗立交桥洞,0.0,0.0,13,13,good,,,深圳市水务局开放平台·积涝点水位
2026-08-19T21:00:00+08:00,Asia/Shanghai,9281292002,(市)广深高速桥下滨海大道北侧辅道,0.01,0.01,62,62,good,22.579823080041088,114.10123773351275,深圳市水务局开放平台·积涝点水位
2026-08-19T21:00:00+08:00,Asia/Shanghai,9281292003,(市)福田区竹子林立交下穿通道,0.0,0.0,13,13,good,,,深圳市水务局开放平台·积涝点水位
2026-08-19T21:00:00+08:00,Asia/Shanghai,9281292004,(市)滨河益田立交桥洞,0.0,0.0,12,12,good,,,深圳市水务局开放平台·积涝点水位
2026-08-19T21:00:00+08:00,Asia/Shanghai,9281292005,(市)深南新洲一号立交桥洞,0.0,0.0,12,12,good,,,深圳市水务局开放平台·积涝点水位
2026-08-19T21:00:00+08:00,Asia/Shanghai,9281292006,(市)北环新洲立交东南角辅道,0.0,0.0,13,13,good,,,深圳市水务局开放平台·积涝点水位
2026-08-19T21:00:00+08:00,Asia/Shanghai,9281292007,(市)107国道新安段(裕安加油站),0.0,0.0,13,13,good,22.55254164883845,113.90816500450731,深圳市水务局开放平台·积涝点水位
2026-08-19T21:00:00+08:00,Asia/Shanghai,9281292008,洲石路鹤洲桥底（市）,0.0,0.0,13,13,good,22.651019027149744,113.88061107664711,深圳市水务局开放平台·积涝点水位
2026-08-19T21:00:00+08:00,Asia/Shanghai,9281292009,(市)帝堂路（锦程路以西段）,0.01,0.01,65,65,good,22.70987723506993,113.7784856087664,深圳市水务局开放平台·积涝点水位
2026-08-19T21:00:00+08:00,Asia/Shanghai,9281292010,(市)上星南路与中心路丽沙花都,0.0,0.0,13,13,good,22.502209013854387,113.93734688972145,深圳市水务局开放平台·积涝点水位
2026-08-19T21:00:00+08:00,Asia/Shanghai,9281292011,(市)外环路广深高速新桥立交,0.0,0.0,60,60,good,22.736379220337216,113.84591188570887,深圳市水务局开放平台·积涝点水位
2026-08-19T21:00:00+08:00,Asia/Shanghai,9281292012,(市)固戍海滨新村文昌阁,0.0,0.0,13,13,good,,,深圳市水务局开放平台·积涝点水位
2026-08-19T21:00:00+08:00,Asia/Shanghai,9281292013,(市)宝安大道固戍地铁站,0.0,0.0,12,12,good,22.64678387472509,113.8417801892837,深圳市水务局开放平台·积涝点水位
2026-08-19T21:00:00+08:00,Asia/Shanghai,9281292014,(市)G107国道南行固戍大门,0.0,0.0,13,13,good,22.55254164883845,113.90816500450731,深圳市水务局开放平台·积涝点水位
2026-08-19T21:00:00+08:00,Asia/Shanghai,9281292015,(市)东环大道松宝大道段,0.0,0.0,12,12,good,,,深圳市水务局开放平台·积涝点水位
2026-08-19T21:00:00+08:00,Asia/Shanghai,9281292016,(市)长凤路龙大高速桥底,0.0,0.0,13,13,good,22.775734215738417,113.91156092305157,深圳市水务局开放平台·积涝点水位
2026-08-19T21:00:00+08:00,Asia/Shanghai,9281292017,(市)圳美同富裕工业区,0.0,0.0,13,13,good,,,深圳市水务局开放平台·积涝点水位
2026-08-19T21:00:00+08:00,Asia/Shanghai,9281292018,(市)根玉路东方大道交汇处,0.0,0.0,13,13,good,22.763216165633853,113.85149341983029,深圳市水务局开放平台·积涝点水位
2026-08-19T21:00:00+08:00,Asia/Shanghai,9281292019,(市)上村社区龙大桥底,0.0,0.0,13,13,good,,,深圳市水务局开放平台·积涝点水位
2026-08-19T21:00:00+08:00,Asia/Shanghai,9281292020,(市)马山头社区上石家路通兴路交汇处,0.0,0.0,13,13,good,22.763999933333334,113.8915635138889,深圳市水务局开放平台·积涝点水位
2026-08-19T21:00:00+08:00,Asia/Shanghai,9281292021,(市)临海大道海关保税区,0.0,0.0,12,12,good,22.53399911521491,113.88871009435005,深圳市水务局开放平台·积涝点水位
2026-08-19T21:00:00+08:00,Asia/Shanghai,9281292022,(市)南山大道南行亿利达村段,0.0,0.0,13,13,good,22.540721694789013,113.9181638130031,深圳市水务局开放平台·积涝点水位
2026-08-19T21:00:00+08:00,Asia/Shanghai,9281292023,(市)东滨路南行华联城市山林花园段,0.0,0.0,13,13,good,22.51106546682151,113.92212734316605,深圳市水务局开放平台·积涝点水位
2026-08-19T21:00:00+08:00,Asia/Shanghai,9281292024,(市)深圳湾东滨路与中心路交叉口,0.0,0.0,13,13,good,22.51106546682151,113.92212734316605,深圳市水务局开放平台·积涝点水位
2026-08-19T21:00:00+08:00,Asia/Shanghai,MS1104403030000228,(市)红岗公园,0.0,0.0,2,2,good,,,深圳市水务局开放平台·积涝点水位
2026-08-19T21:00:00+08:00,Asia/Shanghai,MS1104403030000232,(市)沿河南路文锦路社区,0.0,0.0,13,13,good,22.550252268776845,114.11444108979862,深圳市水务局开放平台·积涝点水位
2026-08-19T21:00:00+08:00,Asia/Shanghai,MS1104403030000247,(市)深南东路黄贝岭,0.0,0.0,13,13,good,22.54661746874732,114.11811396992493,深圳市水务局开放平台·积涝点水位
2026-08-19T21:00:00+08:00,Asia/Shanghai,MS1104403030000251,(市)滨河上步立交桥,0.0,0.0,2,2,good,,,深圳市水务局开放平台·积涝点水位
2026-08-19T21:00:00+08:00,Asia/Shanghai,MS1104403030000266,(市)罗湖火车站,0.0,0.0,13,13,good,,,深圳市水务局开放平台·积涝点水位
2026-08-19T21:00:00+08:00,Asia/Shanghai,MS1104403030000270,(市)罗湖区委,0.0,0.0,2,2,good,,,深圳市水务局开放平台·积涝点水位
2026-08-19T21:00:00+08:00,Asia/Shanghai,MS1104403030000285,(市)万象城,0.0,0.0,13,13,good,,,深圳市水务局开放平台·积涝点水位
2026-08-19T21:00:00+08:00,Asia/Shanghai,MS110440303000029X,(市)洪湖地铁站D出入口,0.0,0.0,2,2,good,,,深圳市水务局开放平台·积涝点水位
2026-08-19T21:00:00+08:00,Asia/Shanghai,MS1104403030000304,(市)东湖路,0.0,0.0,5,5,good,22.582822583699635,114.1345991945055,深圳市水务局开放平台·积涝点水位
2026-08-19T21:00:00+08:00,Asia/Shanghai,MS1104403030000319,(市)桂园片区,0.0,0.0,19,19,good,,,深圳市水务局开放平台·积涝点水位
2026-08-19T21:00:00+08:00,Asia/Shanghai,MS1104403030000323,(市)晒布路与东门中路交汇处,0.0,0.0,13,13,good,22.551568716163253,114.1183832504732,深圳市水务局开放平台·积涝点水位
2026-08-19T21:00:00+08:00,Asia/Shanghai,MS1104403030000338,(市)东湖公园爱国路与太宁路路口,0.0,0.0,13,13,good,22.563633808974675,114.13329390192719,深圳市水务局开放平台·积涝点水位
2026-08-19T21:00:00+08:00,Asia/Shanghai,MS1104403030000342,(市)文锦渡口岸,0.0,0.0,2,2,good,,,深圳市水务局开放平台·积涝点水位
2026-08-19T21:00:00+08:00,Asia/Shanghai,MS1104403040000543,(市)香梅莲花路口,0.0,0.0,2,2,good,22.559401296538805,114.04793087126708,深圳市水务局开放平台·积涝点水位
2026-08-19T21:00:00+08:00,Asia/Shanghai,MS1104403040000558,(市)信托花园,0.0,0.0,12,12,good,,,深圳市水务局开放平台·积涝点水位
2026-08-19T21:00:00+08:00,Asia/Shanghai,MS1104403040000562,(市)上步红荔路口,0.0,0.0,2,2,good,22.550171284097686,114.05891535550717,深圳市水务局开放平台·积涝点水位
2026-08-19T21:00:00+08:00,Asia/Shanghai,MS1104403040000577,(市)深南皇岗立交桥与皇岗路交汇处,0.0,0.0,13,13,good,22.552167188223326,114.06774281249497,深圳市水务局开放平台·积涝点水位
2026-08-19T21:00:00+08:00,Asia/Shanghai,MS1104403040000581,(市)北环大道与梅林路交汇处,0.0,0.0,2,2,good,22.55966775704351,113.99344633894496,深圳市水务局开放平台·积涝点水位
2026-08-19T21:00:00+08:00,Asia/Shanghai,MS1104403040000596,(市)侨香路香梅社区,0.0,0.0,2,2,good,22.55158384619422,114.00624803762132,深圳市水务局开放平台·积涝点水位
2026-08-19T21:00:00+08:00,Asia/Shanghai,MS1104403040000600,(市)侨香路香安社区,0.0,0.0,2,2,good,22.55158384619422,114.00624803762132,深圳市水务局开放平台·积涝点水位
2026-08-19T21:00:00+08:00,Asia/Shanghai,MS1104403040000615,(市)市民中心,0.0,0.0,2,2,good,,,深圳市水务局开放平台·积涝点水位
2026-08-19T21:00:00+08:00,Asia/Shanghai,MS110440304000062X,(市)民田路深圳证券交易所,0.0,0.0,13,13,good,22.53903429826115,114.04781278730138,深圳市水务局开放平台·积涝点水位
2026-08-19T21:00:00+08:00,Asia/Shanghai,MS1104403040000634,(市)燃气集团股份有限公司梅林 LNG安全应急气化站,0.0,0.0,13,13,good,,,深圳市水务局开放平台·积涝点水位
2026-08-19T21:00:00+08:00,Asia/Shanghai,MS1104403040000649,(市)深南大道车公庙交通枢纽段,0.0,0.0,13,13,good,22.5420797706313,113.9753640727562,深圳市水务局开放平台·积涝点水位
2026-08-19T21:00:00+08:00,Asia/Shanghai,MS1104403050000118,(市)月亮湾大道与前湾三路交叉口,0.0,0.0,2,2,good,22.511993391395155,113.8903078293519,深圳市水务局开放平台·积涝点水位
2026-08-19T21:00:00+08:00,Asia/Shanghai,MS1104403050000122,(市)南山大道深意工业大厦段,0.0,0.0,13,13,good,22.540721694789013,113.9181638130031,深圳市水务局开放平台·积涝点水位
2026-08-19T21:00:00+08:00,Asia/Shanghai,MS1104403050000137,(市)南山大道与登良路交叉口,0.0,0.0,2,2,good,22.540721694789013,113.9181638130031,深圳市水务局开放平台·积涝点水位
2026-08-19T21:00:00+08:00,Asia/Shanghai,MS1104403050000141,(市)南新路北头豪苑,0.0,0.0,2,2,good,22.535707366852186,113.92452459612443,深圳市水务局开放平台·积涝点水位
2026-08-19T21:00:00+08:00,Asia/Shanghai,MS1104403050000156,(市)滨海大道与南山大道交叉口,0.0,0.0,2,2,good,22.579823080041088,114.10123773351275,深圳市水务局开放平台·积涝点水位
2026-08-19T21:00:00+08:00,Asia/Shanghai,MS1104403050000160,(市)桃园路与南新路交叉口,0.0,0.0,2,2,good,22.535395972003414,113.91852837514443,深圳市水务局开放平台·积涝点水位
2026-08-19T21:00:00+08:00,Asia/Shanghai,MS1104403050000175,(市)后海大道与登良路交叉口,0.0,0.0,13,13,good,22.51179221810604,113.92884393579894,深圳市水务局开放平台·积涝点水位
2026-08-19T21:00:00+08:00,Asia/Shanghai,MS110440305000018X,(市)后海大道港湾创业大厦,0.0,0.0,13,13,good,22.51179221810604,113.92884393579894,深圳市水务局开放平台·积涝点水位
2026-08-19T21:00:00+08:00,Asia/Shanghai,MS1104403050000194,(市)深南大道高新园地铁 AD 口,0.0,0.0,13,13,good,22.5420797706313,113.9753640727562,深圳市水务局开放平台·积涝点水位
2026-08-19T21:00:00+08:00,Asia/Shanghai,MS1104403050000209,(市)深圳湾口岸,0.0,0.0,2,2,good,,,深圳市水务局开放平台·积涝点水位
2026-08-19T21:00:00+08:00,Asia/Shanghai,MS1104403050000213,(市)前湾公园地铁站 A 出入口,0.0,0.0,13,13,good,,,深圳市水务局开放平台·积涝点水位
2026-08-19T21:00:00+08:00,Asia/Shanghai,MS1104403050000228,(市)粤海门地铁站 D2 出入口,0.0,0.0,13,13,good,,,深圳市水务局开放平台·积涝点水位
2026-08-19T21:00:00+08:00,Asia/Shanghai,MS1104403050000232,(市)桂庙路地下道路,0.0,0.0,13,13,good,22.52643977555155,113.91686609460196,深圳市水务局开放平台·积涝点水位
2026-08-19T21:00:00+08:00,Asia/Shanghai,MS1104403050000247,(市)国家超级计算深圳中心,0.0,0.0,16,16,good,,,深圳市水务局开放平台·积涝点水位
2026-08-19T21:00:00+08:00,Asia/Shanghai,MS110440306000029X,(市)辛养旧村辛居路,0.0,0.0,2,2,good,,,深圳市水务局开放平台·积涝点水位
2026-08-19T21:00:00+08:00,Asia/Shanghai,MS1104403060000304,(市)山门第三工业区,0.0,0.0,2,2,good,,,深圳市水务局开放平台·积涝点水位
2026-08-19T21:00:00+08:00,Asia/Shanghai,MS1104403060000319,(市)前进一路上川路口,0.0,0.0,13,13,good,22.57118007860348,113.90008995469552,深圳市水务局开放平台·积涝点水位
2026-08-19T21:00:00+08:00,Asia/Shanghai,MS1104403060000323,(市)洪浪北地铁站,0.0,0.0,13,13,good,,,深圳市水务局开放平台·积涝点水位
2026-08-19T21:00:00+08:00,Asia/Shanghai,MS1104403060000338,(市)东风幼儿园,0.0,0.0,2,2,good,,,深圳市水务局开放平台·积涝点水位
2026-08-19T21:00:00+08:00,Asia/Shanghai,MS1104403060000342,(市)海乐41区,0.0,0.0,2,2,good,,,深圳市水务局开放平台·积涝点水位
2026-08-19T21:00:00+08:00,Asia/Shanghai,MS1104403060000357,(市)前进二路,0.0,0.0,2,2,good,22.597482662679273,113.87435005513986,深圳市水务局开放平台·积涝点水位
2026-08-19T21:00:00+08:00,Asia/Shanghai,MS1104403060000361,(市)园岭商场,0.0,0.0,12,12,good,,,深圳市水务局开放平台·积涝点水位
2026-08-19T21:00:00+08:00,Asia/Shanghai,MS1104403060000376,(市)新圳西路万佳商场段,0.0,0.0,4,4,good,22.56349644,113.89998969999999,深圳市水务局开放平台·积涝点水位
2026-08-19T21:00:00+08:00,Asia/Shanghai,MS1104403060000380,(市)北环路与爱群路路口,0.0,0.0,13,13,good,22.79634568700108,114.39897783430258,深圳市水务局开放平台·积涝点水位
2026-08-19T21:00:00+08:00,Asia/Shanghai,MS1104403060000395,(市)宝安区幸福路与恒珠一路,0.0,0.0,2,2,good,,,深圳市水务局开放平台·积涝点水位
2026-08-19T21:00:00+08:00,Asia/Shanghai,MS110440306000040X,(市)宝安区勋业街,0.0,0.0,2,2,good,,,深圳市水务局开放平台·积涝点水位
2026-08-19T21:00:00+08:00,Asia/Shanghai,MS1104403060000414,(市)宝安区福和路西六巷,0.0,0.0,13,13,good,22.75496986065163,113.7975587837876,深圳市水务局开放平台·积涝点水位
2026-08-19T21:00:00+08:00,Asia/Shanghai,MS1104403060000429,(市)民福路与创新路交叉口,0.0,0.0,13,13,good,22.77931941488889,113.82386091368804,深圳市水务局开放平台·积涝点水位
2026-08-19T21:00:00+08:00,Asia/Shanghai,MS1104403060000433,(市)金沙二路与民福路交叉口,0.0,0.0,2,2,good,22.731531574999998,113.800096525,深圳市水务局开放平台·积涝点水位
2026-08-19T21:00:00+08:00,Asia/Shanghai,MS1104403060000448,(市)宝安区沙井西环路正科时代,0.0,0.0,2,2,good,22.658437552805964,113.96411546099013,深圳市水务局开放平台·积涝点水位
2026-08-19T21:00:00+08:00,Asia/Shanghai,MS1104403060000452,(市)宝源路固戍海滨公园,0.0,0.0,13,13,good,22.58668431255461,113.84584894450396,深圳市水务局开放平台·积涝点水位
2026-08-19T21:00:00+08:00,Asia/Shanghai,MS1104403060000467,(市)海雅缤纷城,0.0,0.0,13,13,good,,,深圳市水务局开放平台·积涝点水位
2026-08-19T21:00:00+08:00,Asia/Shanghai,MS1104403060000471,(市)万达广场,0.0,0.0,2,2,good,,,深圳市水务局开放平台·积涝点水位
2026-08-19T21:00:00+08:00,Asia/Shanghai,MS1104403060000486,(市)固戍地铁站 A/F 出入口,0.0,0.0,13,13,good,,,深圳市水务局开放平台·积涝点水位
2026-08-19T21:00:00+08:00,Asia/Shanghai,MS1104403060000490,(市)碧海湾地铁站 B 出入口,0.0,0.0,13,13,good,,,深圳市水务局开放平台·积涝点水位
2026-08-19T21:00:00+08:00,Asia/Shanghai,MS1104403060000505,(市)海天路地下隧道,0.0,0.0,13,13,good,22.549962987088094,113.87889692546018,深圳市水务局开放平台·积涝点水位
2026-08-19T21:00:00+08:00,Asia/Shanghai,MS1104403070000175,(市)龙平西路新秀社区公园,0.0,0.0,2,2,good,22.731009781031894,114.22605984524496,深圳市水务局开放平台·积涝点水位
2026-08-19T21:00:00+08:00,Asia/Shanghai,MS110440307000018X,(市)如意路广发银行奥林支行,0.0,0.0,13,13,good,22.697841456213258,114.19931100734046,深圳市水务局开放平台·积涝点水位
2026-08-19T21:00:00+08:00,Asia/Shanghai,MS1104403070000194,(市)龙翔大道与龙城大道交汇处,0.0,0.0,12,12,good,22.708452173199664,114.22855732448205,深圳市水务局开放平台·积涝点水位
2026-08-19T21:00:00+08:00,Asia/Shanghai,MS1104403070000209,(市)龙城大道与龙平东路交汇处,0.0,0.0,13,13,good,22.734070392016967,114.26268655089929,深圳市水务局开放平台·积涝点水位
2026-08-19T21:00:00+08:00,Asia/Shanghai,MS1104403070000213,(市)龙西中路与盐龙大道交汇处,0.0,0.0,13,13,good,22.75103177856142,114.25588661241065,深圳市水务局开放平台·积涝点水位
2026-08-19T21:00:00+08:00,Asia/Shanghai,MS1104403070000228,(市)爱南路与深汕公路交汇处,0.0,0.0,11,11,good,22.709133830928806,114.31382413715897,深圳市水务局开放平台·积涝点水位
2026-08-19T21:00:00+08:00,Asia/Shanghai,MS1104403070000232,(市)园新路与乐园路交汇处,0.0,0.0,13,13,good,22.714932425,114.3001758,深圳市水务局开放平台·积涝点水位
2026-08-19T21:00:00+08:00,Asia/Shanghai,MS1104403070000247,(市)长深高速四方埔社区,0.0,0.0,2,2,good,22.785453209312927,114.3238491191703,深圳市水务局开放平台·积涝点水位
2026-08-19T21:00:00+08:00,Asia/Shanghai,MS1104403070000251,(市)龙岗区政府,0.0,0.0,13,13,good,,,深圳市水务局开放平台·积涝点水位
2026-08-19T21:00:00+08:00,Asia/Shanghai,MS1104403070000266,(市)五和地铁站H出入口,0.0,0.0,15,15,good,,,深圳市水务局开放平台·积涝点水位
2026-08-19T21:00:00+08:00,Asia/Shanghai,MS1104403070000270,(市)长龙地铁站C2出入口,0.0,0.0,2,2,good,,,深圳市水务局开放平台·积涝点水位
2026-08-19T21:00:00+08:00,Asia/Shanghai,MS1104403070000285,(市)育贤学校、童星幼儿园,0.0,0.0,16,16,good,,,深圳市水务局开放平台·积涝点水位
2026-08-19T21:00:00+08:00,Asia/Shanghai,MS110440307000029X,(市)深圳远东妇产医院,0.0,0.0,18,18,good,,,深圳市水务局开放平台·积涝点水位
2026-08-19T21:00:00+08:00,Asia/Shanghai,MS1104403070000304,(市)英才学校,0.0,0.0,13,13,good,,,深圳市水务局开放平台·积涝点水位
2026-08-19T21:00:00+08:00,Asia/Shanghai,MS1104403070000319,(市)吉榕路桥洞,0.0,0.0,13,13,good,,,深圳市水务局开放平台·积涝点水位
2026-08-19T21:00:00+08:00,Asia/Shanghai,MS1104403070000323,(市)京南路,0.0,0.0,2,2,good,22.602818284523806,114.12130894517196,深圳市水务局开放平台·积涝点水位
2026-08-19T21:00:00+08:00,Asia/Shanghai,MS1104403070000338,(市)布澜路国芬路口,0.0,0.0,2,2,good,22.635311170786817,114.12784150313183,深圳市水务局开放平台·积涝点水位
2026-08-19T21:00:00+08:00,Asia/Shanghai,MS1104403070000342,(市)布吉站（深圳东站）,0.0,0.0,2,2,good,,,深圳市水务局开放平台·积涝点水位
2026-08-19T21:00:00+08:00,Asia/Shanghai,MS1104403080000012,(市)金融路海涛路口片区,0.0,0.0,13,13,good,22.553642038690473,114.22939035281746,深圳市水务局开放平台·积涝点水位
2026-08-19T21:00:00+08:00,Asia/Shanghai,MS1104403080000027,(市)沙头角口岸小区,0.0,0.0,13,13,good,,,深圳市水务局开放平台·积涝点水位
2026-08-19T21:00:00+08:00,Asia/Shanghai,MS1104403080000031,(市)桥东街小区,0.0,0.0,13,13,good,,,深圳市水务局开放平台·积涝点水位
2026-08-19T21:00:00+08:00,Asia/Shanghai,MS1104403090000065,(市)泗黎路凹背社区富坑社区,0.0,0.0,2,2,good,22.753687171367037,114.03385655648283,深圳市水务局开放平台·积涝点水位
2026-08-19T21:00:00+08:00,Asia/Shanghai,MS110440309000007X,(市)银星科技园,0.0,0.0,3,3,good,,,深圳市水务局开放平台·积涝点水位
2026-08-19T21:00:00+08:00,Asia/Shanghai,MS1104403090000084,(市)观光路与福前路交汇处,0.0,0.0,2,2,good,22.733179257314486,114.01274963079653,深圳市水务局开放平台·积涝点水位
2026-08-19T21:00:00+08:00,Asia/Shanghai,MS1104403090000099,(市)三联社区,0.0,0.0,13,13,good,,,深圳市水务局开放平台·积涝点水位
2026-08-19T21:00:00+08:00,Asia/Shanghai,MS1104403090000103,(市)布龙路与五和大道交汇处,0.0,0.0,13,13,good,22.646750702555874,114.02665721385576,深圳市水务局开放平台·积涝点水位
2026-08-19T21:00:00+08:00,Asia/Shanghai,MS1104403090000118,(市)新区大道深圳北站,0.0,0.0,14,14,good,22.624351465560785,114.01682556681699,深圳市水务局开放平台·积涝点水位
2026-08-19T21:00:00+08:00,Asia/Shanghai,MS1104403090000122,(市)龙华壹方成,0.0,0.0,13,13,good,,,深圳市水务局开放平台·积涝点水位
2026-08-19T21:00:00+08:00,Asia/Shanghai,MS1104403090000137,(市)昌茂二路,0.0,0.0,13,13,good,,,深圳市水务局开放平台·积涝点水位
2026-08-19T21:00:00+08:00,Asia/Shanghai,MS1104403090000141,(市)大浪新围街大船坑市场段,0.0,0.0,13,13,good,22.692058934615382,113.9964102346154,深圳市水务局开放平台·积涝点水位
2026-08-19T21:00:00+08:00,Asia/Shanghai,MS1104403100000028,(市)坪山法院门口,0.0,0.0,2,2,good,,,深圳市水务局开放平台·积涝点水位
2026-08-19T21:00:00+08:00,Asia/Shanghai,MS1104403100000032,(市)秀沙路比亚迪厂门前,0.0,0.0,16,16,good,22.767995359829058,114.39900074224022,深圳市水务局开放平台·积涝点水位
2026-08-19T21:00:00+08:00,Asia/Shanghai,MS1104403100000047,(市)群代路金泰航科技,0.01,0.01,62,62,good,,,深圳市水务局开放平台·积涝点水位
2026-08-19T21:00:00+08:00,Asia/Shanghai,MS1104403100000051,(市)三洋湖路三洋湖新区小区,0.0,0.0,13,13,good,,,深圳市水务局开放平台·积涝点水位
2026-08-19T21:00:00+08:00,Asia/Shanghai,MS1104403100000066,(市)文化中心地铁站,0.0,0.0,13,13,good,,,深圳市水务局开放平台·积涝点水位
2026-08-19T21:00:00+08:00,Asia/Shanghai,MS1104403110000597,(市)东长路外环高速长圳入口,0.0,0.0,13,13,good,22.747509018088216,113.91221411091422,深圳市水务局开放平台·积涝点水位
2026-08-19T21:00:00+08:00,Asia/Shanghai,MS1104403110000601,(市)光侨雅苑,0.0,0.0,2,2,good,,,深圳市水务局开放平台·积涝点水位
2026-08-19T21:00:00+08:00,Asia/Shanghai,MS1104403110000616,(市)同观路与汇融路交叉口,0.0,0.0,2,2,good,22.734039598507852,113.91441943299901,深圳市水务局开放平台·积涝点水位
2026-08-19T21:00:00+08:00,Asia/Shanghai,MS1104403110000620,(市)松白路松茂御城段,0.0,0.0,2,2,good,22.731110627923336,113.894856941127,深圳市水务局开放平台·积涝点水位
2026-08-19T21:00:00+08:00,Asia/Shanghai,MS1104403110000635,(市)公常路与环村路交叉口,0.0,0.0,13,13,good,22.826648407959507,113.95688701032125,深圳市水务局开放平台·积涝点水位
2026-08-19T21:00:00+08:00,Asia/Shanghai,MS110440311000064X,(市)光明区高级中学,0.0,0.0,2,2,good,,,深圳市水务局开放平台·积涝点水位
2026-08-19T21:00:00+08:00,Asia/Shanghai,MS1104403120000032,(市)大鹏液化天然气有限公司深圳接收站,0.0,0.0,13,13,good,,,深圳市水务局开放平台·积涝点水位
2026-08-19T22:00:00+08:00,Asia/Shanghai,9281192001,(市)平湖火车隧道口,0.0,0.0,13,13,good,,,深圳市水务局开放平台·积涝点水位
2026-08-19T22:00:00+08:00,Asia/Shanghai,9281192002,(市)新木路广深铁路桥底,0.0,0.0,13,13,good,22.6674177472887,114.13210195018992,深圳市水务局开放平台·积涝点水位
2026-08-19T22:00:00+08:00,Asia/Shanghai,9281192003,(市)新木路新围仔村路口,0.0,0.0,13,13,good,22.6674177472887,114.13210195018992,深圳市水务局开放平台·积涝点水位
2026-08-19T22:00:00+08:00,Asia/Shanghai,9281192004,(市)布李路富民城段,0.0,0.0,13,13,good,22.618912574166664,114.11654044833332,深圳市水务局开放平台·积涝点水位
2026-08-19T22:00:00+08:00,Asia/Shanghai,9281192005,(市)龙博路,0.01,0.01,62,62,good,22.62797037826087,114.10927237391306,深圳市水务局开放平台·积涝点水位
2026-08-19T22:00:00+08:00,Asia/Shanghai,9281192006,(市)五和大道四季花城,0.0,0.0,13,13,good,22.65976725256875,114.05975735653944,深圳市水务局开放平台·积涝点水位
2026-08-19T22:00:00+08:00,Asia/Shanghai,9281192007,(市)沙西小学至南岭万家乐段,0.0,0.0,13,13,good,,,深圳市水务局开放平台·积涝点水位
2026-08-19T22:00:00+08:00,Asia/Shanghai,9281192008,(市)南联第六工业区桥洞,0.0,0.0,13,13,good,,,深圳市水务局开放平台·积涝点水位
2026-08-19T22:00:00+08:00,Asia/Shanghai,9281192009,(市)新坡塘村新坡塘积水点,0.0,0.0,16,16,good,,,深圳市水务局开放平台·积涝点水位
2026-08-19T22:00:00+08:00,Asia/Shanghai,9281192010,(市)安良六村安业路与安居路交汇处,0.0,0.0,15,15,good,,,深圳市水务局开放平台·积涝点水位
2026-08-19T22:00:00+08:00,Asia/Shanghai,9281192011,(市)松元头,0.01,0.01,61,61,good,,,深圳市水务局开放平台·积涝点水位
2026-08-19T22:00:00+08:00,Asia/Shanghai,9281192012,(市)湖南立交,0.0,0.0,13,13,good,,,深圳市水务局开放平台·积涝点水位
2026-08-19T22:00:00+08:00,Asia/Shanghai,9281192013,(市)高背路惠盐高速桥洞积水点,0.0,0.0,13,13,good,,,深圳市水务局开放平台·积涝点水位
2026-08-19T22:00:00+08:00,Asia/Shanghai,9281192014,(市)鹤坑桥洞,0.0,0.0,13,13,good,,,深圳市水务局开放平台·积涝点水位
2026-08-19T22:00:00+08:00,Asia/Shanghai,9281192015,(市)安良社区沿河一路疏港铁路桥洞,0.0,0.0,13,13,good,22.73162335,114.107919,深圳市水务局开放平台·积涝点水位
2026-08-19T22:00:00+08:00,Asia/Shanghai,9281192016,(市)宝荷路中新加油站对面,0.0,0.0,13,13,good,22.694796752516076,114.25970116268519,深圳市水务局开放平台·积涝点水位
2026-08-19T22:00:00+08:00,Asia/Shanghai,9281192017,(市)环观南路与观平路交汇处,0.0,0.0,13,13,good,22.705673908780923,114.07279441765539,深圳市水务局开放平台·积涝点水位
2026-08-19T22:00:00+08:00,Asia/Shanghai,9281192018,(市)龙华大道库坑天桥段,0.0,0.0,15,15,good,22.669745856798677,114.03752701836405,深圳市水务局开放平台·积涝点水位
2026-08-19T22:00:00+08:00,Asia/Shanghai,9281192019,(市)福龙路高铁桥下简上段,0.0,0.0,16,16,good,22.61964472178257,114.00080097044238,深圳市水务局开放平台·积涝点水位
2026-08-19T22:00:00+08:00,Asia/Shanghai,9281192020,(市)工业路壹成中心段,0.0,0.0,19,19,good,22.648754971805,114.02570221318598,深圳市水务局开放平台·积涝点水位
2026-08-19T22:00:00+08:00,Asia/Shanghai,9281192021,(市)东环一路和平路交汇处,0.0,0.0,13,13,good,22.65040479515617,114.03284713758192,深圳市水务局开放平台·积涝点水位
2026-08-19T22:00:00+08:00,Asia/Shanghai,9281192022,(市)龙田社区大水湾,0.0,0.0,12,12,good,,,深圳市水务局开放平台·积涝点水位
2026-08-19T22:00:00+08:00,Asia/Shanghai,9281292001,(市)滨河皇岗立交桥洞,0.0,0.0,14,14,good,,,深圳市水务局开放平台·积涝点水位
2026-08-19T22:00:00+08:00,Asia/Shanghai,9281292002,(市)广深高速桥下滨海大道北侧辅道,0.01,0.01,67,67,good,22.579823080041088,114.10123773351275,深圳市水务局开放平台·积涝点水位
2026-08-19T22:00:00+08:00,Asia/Shanghai,9281292003,(市)福田区竹子林立交下穿通道,0.0,0.0,14,14,good,,,深圳市水务局开放平台·积涝点水位
2026-08-19T22:00:00+08:00,Asia/Shanghai,9281292004,(市)滨河益田立交桥洞,0.0,0.0,12,12,good,,,深圳市水务局开放平台·积涝点水位
2026-08-19T22:00:00+08:00,Asia/Shanghai,9281292005,(市)深南新洲一号立交桥洞,0.0,0.0,13,13,good,,,深圳市水务局开放平台·积涝点水位
2026-08-19T22:00:00+08:00,Asia/Shanghai,9281292006,(市)北环新洲立交东南角辅道,0.0,0.0,16,16,good,,,深圳市水务局开放平台·积涝点水位
2026-08-19T22:00:00+08:00,Asia/Shanghai,9281292007,(市)107国道新安段(裕安加油站),0.0,0.0,13,13,good,22.55254164883845,113.90816500450731,深圳市水务局开放平台·积涝点水位
2026-08-19T22:00:00+08:00,Asia/Shanghai,9281292008,洲石路鹤洲桥底（市）,0.0,0.0,13,13,good,22.651019027149744,113.88061107664711,深圳市水务局开放平台·积涝点水位
2026-08-19T22:00:00+08:00,Asia/Shanghai,9281292009,(市)帝堂路（锦程路以西段）,0.01,0.01,67,67,good,22.70987723506993,113.7784856087664,深圳市水务局开放平台·积涝点水位
2026-08-19T22:00:00+08:00,Asia/Shanghai,9281292010,(市)上星南路与中心路丽沙花都,0.0,0.0,13,13,good,22.502209013854387,113.93734688972145,深圳市水务局开放平台·积涝点水位
2026-08-19T22:00:00+08:00,Asia/Shanghai,9281292011,(市)外环路广深高速新桥立交,0.0,0.0,12,12,good,22.736379220337216,113.84591188570887,深圳市水务局开放平台·积涝点水位
2026-08-19T22:00:00+08:00,Asia/Shanghai,9281292012,(市)固戍海滨新村文昌阁,0.0,0.0,13,13,good,,,深圳市水务局开放平台·积涝点水位
2026-08-19T22:00:00+08:00,Asia/Shanghai,9281292013,(市)宝安大道固戍地铁站,0.0,0.0,13,13,good,22.64678387472509,113.8417801892837,深圳市水务局开放平台·积涝点水位
2026-08-19T22:00:00+08:00,Asia/Shanghai,9281292014,(市)G107国道南行固戍大门,0.0,0.0,13,13,good,22.55254164883845,113.90816500450731,深圳市水务局开放平台·积涝点水位
2026-08-19T22:00:00+08:00,Asia/Shanghai,9281292015,(市)东环大道松宝大道段,0.0,0.0,13,13,good,,,深圳市水务局开放平台·积涝点水位
2026-08-19T22:00:00+08:00,Asia/Shanghai,9281292016,(市)长凤路龙大高速桥底,0.0,0.0,11,11,good,22.775734215738417,113.91156092305157,深圳市水务局开放平台·积涝点水位
2026-08-19T22:00:00+08:00,Asia/Shanghai,9281292017,(市)圳美同富裕工业区,0.0,0.0,12,12,good,,,深圳市水务局开放平台·积涝点水位
2026-08-19T22:00:00+08:00,Asia/Shanghai,9281292018,(市)根玉路东方大道交汇处,0.0,0.0,13,13,good,22.763216165633853,113.85149341983029,深圳市水务局开放平台·积涝点水位
2026-08-19T22:00:00+08:00,Asia/Shanghai,9281292019,(市)上村社区龙大桥底,0.0,0.0,12,12,good,,,深圳市水务局开放平台·积涝点水位
2026-08-19T22:00:00+08:00,Asia/Shanghai,9281292020,(市)马山头社区上石家路通兴路交汇处,0.0,0.0,10,10,good,22.763999933333334,113.8915635138889,深圳市水务局开放平台·积涝点水位
2026-08-19T22:00:00+08:00,Asia/Shanghai,9281292021,(市)临海大道海关保税区,0.0,0.0,13,13,good,22.53399911521491,113.88871009435005,深圳市水务局开放平台·积涝点水位
2026-08-19T22:00:00+08:00,Asia/Shanghai,9281292022,(市)南山大道南行亿利达村段,0.0,0.0,13,13,good,22.540721694789013,113.9181638130031,深圳市水务局开放平台·积涝点水位
2026-08-19T22:00:00+08:00,Asia/Shanghai,9281292023,(市)东滨路南行华联城市山林花园段,0.0,0.0,13,13,good,22.51106546682151,113.92212734316605,深圳市水务局开放平台·积涝点水位
2026-08-19T22:00:00+08:00,Asia/Shanghai,9281292024,(市)深圳湾东滨路与中心路交叉口,0.0,0.0,12,12,good,22.51106546682151,113.92212734316605,深圳市水务局开放平台·积涝点水位
2026-08-19T22:00:00+08:00,Asia/Shanghai,MS1104403030000228,(市)红岗公园,0.0,0.0,2,2,good,,,深圳市水务局开放平台·积涝点水位
2026-08-19T22:00:00+08:00,Asia/Shanghai,MS1104403030000232,(市)沿河南路文锦路社区,0.0,0.0,12,12,good,22.550252268776845,114.11444108979862,深圳市水务局开放平台·积涝点水位
2026-08-19T22:00:00+08:00,Asia/Shanghai,MS1104403030000247,(市)深南东路黄贝岭,0.0,0.0,13,13,good,22.54661746874732,114.11811396992493,深圳市水务局开放平台·积涝点水位
2026-08-19T22:00:00+08:00,Asia/Shanghai,MS1104403030000251,(市)滨河上步立交桥,0.0,0.0,2,2,good,,,深圳市水务局开放平台·积涝点水位
2026-08-19T22:00:00+08:00,Asia/Shanghai,MS1104403030000266,(市)罗湖火车站,0.0,0.0,13,13,good,,,深圳市水务局开放平台·积涝点水位
2026-08-19T22:00:00+08:00,Asia/Shanghai,MS1104403030000270,(市)罗湖区委,0.0,0.0,2,2,good,,,深圳市水务局开放平台·积涝点水位
2026-08-19T22:00:00+08:00,Asia/Shanghai,MS1104403030000285,(市)万象城,0.0,0.0,13,13,good,,,深圳市水务局开放平台·积涝点水位
2026-08-19T22:00:00+08:00,Asia/Shanghai,MS110440303000029X,(市)洪湖地铁站D出入口,0.0,0.0,2,2,good,,,深圳市水务局开放平台·积涝点水位
2026-08-19T22:00:00+08:00,Asia/Shanghai,MS1104403030000304,(市)东湖路,0.0,0.0,5,5,good,22.582822583699635,114.1345991945055,深圳市水务局开放平台·积涝点水位
2026-08-19T22:00:00+08:00,Asia/Shanghai,MS1104403030000319,(市)桂园片区,0.0,0.0,12,12,good,,,深圳市水务局开放平台·积涝点水位
2026-08-19T22:00:00+08:00,Asia/Shanghai,MS1104403030000323,(市)晒布路与东门中路交汇处,0.0,0.0,13,13,good,22.551568716163253,114.1183832504732,深圳市水务局开放平台·积涝点水位
2026-08-19T22:00:00+08:00,Asia/Shanghai,MS1104403030000338,(市)东湖公园爱国路与太宁路路口,0.0,0.0,13,13,good,22.563633808974675,114.13329390192719,深圳市水务局开放平台·积涝点水位
2026-08-19T22:00:00+08:00,Asia/Shanghai,MS1104403030000342,(市)文锦渡口岸,0.0,0.0,2,2,good,,,深圳市水务局开放平台·积涝点水位
2026-08-19T22:00:00+08:00,Asia/Shanghai,MS1104403040000543,(市)香梅莲花路口,0.0,0.0,2,2,good,22.559401296538805,114.04793087126708,深圳市水务局开放平台·积涝点水位
2026-08-19T22:00:00+08:00,Asia/Shanghai,MS1104403040000558,(市)信托花园,0.0,0.0,17,17,good,,,深圳市水务局开放平台·积涝点水位
2026-08-19T22:00:00+08:00,Asia/Shanghai,MS1104403040000562,(市)上步红荔路口,0.0,0.0,2,2,good,22.550171284097686,114.05891535550717,深圳市水务局开放平台·积涝点水位
2026-08-19T22:00:00+08:00,Asia/Shanghai,MS1104403040000577,(市)深南皇岗立交桥与皇岗路交汇处,0.0,0.0,13,13,good,22.552167188223326,114.06774281249497,深圳市水务局开放平台·积涝点水位
2026-08-19T22:00:00+08:00,Asia/Shanghai,MS1104403040000581,(市)北环大道与梅林路交汇处,0.0,0.0,2,2,good,22.55966775704351,113.99344633894496,深圳市水务局开放平台·积涝点水位
2026-08-19T22:00:00+08:00,Asia/Shanghai,MS1104403040000596,(市)侨香路香梅社区,0.0,0.0,2,2,good,22.55158384619422,114.00624803762132,深圳市水务局开放平台·积涝点水位
2026-08-19T22:00:00+08:00,Asia/Shanghai,MS1104403040000600,(市)侨香路香安社区,0.0,0.0,2,2,good,22.55158384619422,114.00624803762132,深圳市水务局开放平台·积涝点水位
2026-08-19T22:00:00+08:00,Asia/Shanghai,MS1104403040000615,(市)市民中心,0.0,0.0,2,2,good,,,深圳市水务局开放平台·积涝点水位
2026-08-19T22:00:00+08:00,Asia/Shanghai,MS110440304000062X,(市)民田路深圳证券交易所,0.0,0.0,13,13,good,22.53903429826115,114.04781278730138,深圳市水务局开放平台·积涝点水位
2026-08-19T22:00:00+08:00,Asia/Shanghai,MS1104403040000634,(市)燃气集团股份有限公司梅林 LNG安全应急气化站,0.0,0.0,13,13,good,,,深圳市水务局开放平台·积涝点水位
2026-08-19T22:00:00+08:00,Asia/Shanghai,MS1104403040000649,(市)深南大道车公庙交通枢纽段,0.0,0.0,15,15,good,22.5420797706313,113.9753640727562,深圳市水务局开放平台·积涝点水位
2026-08-19T22:00:00+08:00,Asia/Shanghai,MS1104403050000118,(市)月亮湾大道与前湾三路交叉口,0.0,0.0,2,2,good,22.511993391395155,113.8903078293519,深圳市水务局开放平台·积涝点水位
2026-08-19T22:00:00+08:00,Asia/Shanghai,MS1104403050000122,(市)南山大道深意工业大厦段,0.0,0.0,13,13,good,22.540721694789013,113.9181638130031,深圳市水务局开放平台·积涝点水位
2026-08-19T22:00:00+08:00,Asia/Shanghai,MS1104403050000137,(市)南山大道与登良路交叉口,0.0,0.0,2,2,good,22.540721694789013,113.9181638130031,深圳市水务局开放平台·积涝点水位
2026-08-19T22:00:00+08:00,Asia/Shanghai,MS1104403050000141,(市)南新路北头豪苑,0.0,0.0,2,2,good,22.535707366852186,113.92452459612443,深圳市水务局开放平台·积涝点水位
2026-08-19T22:00:00+08:00,Asia/Shanghai,MS1104403050000156,(市)滨海大道与南山大道交叉口,0.0,0.0,2,2,good,22.579823080041088,114.10123773351275,深圳市水务局开放平台·积涝点水位
2026-08-19T22:00:00+08:00,Asia/Shanghai,MS1104403050000160,(市)桃园路与南新路交叉口,0.0,0.0,2,2,good,22.535395972003414,113.91852837514443,深圳市水务局开放平台·积涝点水位
2026-08-19T22:00:00+08:00,Asia/Shanghai,MS1104403050000175,(市)后海大道与登良路交叉口,0.0,0.0,15,15,good,22.51179221810604,113.92884393579894,深圳市水务局开放平台·积涝点水位
2026-08-19T22:00:00+08:00,Asia/Shanghai,MS110440305000018X,(市)后海大道港湾创业大厦,0.0,0.0,13,13,good,22.51179221810604,113.92884393579894,深圳市水务局开放平台·积涝点水位
2026-08-19T22:00:00+08:00,Asia/Shanghai,MS1104403050000194,(市)深南大道高新园地铁 AD 口,0.0,0.0,13,13,good,22.5420797706313,113.9753640727562,深圳市水务局开放平台·积涝点水位
2026-08-19T22:00:00+08:00,Asia/Shanghai,MS1104403050000209,(市)深圳湾口岸,0.0,0.0,2,2,good,,,深圳市水务局开放平台·积涝点水位
2026-08-19T22:00:00+08:00,Asia/Shanghai,MS1104403050000213,(市)前湾公园地铁站 A 出入口,0.0,0.0,13,13,good,,,深圳市水务局开放平台·积涝点水位
2026-08-19T22:00:00+08:00,Asia/Shanghai,MS1104403050000228,(市)粤海门地铁站 D2 出入口,0.0,0.0,12,12,good,,,深圳市水务局开放平台·积涝点水位
2026-08-19T22:00:00+08:00,Asia/Shanghai,MS1104403050000232,(市)桂庙路地下道路,0.0,0.0,13,13,good,22.52643977555155,113.91686609460196,深圳市水务局开放平台·积涝点水位
2026-08-19T22:00:00+08:00,Asia/Shanghai,MS1104403050000247,(市)国家超级计算深圳中心,0.0,0.0,15,15,good,,,深圳市水务局开放平台·积涝点水位
2026-08-19T22:00:00+08:00,Asia/Shanghai,MS110440306000029X,(市)辛养旧村辛居路,0.0,0.0,2,2,good,,,深圳市水务局开放平台·积涝点水位
2026-08-19T22:00:00+08:00,Asia/Shanghai,MS1104403060000304,(市)山门第三工业区,0.0,0.0,2,2,good,,,深圳市水务局开放平台·积涝点水位
2026-08-19T22:00:00+08:00,Asia/Shanghai,MS1104403060000319,(市)前进一路上川路口,0.0,0.0,13,13,good,22.57118007860348,113.90008995469552,深圳市水务局开放平台·积涝点水位
2026-08-19T22:00:00+08:00,Asia/Shanghai,MS1104403060000323,(市)洪浪北地铁站,0.0,0.0,13,13,good,,,深圳市水务局开放平台·积涝点水位
2026-08-19T22:00:00+08:00,Asia/Shanghai,MS1104403060000338,(市)东风幼儿园,0.0,0.0,2,2,good,,,深圳市水务局开放平台·积涝点水位
2026-08-19T22:00:00+08:00,Asia/Shanghai,MS1104403060000342,(市)海乐41区,0.0,0.0,2,2,good,,,深圳市水务局开放平台·积涝点水位
2026-08-19T22:00:00+08:00,Asia/Shanghai,MS1104403060000357,(市)前进二路,0.0,0.0,2,2,good,22.597482662679273,113.87435005513986,深圳市水务局开放平台·积涝点水位
2026-08-19T22:00:00+08:00,Asia/Shanghai,MS1104403060000361,(市)园岭商场,0.0,0.0,13,13,good,,,深圳市水务局开放平台·积涝点水位
2026-08-19T22:00:00+08:00,Asia/Shanghai,MS1104403060000376,(市)新圳西路万佳商场段,0.0,0.0,4,4,good,22.56349644,113.89998969999999,深圳市水务局开放平台·积涝点水位
2026-08-19T22:00:00+08:00,Asia/Shanghai,MS1104403060000380,(市)北环路与爱群路路口,0.0,0.0,13,13,good,22.79634568700108,114.39897783430258,深圳市水务局开放平台·积涝点水位
2026-08-19T22:00:00+08:00,Asia/Shanghai,MS1104403060000395,(市)宝安区幸福路与恒珠一路,0.0,0.0,2,2,good,,,深圳市水务局开放平台·积涝点水位
2026-08-19T22:00:00+08:00,Asia/Shanghai,MS110440306000040X,(市)宝安区勋业街,0.0,0.0,2,2,good,,,深圳市水务局开放平台·积涝点水位
2026-08-19T22:00:00+08:00,Asia/Shanghai,MS1104403060000414,(市)宝安区福和路西六巷,0.0,0.0,15,15,good,22.75496986065163,113.7975587837876,深圳市水务局开放平台·积涝点水位
2026-08-19T22:00:00+08:00,Asia/Shanghai,MS1104403060000429,(市)民福路与创新路交叉口,0.0,0.0,13,13,good,22.77931941488889,113.82386091368804,深圳市水务局开放平台·积涝点水位
2026-08-19T22:00:00+08:00,Asia/Shanghai,MS1104403060000433,(市)金沙二路与民福路交叉口,0.0,0.0,2,2,good,22.731531574999998,113.800096525,深圳市水务局开放平台·积涝点水位
2026-08-19T22:00:00+08:00,Asia/Shanghai,MS1104403060000448,(市)宝安区沙井西环路正科时代,0.0,0.0,2,2,good,22.658437552805964,113.96411546099013,深圳市水务局开放平台·积涝点水位
2026-08-19T22:00:00+08:00,Asia/Shanghai,MS1104403060000452,(市)宝源路固戍海滨公园,0.0,0.0,13,13,good,22.58668431255461,113.84584894450396,深圳市水务局开放平台·积涝点水位
2026-08-19T22:00:00+08:00,Asia/Shanghai,MS1104403060000467,(市)海雅缤纷城,0.0012,0.01,17,17,good,,,深圳市水务局开放平台·积涝点水位
2026-08-19T22:00:00+08:00,Asia/Shanghai,MS1104403060000471,(市)万达广场,0.0,0.0,2,2,good,,,深圳市水务局开放平台·积涝点水位
2026-08-19T22:00:00+08:00,Asia/Shanghai,MS1104403060000486,(市)固戍地铁站 A/F 出入口,0.0,0.0,13,13,good,,,深圳市水务局开放平台·积涝点水位
2026-08-19T22:00:00+08:00,Asia/Shanghai,MS1104403060000490,(市)碧海湾地铁站 B 出入口,0.0,0.0,13,13,good,,,深圳市水务局开放平台·积涝点水位
2026-08-19T22:00:00+08:00,Asia/Shanghai,MS1104403060000505,(市)海天路地下隧道,0.0,0.0,13,13,good,22.549962987088094,113.87889692546018,深圳市水务局开放平台·积涝点水位
2026-08-19T22:00:00+08:00,Asia/Shanghai,MS1104403070000175,(市)龙平西路新秀社区公园,0.0,0.0,2,2,good,22.731009781031894,114.22605984524496,深圳市水务局开放平台·积涝点水位
2026-08-19T22:00:00+08:00,Asia/Shanghai,MS110440307000018X,(市)如意路广发银行奥林支行,0.0,0.0,13,13,good,22.697841456213258,114.19931100734046,深圳市水务局开放平台·积涝点水位
2026-08-19T22:00:00+08:00,Asia/Shanghai,MS1104403070000194,(市)龙翔大道与龙城大道交汇处,0.0,0.0,13,13,good,22.708452173199664,114.22855732448205,深圳市水务局开放平台·积涝点水位
2026-08-19T22:00:00+08:00,Asia/Shanghai,MS1104403070000209,(市)龙城大道与龙平东路交汇处,0.0,0.0,12,12,good,22.734070392016967,114.26268655089929,深圳市水务局开放平台·积涝点水位
2026-08-19T22:00:00+08:00,Asia/Shanghai,MS1104403070000213,(市)龙西中路与盐龙大道交汇处,0.0,0.0,13,13,good,22.75103177856142,114.25588661241065,深圳市水务局开放平台·积涝点水位
2026-08-19T22:00:00+08:00,Asia/Shanghai,MS1104403070000228,(市)爱南路与深汕公路交汇处,0.0,0.0,12,12,good,22.709133830928806,114.31382413715897,深圳市水务局开放平台·积涝点水位
2026-08-19T22:00:00+08:00,Asia/Shanghai,MS1104403070000232,(市)园新路与乐园路交汇处,0.0,0.0,13,13,good,22.714932425,114.3001758,深圳市水务局开放平台·积涝点水位
2026-08-19T22:00:00+08:00,Asia/Shanghai,MS1104403070000247,(市)长深高速四方埔社区,0.0,0.0,2,2,good,22.785453209312927,114.3238491191703,深圳市水务局开放平台·积涝点水位
2026-08-19T22:00:00+08:00,Asia/Shanghai,MS1104403070000251,(市)龙岗区政府,0.0,0.0,13,13,good,,,深圳市水务局开放平台·积涝点水位
2026-08-19T22:00:00+08:00,Asia/Shanghai,MS1104403070000266,(市)五和地铁站H出入口,0.0,0.0,13,13,good,,,深圳市水务局开放平台·积涝点水位
2026-08-19T22:00:00+08:00,Asia/Shanghai,MS1104403070000270,(市)长龙地铁站C2出入口,0.0,0.0,2,2,good,,,深圳市水务局开放平台·积涝点水位
2026-08-19T22:00:00+08:00,Asia/Shanghai,MS1104403070000285,(市)育贤学校、童星幼儿园,0.0,0.0,13,13,good,,,深圳市水务局开放平台·积涝点水位
2026-08-19T22:00:00+08:00,Asia/Shanghai,MS110440307000029X,(市)深圳远东妇产医院,0.0,0.0,20,20,good,,,深圳市水务局开放平台·积涝点水位
2026-08-19T22:00:00+08:00,Asia/Shanghai,MS1104403070000304,(市)英才学校,0.0,0.0,13,13,good,,,深圳市水务局开放平台·积涝点水位
2026-08-19T22:00:00+08:00,Asia/Shanghai,MS1104403070000319,(市)吉榕路桥洞,0.0,0.0,13,13,good,,,深圳市水务局开放平台·积涝点水位
2026-08-19T22:00:00+08:00,Asia/Shanghai,MS1104403070000323,(市)京南路,0.0,0.0,2,2,good,22.602818284523806,114.12130894517196,深圳市水务局开放平台·积涝点水位
2026-08-19T22:00:00+08:00,Asia/Shanghai,MS1104403070000338,(市)布澜路国芬路口,0.0,0.0,2,2,good,22.635311170786817,114.12784150313183,深圳市水务局开放平台·积涝点水位
2026-08-19T22:00:00+08:00,Asia/Shanghai,MS1104403070000342,(市)布吉站（深圳东站）,0.0,0.0,2,2,good,,,深圳市水务局开放平台·积涝点水位
2026-08-19T22:00:00+08:00,Asia/Shanghai,MS1104403080000012,(市)金融路海涛路口片区,0.0,0.0,13,13,good,22.553642038690473,114.22939035281746,深圳市水务局开放平台·积涝点水位
2026-08-19T22:00:00+08:00,Asia/Shanghai,MS1104403080000027,(市)沙头角口岸小区,0.0,0.0,13,13,good,,,深圳市水务局开放平台·积涝点水位
2026-08-19T22:00:00+08:00,Asia/Shanghai,MS1104403080000031,(市)桥东街小区,0.0,0.0,13,13,good,,,深圳市水务局开放平台·积涝点水位
2026-08-19T22:00:00+08:00,Asia/Shanghai,MS1104403090000065,(市)泗黎路凹背社区富坑社区,0.0,0.0,2,2,good,22.753687171367037,114.03385655648283,深圳市水务局开放平台·积涝点水位
2026-08-19T22:00:00+08:00,Asia/Shanghai,MS110440309000007X,(市)银星科技园,0.0,0.0,2,2,good,,,深圳市水务局开放平台·积涝点水位
2026-08-19T22:00:00+08:00,Asia/Shanghai,MS1104403090000084,(市)观光路与福前路交汇处,0.0,0.0,2,2,good,22.733179257314486,114.01274963079653,深圳市水务局开放平台·积涝点水位
2026-08-19T22:00:00+08:00,Asia/Shanghai,MS1104403090000099,(市)三联社区,0.0,0.0,13,13,good,,,深圳市水务局开放平台·积涝点水位
2026-08-19T22:00:00+08:00,Asia/Shanghai,MS1104403090000103,(市)布龙路与五和大道交汇处,0.0,0.0,13,13,good,22.646750702555874,114.02665721385576,深圳市水务局开放平台·积涝点水位
2026-08-19T22:00:00+08:00,Asia/Shanghai,MS1104403090000118,(市)新区大道深圳北站,0.0,0.0,16,16,good,22.624351465560785,114.01682556681699,深圳市水务局开放平台·积涝点水位
2026-08-19T22:00:00+08:00,Asia/Shanghai,MS1104403090000122,(市)龙华壹方成,0.0,0.0,13,13,good,,,深圳市水务局开放平台·积涝点水位
2026-08-19T22:00:00+08:00,Asia/Shanghai,MS1104403090000137,(市)昌茂二路,0.0,0.0,17,17,good,,,深圳市水务局开放平台·积涝点水位
2026-08-19T22:00:00+08:00,Asia/Shanghai,MS1104403090000141,(市)大浪新围街大船坑市场段,0.0,0.0,13,13,good,22.692058934615382,113.9964102346154,深圳市水务局开放平台·积涝点水位
2026-08-19T22:00:00+08:00,Asia/Shanghai,MS1104403100000028,(市)坪山法院门口,0.0,0.0,2,2,good,,,深圳市水务局开放平台·积涝点水位
2026-08-19T22:00:00+08:00,Asia/Shanghai,MS1104403100000032,(市)秀沙路比亚迪厂门前,0.0,0.0,13,13,good,22.767995359829058,114.39900074224022,深圳市水务局开放平台·积涝点水位
2026-08-19T22:00:00+08:00,Asia/Shanghai,MS1104403100000047,(市)群代路金泰航科技,0.01,0.01,61,61,good,,,深圳市水务局开放平台·积涝点水位
2026-08-19T22:00:00+08:00,Asia/Shanghai,MS1104403100000051,(市)三洋湖路三洋湖新区小区,0.0,0.0,13,13,good,,,深圳市水务局开放平台·积涝点水位
2026-08-19T22:00:00+08:00,Asia/Shanghai,MS1104403100000066,(市)文化中心地铁站,0.0,0.0,12,12,good,,,深圳市水务局开放平台·积涝点水位
2026-08-19T22:00:00+08:00,Asia/Shanghai,MS1104403110000597,(市)东长路外环高速长圳入口,0.0,0.0,12,12,good,22.747509018088216,113.91221411091422,深圳市水务局开放平台·积涝点水位
2026-08-19T22:00:00+08:00,Asia/Shanghai,MS1104403110000601,(市)光侨雅苑,0.0,0.0,2,2,good,,,深圳市水务局开放平台·积涝点水位
2026-08-19T22:00:00+08:00,Asia/Shanghai,MS1104403110000616,(市)同观路与汇融路交叉口,0.0,0.0,2,2,good,22.734039598507852,113.91441943299901,深圳市水务局开放平台·积涝点水位
2026-08-19T22:00:00+08:00,Asia/Shanghai,MS1104403110000620,(市)松白路松茂御城段,0.0,0.0,2,2,good,22.731110627923336,113.894856941127,深圳市水务局开放平台·积涝点水位
2026-08-19T22:00:00+08:00,Asia/Shanghai,MS1104403110000635,(市)公常路与环村路交叉口,0.0,0.0,13,13,good,22.826648407959507,113.95688701032125,深圳市水务局开放平台·积涝点水位
2026-08-19T22:00:00+08:00,Asia/Shanghai,MS110440311000064X,(市)光明区高级中学,0.0,0.0,2,2,good,,,深圳市水务局开放平台·积涝点水位
2026-08-19T22:00:00+08:00,Asia/Shanghai,MS1104403120000032,(市)大鹏液化天然气有限公司深圳接收站,0.0,0.0,13,13,good,,,深圳市水务局开放平台·积涝点水位
2026-08-19T23:00:00+08:00,Asia/Shanghai,9281192001,(市)平湖火车隧道口,0.0,0.0,18,18,good,,,深圳市水务局开放平台·积涝点水位
2026-08-19T23:00:00+08:00,Asia/Shanghai,9281192002,(市)新木路广深铁路桥底,0.0,0.0,13,13,good,22.6674177472887,114.13210195018992,深圳市水务局开放平台·积涝点水位
2026-08-19T23:00:00+08:00,Asia/Shanghai,9281192003,(市)新木路新围仔村路口,0.0,0.0,13,13,good,22.6674177472887,114.13210195018992,深圳市水务局开放平台·积涝点水位
2026-08-19T23:00:00+08:00,Asia/Shanghai,9281192004,(市)布李路富民城段,0.0,0.0,13,13,good,22.618912574166664,114.11654044833332,深圳市水务局开放平台·积涝点水位
2026-08-19T23:00:00+08:00,Asia/Shanghai,9281192005,(市)龙博路,0.01,0.01,61,61,good,22.62797037826087,114.10927237391306,深圳市水务局开放平台·积涝点水位
2026-08-19T23:00:00+08:00,Asia/Shanghai,9281192006,(市)五和大道四季花城,0.0,0.0,18,18,good,22.65976725256875,114.05975735653944,深圳市水务局开放平台·积涝点水位
2026-08-19T23:00:00+08:00,Asia/Shanghai,9281192007,(市)沙西小学至南岭万家乐段,0.0,0.0,13,13,good,,,深圳市水务局开放平台·积涝点水位
2026-08-19T23:00:00+08:00,Asia/Shanghai,9281192008,(市)南联第六工业区桥洞,0.0,0.0,13,13,good,,,深圳市水务局开放平台·积涝点水位
2026-08-19T23:00:00+08:00,Asia/Shanghai,9281192009,(市)新坡塘村新坡塘积水点,0.0,0.0,13,13,good,,,深圳市水务局开放平台·积涝点水位
2026-08-19T23:00:00+08:00,Asia/Shanghai,9281192010,(市)安良六村安业路与安居路交汇处,0.0,0.0,13,13,good,,,深圳市水务局开放平台·积涝点水位
2026-08-19T23:00:00+08:00,Asia/Shanghai,9281192011,(市)松元头,0.01,0.01,62,62,good,,,深圳市水务局开放平台·积涝点水位
2026-08-19T23:00:00+08:00,Asia/Shanghai,9281192012,(市)湖南立交,0.0,0.0,13,13,good,,,深圳市水务局开放平台·积涝点水位
2026-08-19T23:00:00+08:00,Asia/Shanghai,9281192013,(市)高背路惠盐高速桥洞积水点,0.0,0.0,13,13,good,,,深圳市水务局开放平台·积涝点水位
2026-08-19T23:00:00+08:00,Asia/Shanghai,9281192014,(市)鹤坑桥洞,0.0,0.0,13,13,good,,,深圳市水务局开放平台·积涝点水位
2026-08-19T23:00:00+08:00,Asia/Shanghai,9281192015,(市)安良社区沿河一路疏港铁路桥洞,0.0,0.0,13,13,good,22.73162335,114.107919,深圳市水务局开放平台·积涝点水位
2026-08-19T23:00:00+08:00,Asia/Shanghai,9281192016,(市)宝荷路中新加油站对面,0.0,0.0,13,13,good,22.694796752516076,114.25970116268519,深圳市水务局开放平台·积涝点水位
2026-08-19T23:00:00+08:00,Asia/Shanghai,9281192017,(市)环观南路与观平路交汇处,0.0,0.0,13,13,good,22.705673908780923,114.07279441765539,深圳市水务局开放平台·积涝点水位
2026-08-19T23:00:00+08:00,Asia/Shanghai,9281192018,(市)龙华大道库坑天桥段,0.0,0.0,12,12,good,22.669745856798677,114.03752701836405,深圳市水务局开放平台·积涝点水位
2026-08-19T23:00:00+08:00,Asia/Shanghai,9281192019,(市)福龙路高铁桥下简上段,0.0,0.0,17,17,good,22.61964472178257,114.00080097044238,深圳市水务局开放平台·积涝点水位
2026-08-19T23:00:00+08:00,Asia/Shanghai,9281192020,(市)工业路壹成中心段,0.0,0.0,13,13,good,22.648754971805,114.02570221318598,深圳市水务局开放平台·积涝点水位
2026-08-19T23:00:00+08:00,Asia/Shanghai,9281192021,(市)东环一路和平路交汇处,0.0,0.0,13,13,good,22.65040479515617,114.03284713758192,深圳市水务局开放平台·积涝点水位
2026-08-19T23:00:00+08:00,Asia/Shanghai,9281192022,(市)龙田社区大水湾,0.0,0.0,13,13,good,,,深圳市水务局开放平台·积涝点水位
2026-08-19T23:00:00+08:00,Asia/Shanghai,9281292001,(市)滨河皇岗立交桥洞,0.0,0.0,13,13,good,,,深圳市水务局开放平台·积涝点水位
2026-08-19T23:00:00+08:00,Asia/Shanghai,9281292002,(市)广深高速桥下滨海大道北侧辅道,0.01,0.01,64,64,good,22.579823080041088,114.10123773351275,深圳市水务局开放平台·积涝点水位
2026-08-19T23:00:00+08:00,Asia/Shanghai,9281292003,(市)福田区竹子林立交下穿通道,0.0,0.0,12,12,good,,,深圳市水务局开放平台·积涝点水位
2026-08-19T23:00:00+08:00,Asia/Shanghai,9281292004,(市)滨河益田立交桥洞,0.0,0.0,13,13,good,,,深圳市水务局开放平台·积涝点水位
2026-08-19T23:00:00+08:00,Asia/Shanghai,9281292005,(市)深南新洲一号立交桥洞,0.0,0.0,13,13,good,,,深圳市水务局开放平台·积涝点水位
2026-08-19T23:00:00+08:00,Asia/Shanghai,9281292006,(市)北环新洲立交东南角辅道,0.0,0.0,18,18,good,,,深圳市水务局开放平台·积涝点水位
2026-08-19T23:00:00+08:00,Asia/Shanghai,9281292007,(市)107国道新安段(裕安加油站),0.0,0.0,13,13,good,22.55254164883845,113.90816500450731,深圳市水务局开放平台·积涝点水位
2026-08-19T23:00:00+08:00,Asia/Shanghai,9281292008,洲石路鹤洲桥底（市）,0.0,0.0,12,12,good,22.651019027149744,113.88061107664711,深圳市水务局开放平台·积涝点水位
2026-08-19T23:00:00+08:00,Asia/Shanghai,9281292009,(市)帝堂路（锦程路以西段）,0.01,0.01,60,60,good,22.70987723506993,113.7784856087664,深圳市水务局开放平台·积涝点水位
2026-08-19T23:00:00+08:00,Asia/Shanghai,9281292010,(市)上星南路与中心路丽沙花都,0.0,0.0,13,13,good,22.502209013854387,113.93734688972145,深圳市水务局开放平台·积涝点水位
2026-08-19T23:00:00+08:00,Asia/Shanghai,9281292011,(市)外环路广深高速新桥立交,0.0,0.0,13,13,good,22.736379220337216,113.84591188570887,深圳市水务局开放平台·积涝点水位
2026-08-19T23:00:00+08:00,Asia/Shanghai,9281292012,(市)固戍海滨新村文昌阁,0.0,0.0,12,12,good,,,深圳市水务局开放平台·积涝点水位
2026-08-19T23:00:00+08:00,Asia/Shanghai,9281292013,(市)宝安大道固戍地铁站,0.0,0.0,13,13,good,22.64678387472509,113.8417801892837,深圳市水务局开放平台·积涝点水位
2026-08-19T23:00:00+08:00,Asia/Shanghai,9281292014,(市)G107国道南行固戍大门,0.0,0.0,13,13,good,22.55254164883845,113.90816500450731,深圳市水务局开放平台·积涝点水位
2026-08-19T23:00:00+08:00,Asia/Shanghai,9281292015,(市)东环大道松宝大道段,0.0,0.0,12,12,good,,,深圳市水务局开放平台·积涝点水位
2026-08-19T23:00:00+08:00,Asia/Shanghai,9281292016,(市)长凤路龙大高速桥底,0.0,0.0,13,13,good,22.775734215738417,113.91156092305157,深圳市水务局开放平台·积涝点水位
2026-08-19T23:00:00+08:00,Asia/Shanghai,9281292017,(市)圳美同富裕工业区,0.0,0.0,13,13,good,,,深圳市水务局开放平台·积涝点水位
2026-08-19T23:00:00+08:00,Asia/Shanghai,9281292018,(市)根玉路东方大道交汇处,0.0,0.0,13,13,good,22.763216165633853,113.85149341983029,深圳市水务局开放平台·积涝点水位
2026-08-19T23:00:00+08:00,Asia/Shanghai,9281292019,(市)上村社区龙大桥底,0.0,0.0,12,12,good,,,深圳市水务局开放平台·积涝点水位
2026-08-19T23:00:00+08:00,Asia/Shanghai,9281292020,(市)马山头社区上石家路通兴路交汇处,0.0,0.0,13,13,good,22.763999933333334,113.8915635138889,深圳市水务局开放平台·积涝点水位
2026-08-19T23:00:00+08:00,Asia/Shanghai,9281292021,(市)临海大道海关保税区,0.0,0.0,13,13,good,22.53399911521491,113.88871009435005,深圳市水务局开放平台·积涝点水位
2026-08-19T23:00:00+08:00,Asia/Shanghai,9281292022,(市)南山大道南行亿利达村段,0.0,0.0,11,11,good,22.540721694789013,113.9181638130031,深圳市水务局开放平台·积涝点水位
2026-08-19T23:00:00+08:00,Asia/Shanghai,9281292023,(市)东滨路南行华联城市山林花园段,0.0,0.0,13,13,good,22.51106546682151,113.92212734316605,深圳市水务局开放平台·积涝点水位
2026-08-19T23:00:00+08:00,Asia/Shanghai,9281292024,(市)深圳湾东滨路与中心路交叉口,0.0,0.0,13,13,good,22.51106546682151,113.92212734316605,深圳市水务局开放平台·积涝点水位
2026-08-19T23:00:00+08:00,Asia/Shanghai,MS1104403030000228,(市)红岗公园,0.0,0.0,2,2,good,,,深圳市水务局开放平台·积涝点水位
2026-08-19T23:00:00+08:00,Asia/Shanghai,MS1104403030000232,(市)沿河南路文锦路社区,0.0,0.0,17,17,good,22.550252268776845,114.11444108979862,深圳市水务局开放平台·积涝点水位
2026-08-19T23:00:00+08:00,Asia/Shanghai,MS1104403030000247,(市)深南东路黄贝岭,0.0,0.0,13,13,good,22.54661746874732,114.11811396992493,深圳市水务局开放平台·积涝点水位
2026-08-19T23:00:00+08:00,Asia/Shanghai,MS1104403030000251,(市)滨河上步立交桥,0.0,0.0,2,2,good,,,深圳市水务局开放平台·积涝点水位
2026-08-19T23:00:00+08:00,Asia/Shanghai,MS1104403030000266,(市)罗湖火车站,0.0,0.0,13,13,good,,,深圳市水务局开放平台·积涝点水位
2026-08-19T23:00:00+08:00,Asia/Shanghai,MS1104403030000270,(市)罗湖区委,0.0,0.0,2,2,good,,,深圳市水务局开放平台·积涝点水位
2026-08-19T23:00:00+08:00,Asia/Shanghai,MS1104403030000285,(市)万象城,0.0,0.0,12,12,good,,,深圳市水务局开放平台·积涝点水位
2026-08-19T23:00:00+08:00,Asia/Shanghai,MS110440303000029X,(市)洪湖地铁站D出入口,0.0,0.0,2,2,good,,,深圳市水务局开放平台·积涝点水位
2026-08-19T23:00:00+08:00,Asia/Shanghai,MS1104403030000304,(市)东湖路,0.0,0.0,5,5,good,22.582822583699635,114.1345991945055,深圳市水务局开放平台·积涝点水位
2026-08-19T23:00:00+08:00,Asia/Shanghai,MS1104403030000319,(市)桂园片区,0.0,0.0,13,13,good,,,深圳市水务局开放平台·积涝点水位
2026-08-19T23:00:00+08:00,Asia/Shanghai,MS1104403030000323,(市)晒布路与东门中路交汇处,0.0,0.0,12,12,good,22.551568716163253,114.1183832504732,深圳市水务局开放平台·积涝点水位
2026-08-19T23:00:00+08:00,Asia/Shanghai,MS1104403030000338,(市)东湖公园爱国路与太宁路路口,0.0,0.0,13,13,good,22.563633808974675,114.13329390192719,深圳市水务局开放平台·积涝点水位
2026-08-19T23:00:00+08:00,Asia/Shanghai,MS1104403030000342,(市)文锦渡口岸,0.0,0.0,2,2,good,,,深圳市水务局开放平台·积涝点水位
2026-08-19T23:00:00+08:00,Asia/Shanghai,MS1104403040000543,(市)香梅莲花路口,0.0,0.0,2,2,good,22.559401296538805,114.04793087126708,深圳市水务局开放平台·积涝点水位
2026-08-19T23:00:00+08:00,Asia/Shanghai,MS1104403040000558,(市)信托花园,0.0,0.0,13,13,good,,,深圳市水务局开放平台·积涝点水位
2026-08-19T23:00:00+08:00,Asia/Shanghai,MS1104403040000562,(市)上步红荔路口,0.0,0.0,2,2,good,22.550171284097686,114.05891535550717,深圳市水务局开放平台·积涝点水位
2026-08-19T23:00:00+08:00,Asia/Shanghai,MS1104403040000577,(市)深南皇岗立交桥与皇岗路交汇处,0.0,0.0,13,13,good,22.552167188223326,114.06774281249497,深圳市水务局开放平台·积涝点水位
2026-08-19T23:00:00+08:00,Asia/Shanghai,MS1104403040000581,(市)北环大道与梅林路交汇处,0.0,0.0,2,2,good,22.55966775704351,113.99344633894496,深圳市水务局开放平台·积涝点水位
2026-08-19T23:00:00+08:00,Asia/Shanghai,MS1104403040000596,(市)侨香路香梅社区,0.0,0.0,2,2,good,22.55158384619422,114.00624803762132,深圳市水务局开放平台·积涝点水位
2026-08-19T23:00:00+08:00,Asia/Shanghai,MS1104403040000600,(市)侨香路香安社区,0.0,0.0,2,2,good,22.55158384619422,114.00624803762132,深圳市水务局开放平台·积涝点水位
2026-08-19T23:00:00+08:00,Asia/Shanghai,MS1104403040000615,(市)市民中心,0.0,0.0,2,2,good,,,深圳市水务局开放平台·积涝点水位
2026-08-19T23:00:00+08:00,Asia/Shanghai,MS110440304000062X,(市)民田路深圳证券交易所,0.0,0.0,13,13,good,22.53903429826115,114.04781278730138,深圳市水务局开放平台·积涝点水位
2026-08-19T23:00:00+08:00,Asia/Shanghai,MS1104403040000634,(市)燃气集团股份有限公司梅林 LNG安全应急气化站,0.0,0.0,13,13,good,,,深圳市水务局开放平台·积涝点水位
2026-08-19T23:00:00+08:00,Asia/Shanghai,MS1104403040000649,(市)深南大道车公庙交通枢纽段,0.0,0.0,13,13,good,22.5420797706313,113.9753640727562,深圳市水务局开放平台·积涝点水位
2026-08-19T23:00:00+08:00,Asia/Shanghai,MS1104403050000118,(市)月亮湾大道与前湾三路交叉口,0.0,0.0,2,2,good,22.511993391395155,113.8903078293519,深圳市水务局开放平台·积涝点水位
2026-08-19T23:00:00+08:00,Asia/Shanghai,MS1104403050000122,(市)南山大道深意工业大厦段,0.0,0.0,13,13,good,22.540721694789013,113.9181638130031,深圳市水务局开放平台·积涝点水位
2026-08-19T23:00:00+08:00,Asia/Shanghai,MS1104403050000137,(市)南山大道与登良路交叉口,0.0,0.0,2,2,good,22.540721694789013,113.9181638130031,深圳市水务局开放平台·积涝点水位
2026-08-19T23:00:00+08:00,Asia/Shanghai,MS1104403050000141,(市)南新路北头豪苑,0.0,0.0,2,2,good,22.535707366852186,113.92452459612443,深圳市水务局开放平台·积涝点水位
2026-08-19T23:00:00+08:00,Asia/Shanghai,MS1104403050000156,(市)滨海大道与南山大道交叉口,0.0,0.0,2,2,good,22.579823080041088,114.10123773351275,深圳市水务局开放平台·积涝点水位
2026-08-19T23:00:00+08:00,Asia/Shanghai,MS1104403050000160,(市)桃园路与南新路交叉口,0.0,0.0,2,2,good,22.535395972003414,113.91852837514443,深圳市水务局开放平台·积涝点水位
2026-08-19T23:00:00+08:00,Asia/Shanghai,MS1104403050000175,(市)后海大道与登良路交叉口,0.0,0.0,13,13,good,22.51179221810604,113.92884393579894,深圳市水务局开放平台·积涝点水位
2026-08-19T23:00:00+08:00,Asia/Shanghai,MS110440305000018X,(市)后海大道港湾创业大厦,0.0,0.0,13,13,good,22.51179221810604,113.92884393579894,深圳市水务局开放平台·积涝点水位
2026-08-19T23:00:00+08:00,Asia/Shanghai,MS1104403050000194,(市)深南大道高新园地铁 AD 口,0.0,0.0,13,13,good,22.5420797706313,113.9753640727562,深圳市水务局开放平台·积涝点水位
2026-08-19T23:00:00+08:00,Asia/Shanghai,MS1104403050000209,(市)深圳湾口岸,0.0,0.0,2,2,good,,,深圳市水务局开放平台·积涝点水位
2026-08-19T23:00:00+08:00,Asia/Shanghai,MS1104403050000213,(市)前湾公园地铁站 A 出入口,0.0,0.0,13,13,good,,,深圳市水务局开放平台·积涝点水位
2026-08-19T23:00:00+08:00,Asia/Shanghai,MS1104403050000228,(市)粤海门地铁站 D2 出入口,0.0,0.0,13,13,good,,,深圳市水务局开放平台·积涝点水位
2026-08-19T23:00:00+08:00,Asia/Shanghai,MS1104403050000232,(市)桂庙路地下道路,0.0,0.0,13,13,good,22.52643977555155,113.91686609460196,深圳市水务局开放平台·积涝点水位
2026-08-19T23:00:00+08:00,Asia/Shanghai,MS1104403050000247,(市)国家超级计算深圳中心,0.0,0.0,16,16,good,,,深圳市水务局开放平台·积涝点水位
2026-08-19T23:00:00+08:00,Asia/Shanghai,MS110440306000029X,(市)辛养旧村辛居路,0.0,0.0,2,2,good,,,深圳市水务局开放平台·积涝点水位
2026-08-19T23:00:00+08:00,Asia/Shanghai,MS1104403060000304,(市)山门第三工业区,0.0,0.0,2,2,good,,,深圳市水务局开放平台·积涝点水位
2026-08-19T23:00:00+08:00,Asia/Shanghai,MS1104403060000319,(市)前进一路上川路口,0.0,0.0,13,13,good,22.57118007860348,113.90008995469552,深圳市水务局开放平台·积涝点水位
2026-08-19T23:00:00+08:00,Asia/Shanghai,MS1104403060000323,(市)洪浪北地铁站,0.0,0.0,12,12,good,,,深圳市水务局开放平台·积涝点水位
2026-08-19T23:00:00+08:00,Asia/Shanghai,MS1104403060000338,(市)东风幼儿园,0.0,0.0,2,2,good,,,深圳市水务局开放平台·积涝点水位
2026-08-19T23:00:00+08:00,Asia/Shanghai,MS1104403060000342,(市)海乐41区,0.0,0.0,2,2,good,,,深圳市水务局开放平台·积涝点水位
2026-08-19T23:00:00+08:00,Asia/Shanghai,MS1104403060000357,(市)前进二路,0.0,0.0,2,2,good,22.597482662679273,113.87435005513986,深圳市水务局开放平台·积涝点水位
2026-08-19T23:00:00+08:00,Asia/Shanghai,MS1104403060000361,(市)园岭商场,0.0,0.0,13,13,good,,,深圳市水务局开放平台·积涝点水位
2026-08-19T23:00:00+08:00,Asia/Shanghai,MS1104403060000376,(市)新圳西路万佳商场段,0.0,0.0,5,5,good,22.56349644,113.89998969999999,深圳市水务局开放平台·积涝点水位
2026-08-19T23:00:00+08:00,Asia/Shanghai,MS1104403060000380,(市)北环路与爱群路路口,0.0,0.0,13,13,good,22.79634568700108,114.39897783430258,深圳市水务局开放平台·积涝点水位
2026-08-19T23:00:00+08:00,Asia/Shanghai,MS1104403060000395,(市)宝安区幸福路与恒珠一路,0.0,0.0,2,2,good,,,深圳市水务局开放平台·积涝点水位
2026-08-19T23:00:00+08:00,Asia/Shanghai,MS110440306000040X,(市)宝安区勋业街,0.0,0.0,2,2,good,,,深圳市水务局开放平台·积涝点水位
2026-08-19T23:00:00+08:00,Asia/Shanghai,MS1104403060000414,(市)宝安区福和路西六巷,0.0,0.0,13,13,good,22.75496986065163,113.7975587837876,深圳市水务局开放平台·积涝点水位
2026-08-19T23:00:00+08:00,Asia/Shanghai,MS1104403060000429,(市)民福路与创新路交叉口,0.0,0.0,13,13,good,22.77931941488889,113.82386091368804,深圳市水务局开放平台·积涝点水位
2026-08-19T23:00:00+08:00,Asia/Shanghai,MS1104403060000433,(市)金沙二路与民福路交叉口,0.0,0.0,2,2,good,22.731531574999998,113.800096525,深圳市水务局开放平台·积涝点水位
2026-08-19T23:00:00+08:00,Asia/Shanghai,MS1104403060000448,(市)宝安区沙井西环路正科时代,0.0,0.0,2,2,good,22.658437552805964,113.96411546099013,深圳市水务局开放平台·积涝点水位
2026-08-19T23:00:00+08:00,Asia/Shanghai,MS1104403060000452,(市)宝源路固戍海滨公园,0.0,0.0,13,13,good,22.58668431255461,113.84584894450396,深圳市水务局开放平台·积涝点水位
2026-08-19T23:00:00+08:00,Asia/Shanghai,MS1104403060000467,(市)海雅缤纷城,0.0047,0.01,32,32,good,,,深圳市水务局开放平台·积涝点水位
2026-08-19T23:00:00+08:00,Asia/Shanghai,MS1104403060000471,(市)万达广场,0.0,0.0,2,2,good,,,深圳市水务局开放平台·积涝点水位
2026-08-19T23:00:00+08:00,Asia/Shanghai,MS1104403060000486,(市)固戍地铁站 A/F 出入口,0.0,0.0,12,12,good,,,深圳市水务局开放平台·积涝点水位
2026-08-19T23:00:00+08:00,Asia/Shanghai,MS1104403060000490,(市)碧海湾地铁站 B 出入口,0.0,0.0,13,13,good,,,深圳市水务局开放平台·积涝点水位
2026-08-19T23:00:00+08:00,Asia/Shanghai,MS1104403060000505,(市)海天路地下隧道,0.0,0.0,14,14,good,22.549962987088094,113.87889692546018,深圳市水务局开放平台·积涝点水位
2026-08-19T23:00:00+08:00,Asia/Shanghai,MS1104403070000175,(市)龙平西路新秀社区公园,0.0,0.0,2,2,good,22.731009781031894,114.22605984524496,深圳市水务局开放平台·积涝点水位
2026-08-19T23:00:00+08:00,Asia/Shanghai,MS110440307000018X,(市)如意路广发银行奥林支行,0.0,0.0,13,13,good,22.697841456213258,114.19931100734046,深圳市水务局开放平台·积涝点水位
2026-08-19T23:00:00+08:00,Asia/Shanghai,MS1104403070000194,(市)龙翔大道与龙城大道交汇处,0.0,0.0,12,12,good,22.708452173199664,114.22855732448205,深圳市水务局开放平台·积涝点水位
2026-08-19T23:00:00+08:00,Asia/Shanghai,MS1104403070000209,(市)龙城大道与龙平东路交汇处,0.0,0.0,12,12,good,22.734070392016967,114.26268655089929,深圳市水务局开放平台·积涝点水位
2026-08-19T23:00:00+08:00,Asia/Shanghai,MS1104403070000213,(市)龙西中路与盐龙大道交汇处,0.0,0.0,12,12,good,22.75103177856142,114.25588661241065,深圳市水务局开放平台·积涝点水位
2026-08-19T23:00:00+08:00,Asia/Shanghai,MS1104403070000228,(市)爱南路与深汕公路交汇处,0.0,0.0,13,13,good,22.709133830928806,114.31382413715897,深圳市水务局开放平台·积涝点水位
2026-08-19T23:00:00+08:00,Asia/Shanghai,MS1104403070000232,(市)园新路与乐园路交汇处,0.0,0.0,13,13,good,22.714932425,114.3001758,深圳市水务局开放平台·积涝点水位
2026-08-19T23:00:00+08:00,Asia/Shanghai,MS1104403070000247,(市)长深高速四方埔社区,0.0,0.0,2,2,good,22.785453209312927,114.3238491191703,深圳市水务局开放平台·积涝点水位
2026-08-19T23:00:00+08:00,Asia/Shanghai,MS1104403070000251,(市)龙岗区政府,0.0,0.0,13,13,good,,,深圳市水务局开放平台·积涝点水位
2026-08-19T23:00:00+08:00,Asia/Shanghai,MS1104403070000266,(市)五和地铁站H出入口,0.0,0.0,15,15,good,,,深圳市水务局开放平台·积涝点水位
2026-08-19T23:00:00+08:00,Asia/Shanghai,MS1104403070000270,(市)长龙地铁站C2出入口,0.0,0.0,2,2,good,,,深圳市水务局开放平台·积涝点水位
2026-08-19T23:00:00+08:00,Asia/Shanghai,MS1104403070000285,(市)育贤学校、童星幼儿园,0.0,0.0,13,13,good,,,深圳市水务局开放平台·积涝点水位
2026-08-19T23:00:00+08:00,Asia/Shanghai,MS110440307000029X,(市)深圳远东妇产医院,0.0,0.0,8,8,good,,,深圳市水务局开放平台·积涝点水位
2026-08-19T23:00:00+08:00,Asia/Shanghai,MS1104403070000304,(市)英才学校,0.0,0.0,13,13,good,,,深圳市水务局开放平台·积涝点水位
2026-08-19T23:00:00+08:00,Asia/Shanghai,MS1104403070000319,(市)吉榕路桥洞,0.0,0.0,13,13,good,,,深圳市水务局开放平台·积涝点水位
2026-08-19T23:00:00+08:00,Asia/Shanghai,MS1104403070000323,(市)京南路,0.0,0.0,2,2,good,22.602818284523806,114.12130894517196,深圳市水务局开放平台·积涝点水位
2026-08-19T23:00:00+08:00,Asia/Shanghai,MS1104403070000338,(市)布澜路国芬路口,0.0,0.0,2,2,good,22.635311170786817,114.12784150313183,深圳市水务局开放平台·积涝点水位
2026-08-19T23:00:00+08:00,Asia/Shanghai,MS1104403070000342,(市)布吉站（深圳东站）,0.0,0.0,2,2,good,,,深圳市水务局开放平台·积涝点水位
2026-08-19T23:00:00+08:00,Asia/Shanghai,MS1104403080000012,(市)金融路海涛路口片区,0.0,0.0,13,13,good,22.553642038690473,114.22939035281746,深圳市水务局开放平台·积涝点水位
2026-08-19T23:00:00+08:00,Asia/Shanghai,MS1104403080000027,(市)沙头角口岸小区,0.0,0.0,13,13,good,,,深圳市水务局开放平台·积涝点水位
2026-08-19T23:00:00+08:00,Asia/Shanghai,MS1104403080000031,(市)桥东街小区,0.0,0.0,13,13,good,,,深圳市水务局开放平台·积涝点水位
2026-08-19T23:00:00+08:00,Asia/Shanghai,MS1104403090000065,(市)泗黎路凹背社区富坑社区,0.0,0.0,2,2,good,22.753687171367037,114.03385655648283,深圳市水务局开放平台·积涝点水位
2026-08-19T23:00:00+08:00,Asia/Shanghai,MS110440309000007X,(市)银星科技园,0.0,0.0,3,3,good,,,深圳市水务局开放平台·积涝点水位
2026-08-19T23:00:00+08:00,Asia/Shanghai,MS1104403090000084,(市)观光路与福前路交汇处,0.0,0.0,2,2,good,22.733179257314486,114.01274963079653,深圳市水务局开放平台·积涝点水位
2026-08-19T23:00:00+08:00,Asia/Shanghai,MS1104403090000099,(市)三联社区,0.0,0.0,13,13,good,,,深圳市水务局开放平台·积涝点水位
2026-08-19T23:00:00+08:00,Asia/Shanghai,MS1104403090000103,(市)布龙路与五和大道交汇处,0.0,0.0,13,13,good,22.646750702555874,114.02665721385576,深圳市水务局开放平台·积涝点水位
2026-08-19T23:00:00+08:00,Asia/Shanghai,MS1104403090000118,(市)新区大道深圳北站,0.0,0.0,13,13,good,22.624351465560785,114.01682556681699,深圳市水务局开放平台·积涝点水位
2026-08-19T23:00:00+08:00,Asia/Shanghai,MS1104403090000122,(市)龙华壹方成,0.0,0.0,13,13,good,,,深圳市水务局开放平台·积涝点水位
2026-08-19T23:00:00+08:00,Asia/Shanghai,MS1104403090000137,(市)昌茂二路,0.0,0.0,16,16,good,,,深圳市水务局开放平台·积涝点水位
2026-08-19T23:00:00+08:00,Asia/Shanghai,MS1104403090000141,(市)大浪新围街大船坑市场段,0.0,0.0,13,13,good,22.692058934615382,113.9964102346154,深圳市水务局开放平台·积涝点水位
2026-08-19T23:00:00+08:00,Asia/Shanghai,MS1104403100000028,(市)坪山法院门口,0.0,0.0,2,2,good,,,深圳市水务局开放平台·积涝点水位
2026-08-19T23:00:00+08:00,Asia/Shanghai,MS1104403100000032,(市)秀沙路比亚迪厂门前,0.0,0.0,13,13,good,22.767995359829058,114.39900074224022,深圳市水务局开放平台·积涝点水位
2026-08-19T23:00:00+08:00,Asia/Shanghai,MS1104403100000047,(市)群代路金泰航科技,0.01,0.01,60,60,good,,,深圳市水务局开放平台·积涝点水位
2026-08-19T23:00:00+08:00,Asia/Shanghai,MS1104403100000051,(市)三洋湖路三洋湖新区小区,0.0,0.0,13,13,good,,,深圳市水务局开放平台·积涝点水位
2026-08-19T23:00:00+08:00,Asia/Shanghai,MS1104403100000066,(市)文化中心地铁站,0.0,0.0,12,12,good,,,深圳市水务局开放平台·积涝点水位
2026-08-19T23:00:00+08:00,Asia/Shanghai,MS1104403110000597,(市)东长路外环高速长圳入口,0.0,0.0,13,13,good,22.747509018088216,113.91221411091422,深圳市水务局开放平台·积涝点水位
2026-08-19T23:00:00+08:00,Asia/Shanghai,MS1104403110000601,(市)光侨雅苑,0.0,0.0,2,2,good,,,深圳市水务局开放平台·积涝点水位
2026-08-19T23:00:00+08:00,Asia/Shanghai,MS1104403110000616,(市)同观路与汇融路交叉口,0.0,0.0,2,2,good,22.734039598507852,113.91441943299901,深圳市水务局开放平台·积涝点水位
2026-08-19T23:00:00+08:00,Asia/Shanghai,MS1104403110000620,(市)松白路松茂御城段,0.0,0.0,2,2,good,22.731110627923336,113.894856941127,深圳市水务局开放平台·积涝点水位
2026-08-19T23:00:00+08:00,Asia/Shanghai,MS1104403110000635,(市)公常路与环村路交叉口,0.0,0.0,13,13,good,22.826648407959507,113.95688701032125,深圳市水务局开放平台·积涝点水位
2026-08-19T23:00:00+08:00,Asia/Shanghai,MS110440311000064X,(市)光明区高级中学,0.0,0.0,2,2,good,,,深圳市水务局开放平台·积涝点水位
2026-08-19T23:00:00+08:00,Asia/Shanghai,MS1104403120000032,(市)大鹏液化天然气有限公司深圳接收站,0.0,0.0,13,13,good,,,深圳市水务局开放平台·积涝点水位
2026-08-20T00:00:00+08:00,Asia/Shanghai,9281192001,(市)平湖火车隧道口,0.0,0.0,11,11,good,,,深圳市水务局开放平台·积涝点水位
2026-08-20T00:00:00+08:00,Asia/Shanghai,9281192002,(市)新木路广深铁路桥底,0.0,0.0,12,12,good,22.6674177472887,114.13210195018992,深圳市水务局开放平台·积涝点水位
2026-08-20T00:00:00+08:00,Asia/Shanghai,9281192003,(市)新木路新围仔村路口,0.0,0.0,13,13,good,22.6674177472887,114.13210195018992,深圳市水务局开放平台·积涝点水位
2026-08-20T00:00:00+08:00,Asia/Shanghai,9281192004,(市)布李路富民城段,0.0,0.0,13,13,good,22.618912574166664,114.11654044833332,深圳市水务局开放平台·积涝点水位
2026-08-20T00:00:00+08:00,Asia/Shanghai,9281192005,(市)龙博路,0.01,0.01,61,61,good,22.62797037826087,114.10927237391306,深圳市水务局开放平台·积涝点水位
2026-08-20T00:00:00+08:00,Asia/Shanghai,9281192006,(市)五和大道四季花城,0.0,0.0,13,13,good,22.65976725256875,114.05975735653944,深圳市水务局开放平台·积涝点水位
2026-08-20T00:00:00+08:00,Asia/Shanghai,9281192007,(市)沙西小学至南岭万家乐段,0.0,0.0,13,13,good,,,深圳市水务局开放平台·积涝点水位
2026-08-20T00:00:00+08:00,Asia/Shanghai,9281192008,(市)南联第六工业区桥洞,0.0,0.0,13,13,good,,,深圳市水务局开放平台·积涝点水位
2026-08-20T00:00:00+08:00,Asia/Shanghai,9281192009,(市)新坡塘村新坡塘积水点,0.0,0.0,12,12,good,,,深圳市水务局开放平台·积涝点水位
2026-08-20T00:00:00+08:00,Asia/Shanghai,9281192010,(市)安良六村安业路与安居路交汇处,0.0,0.0,13,13,good,,,深圳市水务局开放平台·积涝点水位
2026-08-20T00:00:00+08:00,Asia/Shanghai,9281192011,(市)松元头,0.01,0.01,61,61,good,,,深圳市水务局开放平台·积涝点水位
2026-08-20T00:00:00+08:00,Asia/Shanghai,9281192012,(市)湖南立交,0.0,0.0,11,11,good,,,深圳市水务局开放平台·积涝点水位
2026-08-20T00:00:00+08:00,Asia/Shanghai,9281192013,(市)高背路惠盐高速桥洞积水点,0.0,0.0,13,13,good,,,深圳市水务局开放平台·积涝点水位
2026-08-20T00:00:00+08:00,Asia/Shanghai,9281192014,(市)鹤坑桥洞,0.0,0.0,13,13,good,,,深圳市水务局开放平台·积涝点水位
2026-08-20T00:00:00+08:00,Asia/Shanghai,9281192015,(市)安良社区沿河一路疏港铁路桥洞,0.0,0.0,13,13,good,22.73162335,114.107919,深圳市水务局开放平台·积涝点水位
2026-08-20T00:00:00+08:00,Asia/Shanghai,9281192016,(市)宝荷路中新加油站对面,0.0,0.0,13,13,good,22.694796752516076,114.25970116268519,深圳市水务局开放平台·积涝点水位
2026-08-20T00:00:00+08:00,Asia/Shanghai,9281192017,(市)环观南路与观平路交汇处,0.0,0.0,13,13,good,22.705673908780923,114.07279441765539,深圳市水务局开放平台·积涝点水位
2026-08-20T00:00:00+08:00,Asia/Shanghai,9281192018,(市)龙华大道库坑天桥段,0.0,0.0,13,13,good,22.669745856798677,114.03752701836405,深圳市水务局开放平台·积涝点水位
2026-08-20T00:00:00+08:00,Asia/Shanghai,9281192019,(市)福龙路高铁桥下简上段,0.0,0.0,13,13,good,22.61964472178257,114.00080097044238,深圳市水务局开放平台·积涝点水位
2026-08-20T00:00:00+08:00,Asia/Shanghai,9281192020,(市)工业路壹成中心段,0.0,0.0,13,13,good,22.648754971805,114.02570221318598,深圳市水务局开放平台·积涝点水位
2026-08-20T00:00:00+08:00,Asia/Shanghai,9281192021,(市)东环一路和平路交汇处,0.0,0.0,12,12,good,22.65040479515617,114.03284713758192,深圳市水务局开放平台·积涝点水位
2026-08-20T00:00:00+08:00,Asia/Shanghai,9281192022,(市)龙田社区大水湾,0.0,0.0,13,13,good,,,深圳市水务局开放平台·积涝点水位
2026-08-20T00:00:00+08:00,Asia/Shanghai,9281292001,(市)滨河皇岗立交桥洞,0.0,0.0,13,13,good,,,深圳市水务局开放平台·积涝点水位
2026-08-20T00:00:00+08:00,Asia/Shanghai,9281292002,(市)广深高速桥下滨海大道北侧辅道,0.01,0.01,63,63,good,22.579823080041088,114.10123773351275,深圳市水务局开放平台·积涝点水位
2026-08-20T00:00:00+08:00,Asia/Shanghai,9281292003,(市)福田区竹子林立交下穿通道,0.0,0.0,13,13,good,,,深圳市水务局开放平台·积涝点水位
2026-08-20T00:00:00+08:00,Asia/Shanghai,9281292004,(市)滨河益田立交桥洞,0.0,0.0,12,12,good,,,深圳市水务局开放平台·积涝点水位
2026-08-20T00:00:00+08:00,Asia/Shanghai,9281292005,(市)深南新洲一号立交桥洞,0.0,0.0,12,12,good,,,深圳市水务局开放平台·积涝点水位
2026-08-20T00:00:00+08:00,Asia/Shanghai,9281292006,(市)北环新洲立交东南角辅道,0.0,0.0,13,13,good,,,深圳市水务局开放平台·积涝点水位
2026-08-20T00:00:00+08:00,Asia/Shanghai,9281292007,(市)107国道新安段(裕安加油站),0.0,0.0,13,13,good,22.55254164883845,113.90816500450731,深圳市水务局开放平台·积涝点水位
2026-08-20T00:00:00+08:00,Asia/Shanghai,9281292008,洲石路鹤洲桥底（市）,0.0,0.0,13,13,good,22.651019027149744,113.88061107664711,深圳市水务局开放平台·积涝点水位
2026-08-20T00:00:00+08:00,Asia/Shanghai,9281292009,(市)帝堂路（锦程路以西段）,0.01,0.01,57,57,good,22.70987723506993,113.7784856087664,深圳市水务局开放平台·积涝点水位
2026-08-20T00:00:00+08:00,Asia/Shanghai,9281292010,(市)上星南路与中心路丽沙花都,0.0,0.0,13,13,good,22.502209013854387,113.93734688972145,深圳市水务局开放平台·积涝点水位
2026-08-20T00:00:00+08:00,Asia/Shanghai,9281292011,(市)外环路广深高速新桥立交,0.0,0.0,11,11,good,22.736379220337216,113.84591188570887,深圳市水务局开放平台·积涝点水位
2026-08-20T00:00:00+08:00,Asia/Shanghai,9281292012,(市)固戍海滨新村文昌阁,0.0,0.0,13,13,good,,,深圳市水务局开放平台·积涝点水位
2026-08-20T00:00:00+08:00,Asia/Shanghai,9281292013,(市)宝安大道固戍地铁站,0.0,0.0,13,13,good,22.64678387472509,113.8417801892837,深圳市水务局开放平台·积涝点水位
2026-08-20T00:00:00+08:00,Asia/Shanghai,9281292014,(市)G107国道南行固戍大门,0.0,0.0,13,13,good,22.55254164883845,113.90816500450731,深圳市水务局开放平台·积涝点水位
2026-08-20T00:00:00+08:00,Asia/Shanghai,9281292015,(市)东环大道松宝大道段,0.0,0.0,13,13,good,,,深圳市水务局开放平台·积涝点水位
2026-08-20T00:00:00+08:00,Asia/Shanghai,9281292016,(市)长凤路龙大高速桥底,0.0,0.0,13,13,good,22.775734215738417,113.91156092305157,深圳市水务局开放平台·积涝点水位
2026-08-20T00:00:00+08:00,Asia/Shanghai,9281292017,(市)圳美同富裕工业区,0.0,0.0,13,13,good,,,深圳市水务局开放平台·积涝点水位
2026-08-20T00:00:00+08:00,Asia/Shanghai,9281292018,(市)根玉路东方大道交汇处,0.0,0.0,13,13,good,22.763216165633853,113.85149341983029,深圳市水务局开放平台·积涝点水位
2026-08-20T00:00:00+08:00,Asia/Shanghai,9281292019,(市)上村社区龙大桥底,0.0,0.0,13,13,good,,,深圳市水务局开放平台·积涝点水位
2026-08-20T00:00:00+08:00,Asia/Shanghai,9281292020,(市)马山头社区上石家路通兴路交汇处,0.0,0.0,13,13,good,22.763999933333334,113.8915635138889,深圳市水务局开放平台·积涝点水位
2026-08-20T00:00:00+08:00,Asia/Shanghai,9281292021,(市)临海大道海关保税区,0.0,0.0,13,13,good,22.53399911521491,113.88871009435005,深圳市水务局开放平台·积涝点水位
2026-08-20T00:00:00+08:00,Asia/Shanghai,9281292022,(市)南山大道南行亿利达村段,0.0,0.0,13,13,good,22.540721694789013,113.9181638130031,深圳市水务局开放平台·积涝点水位
2026-08-20T00:00:00+08:00,Asia/Shanghai,9281292023,(市)东滨路南行华联城市山林花园段,0.0,0.0,13,13,good,22.51106546682151,113.92212734316605,深圳市水务局开放平台·积涝点水位
2026-08-20T00:00:00+08:00,Asia/Shanghai,9281292024,(市)深圳湾东滨路与中心路交叉口,0.0,0.0,12,12,good,22.51106546682151,113.92212734316605,深圳市水务局开放平台·积涝点水位
2026-08-20T00:00:00+08:00,Asia/Shanghai,MS1104403030000228,(市)红岗公园,0.0,0.0,2,2,good,,,深圳市水务局开放平台·积涝点水位
2026-08-20T00:00:00+08:00,Asia/Shanghai,MS1104403030000232,(市)沿河南路文锦路社区,0.0,0.0,17,17,good,22.550252268776845,114.11444108979862,深圳市水务局开放平台·积涝点水位
2026-08-20T00:00:00+08:00,Asia/Shanghai,MS1104403030000247,(市)深南东路黄贝岭,0.0,0.0,13,13,good,22.54661746874732,114.11811396992493,深圳市水务局开放平台·积涝点水位
2026-08-20T00:00:00+08:00,Asia/Shanghai,MS1104403030000251,(市)滨河上步立交桥,0.0,0.0,2,2,good,,,深圳市水务局开放平台·积涝点水位
2026-08-20T00:00:00+08:00,Asia/Shanghai,MS1104403030000266,(市)罗湖火车站,0.0,0.0,12,12,good,,,深圳市水务局开放平台·积涝点水位
2026-08-20T00:00:00+08:00,Asia/Shanghai,MS1104403030000270,(市)罗湖区委,0.0,0.0,2,2,good,,,深圳市水务局开放平台·积涝点水位
2026-08-20T00:00:00+08:00,Asia/Shanghai,MS1104403030000285,(市)万象城,0.0,0.0,13,13,good,,,深圳市水务局开放平台·积涝点水位
2026-08-20T00:00:00+08:00,Asia/Shanghai,MS110440303000029X,(市)洪湖地铁站D出入口,0.0,0.0,2,2,good,,,深圳市水务局开放平台·积涝点水位
2026-08-20T00:00:00+08:00,Asia/Shanghai,MS1104403030000304,(市)东湖路,0.0,0.0,5,5,good,22.582822583699635,114.1345991945055,深圳市水务局开放平台·积涝点水位
2026-08-20T00:00:00+08:00,Asia/Shanghai,MS1104403030000319,(市)桂园片区,0.0,0.0,13,13,good,,,深圳市水务局开放平台·积涝点水位
2026-08-20T00:00:00+08:00,Asia/Shanghai,MS1104403030000323,(市)晒布路与东门中路交汇处,0.0,0.0,13,13,good,22.551568716163253,114.1183832504732,深圳市水务局开放平台·积涝点水位
2026-08-20T00:00:00+08:00,Asia/Shanghai,MS1104403030000338,(市)东湖公园爱国路与太宁路路口,0.0,0.0,13,13,good,22.563633808974675,114.13329390192719,深圳市水务局开放平台·积涝点水位
2026-08-20T00:00:00+08:00,Asia/Shanghai,MS1104403030000342,(市)文锦渡口岸,0.0,0.0,2,2,good,,,深圳市水务局开放平台·积涝点水位
2026-08-20T00:00:00+08:00,Asia/Shanghai,MS1104403040000543,(市)香梅莲花路口,0.0,0.0,2,2,good,22.559401296538805,114.04793087126708,深圳市水务局开放平台·积涝点水位
2026-08-20T00:00:00+08:00,Asia/Shanghai,MS1104403040000558,(市)信托花园,0.0,0.0,13,13,good,,,深圳市水务局开放平台·积涝点水位
2026-08-20T00:00:00+08:00,Asia/Shanghai,MS1104403040000562,(市)上步红荔路口,0.0,0.0,2,2,good,22.550171284097686,114.05891535550717,深圳市水务局开放平台·积涝点水位
2026-08-20T00:00:00+08:00,Asia/Shanghai,MS1104403040000577,(市)深南皇岗立交桥与皇岗路交汇处,0.0,0.0,13,13,good,22.552167188223326,114.06774281249497,深圳市水务局开放平台·积涝点水位
2026-08-20T00:00:00+08:00,Asia/Shanghai,MS1104403040000581,(市)北环大道与梅林路交汇处,0.0,0.0,2,2,good,22.55966775704351,113.99344633894496,深圳市水务局开放平台·积涝点水位
2026-08-20T00:00:00+08:00,Asia/Shanghai,MS1104403040000596,(市)侨香路香梅社区,0.0,0.0,2,2,good,22.55158384619422,114.00624803762132,深圳市水务局开放平台·积涝点水位
2026-08-20T00:00:00+08:00,Asia/Shanghai,MS1104403040000600,(市)侨香路香安社区,0.0,0.0,2,2,good,22.55158384619422,114.00624803762132,深圳市水务局开放平台·积涝点水位
2026-08-20T00:00:00+08:00,Asia/Shanghai,MS1104403040000615,(市)市民中心,0.0,0.0,2,2,good,,,深圳市水务局开放平台·积涝点水位
2026-08-20T00:00:00+08:00,Asia/Shanghai,MS110440304000062X,(市)民田路深圳证券交易所,0.0,0.0,12,12,good,22.53903429826115,114.04781278730138,深圳市水务局开放平台·积涝点水位
2026-08-20T00:00:00+08:00,Asia/Shanghai,MS1104403040000634,(市)燃气集团股份有限公司梅林 LNG安全应急气化站,0.0,0.0,13,13,good,,,深圳市水务局开放平台·积涝点水位
2026-08-20T00:00:00+08:00,Asia/Shanghai,MS1104403040000649,(市)深南大道车公庙交通枢纽段,0.0,0.0,13,13,good,22.5420797706313,113.9753640727562,深圳市水务局开放平台·积涝点水位
2026-08-20T00:00:00+08:00,Asia/Shanghai,MS1104403050000118,(市)月亮湾大道与前湾三路交叉口,0.0,0.0,2,2,good,22.511993391395155,113.8903078293519,深圳市水务局开放平台·积涝点水位
2026-08-20T00:00:00+08:00,Asia/Shanghai,MS1104403050000122,(市)南山大道深意工业大厦段,0.0,0.0,13,13,good,22.540721694789013,113.9181638130031,深圳市水务局开放平台·积涝点水位
2026-08-20T00:00:00+08:00,Asia/Shanghai,MS1104403050000137,(市)南山大道与登良路交叉口,0.0,0.0,2,2,good,22.540721694789013,113.9181638130031,深圳市水务局开放平台·积涝点水位
2026-08-20T00:00:00+08:00,Asia/Shanghai,MS1104403050000141,(市)南新路北头豪苑,0.0,0.0,2,2,good,22.535707366852186,113.92452459612443,深圳市水务局开放平台·积涝点水位
2026-08-20T00:00:00+08:00,Asia/Shanghai,MS1104403050000156,(市)滨海大道与南山大道交叉口,0.0,0.0,2,2,good,22.579823080041088,114.10123773351275,深圳市水务局开放平台·积涝点水位
2026-08-20T00:00:00+08:00,Asia/Shanghai,MS1104403050000160,(市)桃园路与南新路交叉口,0.0,0.0,2,2,good,22.535395972003414,113.91852837514443,深圳市水务局开放平台·积涝点水位
2026-08-20T00:00:00+08:00,Asia/Shanghai,MS1104403050000175,(市)后海大道与登良路交叉口,0.0,0.0,16,16,good,22.51179221810604,113.92884393579894,深圳市水务局开放平台·积涝点水位
2026-08-20T00:00:00+08:00,Asia/Shanghai,MS110440305000018X,(市)后海大道港湾创业大厦,0.0,0.0,12,12,good,22.51179221810604,113.92884393579894,深圳市水务局开放平台·积涝点水位
2026-08-20T00:00:00+08:00,Asia/Shanghai,MS1104403050000194,(市)深南大道高新园地铁 AD 口,0.0,0.0,13,13,good,22.5420797706313,113.9753640727562,深圳市水务局开放平台·积涝点水位
2026-08-20T00:00:00+08:00,Asia/Shanghai,MS1104403050000209,(市)深圳湾口岸,0.0,0.0,2,2,good,,,深圳市水务局开放平台·积涝点水位
2026-08-20T00:00:00+08:00,Asia/Shanghai,MS1104403050000213,(市)前湾公园地铁站 A 出入口,0.0,0.0,13,13,good,,,深圳市水务局开放平台·积涝点水位
2026-08-20T00:00:00+08:00,Asia/Shanghai,MS1104403050000228,(市)粤海门地铁站 D2 出入口,0.0,0.0,13,13,good,,,深圳市水务局开放平台·积涝点水位
2026-08-20T00:00:00+08:00,Asia/Shanghai,MS1104403050000232,(市)桂庙路地下道路,0.0,0.0,13,13,good,22.52643977555155,113.91686609460196,深圳市水务局开放平台·积涝点水位
2026-08-20T00:00:00+08:00,Asia/Shanghai,MS1104403050000247,(市)国家超级计算深圳中心,0.0,0.0,12,12,good,,,深圳市水务局开放平台·积涝点水位
2026-08-20T00:00:00+08:00,Asia/Shanghai,MS110440306000029X,(市)辛养旧村辛居路,0.0,0.0,2,2,good,,,深圳市水务局开放平台·积涝点水位
2026-08-20T00:00:00+08:00,Asia/Shanghai,MS1104403060000304,(市)山门第三工业区,0.0,0.0,2,2,good,,,深圳市水务局开放平台·积涝点水位
2026-08-20T00:00:00+08:00,Asia/Shanghai,MS1104403060000319,(市)前进一路上川路口,0.0,0.0,13,13,good,22.57118007860348,113.90008995469552,深圳市水务局开放平台·积涝点水位
2026-08-20T00:00:00+08:00,Asia/Shanghai,MS1104403060000323,(市)洪浪北地铁站,0.0,0.0,13,13,good,,,深圳市水务局开放平台·积涝点水位
2026-08-20T00:00:00+08:00,Asia/Shanghai,MS1104403060000338,(市)东风幼儿园,0.0,0.0,2,2,good,,,深圳市水务局开放平台·积涝点水位
2026-08-20T00:00:00+08:00,Asia/Shanghai,MS1104403060000342,(市)海乐41区,0.0,0.0,2,2,good,,,深圳市水务局开放平台·积涝点水位
2026-08-20T00:00:00+08:00,Asia/Shanghai,MS1104403060000357,(市)前进二路,0.0,0.0,2,2,good,22.597482662679273,113.87435005513986,深圳市水务局开放平台·积涝点水位
2026-08-20T00:00:00+08:00,Asia/Shanghai,MS1104403060000361,(市)园岭商场,0.0,0.0,13,13,good,,,深圳市水务局开放平台·积涝点水位
2026-08-20T00:00:00+08:00,Asia/Shanghai,MS1104403060000376,(市)新圳西路万佳商场段,0.0,0.0,4,4,good,22.56349644,113.89998969999999,深圳市水务局开放平台·积涝点水位
2026-08-20T00:00:00+08:00,Asia/Shanghai,MS1104403060000380,(市)北环路与爱群路路口,0.0,0.0,13,13,good,22.79634568700108,114.39897783430258,深圳市水务局开放平台·积涝点水位
2026-08-20T00:00:00+08:00,Asia/Shanghai,MS1104403060000395,(市)宝安区幸福路与恒珠一路,0.0,0.0,2,2,good,,,深圳市水务局开放平台·积涝点水位
2026-08-20T00:00:00+08:00,Asia/Shanghai,MS110440306000040X,(市)宝安区勋业街,0.0,0.0,2,2,good,,,深圳市水务局开放平台·积涝点水位
2026-08-20T00:00:00+08:00,Asia/Shanghai,MS1104403060000414,(市)宝安区福和路西六巷,0.0,0.0,13,13,good,22.75496986065163,113.7975587837876,深圳市水务局开放平台·积涝点水位
2026-08-20T00:00:00+08:00,Asia/Shanghai,MS1104403060000429,(市)民福路与创新路交叉口,0.0,0.0,13,13,good,22.77931941488889,113.82386091368804,深圳市水务局开放平台·积涝点水位
2026-08-20T00:00:00+08:00,Asia/Shanghai,MS1104403060000433,(市)金沙二路与民福路交叉口,0.0,0.0,2,2,good,22.731531574999998,113.800096525,深圳市水务局开放平台·积涝点水位
2026-08-20T00:00:00+08:00,Asia/Shanghai,MS1104403060000448,(市)宝安区沙井西环路正科时代,0.0,0.0,2,2,good,22.658437552805964,113.96411546099013,深圳市水务局开放平台·积涝点水位
2026-08-20T00:00:00+08:00,Asia/Shanghai,MS1104403060000452,(市)宝源路固戍海滨公园,0.0,0.0,13,13,good,22.58668431255461,113.84584894450396,深圳市水务局开放平台·积涝点水位
2026-08-20T00:00:00+08:00,Asia/Shanghai,MS1104403060000467,(市)海雅缤纷城,0.0032,0.01,19,19,good,,,深圳市水务局开放平台·积涝点水位
2026-08-20T00:00:00+08:00,Asia/Shanghai,MS1104403060000471,(市)万达广场,0.0,0.0,2,2,good,,,深圳市水务局开放平台·积涝点水位
2026-08-20T00:00:00+08:00,Asia/Shanghai,MS1104403060000486,(市)固戍地铁站 A/F 出入口,0.0,0.0,13,13,good,,,深圳市水务局开放平台·积涝点水位
2026-08-20T00:00:00+08:00,Asia/Shanghai,MS1104403060000490,(市)碧海湾地铁站 B 出入口,0.0,0.0,13,13,good,,,深圳市水务局开放平台·积涝点水位
2026-08-20T00:00:00+08:00,Asia/Shanghai,MS1104403060000505,(市)海天路地下隧道,0.0,0.0,13,13,good,22.549962987088094,113.87889692546018,深圳市水务局开放平台·积涝点水位
2026-08-20T00:00:00+08:00,Asia/Shanghai,MS1104403070000175,(市)龙平西路新秀社区公园,0.0,0.0,2,2,good,22.731009781031894,114.22605984524496,深圳市水务局开放平台·积涝点水位
2026-08-20T00:00:00+08:00,Asia/Shanghai,MS110440307000018X,(市)如意路广发银行奥林支行,0.0,0.0,13,13,good,22.697841456213258,114.19931100734046,深圳市水务局开放平台·积涝点水位
2026-08-20T00:00:00+08:00,Asia/Shanghai,MS1104403070000194,(市)龙翔大道与龙城大道交汇处,0.0,0.0,13,13,good,22.708452173199664,114.22855732448205,深圳市水务局开放平台·积涝点水位
2026-08-20T00:00:00+08:00,Asia/Shanghai,MS1104403070000209,(市)龙城大道与龙平东路交汇处,0.0,0.0,13,13,good,22.734070392016967,114.26268655089929,深圳市水务局开放平台·积涝点水位
2026-08-20T00:00:00+08:00,Asia/Shanghai,MS1104403070000213,(市)龙西中路与盐龙大道交汇处,0.0,0.0,13,13,good,22.75103177856142,114.25588661241065,深圳市水务局开放平台·积涝点水位
2026-08-20T00:00:00+08:00,Asia/Shanghai,MS1104403070000228,(市)爱南路与深汕公路交汇处,0.0,0.0,12,12,good,22.709133830928806,114.31382413715897,深圳市水务局开放平台·积涝点水位
2026-08-20T00:00:00+08:00,Asia/Shanghai,MS1104403070000232,(市)园新路与乐园路交汇处,0.0,0.0,13,13,good,22.714932425,114.3001758,深圳市水务局开放平台·积涝点水位
2026-08-20T00:00:00+08:00,Asia/Shanghai,MS1104403070000247,(市)长深高速四方埔社区,0.0,0.0,2,2,good,22.785453209312927,114.3238491191703,深圳市水务局开放平台·积涝点水位
2026-08-20T00:00:00+08:00,Asia/Shanghai,MS1104403070000251,(市)龙岗区政府,0.0,0.0,14,14,good,,,深圳市水务局开放平台·积涝点水位
2026-08-20T00:00:00+08:00,Asia/Shanghai,MS1104403070000266,(市)五和地铁站H出入口,0.0,0.0,14,14,good,,,深圳市水务局开放平台·积涝点水位
2026-08-20T00:00:00+08:00,Asia/Shanghai,MS1104403070000270,(市)长龙地铁站C2出入口,0.0,0.0,2,2,good,,,深圳市水务局开放平台·积涝点水位
2026-08-20T00:00:00+08:00,Asia/Shanghai,MS1104403070000285,(市)育贤学校、童星幼儿园,0.0,0.0,13,13,good,,,深圳市水务局开放平台·积涝点水位
2026-08-20T00:00:00+08:00,Asia/Shanghai,MS110440307000029X,(市)深圳远东妇产医院,0.0,0.0,18,18,good,,,深圳市水务局开放平台·积涝点水位
2026-08-20T00:00:00+08:00,Asia/Shanghai,MS1104403070000304,(市)英才学校,0.0,0.0,13,13,good,,,深圳市水务局开放平台·积涝点水位
2026-08-20T00:00:00+08:00,Asia/Shanghai,MS1104403070000319,(市)吉榕路桥洞,0.0,0.0,13,13,good,,,深圳市水务局开放平台·积涝点水位
2026-08-20T00:00:00+08:00,Asia/Shanghai,MS1104403070000323,(市)京南路,0.0,0.0,2,2,good,22.602818284523806,114.12130894517196,深圳市水务局开放平台·积涝点水位
2026-08-20T00:00:00+08:00,Asia/Shanghai,MS1104403070000338,(市)布澜路国芬路口,0.0,0.0,2,2,good,22.635311170786817,114.12784150313183,深圳市水务局开放平台·积涝点水位
2026-08-20T00:00:00+08:00,Asia/Shanghai,MS1104403070000342,(市)布吉站（深圳东站）,0.0,0.0,2,2,good,,,深圳市水务局开放平台·积涝点水位
2026-08-20T00:00:00+08:00,Asia/Shanghai,MS1104403080000012,(市)金融路海涛路口片区,0.0,0.0,17,17,good,22.553642038690473,114.22939035281746,深圳市水务局开放平台·积涝点水位
2026-08-20T00:00:00+08:00,Asia/Shanghai,MS1104403080000027,(市)沙头角口岸小区,0.0,0.0,13,13,good,,,深圳市水务局开放平台·积涝点水位
2026-08-20T00:00:00+08:00,Asia/Shanghai,MS1104403080000031,(市)桥东街小区,0.0,0.0,13,13,good,,,深圳市水务局开放平台·积涝点水位
2026-08-20T00:00:00+08:00,Asia/Shanghai,MS1104403090000065,(市)泗黎路凹背社区富坑社区,0.0,0.0,2,2,good,22.753687171367037,114.03385655648283,深圳市水务局开放平台·积涝点水位
2026-08-20T00:00:00+08:00,Asia/Shanghai,MS110440309000007X,(市)银星科技园,0.0,0.0,2,2,good,,,深圳市水务局开放平台·积涝点水位
2026-08-20T00:00:00+08:00,Asia/Shanghai,MS1104403090000084,(市)观光路与福前路交汇处,0.0,0.0,2,2,good,22.733179257314486,114.01274963079653,深圳市水务局开放平台·积涝点水位
2026-08-20T00:00:00+08:00,Asia/Shanghai,MS1104403090000099,(市)三联社区,0.0,0.0,13,13,good,,,深圳市水务局开放平台·积涝点水位
2026-08-20T00:00:00+08:00,Asia/Shanghai,MS1104403090000103,(市)布龙路与五和大道交汇处,0.0,0.0,13,13,good,22.646750702555874,114.02665721385576,深圳市水务局开放平台·积涝点水位
2026-08-20T00:00:00+08:00,Asia/Shanghai,MS1104403090000118,(市)新区大道深圳北站,0.0,0.0,18,18,good,22.624351465560785,114.01682556681699,深圳市水务局开放平台·积涝点水位
2026-08-20T00:00:00+08:00,Asia/Shanghai,MS1104403090000122,(市)龙华壹方成,0.0,0.0,13,13,good,,,深圳市水务局开放平台·积涝点水位
2026-08-20T00:00:00+08:00,Asia/Shanghai,MS1104403090000137,(市)昌茂二路,0.0,0.0,16,16,good,,,深圳市水务局开放平台·积涝点水位
2026-08-20T00:00:00+08:00,Asia/Shanghai,MS1104403090000141,(市)大浪新围街大船坑市场段,0.0,0.0,13,13,good,22.692058934615382,113.9964102346154,深圳市水务局开放平台·积涝点水位
2026-08-20T00:00:00+08:00,Asia/Shanghai,MS1104403100000028,(市)坪山法院门口,0.0,0.0,2,2,good,,,深圳市水务局开放平台·积涝点水位
2026-08-20T00:00:00+08:00,Asia/Shanghai,MS1104403100000032,(市)秀沙路比亚迪厂门前,0.0,0.0,13,13,good,22.767995359829058,114.39900074224022,深圳市水务局开放平台·积涝点水位
2026-08-20T00:00:00+08:00,Asia/Shanghai,MS1104403100000047,(市)群代路金泰航科技,0.01,0.01,63,63,good,,,深圳市水务局开放平台·积涝点水位
2026-08-20T00:00:00+08:00,Asia/Shanghai,MS1104403100000051,(市)三洋湖路三洋湖新区小区,0.0,0.0,13,13,good,,,深圳市水务局开放平台·积涝点水位
2026-08-20T00:00:00+08:00,Asia/Shanghai,MS1104403100000066,(市)文化中心地铁站,0.0,0.0,13,13,good,,,深圳市水务局开放平台·积涝点水位
2026-08-20T00:00:00+08:00,Asia/Shanghai,MS1104403110000597,(市)东长路外环高速长圳入口,0.0,0.0,13,13,good,22.747509018088216,113.91221411091422,深圳市水务局开放平台·积涝点水位
2026-08-20T00:00:00+08:00,Asia/Shanghai,MS1104403110000601,(市)光侨雅苑,0.0,0.0,2,2,good,,,深圳市水务局开放平台·积涝点水位
2026-08-20T00:00:00+08:00,Asia/Shanghai,MS1104403110000616,(市)同观路与汇融路交叉口,0.0,0.0,2,2,good,22.734039598507852,113.91441943299901,深圳市水务局开放平台·积涝点水位
2026-08-20T00:00:00+08:00,Asia/Shanghai,MS1104403110000620,(市)松白路松茂御城段,0.0,0.0,2,2,good,22.731110627923336,113.894856941127,深圳市水务局开放平台·积涝点水位
2026-08-20T00:00:00+08:00,Asia/Shanghai,MS1104403110000635,(市)公常路与环村路交叉口,0.0,0.0,13,13,good,22.826648407959507,113.95688701032125,深圳市水务局开放平台·积涝点水位
2026-08-20T00:00:00+08:00,Asia/Shanghai,MS110440311000064X,(市)光明区高级中学,0.0,0.0,2,2,good,,,深圳市水务局开放平台·积涝点水位
2026-08-20T00:00:00+08:00,Asia/Shanghai,MS1104403120000032,(市)大鹏液化天然气有限公司深圳接收站,0.0,0.0,13,13,good,,,深圳市水务局开放平台·积涝点水位
2026-08-20T01:00:00+08:00,Asia/Shanghai,9281192001,(市)平湖火车隧道口,0.0,0.0,13,13,good,,,深圳市水务局开放平台·积涝点水位
2026-08-20T01:00:00+08:00,Asia/Shanghai,9281192002,(市)新木路广深铁路桥底,0.0,0.0,12,12,good,22.6674177472887,114.13210195018992,深圳市水务局开放平台·积涝点水位
2026-08-20T01:00:00+08:00,Asia/Shanghai,9281192003,(市)新木路新围仔村路口,0.0,0.0,14,14,good,22.6674177472887,114.13210195018992,深圳市水务局开放平台·积涝点水位
2026-08-20T01:00:00+08:00,Asia/Shanghai,9281192004,(市)布李路富民城段,0.0,0.0,13,13,good,22.618912574166664,114.11654044833332,深圳市水务局开放平台·积涝点水位
2026-08-20T01:00:00+08:00,Asia/Shanghai,9281192005,(市)龙博路,0.01,0.01,61,61,good,22.62797037826087,114.10927237391306,深圳市水务局开放平台·积涝点水位
2026-08-20T01:00:00+08:00,Asia/Shanghai,9281192006,(市)五和大道四季花城,0.0,0.0,18,18,good,22.65976725256875,114.05975735653944,深圳市水务局开放平台·积涝点水位
2026-08-20T01:00:00+08:00,Asia/Shanghai,9281192007,(市)沙西小学至南岭万家乐段,0.0,0.0,13,13,good,,,深圳市水务局开放平台·积涝点水位
2026-08-20T01:00:00+08:00,Asia/Shanghai,9281192008,(市)南联第六工业区桥洞,0.0,0.0,13,13,good,,,深圳市水务局开放平台·积涝点水位
2026-08-20T01:00:00+08:00,Asia/Shanghai,9281192009,(市)新坡塘村新坡塘积水点,0.0,0.0,13,13,good,,,深圳市水务局开放平台·积涝点水位
2026-08-20T01:00:00+08:00,Asia/Shanghai,9281192010,(市)安良六村安业路与安居路交汇处,0.0,0.0,15,15,good,,,深圳市水务局开放平台·积涝点水位
2026-08-20T01:00:00+08:00,Asia/Shanghai,9281192011,(市)松元头,0.01,0.01,58,58,good,,,深圳市水务局开放平台·积涝点水位
2026-08-20T01:00:00+08:00,Asia/Shanghai,9281192012,(市)湖南立交,0.0,0.0,13,13,good,,,深圳市水务局开放平台·积涝点水位
2026-08-20T01:00:00+08:00,Asia/Shanghai,9281192013,(市)高背路惠盐高速桥洞积水点,0.0,0.0,13,13,good,,,深圳市水务局开放平台·积涝点水位
2026-08-20T01:00:00+08:00,Asia/Shanghai,9281192014,(市)鹤坑桥洞,0.0,0.0,13,13,good,,,深圳市水务局开放平台·积涝点水位
2026-08-20T01:00:00+08:00,Asia/Shanghai,9281192015,(市)安良社区沿河一路疏港铁路桥洞,0.0,0.0,13,13,good,22.73162335,114.107919,深圳市水务局开放平台·积涝点水位
2026-08-20T01:00:00+08:00,Asia/Shanghai,9281192016,(市)宝荷路中新加油站对面,0.0,0.0,16,16,good,22.694796752516076,114.25970116268519,深圳市水务局开放平台·积涝点水位
2026-08-20T01:00:00+08:00,Asia/Shanghai,9281192017,(市)环观南路与观平路交汇处,0.0,0.0,13,13,good,22.705673908780923,114.07279441765539,深圳市水务局开放平台·积涝点水位
2026-08-20T01:00:00+08:00,Asia/Shanghai,9281192018,(市)龙华大道库坑天桥段,0.0,0.0,13,13,good,22.669745856798677,114.03752701836405,深圳市水务局开放平台·积涝点水位
2026-08-20T01:00:00+08:00,Asia/Shanghai,9281192019,(市)福龙路高铁桥下简上段,0.0,0.0,13,13,good,22.61964472178257,114.00080097044238,深圳市水务局开放平台·积涝点水位
2026-08-20T01:00:00+08:00,Asia/Shanghai,9281192020,(市)工业路壹成中心段,0.0,0.0,13,13,good,22.648754971805,114.02570221318598,深圳市水务局开放平台·积涝点水位
2026-08-20T01:00:00+08:00,Asia/Shanghai,9281192021,(市)东环一路和平路交汇处,0.0,0.0,13,13,good,22.65040479515617,114.03284713758192,深圳市水务局开放平台·积涝点水位
2026-08-20T01:00:00+08:00,Asia/Shanghai,9281192022,(市)龙田社区大水湾,0.0,0.0,13,13,good,,,深圳市水务局开放平台·积涝点水位
2026-08-20T01:00:00+08:00,Asia/Shanghai,9281292001,(市)滨河皇岗立交桥洞,0.0,0.0,13,13,good,,,深圳市水务局开放平台·积涝点水位
2026-08-20T01:00:00+08:00,Asia/Shanghai,9281292002,(市)广深高速桥下滨海大道北侧辅道,0.01,0.01,61,61,good,22.579823080041088,114.10123773351275,深圳市水务局开放平台·积涝点水位
2026-08-20T01:00:00+08:00,Asia/Shanghai,9281292003,(市)福田区竹子林立交下穿通道,0.0,0.0,13,13,good,,,深圳市水务局开放平台·积涝点水位
2026-08-20T01:00:00+08:00,Asia/Shanghai,9281292004,(市)滨河益田立交桥洞,0.0,0.0,12,12,good,,,深圳市水务局开放平台·积涝点水位
2026-08-20T01:00:00+08:00,Asia/Shanghai,9281292005,(市)深南新洲一号立交桥洞,0.0,0.0,13,13,good,,,深圳市水务局开放平台·积涝点水位
2026-08-20T01:00:00+08:00,Asia/Shanghai,9281292006,(市)北环新洲立交东南角辅道,0.0,0.0,12,12,good,,,深圳市水务局开放平台·积涝点水位
2026-08-20T01:00:00+08:00,Asia/Shanghai,9281292007,(市)107国道新安段(裕安加油站),0.0,0.0,13,13,good,22.55254164883845,113.90816500450731,深圳市水务局开放平台·积涝点水位
2026-08-20T01:00:00+08:00,Asia/Shanghai,9281292008,洲石路鹤洲桥底（市）,0.0,0.0,13,13,good,22.651019027149744,113.88061107664711,深圳市水务局开放平台·积涝点水位
2026-08-20T01:00:00+08:00,Asia/Shanghai,9281292009,(市)帝堂路（锦程路以西段）,0.0098,0.01,58,58,good,22.70987723506993,113.7784856087664,深圳市水务局开放平台·积涝点水位
2026-08-20T01:00:00+08:00,Asia/Shanghai,9281292010,(市)上星南路与中心路丽沙花都,0.0,0.0,13,13,good,22.502209013854387,113.93734688972145,深圳市水务局开放平台·积涝点水位
2026-08-20T01:00:00+08:00,Asia/Shanghai,9281292011,(市)外环路广深高速新桥立交,0.0,0.0,13,13,good,22.736379220337216,113.84591188570887,深圳市水务局开放平台·积涝点水位
2026-08-20T01:00:00+08:00,Asia/Shanghai,9281292012,(市)固戍海滨新村文昌阁,0.0,0.0,13,13,good,,,深圳市水务局开放平台·积涝点水位
2026-08-20T01:00:00+08:00,Asia/Shanghai,9281292013,(市)宝安大道固戍地铁站,0.0,0.0,13,13,good,22.64678387472509,113.8417801892837,深圳市水务局开放平台·积涝点水位
2026-08-20T01:00:00+08:00,Asia/Shanghai,9281292014,(市)G107国道南行固戍大门,0.0,0.0,13,13,good,22.55254164883845,113.90816500450731,深圳市水务局开放平台·积涝点水位
2026-08-20T01:00:00+08:00,Asia/Shanghai,9281292015,(市)东环大道松宝大道段,0.0,0.0,13,13,good,,,深圳市水务局开放平台·积涝点水位
2026-08-20T01:00:00+08:00,Asia/Shanghai,9281292016,(市)长凤路龙大高速桥底,0.0,0.0,13,13,good,22.775734215738417,113.91156092305157,深圳市水务局开放平台·积涝点水位
2026-08-20T01:00:00+08:00,Asia/Shanghai,9281292017,(市)圳美同富裕工业区,0.0,0.0,13,13,good,,,深圳市水务局开放平台·积涝点水位
2026-08-20T01:00:00+08:00,Asia/Shanghai,9281292018,(市)根玉路东方大道交汇处,0.0,0.0,16,16,good,22.763216165633853,113.85149341983029,深圳市水务局开放平台·积涝点水位
2026-08-20T01:00:00+08:00,Asia/Shanghai,9281292019,(市)上村社区龙大桥底,0.0,0.0,12,12,good,,,深圳市水务局开放平台·积涝点水位
2026-08-20T01:00:00+08:00,Asia/Shanghai,9281292020,(市)马山头社区上石家路通兴路交汇处,0.0,0.0,13,13,good,22.763999933333334,113.8915635138889,深圳市水务局开放平台·积涝点水位
2026-08-20T01:00:00+08:00,Asia/Shanghai,9281292021,(市)临海大道海关保税区,0.0,0.0,13,13,good,22.53399911521491,113.88871009435005,深圳市水务局开放平台·积涝点水位
2026-08-20T01:00:00+08:00,Asia/Shanghai,9281292022,(市)南山大道南行亿利达村段,0.0,0.0,13,13,good,22.540721694789013,113.9181638130031,深圳市水务局开放平台·积涝点水位
2026-08-20T01:00:00+08:00,Asia/Shanghai,9281292023,(市)东滨路南行华联城市山林花园段,0.0,0.0,13,13,good,22.51106546682151,113.92212734316605,深圳市水务局开放平台·积涝点水位
2026-08-20T01:00:00+08:00,Asia/Shanghai,9281292024,(市)深圳湾东滨路与中心路交叉口,0.0,0.0,13,13,good,22.51106546682151,113.92212734316605,深圳市水务局开放平台·积涝点水位
2026-08-20T01:00:00+08:00,Asia/Shanghai,MS1104403030000228,(市)红岗公园,0.0,0.0,2,2,good,,,深圳市水务局开放平台·积涝点水位
2026-08-20T01:00:00+08:00,Asia/Shanghai,MS1104403030000232,(市)沿河南路文锦路社区,0.0,0.0,13,13,good,22.550252268776845,114.11444108979862,深圳市水务局开放平台·积涝点水位
2026-08-20T01:00:00+08:00,Asia/Shanghai,MS1104403030000247,(市)深南东路黄贝岭,0.0,0.0,13,13,good,22.54661746874732,114.11811396992493,深圳市水务局开放平台·积涝点水位
2026-08-20T01:00:00+08:00,Asia/Shanghai,MS1104403030000251,(市)滨河上步立交桥,0.0,0.0,2,2,good,,,深圳市水务局开放平台·积涝点水位
2026-08-20T01:00:00+08:00,Asia/Shanghai,MS1104403030000266,(市)罗湖火车站,0.0,0.0,12,12,good,,,深圳市水务局开放平台·积涝点水位
2026-08-20T01:00:00+08:00,Asia/Shanghai,MS1104403030000270,(市)罗湖区委,0.0,0.0,2,2,good,,,深圳市水务局开放平台·积涝点水位
2026-08-20T01:00:00+08:00,Asia/Shanghai,MS1104403030000285,(市)万象城,0.0,0.0,13,13,good,,,深圳市水务局开放平台·积涝点水位
2026-08-20T01:00:00+08:00,Asia/Shanghai,MS110440303000029X,(市)洪湖地铁站D出入口,0.0,0.0,2,2,good,,,深圳市水务局开放平台·积涝点水位
2026-08-20T01:00:00+08:00,Asia/Shanghai,MS1104403030000304,(市)东湖路,0.0,0.0,5,5,good,22.582822583699635,114.1345991945055,深圳市水务局开放平台·积涝点水位
2026-08-20T01:00:00+08:00,Asia/Shanghai,MS1104403030000319,(市)桂园片区,0.0,0.0,13,13,good,,,深圳市水务局开放平台·积涝点水位
2026-08-20T01:00:00+08:00,Asia/Shanghai,MS1104403030000323,(市)晒布路与东门中路交汇处,0.0,0.0,12,12,good,22.551568716163253,114.1183832504732,深圳市水务局开放平台·积涝点水位
2026-08-20T01:00:00+08:00,Asia/Shanghai,MS1104403030000338,(市)东湖公园爱国路与太宁路路口,0.0,0.0,13,13,good,22.563633808974675,114.13329390192719,深圳市水务局开放平台·积涝点水位
2026-08-20T01:00:00+08:00,Asia/Shanghai,MS1104403030000342,(市)文锦渡口岸,0.0,0.0,2,2,good,,,深圳市水务局开放平台·积涝点水位
2026-08-20T01:00:00+08:00,Asia/Shanghai,MS1104403040000543,(市)香梅莲花路口,0.0,0.0,2,2,good,22.559401296538805,114.04793087126708,深圳市水务局开放平台·积涝点水位
2026-08-20T01:00:00+08:00,Asia/Shanghai,MS1104403040000558,(市)信托花园,0.0,0.0,16,16,good,,,深圳市水务局开放平台·积涝点水位
2026-08-20T01:00:00+08:00,Asia/Shanghai,MS1104403040000562,(市)上步红荔路口,0.0,0.0,2,2,good,22.550171284097686,114.05891535550717,深圳市水务局开放平台·积涝点水位
2026-08-20T01:00:00+08:00,Asia/Shanghai,MS1104403040000577,(市)深南皇岗立交桥与皇岗路交汇处,0.0,0.0,13,13,good,22.552167188223326,114.06774281249497,深圳市水务局开放平台·积涝点水位
2026-08-20T01:00:00+08:00,Asia/Shanghai,MS1104403040000581,(市)北环大道与梅林路交汇处,0.0,0.0,2,2,good,22.55966775704351,113.99344633894496,深圳市水务局开放平台·积涝点水位
2026-08-20T01:00:00+08:00,Asia/Shanghai,MS1104403040000596,(市)侨香路香梅社区,0.0,0.0,2,2,good,22.55158384619422,114.00624803762132,深圳市水务局开放平台·积涝点水位
2026-08-20T01:00:00+08:00,Asia/Shanghai,MS1104403040000600,(市)侨香路香安社区,0.0,0.0,2,2,good,22.55158384619422,114.00624803762132,深圳市水务局开放平台·积涝点水位
2026-08-20T01:00:00+08:00,Asia/Shanghai,MS1104403040000615,(市)市民中心,0.0,0.0,2,2,good,,,深圳市水务局开放平台·积涝点水位
2026-08-20T01:00:00+08:00,Asia/Shanghai,MS110440304000062X,(市)民田路深圳证券交易所,0.0,0.0,13,13,good,22.53903429826115,114.04781278730138,深圳市水务局开放平台·积涝点水位
2026-08-20T01:00:00+08:00,Asia/Shanghai,MS1104403040000634,(市)燃气集团股份有限公司梅林 LNG安全应急气化站,0.0,0.0,13,13,good,,,深圳市水务局开放平台·积涝点水位
2026-08-20T01:00:00+08:00,Asia/Shanghai,MS1104403040000649,(市)深南大道车公庙交通枢纽段,0.0,0.0,13,13,good,22.5420797706313,113.9753640727562,深圳市水务局开放平台·积涝点水位
2026-08-20T01:00:00+08:00,Asia/Shanghai,MS1104403050000118,(市)月亮湾大道与前湾三路交叉口,0.0,0.0,2,2,good,22.511993391395155,113.8903078293519,深圳市水务局开放平台·积涝点水位
2026-08-20T01:00:00+08:00,Asia/Shanghai,MS1104403050000122,(市)南山大道深意工业大厦段,0.0,0.0,13,13,good,22.540721694789013,113.9181638130031,深圳市水务局开放平台·积涝点水位
2026-08-20T01:00:00+08:00,Asia/Shanghai,MS1104403050000137,(市)南山大道与登良路交叉口,0.0,0.0,2,2,good,22.540721694789013,113.9181638130031,深圳市水务局开放平台·积涝点水位
2026-08-20T01:00:00+08:00,Asia/Shanghai,MS1104403050000141,(市)南新路北头豪苑,0.0,0.0,2,2,good,22.535707366852186,113.92452459612443,深圳市水务局开放平台·积涝点水位
2026-08-20T01:00:00+08:00,Asia/Shanghai,MS1104403050000156,(市)滨海大道与南山大道交叉口,0.0,0.0,2,2,good,22.579823080041088,114.10123773351275,深圳市水务局开放平台·积涝点水位
2026-08-20T01:00:00+08:00,Asia/Shanghai,MS1104403050000160,(市)桃园路与南新路交叉口,0.0,0.0,2,2,good,22.535395972003414,113.91852837514443,深圳市水务局开放平台·积涝点水位
2026-08-20T01:00:00+08:00,Asia/Shanghai,MS1104403050000175,(市)后海大道与登良路交叉口,0.0,0.0,18,18,good,22.51179221810604,113.92884393579894,深圳市水务局开放平台·积涝点水位
2026-08-20T01:00:00+08:00,Asia/Shanghai,MS110440305000018X,(市)后海大道港湾创业大厦,0.0,0.0,13,13,good,22.51179221810604,113.92884393579894,深圳市水务局开放平台·积涝点水位
2026-08-20T01:00:00+08:00,Asia/Shanghai,MS1104403050000194,(市)深南大道高新园地铁 AD 口,0.0,0.0,13,13,good,22.5420797706313,113.9753640727562,深圳市水务局开放平台·积涝点水位
2026-08-20T01:00:00+08:00,Asia/Shanghai,MS1104403050000209,(市)深圳湾口岸,0.0,0.0,2,2,good,,,深圳市水务局开放平台·积涝点水位
2026-08-20T01:00:00+08:00,Asia/Shanghai,MS1104403050000213,(市)前湾公园地铁站 A 出入口,0.0,0.0,13,13,good,,,深圳市水务局开放平台·积涝点水位
2026-08-20T01:00:00+08:00,Asia/Shanghai,MS1104403050000228,(市)粤海门地铁站 D2 出入口,0.0,0.0,13,13,good,,,深圳市水务局开放平台·积涝点水位
2026-08-20T01:00:00+08:00,Asia/Shanghai,MS1104403050000232,(市)桂庙路地下道路,0.0,0.0,13,13,good,22.52643977555155,113.91686609460196,深圳市水务局开放平台·积涝点水位
2026-08-20T01:00:00+08:00,Asia/Shanghai,MS1104403050000247,(市)国家超级计算深圳中心,0.0,0.0,19,19,good,,,深圳市水务局开放平台·积涝点水位
2026-08-20T01:00:00+08:00,Asia/Shanghai,MS110440306000029X,(市)辛养旧村辛居路,0.0,0.0,2,2,good,,,深圳市水务局开放平台·积涝点水位
2026-08-20T01:00:00+08:00,Asia/Shanghai,MS1104403060000304,(市)山门第三工业区,0.0,0.0,2,2,good,,,深圳市水务局开放平台·积涝点水位
2026-08-20T01:00:00+08:00,Asia/Shanghai,MS1104403060000319,(市)前进一路上川路口,0.0,0.0,13,13,good,22.57118007860348,113.90008995469552,深圳市水务局开放平台·积涝点水位
2026-08-20T01:00:00+08:00,Asia/Shanghai,MS1104403060000323,(市)洪浪北地铁站,0.0,0.0,13,13,good,,,深圳市水务局开放平台·积涝点水位
2026-08-20T01:00:00+08:00,Asia/Shanghai,MS1104403060000338,(市)东风幼儿园,0.0,0.0,2,2,good,,,深圳市水务局开放平台·积涝点水位
2026-08-20T01:00:00+08:00,Asia/Shanghai,MS1104403060000342,(市)海乐41区,0.0,0.0,2,2,good,,,深圳市水务局开放平台·积涝点水位
2026-08-20T01:00:00+08:00,Asia/Shanghai,MS1104403060000357,(市)前进二路,0.0,0.0,2,2,good,22.597482662679273,113.87435005513986,深圳市水务局开放平台·积涝点水位
2026-08-20T01:00:00+08:00,Asia/Shanghai,MS1104403060000361,(市)园岭商场,0.0,0.0,13,13,good,,,深圳市水务局开放平台·积涝点水位
2026-08-20T01:00:00+08:00,Asia/Shanghai,MS1104403060000376,(市)新圳西路万佳商场段,0.0,0.0,4,4,good,22.56349644,113.89998969999999,深圳市水务局开放平台·积涝点水位
2026-08-20T01:00:00+08:00,Asia/Shanghai,MS1104403060000380,(市)北环路与爱群路路口,0.0,0.0,13,13,good,22.79634568700108,114.39897783430258,深圳市水务局开放平台·积涝点水位
2026-08-20T01:00:00+08:00,Asia/Shanghai,MS1104403060000395,(市)宝安区幸福路与恒珠一路,0.0,0.0,2,2,good,,,深圳市水务局开放平台·积涝点水位
2026-08-20T01:00:00+08:00,Asia/Shanghai,MS110440306000040X,(市)宝安区勋业街,0.0,0.0,2,2,good,,,深圳市水务局开放平台·积涝点水位
2026-08-20T01:00:00+08:00,Asia/Shanghai,MS1104403060000414,(市)宝安区福和路西六巷,0.0,0.0,12,12,good,22.75496986065163,113.7975587837876,深圳市水务局开放平台·积涝点水位
2026-08-20T01:00:00+08:00,Asia/Shanghai,MS1104403060000429,(市)民福路与创新路交叉口,0.0,0.0,12,12,good,22.77931941488889,113.82386091368804,深圳市水务局开放平台·积涝点水位
2026-08-20T01:00:00+08:00,Asia/Shanghai,MS1104403060000433,(市)金沙二路与民福路交叉口,0.0,0.0,2,2,good,22.731531574999998,113.800096525,深圳市水务局开放平台·积涝点水位
2026-08-20T01:00:00+08:00,Asia/Shanghai,MS1104403060000448,(市)宝安区沙井西环路正科时代,0.0,0.0,2,2,good,22.658437552805964,113.96411546099013,深圳市水务局开放平台·积涝点水位
2026-08-20T01:00:00+08:00,Asia/Shanghai,MS1104403060000452,(市)宝源路固戍海滨公园,0.0,0.0,13,13,good,22.58668431255461,113.84584894450396,深圳市水务局开放平台·积涝点水位
2026-08-20T01:00:00+08:00,Asia/Shanghai,MS1104403060000467,(市)海雅缤纷城,0.003,0.01,23,23,good,,,深圳市水务局开放平台·积涝点水位
2026-08-20T01:00:00+08:00,Asia/Shanghai,MS1104403060000471,(市)万达广场,0.0,0.0,2,2,good,,,深圳市水务局开放平台·积涝点水位
2026-08-20T01:00:00+08:00,Asia/Shanghai,MS1104403060000486,(市)固戍地铁站 A/F 出入口,0.0,0.0,13,13,good,,,深圳市水务局开放平台·积涝点水位
2026-08-20T01:00:00+08:00,Asia/Shanghai,MS1104403060000490,(市)碧海湾地铁站 B 出入口,0.0,0.0,13,13,good,,,深圳市水务局开放平台·积涝点水位
2026-08-20T01:00:00+08:00,Asia/Shanghai,MS1104403060000505,(市)海天路地下隧道,0.0,0.0,13,13,good,22.549962987088094,113.87889692546018,深圳市水务局开放平台·积涝点水位
2026-08-20T01:00:00+08:00,Asia/Shanghai,MS1104403070000175,(市)龙平西路新秀社区公园,0.0,0.0,2,2,good,22.731009781031894,114.22605984524496,深圳市水务局开放平台·积涝点水位
2026-08-20T01:00:00+08:00,Asia/Shanghai,MS110440307000018X,(市)如意路广发银行奥林支行,0.0,0.0,13,13,good,22.697841456213258,114.19931100734046,深圳市水务局开放平台·积涝点水位
2026-08-20T01:00:00+08:00,Asia/Shanghai,MS1104403070000194,(市)龙翔大道与龙城大道交汇处,0.0,0.0,13,13,good,22.708452173199664,114.22855732448205,深圳市水务局开放平台·积涝点水位
2026-08-20T01:00:00+08:00,Asia/Shanghai,MS1104403070000209,(市)龙城大道与龙平东路交汇处,0.0,0.0,12,12,good,22.734070392016967,114.26268655089929,深圳市水务局开放平台·积涝点水位
2026-08-20T01:00:00+08:00,Asia/Shanghai,MS1104403070000213,(市)龙西中路与盐龙大道交汇处,0.0,0.0,13,13,good,22.75103177856142,114.25588661241065,深圳市水务局开放平台·积涝点水位
2026-08-20T01:00:00+08:00,Asia/Shanghai,MS1104403070000228,(市)爱南路与深汕公路交汇处,0.0,0.0,13,13,good,22.709133830928806,114.31382413715897,深圳市水务局开放平台·积涝点水位
2026-08-20T01:00:00+08:00,Asia/Shanghai,MS1104403070000232,(市)园新路与乐园路交汇处,0.0,0.0,13,13,good,22.714932425,114.3001758,深圳市水务局开放平台·积涝点水位
2026-08-20T01:00:00+08:00,Asia/Shanghai,MS1104403070000247,(市)长深高速四方埔社区,0.0,0.0,2,2,good,22.785453209312927,114.3238491191703,深圳市水务局开放平台·积涝点水位
2026-08-20T01:00:00+08:00,Asia/Shanghai,MS1104403070000251,(市)龙岗区政府,0.0,0.0,13,13,good,,,深圳市水务局开放平台·积涝点水位
2026-08-20T01:00:00+08:00,Asia/Shanghai,MS1104403070000266,(市)五和地铁站H出入口,0.0,0.0,13,13,good,,,深圳市水务局开放平台·积涝点水位
2026-08-20T01:00:00+08:00,Asia/Shanghai,MS1104403070000270,(市)长龙地铁站C2出入口,0.0,0.0,2,2,good,,,深圳市水务局开放平台·积涝点水位
2026-08-20T01:00:00+08:00,Asia/Shanghai,MS1104403070000285,(市)育贤学校、童星幼儿园,0.0,0.0,13,13,good,,,深圳市水务局开放平台·积涝点水位
2026-08-20T01:00:00+08:00,Asia/Shanghai,MS110440307000029X,(市)深圳远东妇产医院,0.0,0.0,17,17,good,,,深圳市水务局开放平台·积涝点水位
2026-08-20T01:00:00+08:00,Asia/Shanghai,MS1104403070000304,(市)英才学校,0.0,0.0,12,12,good,,,深圳市水务局开放平台·积涝点水位
2026-08-20T01:00:00+08:00,Asia/Shanghai,MS1104403070000319,(市)吉榕路桥洞,0.0,0.0,13,13,good,,,深圳市水务局开放平台·积涝点水位
2026-08-20T01:00:00+08:00,Asia/Shanghai,MS1104403070000323,(市)京南路,0.0,0.0,2,2,good,22.602818284523806,114.12130894517196,深圳市水务局开放平台·积涝点水位
2026-08-20T01:00:00+08:00,Asia/Shanghai,MS1104403070000338,(市)布澜路国芬路口,0.0,0.0,2,2,good,22.635311170786817,114.12784150313183,深圳市水务局开放平台·积涝点水位
2026-08-20T01:00:00+08:00,Asia/Shanghai,MS1104403070000342,(市)布吉站（深圳东站）,0.0,0.0,2,2,good,,,深圳市水务局开放平台·积涝点水位
2026-08-20T01:00:00+08:00,Asia/Shanghai,MS1104403080000012,(市)金融路海涛路口片区,0.0,0.0,13,13,good,22.553642038690473,114.22939035281746,深圳市水务局开放平台·积涝点水位
2026-08-20T01:00:00+08:00,Asia/Shanghai,MS1104403080000027,(市)沙头角口岸小区,0.0,0.0,13,13,good,,,深圳市水务局开放平台·积涝点水位
2026-08-20T01:00:00+08:00,Asia/Shanghai,MS1104403080000031,(市)桥东街小区,0.0,0.0,13,13,good,,,深圳市水务局开放平台·积涝点水位
2026-08-20T01:00:00+08:00,Asia/Shanghai,MS1104403090000065,(市)泗黎路凹背社区富坑社区,0.0,0.0,2,2,good,22.753687171367037,114.03385655648283,深圳市水务局开放平台·积涝点水位
2026-08-20T01:00:00+08:00,Asia/Shanghai,MS110440309000007X,(市)银星科技园,0.0,0.0,3,3,good,,,深圳市水务局开放平台·积涝点水位
2026-08-20T01:00:00+08:00,Asia/Shanghai,MS1104403090000084,(市)观光路与福前路交汇处,0.0,0.0,2,2,good,22.733179257314486,114.01274963079653,深圳市水务局开放平台·积涝点水位
2026-08-20T01:00:00+08:00,Asia/Shanghai,MS1104403090000099,(市)三联社区,0.0,0.0,13,13,good,,,深圳市水务局开放平台·积涝点水位
2026-08-20T01:00:00+08:00,Asia/Shanghai,MS1104403090000103,(市)布龙路与五和大道交汇处,0.0,0.0,13,13,good,22.646750702555874,114.02665721385576,深圳市水务局开放平台·积涝点水位
2026-08-20T01:00:00+08:00,Asia/Shanghai,MS1104403090000118,(市)新区大道深圳北站,0.0,0.0,13,13,good,22.624351465560785,114.01682556681699,深圳市水务局开放平台·积涝点水位
2026-08-20T01:00:00+08:00,Asia/Shanghai,MS1104403090000122,(市)龙华壹方成,0.0,0.0,13,13,good,,,深圳市水务局开放平台·积涝点水位
2026-08-20T01:00:00+08:00,Asia/Shanghai,MS1104403090000137,(市)昌茂二路,0.0,0.0,16,16,good,,,深圳市水务局开放平台·积涝点水位
2026-08-20T01:00:00+08:00,Asia/Shanghai,MS1104403090000141,(市)大浪新围街大船坑市场段,0.0,0.0,13,13,good,22.692058934615382,113.9964102346154,深圳市水务局开放平台·积涝点水位
2026-08-20T01:00:00+08:00,Asia/Shanghai,MS1104403100000028,(市)坪山法院门口,0.0,0.0,2,2,good,,,深圳市水务局开放平台·积涝点水位
2026-08-20T01:00:00+08:00,Asia/Shanghai,MS1104403100000032,(市)秀沙路比亚迪厂门前,0.0,0.0,13,13,good,22.767995359829058,114.39900074224022,深圳市水务局开放平台·积涝点水位
2026-08-20T01:00:00+08:00,Asia/Shanghai,MS1104403100000047,(市)群代路金泰航科技,0.01,0.01,60,60,good,,,深圳市水务局开放平台·积涝点水位
2026-08-20T01:00:00+08:00,Asia/Shanghai,MS1104403100000051,(市)三洋湖路三洋湖新区小区,0.0,0.0,13,13,good,,,深圳市水务局开放平台·积涝点水位
2026-08-20T01:00:00+08:00,Asia/Shanghai,MS1104403100000066,(市)文化中心地铁站,0.0,0.0,11,11,good,,,深圳市水务局开放平台·积涝点水位
2026-08-20T01:00:00+08:00,Asia/Shanghai,MS1104403110000597,(市)东长路外环高速长圳入口,0.0,0.0,13,13,good,22.747509018088216,113.91221411091422,深圳市水务局开放平台·积涝点水位
2026-08-20T01:00:00+08:00,Asia/Shanghai,MS1104403110000601,(市)光侨雅苑,0.0,0.0,2,2,good,,,深圳市水务局开放平台·积涝点水位
2026-08-20T01:00:00+08:00,Asia/Shanghai,MS1104403110000616,(市)同观路与汇融路交叉口,0.0,0.0,2,2,good,22.734039598507852,113.91441943299901,深圳市水务局开放平台·积涝点水位
2026-08-20T01:00:00+08:00,Asia/Shanghai,MS1104403110000620,(市)松白路松茂御城段,0.0,0.0,2,2,good,22.731110627923336,113.894856941127,深圳市水务局开放平台·积涝点水位
2026-08-20T01:00:00+08:00,Asia/Shanghai,MS1104403110000635,(市)公常路与环村路交叉口,0.0,0.0,12,12,good,22.826648407959507,113.95688701032125,深圳市水务局开放平台·积涝点水位
2026-08-20T01:00:00+08:00,Asia/Shanghai,MS110440311000064X,(市)光明区高级中学,0.0,0.0,2,2,good,,,深圳市水务局开放平台·积涝点水位
2026-08-20T01:00:00+08:00,Asia/Shanghai,MS1104403120000032,(市)大鹏液化天然气有限公司深圳接收站,0.0,0.0,13,13,good,,,深圳市水务局开放平台·积涝点水位
2026-08-20T02:00:00+08:00,Asia/Shanghai,9281192001,(市)平湖火车隧道口,0.0,0.0,12,12,good,,,深圳市水务局开放平台·积涝点水位
2026-08-20T02:00:00+08:00,Asia/Shanghai,9281192002,(市)新木路广深铁路桥底,0.0,0.0,12,12,good,22.6674177472887,114.13210195018992,深圳市水务局开放平台·积涝点水位
2026-08-20T02:00:00+08:00,Asia/Shanghai,9281192003,(市)新木路新围仔村路口,0.0,0.0,13,13,good,22.6674177472887,114.13210195018992,深圳市水务局开放平台·积涝点水位
2026-08-20T02:00:00+08:00,Asia/Shanghai,9281192004,(市)布李路富民城段,0.0,0.0,13,13,good,22.618912574166664,114.11654044833332,深圳市水务局开放平台·积涝点水位
2026-08-20T02:00:00+08:00,Asia/Shanghai,9281192005,(市)龙博路,0.01,0.01,60,60,good,22.62797037826087,114.10927237391306,深圳市水务局开放平台·积涝点水位
2026-08-20T02:00:00+08:00,Asia/Shanghai,9281192006,(市)五和大道四季花城,0.0,0.0,17,17,good,22.65976725256875,114.05975735653944,深圳市水务局开放平台·积涝点水位
2026-08-20T02:00:00+08:00,Asia/Shanghai,9281192007,(市)沙西小学至南岭万家乐段,0.0,0.0,12,12,good,,,深圳市水务局开放平台·积涝点水位
2026-08-20T02:00:00+08:00,Asia/Shanghai,9281192008,(市)南联第六工业区桥洞,0.0,0.0,13,13,good,,,深圳市水务局开放平台·积涝点水位
2026-08-20T02:00:00+08:00,Asia/Shanghai,9281192009,(市)新坡塘村新坡塘积水点,0.0,0.0,13,13,good,,,深圳市水务局开放平台·积涝点水位
2026-08-20T02:00:00+08:00,Asia/Shanghai,9281192010,(市)安良六村安业路与安居路交汇处,0.0,0.0,13,13,good,,,深圳市水务局开放平台·积涝点水位
2026-08-20T02:00:00+08:00,Asia/Shanghai,9281192011,(市)松元头,0.01,0.01,60,60,good,,,深圳市水务局开放平台·积涝点水位
2026-08-20T02:00:00+08:00,Asia/Shanghai,9281192012,(市)湖南立交,0.0,0.0,13,13,good,,,深圳市水务局开放平台·积涝点水位
2026-08-20T02:00:00+08:00,Asia/Shanghai,9281192013,(市)高背路惠盐高速桥洞积水点,0.0,0.0,13,13,good,,,深圳市水务局开放平台·积涝点水位
2026-08-20T02:00:00+08:00,Asia/Shanghai,9281192014,(市)鹤坑桥洞,0.0,0.0,12,12,good,,,深圳市水务局开放平台·积涝点水位
2026-08-20T02:00:00+08:00,Asia/Shanghai,9281192015,(市)安良社区沿河一路疏港铁路桥洞,0.0,0.0,13,13,good,22.73162335,114.107919,深圳市水务局开放平台·积涝点水位
2026-08-20T02:00:00+08:00,Asia/Shanghai,9281192016,(市)宝荷路中新加油站对面,0.0,0.0,13,13,good,22.694796752516076,114.25970116268519,深圳市水务局开放平台·积涝点水位
2026-08-20T02:00:00+08:00,Asia/Shanghai,9281192017,(市)环观南路与观平路交汇处,0.0,0.0,13,13,good,22.705673908780923,114.07279441765539,深圳市水务局开放平台·积涝点水位
2026-08-20T02:00:00+08:00,Asia/Shanghai,9281192018,(市)龙华大道库坑天桥段,0.0,0.0,13,13,good,22.669745856798677,114.03752701836405,深圳市水务局开放平台·积涝点水位
2026-08-20T02:00:00+08:00,Asia/Shanghai,9281192019,(市)福龙路高铁桥下简上段,0.0,0.0,13,13,good,22.61964472178257,114.00080097044238,深圳市水务局开放平台·积涝点水位
2026-08-20T02:00:00+08:00,Asia/Shanghai,9281192020,(市)工业路壹成中心段,0.0,0.0,19,19,good,22.648754971805,114.02570221318598,深圳市水务局开放平台·积涝点水位
2026-08-20T02:00:00+08:00,Asia/Shanghai,9281192021,(市)东环一路和平路交汇处,0.0,0.0,12,12,good,22.65040479515617,114.03284713758192,深圳市水务局开放平台·积涝点水位
2026-08-20T02:00:00+08:00,Asia/Shanghai,9281192022,(市)龙田社区大水湾,0.0,0.0,13,13,good,,,深圳市水务局开放平台·积涝点水位
2026-08-20T02:00:00+08:00,Asia/Shanghai,9281292001,(市)滨河皇岗立交桥洞,0.0,0.0,13,13,good,,,深圳市水务局开放平台·积涝点水位
2026-08-20T02:00:00+08:00,Asia/Shanghai,9281292002,(市)广深高速桥下滨海大道北侧辅道,0.01,0.01,63,63,good,22.579823080041088,114.10123773351275,深圳市水务局开放平台·积涝点水位
2026-08-20T02:00:00+08:00,Asia/Shanghai,9281292003,(市)福田区竹子林立交下穿通道,0.0,0.0,13,13,good,,,深圳市水务局开放平台·积涝点水位
2026-08-20T02:00:00+08:00,Asia/Shanghai,9281292004,(市)滨河益田立交桥洞,0.0,0.0,12,12,good,,,深圳市水务局开放平台·积涝点水位
2026-08-20T02:00:00+08:00,Asia/Shanghai,9281292005,(市)深南新洲一号立交桥洞,0.0,0.0,12,12,good,,,深圳市水务局开放平台·积涝点水位
2026-08-20T02:00:00+08:00,Asia/Shanghai,9281292006,(市)北环新洲立交东南角辅道,0.0,0.0,13,13,good,,,深圳市水务局开放平台·积涝点水位
2026-08-20T02:00:00+08:00,Asia/Shanghai,9281292007,(市)107国道新安段(裕安加油站),0.0,0.0,13,13,good,22.55254164883845,113.90816500450731,深圳市水务局开放平台·积涝点水位
2026-08-20T02:00:00+08:00,Asia/Shanghai,9281292008,洲石路鹤洲桥底（市）,0.0,0.0,13,13,good,22.651019027149744,113.88061107664711,深圳市水务局开放平台·积涝点水位
2026-08-20T02:00:00+08:00,Asia/Shanghai,9281292009,(市)帝堂路（锦程路以西段）,0.01,0.01,59,59,good,22.70987723506993,113.7784856087664,深圳市水务局开放平台·积涝点水位
2026-08-20T02:00:00+08:00,Asia/Shanghai,9281292010,(市)上星南路与中心路丽沙花都,0.0,0.0,16,16,good,22.502209013854387,113.93734688972145,深圳市水务局开放平台·积涝点水位
2026-08-20T02:00:00+08:00,Asia/Shanghai,9281292011,(市)外环路广深高速新桥立交,0.0,0.0,13,13,good,22.736379220337216,113.84591188570887,深圳市水务局开放平台·积涝点水位
2026-08-20T02:00:00+08:00,Asia/Shanghai,9281292012,(市)固戍海滨新村文昌阁,0.0,0.0,12,12,good,,,深圳市水务局开放平台·积涝点水位
2026-08-20T02:00:00+08:00,Asia/Shanghai,9281292013,(市)宝安大道固戍地铁站,0.0,0.0,13,13,good,22.64678387472509,113.8417801892837,深圳市水务局开放平台·积涝点水位
2026-08-20T02:00:00+08:00,Asia/Shanghai,9281292014,(市)G107国道南行固戍大门,0.0,0.0,13,13,good,22.55254164883845,113.90816500450731,深圳市水务局开放平台·积涝点水位
2026-08-20T02:00:00+08:00,Asia/Shanghai,9281292015,(市)东环大道松宝大道段,0.0,0.0,12,12,good,,,深圳市水务局开放平台·积涝点水位
2026-08-20T02:00:00+08:00,Asia/Shanghai,9281292016,(市)长凤路龙大高速桥底,0.0,0.0,13,13,good,22.775734215738417,113.91156092305157,深圳市水务局开放平台·积涝点水位
2026-08-20T02:00:00+08:00,Asia/Shanghai,9281292017,(市)圳美同富裕工业区,0.0,0.0,13,13,good,,,深圳市水务局开放平台·积涝点水位
2026-08-20T02:00:00+08:00,Asia/Shanghai,9281292018,(市)根玉路东方大道交汇处,0.0,0.0,13,13,good,22.763216165633853,113.85149341983029,深圳市水务局开放平台·积涝点水位
2026-08-20T02:00:00+08:00,Asia/Shanghai,9281292019,(市)上村社区龙大桥底,0.0,0.0,13,13,good,,,深圳市水务局开放平台·积涝点水位
2026-08-20T02:00:00+08:00,Asia/Shanghai,9281292020,(市)马山头社区上石家路通兴路交汇处,0.0,0.0,13,13,good,22.763999933333334,113.8915635138889,深圳市水务局开放平台·积涝点水位
2026-08-20T02:00:00+08:00,Asia/Shanghai,9281292021,(市)临海大道海关保税区,0.0,0.0,13,13,good,22.53399911521491,113.88871009435005,深圳市水务局开放平台·积涝点水位
2026-08-20T02:00:00+08:00,Asia/Shanghai,9281292022,(市)南山大道南行亿利达村段,0.0,0.0,13,13,good,22.540721694789013,113.9181638130031,深圳市水务局开放平台·积涝点水位
2026-08-20T02:00:00+08:00,Asia/Shanghai,9281292023,(市)东滨路南行华联城市山林花园段,0.0,0.0,13,13,good,22.51106546682151,113.92212734316605,深圳市水务局开放平台·积涝点水位
2026-08-20T02:00:00+08:00,Asia/Shanghai,9281292024,(市)深圳湾东滨路与中心路交叉口,0.0,0.0,13,13,good,22.51106546682151,113.92212734316605,深圳市水务局开放平台·积涝点水位
2026-08-20T02:00:00+08:00,Asia/Shanghai,MS1104403030000228,(市)红岗公园,0.0,0.0,2,2,good,,,深圳市水务局开放平台·积涝点水位
2026-08-20T02:00:00+08:00,Asia/Shanghai,MS1104403030000232,(市)沿河南路文锦路社区,0.0,0.0,17,17,good,22.550252268776845,114.11444108979862,深圳市水务局开放平台·积涝点水位
2026-08-20T02:00:00+08:00,Asia/Shanghai,MS1104403030000247,(市)深南东路黄贝岭,0.0,0.0,13,13,good,22.54661746874732,114.11811396992493,深圳市水务局开放平台·积涝点水位
2026-08-20T02:00:00+08:00,Asia/Shanghai,MS1104403030000251,(市)滨河上步立交桥,0.0,0.0,2,2,good,,,深圳市水务局开放平台·积涝点水位
2026-08-20T02:00:00+08:00,Asia/Shanghai,MS1104403030000266,(市)罗湖火车站,0.0,0.0,13,13,good,,,深圳市水务局开放平台·积涝点水位
2026-08-20T02:00:00+08:00,Asia/Shanghai,MS1104403030000270,(市)罗湖区委,0.0,0.0,2,2,good,,,深圳市水务局开放平台·积涝点水位
2026-08-20T02:00:00+08:00,Asia/Shanghai,MS1104403030000285,(市)万象城,0.0,0.0,13,13,good,,,深圳市水务局开放平台·积涝点水位
2026-08-20T02:00:00+08:00,Asia/Shanghai,MS110440303000029X,(市)洪湖地铁站D出入口,0.0,0.0,2,2,good,,,深圳市水务局开放平台·积涝点水位
2026-08-20T02:00:00+08:00,Asia/Shanghai,MS1104403030000304,(市)东湖路,0.0,0.0,5,5,good,22.582822583699635,114.1345991945055,深圳市水务局开放平台·积涝点水位
2026-08-20T02:00:00+08:00,Asia/Shanghai,MS1104403030000319,(市)桂园片区,0.0,0.0,13,13,good,,,深圳市水务局开放平台·积涝点水位
2026-08-20T02:00:00+08:00,Asia/Shanghai,MS1104403030000323,(市)晒布路与东门中路交汇处,0.0,0.0,13,13,good,22.551568716163253,114.1183832504732,深圳市水务局开放平台·积涝点水位
2026-08-20T02:00:00+08:00,Asia/Shanghai,MS1104403030000338,(市)东湖公园爱国路与太宁路路口,0.0,0.0,13,13,good,22.563633808974675,114.13329390192719,深圳市水务局开放平台·积涝点水位
2026-08-20T02:00:00+08:00,Asia/Shanghai,MS1104403030000342,(市)文锦渡口岸,0.0,0.0,2,2,good,,,深圳市水务局开放平台·积涝点水位
2026-08-20T02:00:00+08:00,Asia/Shanghai,MS1104403040000543,(市)香梅莲花路口,0.0,0.0,2,2,good,22.559401296538805,114.04793087126708,深圳市水务局开放平台·积涝点水位
2026-08-20T02:00:00+08:00,Asia/Shanghai,MS1104403040000558,(市)信托花园,0.0,0.0,17,17,good,,,深圳市水务局开放平台·积涝点水位
2026-08-20T02:00:00+08:00,Asia/Shanghai,MS1104403040000562,(市)上步红荔路口,0.0,0.0,2,2,good,22.550171284097686,114.05891535550717,深圳市水务局开放平台·积涝点水位
2026-08-20T02:00:00+08:00,Asia/Shanghai,MS1104403040000577,(市)深南皇岗立交桥与皇岗路交汇处,0.0,0.0,13,13,good,22.552167188223326,114.06774281249497,深圳市水务局开放平台·积涝点水位
2026-08-20T02:00:00+08:00,Asia/Shanghai,MS1104403040000581,(市)北环大道与梅林路交汇处,0.0,0.0,2,2,good,22.55966775704351,113.99344633894496,深圳市水务局开放平台·积涝点水位
2026-08-20T02:00:00+08:00,Asia/Shanghai,MS1104403040000596,(市)侨香路香梅社区,0.0,0.0,2,2,good,22.55158384619422,114.00624803762132,深圳市水务局开放平台·积涝点水位
2026-08-20T02:00:00+08:00,Asia/Shanghai,MS1104403040000600,(市)侨香路香安社区,0.0,0.0,2,2,good,22.55158384619422,114.00624803762132,深圳市水务局开放平台·积涝点水位
2026-08-20T02:00:00+08:00,Asia/Shanghai,MS1104403040000615,(市)市民中心,0.0,0.0,2,2,good,,,深圳市水务局开放平台·积涝点水位
2026-08-20T02:00:00+08:00,Asia/Shanghai,MS110440304000062X,(市)民田路深圳证券交易所,0.0,0.0,13,13,good,22.53903429826115,114.04781278730138,深圳市水务局开放平台·积涝点水位
2026-08-20T02:00:00+08:00,Asia/Shanghai,MS1104403040000634,(市)燃气集团股份有限公司梅林 LNG安全应急气化站,0.0,0.0,13,13,good,,,深圳市水务局开放平台·积涝点水位
2026-08-20T02:00:00+08:00,Asia/Shanghai,MS1104403040000649,(市)深南大道车公庙交通枢纽段,0.0,0.0,13,13,good,22.5420797706313,113.9753640727562,深圳市水务局开放平台·积涝点水位
2026-08-20T02:00:00+08:00,Asia/Shanghai,MS1104403050000118,(市)月亮湾大道与前湾三路交叉口,0.0,0.0,2,2,good,22.511993391395155,113.8903078293519,深圳市水务局开放平台·积涝点水位
2026-08-20T02:00:00+08:00,Asia/Shanghai,MS1104403050000122,(市)南山大道深意工业大厦段,0.0,0.0,12,12,good,22.540721694789013,113.9181638130031,深圳市水务局开放平台·积涝点水位
2026-08-20T02:00:00+08:00,Asia/Shanghai,MS1104403050000137,(市)南山大道与登良路交叉口,0.0,0.0,2,2,good,22.540721694789013,113.9181638130031,深圳市水务局开放平台·积涝点水位
2026-08-20T02:00:00+08:00,Asia/Shanghai,MS1104403050000141,(市)南新路北头豪苑,0.0,0.0,2,2,good,22.535707366852186,113.92452459612443,深圳市水务局开放平台·积涝点水位
2026-08-20T02:00:00+08:00,Asia/Shanghai,MS1104403050000156,(市)滨海大道与南山大道交叉口,0.0,0.0,2,2,good,22.579823080041088,114.10123773351275,深圳市水务局开放平台·积涝点水位
2026-08-20T02:00:00+08:00,Asia/Shanghai,MS1104403050000160,(市)桃园路与南新路交叉口,0.0,0.0,2,2,good,22.535395972003414,113.91852837514443,深圳市水务局开放平台·积涝点水位
2026-08-20T02:00:00+08:00,Asia/Shanghai,MS1104403050000175,(市)后海大道与登良路交叉口,0.0,0.0,15,15,good,22.51179221810604,113.92884393579894,深圳市水务局开放平台·积涝点水位
2026-08-20T02:00:00+08:00,Asia/Shanghai,MS110440305000018X,(市)后海大道港湾创业大厦,0.0,0.0,13,13,good,22.51179221810604,113.92884393579894,深圳市水务局开放平台·积涝点水位
2026-08-20T02:00:00+08:00,Asia/Shanghai,MS1104403050000194,(市)深南大道高新园地铁 AD 口,0.0,0.0,13,13,good,22.5420797706313,113.9753640727562,深圳市水务局开放平台·积涝点水位
2026-08-20T02:00:00+08:00,Asia/Shanghai,MS1104403050000209,(市)深圳湾口岸,0.0,0.0,2,2,good,,,深圳市水务局开放平台·积涝点水位
2026-08-20T02:00:00+08:00,Asia/Shanghai,MS1104403050000213,(市)前湾公园地铁站 A 出入口,0.0,0.0,13,13,good,,,深圳市水务局开放平台·积涝点水位
2026-08-20T02:00:00+08:00,Asia/Shanghai,MS1104403050000228,(市)粤海门地铁站 D2 出入口,0.0,0.0,13,13,good,,,深圳市水务局开放平台·积涝点水位
2026-08-20T02:00:00+08:00,Asia/Shanghai,MS1104403050000232,(市)桂庙路地下道路,0.0,0.0,13,13,good,22.52643977555155,113.91686609460196,深圳市水务局开放平台·积涝点水位
2026-08-20T02:00:00+08:00,Asia/Shanghai,MS1104403050000247,(市)国家超级计算深圳中心,0.0,0.0,13,13,good,,,深圳市水务局开放平台·积涝点水位
2026-08-20T02:00:00+08:00,Asia/Shanghai,MS110440306000029X,(市)辛养旧村辛居路,0.0,0.0,2,2,good,,,深圳市水务局开放平台·积涝点水位
2026-08-20T02:00:00+08:00,Asia/Shanghai,MS1104403060000304,(市)山门第三工业区,0.0,0.0,2,2,good,,,深圳市水务局开放平台·积涝点水位
2026-08-20T02:00:00+08:00,Asia/Shanghai,MS1104403060000319,(市)前进一路上川路口,0.0,0.0,13,13,good,22.57118007860348,113.90008995469552,深圳市水务局开放平台·积涝点水位
2026-08-20T02:00:00+08:00,Asia/Shanghai,MS1104403060000323,(市)洪浪北地铁站,0.0,0.0,13,13,good,,,深圳市水务局开放平台·积涝点水位
2026-08-20T02:00:00+08:00,Asia/Shanghai,MS1104403060000338,(市)东风幼儿园,0.0,0.0,2,2,good,,,深圳市水务局开放平台·积涝点水位
2026-08-20T02:00:00+08:00,Asia/Shanghai,MS1104403060000342,(市)海乐41区,0.0,0.0,2,2,good,,,深圳市水务局开放平台·积涝点水位
2026-08-20T02:00:00+08:00,Asia/Shanghai,MS1104403060000357,(市)前进二路,0.0,0.0,2,2,good,22.597482662679273,113.87435005513986,深圳市水务局开放平台·积涝点水位
2026-08-20T02:00:00+08:00,Asia/Shanghai,MS1104403060000361,(市)园岭商场,0.0,0.0,13,13,good,,,深圳市水务局开放平台·积涝点水位
2026-08-20T02:00:00+08:00,Asia/Shanghai,MS1104403060000376,(市)新圳西路万佳商场段,0.0,0.0,6,6,good,22.56349644,113.89998969999999,深圳市水务局开放平台·积涝点水位
2026-08-20T02:00:00+08:00,Asia/Shanghai,MS1104403060000380,(市)北环路与爱群路路口,0.0,0.0,12,12,good,22.79634568700108,114.39897783430258,深圳市水务局开放平台·积涝点水位
2026-08-20T02:00:00+08:00,Asia/Shanghai,MS1104403060000395,(市)宝安区幸福路与恒珠一路,0.0,0.0,2,2,good,,,深圳市水务局开放平台·积涝点水位
2026-08-20T02:00:00+08:00,Asia/Shanghai,MS110440306000040X,(市)宝安区勋业街,0.0,0.0,2,2,good,,,深圳市水务局开放平台·积涝点水位
2026-08-20T02:00:00+08:00,Asia/Shanghai,MS1104403060000414,(市)宝安区福和路西六巷,0.0,0.0,13,13,good,22.75496986065163,113.7975587837876,深圳市水务局开放平台·积涝点水位
2026-08-20T02:00:00+08:00,Asia/Shanghai,MS1104403060000429,(市)民福路与创新路交叉口,0.0,0.0,13,13,good,22.77931941488889,113.82386091368804,深圳市水务局开放平台·积涝点水位
2026-08-20T02:00:00+08:00,Asia/Shanghai,MS1104403060000433,(市)金沙二路与民福路交叉口,0.0,0.0,2,2,good,22.731531574999998,113.800096525,深圳市水务局开放平台·积涝点水位
2026-08-20T02:00:00+08:00,Asia/Shanghai,MS1104403060000448,(市)宝安区沙井西环路正科时代,0.0,0.0,2,2,good,22.658437552805964,113.96411546099013,深圳市水务局开放平台·积涝点水位
2026-08-20T02:00:00+08:00,Asia/Shanghai,MS1104403060000452,(市)宝源路固戍海滨公园,0.0,0.0,13,13,good,22.58668431255461,113.84584894450396,深圳市水务局开放平台·积涝点水位
2026-08-20T02:00:00+08:00,Asia/Shanghai,MS1104403060000467,(市)海雅缤纷城,0.0051,0.01,39,39,good,,,深圳市水务局开放平台·积涝点水位
2026-08-20T02:00:00+08:00,Asia/Shanghai,MS1104403060000471,(市)万达广场,0.0,0.0,2,2,good,,,深圳市水务局开放平台·积涝点水位
2026-08-20T02:00:00+08:00,Asia/Shanghai,MS1104403060000486,(市)固戍地铁站 A/F 出入口,0.0,0.0,13,13,good,,,深圳市水务局开放平台·积涝点水位
2026-08-20T02:00:00+08:00,Asia/Shanghai,MS1104403060000490,(市)碧海湾地铁站 B 出入口,0.0,0.0,13,13,good,,,深圳市水务局开放平台·积涝点水位
2026-08-20T02:00:00+08:00,Asia/Shanghai,MS1104403060000505,(市)海天路地下隧道,0.0,0.0,13,13,good,22.549962987088094,113.87889692546018,深圳市水务局开放平台·积涝点水位
2026-08-20T02:00:00+08:00,Asia/Shanghai,MS1104403070000175,(市)龙平西路新秀社区公园,0.0,0.0,2,2,good,22.731009781031894,114.22605984524496,深圳市水务局开放平台·积涝点水位
2026-08-20T02:00:00+08:00,Asia/Shanghai,MS110440307000018X,(市)如意路广发银行奥林支行,0.0,0.0,13,13,good,22.697841456213258,114.19931100734046,深圳市水务局开放平台·积涝点水位
2026-08-20T02:00:00+08:00,Asia/Shanghai,MS1104403070000194,(市)龙翔大道与龙城大道交汇处,0.0,0.0,13,13,good,22.708452173199664,114.22855732448205,深圳市水务局开放平台·积涝点水位
2026-08-20T02:00:00+08:00,Asia/Shanghai,MS1104403070000209,(市)龙城大道与龙平东路交汇处,0.0,0.0,13,13,good,22.734070392016967,114.26268655089929,深圳市水务局开放平台·积涝点水位
2026-08-20T02:00:00+08:00,Asia/Shanghai,MS1104403070000213,(市)龙西中路与盐龙大道交汇处,0.0,0.0,13,13,good,22.75103177856142,114.25588661241065,深圳市水务局开放平台·积涝点水位
2026-08-20T02:00:00+08:00,Asia/Shanghai,MS1104403070000228,(市)爱南路与深汕公路交汇处,0.0,0.0,13,13,good,22.709133830928806,114.31382413715897,深圳市水务局开放平台·积涝点水位
2026-08-20T02:00:00+08:00,Asia/Shanghai,MS1104403070000232,(市)园新路与乐园路交汇处,0.0,0.0,13,13,good,22.714932425,114.3001758,深圳市水务局开放平台·积涝点水位
2026-08-20T02:00:00+08:00,Asia/Shanghai,MS1104403070000247,(市)长深高速四方埔社区,0.0,0.0,2,2,good,22.785453209312927,114.3238491191703,深圳市水务局开放平台·积涝点水位
2026-08-20T02:00:00+08:00,Asia/Shanghai,MS1104403070000251,(市)龙岗区政府,0.0,0.0,13,13,good,,,深圳市水务局开放平台·积涝点水位
2026-08-20T02:00:00+08:00,Asia/Shanghai,MS1104403070000266,(市)五和地铁站H出入口,0.0,0.0,13,13,good,,,深圳市水务局开放平台·积涝点水位
2026-08-20T02:00:00+08:00,Asia/Shanghai,MS1104403070000270,(市)长龙地铁站C2出入口,0.0,0.0,2,2,good,,,深圳市水务局开放平台·积涝点水位
2026-08-20T02:00:00+08:00,Asia/Shanghai,MS1104403070000285,(市)育贤学校、童星幼儿园,0.0,0.0,13,13,good,,,深圳市水务局开放平台·积涝点水位
2026-08-20T02:00:00+08:00,Asia/Shanghai,MS110440307000029X,(市)深圳远东妇产医院,0.0,0.0,17,17,good,,,深圳市水务局开放平台·积涝点水位
2026-08-20T02:00:00+08:00,Asia/Shanghai,MS1104403070000304,(市)英才学校,0.0,0.0,13,13,good,,,深圳市水务局开放平台·积涝点水位
2026-08-20T02:00:00+08:00,Asia/Shanghai,MS1104403070000319,(市)吉榕路桥洞,0.0,0.0,13,13,good,,,深圳市水务局开放平台·积涝点水位
2026-08-20T02:00:00+08:00,Asia/Shanghai,MS1104403070000323,(市)京南路,0.0,0.0,2,2,good,22.602818284523806,114.12130894517196,深圳市水务局开放平台·积涝点水位
2026-08-20T02:00:00+08:00,Asia/Shanghai,MS1104403070000338,(市)布澜路国芬路口,0.0,0.0,2,2,good,22.635311170786817,114.12784150313183,深圳市水务局开放平台·积涝点水位
2026-08-20T02:00:00+08:00,Asia/Shanghai,MS1104403070000342,(市)布吉站（深圳东站）,0.0,0.0,2,2,good,,,深圳市水务局开放平台·积涝点水位
2026-08-20T02:00:00+08:00,Asia/Shanghai,MS1104403080000012,(市)金融路海涛路口片区,0.0,0.0,13,13,good,22.553642038690473,114.22939035281746,深圳市水务局开放平台·积涝点水位
2026-08-20T02:00:00+08:00,Asia/Shanghai,MS1104403080000027,(市)沙头角口岸小区,0.0,0.0,12,12,good,,,深圳市水务局开放平台·积涝点水位
2026-08-20T02:00:00+08:00,Asia/Shanghai,MS1104403080000031,(市)桥东街小区,0.0,0.0,13,13,good,,,深圳市水务局开放平台·积涝点水位
2026-08-20T02:00:00+08:00,Asia/Shanghai,MS1104403090000065,(市)泗黎路凹背社区富坑社区,0.0,0.0,2,2,good,22.753687171367037,114.03385655648283,深圳市水务局开放平台·积涝点水位
2026-08-20T02:00:00+08:00,Asia/Shanghai,MS110440309000007X,(市)银星科技园,0.0,0.0,2,2,good,,,深圳市水务局开放平台·积涝点水位
2026-08-20T02:00:00+08:00,Asia/Shanghai,MS1104403090000084,(市)观光路与福前路交汇处,0.0,0.0,2,2,good,22.733179257314486,114.01274963079653,深圳市水务局开放平台·积涝点水位
2026-08-20T02:00:00+08:00,Asia/Shanghai,MS1104403090000099,(市)三联社区,0.0,0.0,13,13,good,,,深圳市水务局开放平台·积涝点水位
2026-08-20T02:00:00+08:00,Asia/Shanghai,MS1104403090000103,(市)布龙路与五和大道交汇处,0.0,0.0,13,13,good,22.646750702555874,114.02665721385576,深圳市水务局开放平台·积涝点水位
2026-08-20T02:00:00+08:00,Asia/Shanghai,MS1104403090000118,(市)新区大道深圳北站,0.0,0.0,13,13,good,22.624351465560785,114.01682556681699,深圳市水务局开放平台·积涝点水位
2026-08-20T02:00:00+08:00,Asia/Shanghai,MS1104403090000122,(市)龙华壹方成,0.0,0.0,13,13,good,,,深圳市水务局开放平台·积涝点水位
2026-08-20T02:00:00+08:00,Asia/Shanghai,MS1104403090000137,(市)昌茂二路,0.0,0.0,13,13,good,,,深圳市水务局开放平台·积涝点水位
2026-08-20T02:00:00+08:00,Asia/Shanghai,MS1104403090000141,(市)大浪新围街大船坑市场段,0.0,0.0,13,13,good,22.692058934615382,113.9964102346154,深圳市水务局开放平台·积涝点水位
2026-08-20T02:00:00+08:00,Asia/Shanghai,MS1104403100000028,(市)坪山法院门口,0.0,0.0,2,2,good,,,深圳市水务局开放平台·积涝点水位
2026-08-20T02:00:00+08:00,Asia/Shanghai,MS1104403100000032,(市)秀沙路比亚迪厂门前,0.0,0.0,13,13,good,22.767995359829058,114.39900074224022,深圳市水务局开放平台·积涝点水位
2026-08-20T02:00:00+08:00,Asia/Shanghai,MS1104403100000047,(市)群代路金泰航科技,0.01,0.01,61,61,good,,,深圳市水务局开放平台·积涝点水位
2026-08-20T02:00:00+08:00,Asia/Shanghai,MS1104403100000051,(市)三洋湖路三洋湖新区小区,0.0,0.0,13,13,good,,,深圳市水务局开放平台·积涝点水位
2026-08-20T02:00:00+08:00,Asia/Shanghai,MS1104403100000066,(市)文化中心地铁站,0.0,0.0,13,13,good,,,深圳市水务局开放平台·积涝点水位
2026-08-20T02:00:00+08:00,Asia/Shanghai,MS1104403110000597,(市)东长路外环高速长圳入口,0.0,0.0,12,12,good,22.747509018088216,113.91221411091422,深圳市水务局开放平台·积涝点水位
2026-08-20T02:00:00+08:00,Asia/Shanghai,MS1104403110000601,(市)光侨雅苑,0.0,0.0,2,2,good,,,深圳市水务局开放平台·积涝点水位
2026-08-20T02:00:00+08:00,Asia/Shanghai,MS1104403110000616,(市)同观路与汇融路交叉口,0.0,0.0,2,2,good,22.734039598507852,113.91441943299901,深圳市水务局开放平台·积涝点水位
2026-08-20T02:00:00+08:00,Asia/Shanghai,MS1104403110000620,(市)松白路松茂御城段,0.0,0.0,2,2,good,22.731110627923336,113.894856941127,深圳市水务局开放平台·积涝点水位
2026-08-20T02:00:00+08:00,Asia/Shanghai,MS1104403110000635,(市)公常路与环村路交叉口,0.0,0.0,13,13,good,22.826648407959507,113.95688701032125,深圳市水务局开放平台·积涝点水位
2026-08-20T02:00:00+08:00,Asia/Shanghai,MS110440311000064X,(市)光明区高级中学,0.0,0.0,2,2,good,,,深圳市水务局开放平台·积涝点水位
2026-08-20T02:00:00+08:00,Asia/Shanghai,MS1104403120000032,(市)大鹏液化天然气有限公司深圳接收站,0.0,0.0,13,13,good,,,深圳市水务局开放平台·积涝点水位
2026-08-20T03:00:00+08:00,Asia/Shanghai,9281192001,(市)平湖火车隧道口,0.0,0.0,13,13,good,,,深圳市水务局开放平台·积涝点水位
2026-08-20T03:00:00+08:00,Asia/Shanghai,9281192002,(市)新木路广深铁路桥底,0.0,0.0,13,13,good,22.6674177472887,114.13210195018992,深圳市水务局开放平台·积涝点水位
2026-08-20T03:00:00+08:00,Asia/Shanghai,9281192003,(市)新木路新围仔村路口,0.0,0.0,13,13,good,22.6674177472887,114.13210195018992,深圳市水务局开放平台·积涝点水位
2026-08-20T03:00:00+08:00,Asia/Shanghai,9281192004,(市)布李路富民城段,0.0,0.0,13,13,good,22.618912574166664,114.11654044833332,深圳市水务局开放平台·积涝点水位
2026-08-20T03:00:00+08:00,Asia/Shanghai,9281192005,(市)龙博路,0.01,0.01,62,62,good,22.62797037826087,114.10927237391306,深圳市水务局开放平台·积涝点水位
2026-08-20T03:00:00+08:00,Asia/Shanghai,9281192006,(市)五和大道四季花城,0.0,0.0,13,13,good,22.65976725256875,114.05975735653944,深圳市水务局开放平台·积涝点水位
2026-08-20T03:00:00+08:00,Asia/Shanghai,9281192007,(市)沙西小学至南岭万家乐段,0.0,0.0,12,12,good,,,深圳市水务局开放平台·积涝点水位
2026-08-20T03:00:00+08:00,Asia/Shanghai,9281192008,(市)南联第六工业区桥洞,0.0,0.0,12,12,good,,,深圳市水务局开放平台·积涝点水位
2026-08-20T03:00:00+08:00,Asia/Shanghai,9281192009,(市)新坡塘村新坡塘积水点,0.0,0.0,13,13,good,,,深圳市水务局开放平台·积涝点水位
2026-08-20T03:00:00+08:00,Asia/Shanghai,9281192010,(市)安良六村安业路与安居路交汇处,0.0,0.0,13,13,good,,,深圳市水务局开放平台·积涝点水位
2026-08-20T03:00:00+08:00,Asia/Shanghai,9281192011,(市)松元头,0.01,0.01,60,60,good,,,深圳市水务局开放平台·积涝点水位
2026-08-20T03:00:00+08:00,Asia/Shanghai,9281192012,(市)湖南立交,0.0,0.0,13,13,good,,,深圳市水务局开放平台·积涝点水位
2026-08-20T03:00:00+08:00,Asia/Shanghai,9281192013,(市)高背路惠盐高速桥洞积水点,0.0,0.0,13,13,good,,,深圳市水务局开放平台·积涝点水位
2026-08-20T03:00:00+08:00,Asia/Shanghai,9281192014,(市)鹤坑桥洞,0.0,0.0,13,13,good,,,深圳市水务局开放平台·积涝点水位
2026-08-20T03:00:00+08:00,Asia/Shanghai,9281192015,(市)安良社区沿河一路疏港铁路桥洞,0.0,0.0,13,13,good,22.73162335,114.107919,深圳市水务局开放平台·积涝点水位
2026-08-20T03:00:00+08:00,Asia/Shanghai,9281192016,(市)宝荷路中新加油站对面,0.0,0.0,13,13,good,22.694796752516076,114.25970116268519,深圳市水务局开放平台·积涝点水位
2026-08-20T03:00:00+08:00,Asia/Shanghai,9281192017,(市)环观南路与观平路交汇处,0.0,0.0,13,13,good,22.705673908780923,114.07279441765539,深圳市水务局开放平台·积涝点水位
2026-08-20T03:00:00+08:00,Asia/Shanghai,9281192018,(市)龙华大道库坑天桥段,0.0,0.0,13,13,good,22.669745856798677,114.03752701836405,深圳市水务局开放平台·积涝点水位
2026-08-20T03:00:00+08:00,Asia/Shanghai,9281192019,(市)福龙路高铁桥下简上段,0.0,0.0,13,13,good,22.61964472178257,114.00080097044238,深圳市水务局开放平台·积涝点水位
2026-08-20T03:00:00+08:00,Asia/Shanghai,9281192020,(市)工业路壹成中心段,0.0,0.0,15,15,good,22.648754971805,114.02570221318598,深圳市水务局开放平台·积涝点水位
2026-08-20T03:00:00+08:00,Asia/Shanghai,9281192021,(市)东环一路和平路交汇处,0.0,0.0,13,13,good,22.65040479515617,114.03284713758192,深圳市水务局开放平台·积涝点水位
2026-08-20T03:00:00+08:00,Asia/Shanghai,9281192022,(市)龙田社区大水湾,0.0,0.0,13,13,good,,,深圳市水务局开放平台·积涝点水位
2026-08-20T03:00:00+08:00,Asia/Shanghai,9281292001,(市)滨河皇岗立交桥洞,0.0,0.0,13,13,good,,,深圳市水务局开放平台·积涝点水位
2026-08-20T03:00:00+08:00,Asia/Shanghai,9281292002,(市)广深高速桥下滨海大道北侧辅道,0.01,0.01,66,66,good,22.579823080041088,114.10123773351275,深圳市水务局开放平台·积涝点水位
2026-08-20T03:00:00+08:00,Asia/Shanghai,9281292003,(市)福田区竹子林立交下穿通道,0.0,0.0,13,13,good,,,深圳市水务局开放平台·积涝点水位
2026-08-20T03:00:00+08:00,Asia/Shanghai,9281292004,(市)滨河益田立交桥洞,0.0,0.0,12,12,good,,,深圳市水务局开放平台·积涝点水位
2026-08-20T03:00:00+08:00,Asia/Shanghai,9281292005,(市)深南新洲一号立交桥洞,0.0,0.0,13,13,good,,,深圳市水务局开放平台·积涝点水位
2026-08-20T03:00:00+08:00,Asia/Shanghai,9281292006,(市)北环新洲立交东南角辅道,0.0,0.0,13,13,good,,,深圳市水务局开放平台·积涝点水位
2026-08-20T03:00:00+08:00,Asia/Shanghai,9281292007,(市)107国道新安段(裕安加油站),0.0,0.0,13,13,good,22.55254164883845,113.90816500450731,深圳市水务局开放平台·积涝点水位
2026-08-20T03:00:00+08:00,Asia/Shanghai,9281292008,洲石路鹤洲桥底（市）,0.0,0.0,13,13,good,22.651019027149744,113.88061107664711,深圳市水务局开放平台·积涝点水位
2026-08-20T03:00:00+08:00,Asia/Shanghai,9281292009,(市)帝堂路（锦程路以西段）,0.01,0.01,63,63,good,22.70987723506993,113.7784856087664,深圳市水务局开放平台·积涝点水位
2026-08-20T03:00:00+08:00,Asia/Shanghai,9281292010,(市)上星南路与中心路丽沙花都,0.0,0.0,18,18,good,22.502209013854387,113.93734688972145,深圳市水务局开放平台·积涝点水位
2026-08-20T03:00:00+08:00,Asia/Shanghai,9281292011,(市)外环路广深高速新桥立交,0.0,0.0,13,13,good,22.736379220337216,113.84591188570887,深圳市水务局开放平台·积涝点水位
2026-08-20T03:00:00+08:00,Asia/Shanghai,9281292012,(市)固戍海滨新村文昌阁,0.0,0.0,13,13,good,,,深圳市水务局开放平台·积涝点水位
2026-08-20T03:00:00+08:00,Asia/Shanghai,9281292013,(市)宝安大道固戍地铁站,0.0,0.0,13,13,good,22.64678387472509,113.8417801892837,深圳市水务局开放平台·积涝点水位
2026-08-20T03:00:00+08:00,Asia/Shanghai,9281292014,(市)G107国道南行固戍大门,0.0,0.0,18,18,good,22.55254164883845,113.90816500450731,深圳市水务局开放平台·积涝点水位
2026-08-20T03:00:00+08:00,Asia/Shanghai,9281292015,(市)东环大道松宝大道段,0.0,0.0,13,13,good,,,深圳市水务局开放平台·积涝点水位
2026-08-20T03:00:00+08:00,Asia/Shanghai,9281292016,(市)长凤路龙大高速桥底,0.0,0.0,13,13,good,22.775734215738417,113.91156092305157,深圳市水务局开放平台·积涝点水位
2026-08-20T03:00:00+08:00,Asia/Shanghai,9281292017,(市)圳美同富裕工业区,0.0,0.0,13,13,good,,,深圳市水务局开放平台·积涝点水位
2026-08-20T03:00:00+08:00,Asia/Shanghai,9281292018,(市)根玉路东方大道交汇处,0.0,0.0,18,18,good,22.763216165633853,113.85149341983029,深圳市水务局开放平台·积涝点水位
2026-08-20T03:00:00+08:00,Asia/Shanghai,9281292019,(市)上村社区龙大桥底,0.0,0.0,11,11,good,,,深圳市水务局开放平台·积涝点水位
2026-08-20T03:00:00+08:00,Asia/Shanghai,9281292020,(市)马山头社区上石家路通兴路交汇处,0.0,0.0,12,12,good,22.763999933333334,113.8915635138889,深圳市水务局开放平台·积涝点水位
2026-08-20T03:00:00+08:00,Asia/Shanghai,9281292021,(市)临海大道海关保税区,0.0,0.0,13,13,good,22.53399911521491,113.88871009435005,深圳市水务局开放平台·积涝点水位
2026-08-20T03:00:00+08:00,Asia/Shanghai,9281292022,(市)南山大道南行亿利达村段,0.0,0.0,12,12,good,22.540721694789013,113.9181638130031,深圳市水务局开放平台·积涝点水位
2026-08-20T03:00:00+08:00,Asia/Shanghai,9281292023,(市)东滨路南行华联城市山林花园段,0.0,0.0,12,12,good,22.51106546682151,113.92212734316605,深圳市水务局开放平台·积涝点水位
2026-08-20T03:00:00+08:00,Asia/Shanghai,9281292024,(市)深圳湾东滨路与中心路交叉口,0.0,0.0,13,13,good,22.51106546682151,113.92212734316605,深圳市水务局开放平台·积涝点水位
2026-08-20T03:00:00+08:00,Asia/Shanghai,MS1104403030000228,(市)红岗公园,0.0,0.0,2,2,good,,,深圳市水务局开放平台·积涝点水位
2026-08-20T03:00:00+08:00,Asia/Shanghai,MS1104403030000232,(市)沿河南路文锦路社区,0.0,0.0,13,13,good,22.550252268776845,114.11444108979862,深圳市水务局开放平台·积涝点水位
2026-08-20T03:00:00+08:00,Asia/Shanghai,MS1104403030000247,(市)深南东路黄贝岭,0.0,0.0,13,13,good,22.54661746874732,114.11811396992493,深圳市水务局开放平台·积涝点水位
2026-08-20T03:00:00+08:00,Asia/Shanghai,MS1104403030000251,(市)滨河上步立交桥,0.0,0.0,2,2,good,,,深圳市水务局开放平台·积涝点水位
2026-08-20T03:00:00+08:00,Asia/Shanghai,MS1104403030000266,(市)罗湖火车站,0.0,0.0,13,13,good,,,深圳市水务局开放平台·积涝点水位
2026-08-20T03:00:00+08:00,Asia/Shanghai,MS1104403030000270,(市)罗湖区委,0.0,0.0,2,2,good,,,深圳市水务局开放平台·积涝点水位
2026-08-20T03:00:00+08:00,Asia/Shanghai,MS1104403030000285,(市)万象城,0.0,0.0,13,13,good,,,深圳市水务局开放平台·积涝点水位
2026-08-20T03:00:00+08:00,Asia/Shanghai,MS110440303000029X,(市)洪湖地铁站D出入口,0.0,0.0,2,2,good,,,深圳市水务局开放平台·积涝点水位
2026-08-20T03:00:00+08:00,Asia/Shanghai,MS1104403030000304,(市)东湖路,0.0,0.0,5,5,good,22.582822583699635,114.1345991945055,深圳市水务局开放平台·积涝点水位
2026-08-20T03:00:00+08:00,Asia/Shanghai,MS1104403030000319,(市)桂园片区,0.0,0.0,13,13,good,,,深圳市水务局开放平台·积涝点水位
2026-08-20T03:00:00+08:00,Asia/Shanghai,MS1104403030000323,(市)晒布路与东门中路交汇处,0.0,0.0,13,13,good,22.551568716163253,114.1183832504732,深圳市水务局开放平台·积涝点水位
2026-08-20T03:00:00+08:00,Asia/Shanghai,MS1104403030000338,(市)东湖公园爱国路与太宁路路口,0.0,0.0,13,13,good,22.563633808974675,114.13329390192719,深圳市水务局开放平台·积涝点水位
2026-08-20T03:00:00+08:00,Asia/Shanghai,MS1104403030000342,(市)文锦渡口岸,0.0,0.0,2,2,good,,,深圳市水务局开放平台·积涝点水位
2026-08-20T03:00:00+08:00,Asia/Shanghai,MS1104403040000543,(市)香梅莲花路口,0.0,0.0,2,2,good,22.559401296538805,114.04793087126708,深圳市水务局开放平台·积涝点水位
2026-08-20T03:00:00+08:00,Asia/Shanghai,MS1104403040000558,(市)信托花园,0.0,0.0,16,16,good,,,深圳市水务局开放平台·积涝点水位
2026-08-20T03:00:00+08:00,Asia/Shanghai,MS1104403040000562,(市)上步红荔路口,0.0,0.0,2,2,good,22.550171284097686,114.05891535550717,深圳市水务局开放平台·积涝点水位
2026-08-20T03:00:00+08:00,Asia/Shanghai,MS1104403040000577,(市)深南皇岗立交桥与皇岗路交汇处,0.0,0.0,13,13,good,22.552167188223326,114.06774281249497,深圳市水务局开放平台·积涝点水位
2026-08-20T03:00:00+08:00,Asia/Shanghai,MS1104403040000581,(市)北环大道与梅林路交汇处,0.0,0.0,2,2,good,22.55966775704351,113.99344633894496,深圳市水务局开放平台·积涝点水位
2026-08-20T03:00:00+08:00,Asia/Shanghai,MS1104403040000596,(市)侨香路香梅社区,0.0,0.0,2,2,good,22.55158384619422,114.00624803762132,深圳市水务局开放平台·积涝点水位
2026-08-20T03:00:00+08:00,Asia/Shanghai,MS1104403040000600,(市)侨香路香安社区,0.0,0.0,2,2,good,22.55158384619422,114.00624803762132,深圳市水务局开放平台·积涝点水位
2026-08-20T03:00:00+08:00,Asia/Shanghai,MS1104403040000615,(市)市民中心,0.0,0.0,2,2,good,,,深圳市水务局开放平台·积涝点水位
2026-08-20T03:00:00+08:00,Asia/Shanghai,MS110440304000062X,(市)民田路深圳证券交易所,0.0,0.0,13,13,good,22.53903429826115,114.04781278730138,深圳市水务局开放平台·积涝点水位
2026-08-20T03:00:00+08:00,Asia/Shanghai,MS1104403040000634,(市)燃气集团股份有限公司梅林 LNG安全应急气化站,0.0,0.0,13,13,good,,,深圳市水务局开放平台·积涝点水位
2026-08-20T03:00:00+08:00,Asia/Shanghai,MS1104403040000649,(市)深南大道车公庙交通枢纽段,0.0,0.0,13,13,good,22.5420797706313,113.9753640727562,深圳市水务局开放平台·积涝点水位
2026-08-20T03:00:00+08:00,Asia/Shanghai,MS1104403050000118,(市)月亮湾大道与前湾三路交叉口,0.0,0.0,2,2,good,22.511993391395155,113.8903078293519,深圳市水务局开放平台·积涝点水位
2026-08-20T03:00:00+08:00,Asia/Shanghai,MS1104403050000122,(市)南山大道深意工业大厦段,0.0,0.0,12,12,good,22.540721694789013,113.9181638130031,深圳市水务局开放平台·积涝点水位
2026-08-20T03:00:00+08:00,Asia/Shanghai,MS1104403050000137,(市)南山大道与登良路交叉口,0.0,0.0,2,2,good,22.540721694789013,113.9181638130031,深圳市水务局开放平台·积涝点水位
2026-08-20T03:00:00+08:00,Asia/Shanghai,MS1104403050000141,(市)南新路北头豪苑,0.0,0.0,2,2,good,22.535707366852186,113.92452459612443,深圳市水务局开放平台·积涝点水位
2026-08-20T03:00:00+08:00,Asia/Shanghai,MS1104403050000156,(市)滨海大道与南山大道交叉口,0.0,0.0,2,2,good,22.579823080041088,114.10123773351275,深圳市水务局开放平台·积涝点水位
2026-08-20T03:00:00+08:00,Asia/Shanghai,MS1104403050000160,(市)桃园路与南新路交叉口,0.0,0.0,2,2,good,22.535395972003414,113.91852837514443,深圳市水务局开放平台·积涝点水位
2026-08-20T03:00:00+08:00,Asia/Shanghai,MS1104403050000175,(市)后海大道与登良路交叉口,0.0,0.0,13,13,good,22.51179221810604,113.92884393579894,深圳市水务局开放平台·积涝点水位
2026-08-20T03:00:00+08:00,Asia/Shanghai,MS110440305000018X,(市)后海大道港湾创业大厦,0.0,0.0,13,13,good,22.51179221810604,113.92884393579894,深圳市水务局开放平台·积涝点水位
2026-08-20T03:00:00+08:00,Asia/Shanghai,MS1104403050000194,(市)深南大道高新园地铁 AD 口,0.0,0.0,13,13,good,22.5420797706313,113.9753640727562,深圳市水务局开放平台·积涝点水位
2026-08-20T03:00:00+08:00,Asia/Shanghai,MS1104403050000209,(市)深圳湾口岸,0.0,0.0,2,2,good,,,深圳市水务局开放平台·积涝点水位
2026-08-20T03:00:00+08:00,Asia/Shanghai,MS1104403050000213,(市)前湾公园地铁站 A 出入口,0.0,0.0,13,13,good,,,深圳市水务局开放平台·积涝点水位
2026-08-20T03:00:00+08:00,Asia/Shanghai,MS1104403050000228,(市)粤海门地铁站 D2 出入口,0.0,0.0,13,13,good,,,深圳市水务局开放平台·积涝点水位
2026-08-20T03:00:00+08:00,Asia/Shanghai,MS1104403050000232,(市)桂庙路地下道路,0.0,0.0,13,13,good,22.52643977555155,113.91686609460196,深圳市水务局开放平台·积涝点水位
2026-08-20T03:00:00+08:00,Asia/Shanghai,MS1104403050000247,(市)国家超级计算深圳中心,0.0,0.0,18,18,good,,,深圳市水务局开放平台·积涝点水位
2026-08-20T03:00:00+08:00,Asia/Shanghai,MS110440306000029X,(市)辛养旧村辛居路,0.0,0.0,2,2,good,,,深圳市水务局开放平台·积涝点水位
2026-08-20T03:00:00+08:00,Asia/Shanghai,MS1104403060000304,(市)山门第三工业区,0.0,0.0,2,2,good,,,深圳市水务局开放平台·积涝点水位
2026-08-20T03:00:00+08:00,Asia/Shanghai,MS1104403060000319,(市)前进一路上川路口,0.0,0.0,13,13,good,22.57118007860348,113.90008995469552,深圳市水务局开放平台·积涝点水位
2026-08-20T03:00:00+08:00,Asia/Shanghai,MS1104403060000323,(市)洪浪北地铁站,0.0,0.0,13,13,good,,,深圳市水务局开放平台·积涝点水位
2026-08-20T03:00:00+08:00,Asia/Shanghai,MS1104403060000338,(市)东风幼儿园,0.0,0.0,2,2,good,,,深圳市水务局开放平台·积涝点水位
2026-08-20T03:00:00+08:00,Asia/Shanghai,MS1104403060000342,(市)海乐41区,0.0,0.0,2,2,good,,,深圳市水务局开放平台·积涝点水位
2026-08-20T03:00:00+08:00,Asia/Shanghai,MS1104403060000357,(市)前进二路,0.0,0.0,2,2,good,22.597482662679273,113.87435005513986,深圳市水务局开放平台·积涝点水位
2026-08-20T03:00:00+08:00,Asia/Shanghai,MS1104403060000361,(市)园岭商场,0.0,0.0,13,13,good,,,深圳市水务局开放平台·积涝点水位
2026-08-20T03:00:00+08:00,Asia/Shanghai,MS1104403060000376,(市)新圳西路万佳商场段,0.0,0.0,5,5,good,22.56349644,113.89998969999999,深圳市水务局开放平台·积涝点水位
2026-08-20T03:00:00+08:00,Asia/Shanghai,MS1104403060000380,(市)北环路与爱群路路口,0.0,0.0,12,12,good,22.79634568700108,114.39897783430258,深圳市水务局开放平台·积涝点水位
2026-08-20T03:00:00+08:00,Asia/Shanghai,MS1104403060000395,(市)宝安区幸福路与恒珠一路,0.0,0.0,2,2,good,,,深圳市水务局开放平台·积涝点水位
2026-08-20T03:00:00+08:00,Asia/Shanghai,MS110440306000040X,(市)宝安区勋业街,0.0,0.0,2,2,good,,,深圳市水务局开放平台·积涝点水位
2026-08-20T03:00:00+08:00,Asia/Shanghai,MS1104403060000414,(市)宝安区福和路西六巷,0.0,0.0,13,13,good,22.75496986065163,113.7975587837876,深圳市水务局开放平台·积涝点水位
2026-08-20T03:00:00+08:00,Asia/Shanghai,MS1104403060000429,(市)民福路与创新路交叉口,0.0,0.0,13,13,good,22.77931941488889,113.82386091368804,深圳市水务局开放平台·积涝点水位
2026-08-20T03:00:00+08:00,Asia/Shanghai,MS1104403060000433,(市)金沙二路与民福路交叉口,0.0,0.0,2,2,good,22.731531574999998,113.800096525,深圳市水务局开放平台·积涝点水位
2026-08-20T03:00:00+08:00,Asia/Shanghai,MS1104403060000448,(市)宝安区沙井西环路正科时代,0.0,0.0,2,2,good,22.658437552805964,113.96411546099013,深圳市水务局开放平台·积涝点水位
2026-08-20T03:00:00+08:00,Asia/Shanghai,MS1104403060000452,(市)宝源路固戍海滨公园,0.0,0.0,13,13,good,22.58668431255461,113.84584894450396,深圳市水务局开放平台·积涝点水位
2026-08-20T03:00:00+08:00,Asia/Shanghai,MS1104403060000467,(市)海雅缤纷城,0.0046,0.01,37,37,good,,,深圳市水务局开放平台·积涝点水位
2026-08-20T03:00:00+08:00,Asia/Shanghai,MS1104403060000471,(市)万达广场,0.0,0.0,2,2,good,,,深圳市水务局开放平台·积涝点水位
2026-08-20T03:00:00+08:00,Asia/Shanghai,MS1104403060000486,(市)固戍地铁站 A/F 出入口,0.0,0.0,13,13,good,,,深圳市水务局开放平台·积涝点水位
2026-08-20T03:00:00+08:00,Asia/Shanghai,MS1104403060000490,(市)碧海湾地铁站 B 出入口,0.0,0.0,13,13,good,,,深圳市水务局开放平台·积涝点水位
2026-08-20T03:00:00+08:00,Asia/Shanghai,MS1104403060000505,(市)海天路地下隧道,0.0,0.0,13,13,good,22.549962987088094,113.87889692546018,深圳市水务局开放平台·积涝点水位
2026-08-20T03:00:00+08:00,Asia/Shanghai,MS1104403070000175,(市)龙平西路新秀社区公园,0.0,0.0,2,2,good,22.731009781031894,114.22605984524496,深圳市水务局开放平台·积涝点水位
2026-08-20T03:00:00+08:00,Asia/Shanghai,MS110440307000018X,(市)如意路广发银行奥林支行,0.0,0.0,13,13,good,22.697841456213258,114.19931100734046,深圳市水务局开放平台·积涝点水位
2026-08-20T03:00:00+08:00,Asia/Shanghai,MS1104403070000194,(市)龙翔大道与龙城大道交汇处,0.0,0.0,13,13,good,22.708452173199664,114.22855732448205,深圳市水务局开放平台·积涝点水位
2026-08-20T03:00:00+08:00,Asia/Shanghai,MS1104403070000209,(市)龙城大道与龙平东路交汇处,0.0,0.0,13,13,good,22.734070392016967,114.26268655089929,深圳市水务局开放平台·积涝点水位
2026-08-20T03:00:00+08:00,Asia/Shanghai,MS1104403070000213,(市)龙西中路与盐龙大道交汇处,0.0,0.0,13,13,good,22.75103177856142,114.25588661241065,深圳市水务局开放平台·积涝点水位
2026-08-20T03:00:00+08:00,Asia/Shanghai,MS1104403070000228,(市)爱南路与深汕公路交汇处,0.0,0.0,10,10,good,22.709133830928806,114.31382413715897,深圳市水务局开放平台·积涝点水位
2026-08-20T03:00:00+08:00,Asia/Shanghai,MS1104403070000232,(市)园新路与乐园路交汇处,0.0,0.0,13,13,good,22.714932425,114.3001758,深圳市水务局开放平台·积涝点水位
2026-08-20T03:00:00+08:00,Asia/Shanghai,MS1104403070000247,(市)长深高速四方埔社区,0.0,0.0,2,2,good,22.785453209312927,114.3238491191703,深圳市水务局开放平台·积涝点水位
2026-08-20T03:00:00+08:00,Asia/Shanghai,MS1104403070000251,(市)龙岗区政府,0.0,0.0,13,13,good,,,深圳市水务局开放平台·积涝点水位
2026-08-20T03:00:00+08:00,Asia/Shanghai,MS1104403070000266,(市)五和地铁站H出入口,0.0,0.0,13,13,good,,,深圳市水务局开放平台·积涝点水位
2026-08-20T03:00:00+08:00,Asia/Shanghai,MS1104403070000270,(市)长龙地铁站C2出入口,0.0,0.0,2,2,good,,,深圳市水务局开放平台·积涝点水位
2026-08-20T03:00:00+08:00,Asia/Shanghai,MS1104403070000285,(市)育贤学校、童星幼儿园,0.0,0.0,13,13,good,,,深圳市水务局开放平台·积涝点水位
2026-08-20T03:00:00+08:00,Asia/Shanghai,MS110440307000029X,(市)深圳远东妇产医院,0.0022,0.01,18,18,good,,,深圳市水务局开放平台·积涝点水位
2026-08-20T03:00:00+08:00,Asia/Shanghai,MS1104403070000304,(市)英才学校,0.0,0.0,13,13,good,,,深圳市水务局开放平台·积涝点水位
2026-08-20T03:00:00+08:00,Asia/Shanghai,MS1104403070000319,(市)吉榕路桥洞,0.0,0.0,13,13,good,,,深圳市水务局开放平台·积涝点水位
2026-08-20T03:00:00+08:00,Asia/Shanghai,MS1104403070000323,(市)京南路,0.0,0.0,2,2,good,22.602818284523806,114.12130894517196,深圳市水务局开放平台·积涝点水位
2026-08-20T03:00:00+08:00,Asia/Shanghai,MS1104403070000338,(市)布澜路国芬路口,0.0,0.0,2,2,good,22.635311170786817,114.12784150313183,深圳市水务局开放平台·积涝点水位
2026-08-20T03:00:00+08:00,Asia/Shanghai,MS1104403070000342,(市)布吉站（深圳东站）,0.0,0.0,2,2,good,,,深圳市水务局开放平台·积涝点水位
2026-08-20T03:00:00+08:00,Asia/Shanghai,MS1104403080000012,(市)金融路海涛路口片区,0.0,0.0,13,13,good,22.553642038690473,114.22939035281746,深圳市水务局开放平台·积涝点水位
2026-08-20T03:00:00+08:00,Asia/Shanghai,MS1104403080000027,(市)沙头角口岸小区,0.0,0.0,13,13,good,,,深圳市水务局开放平台·积涝点水位
2026-08-20T03:00:00+08:00,Asia/Shanghai,MS1104403080000031,(市)桥东街小区,0.0,0.0,13,13,good,,,深圳市水务局开放平台·积涝点水位
2026-08-20T03:00:00+08:00,Asia/Shanghai,MS1104403090000065,(市)泗黎路凹背社区富坑社区,0.0,0.0,2,2,good,22.753687171367037,114.03385655648283,深圳市水务局开放平台·积涝点水位
2026-08-20T03:00:00+08:00,Asia/Shanghai,MS110440309000007X,(市)银星科技园,0.0,0.0,3,3,good,,,深圳市水务局开放平台·积涝点水位
2026-08-20T03:00:00+08:00,Asia/Shanghai,MS1104403090000084,(市)观光路与福前路交汇处,0.0,0.0,2,2,good,22.733179257314486,114.01274963079653,深圳市水务局开放平台·积涝点水位
2026-08-20T03:00:00+08:00,Asia/Shanghai,MS1104403090000099,(市)三联社区,0.0,0.0,12,12,good,,,深圳市水务局开放平台·积涝点水位
2026-08-20T03:00:00+08:00,Asia/Shanghai,MS1104403090000103,(市)布龙路与五和大道交汇处,0.0,0.0,13,13,good,22.646750702555874,114.02665721385576,深圳市水务局开放平台·积涝点水位
2026-08-20T03:00:00+08:00,Asia/Shanghai,MS1104403090000118,(市)新区大道深圳北站,0.0,0.0,14,14,good,22.624351465560785,114.01682556681699,深圳市水务局开放平台·积涝点水位
2026-08-20T03:00:00+08:00,Asia/Shanghai,MS1104403090000122,(市)龙华壹方成,0.0,0.0,12,12,good,,,深圳市水务局开放平台·积涝点水位
2026-08-20T03:00:00+08:00,Asia/Shanghai,MS1104403090000137,(市)昌茂二路,0.0,0.0,14,14,good,,,深圳市水务局开放平台·积涝点水位
2026-08-20T03:00:00+08:00,Asia/Shanghai,MS1104403090000141,(市)大浪新围街大船坑市场段,0.0,0.0,13,13,good,22.692058934615382,113.9964102346154,深圳市水务局开放平台·积涝点水位
2026-08-20T03:00:00+08:00,Asia/Shanghai,MS1104403100000028,(市)坪山法院门口,0.0,0.0,2,2,good,,,深圳市水务局开放平台·积涝点水位
2026-08-20T03:00:00+08:00,Asia/Shanghai,MS1104403100000032,(市)秀沙路比亚迪厂门前,0.0,0.0,13,13,good,22.767995359829058,114.39900074224022,深圳市水务局开放平台·积涝点水位
2026-08-20T03:00:00+08:00,Asia/Shanghai,MS1104403100000047,(市)群代路金泰航科技,0.01,0.01,62,62,good,,,深圳市水务局开放平台·积涝点水位
2026-08-20T03:00:00+08:00,Asia/Shanghai,MS1104403100000051,(市)三洋湖路三洋湖新区小区,0.0,0.0,12,12,good,,,深圳市水务局开放平台·积涝点水位
2026-08-20T03:00:00+08:00,Asia/Shanghai,MS1104403100000066,(市)文化中心地铁站,0.0,0.0,13,13,good,,,深圳市水务局开放平台·积涝点水位
2026-08-20T03:00:00+08:00,Asia/Shanghai,MS1104403110000597,(市)东长路外环高速长圳入口,0.0,0.0,13,13,good,22.747509018088216,113.91221411091422,深圳市水务局开放平台·积涝点水位
2026-08-20T03:00:00+08:00,Asia/Shanghai,MS1104403110000601,(市)光侨雅苑,0.0,0.0,2,2,good,,,深圳市水务局开放平台·积涝点水位
2026-08-20T03:00:00+08:00,Asia/Shanghai,MS1104403110000616,(市)同观路与汇融路交叉口,0.0,0.0,2,2,good,22.734039598507852,113.91441943299901,深圳市水务局开放平台·积涝点水位
2026-08-20T03:00:00+08:00,Asia/Shanghai,MS1104403110000620,(市)松白路松茂御城段,0.0,0.0,2,2,good,22.731110627923336,113.894856941127,深圳市水务局开放平台·积涝点水位
2026-08-20T03:00:00+08:00,Asia/Shanghai,MS1104403110000635,(市)公常路与环村路交叉口,0.0,0.0,11,11,good,22.826648407959507,113.95688701032125,深圳市水务局开放平台·积涝点水位
2026-08-20T03:00:00+08:00,Asia/Shanghai,MS110440311000064X,(市)光明区高级中学,0.0,0.0,2,2,good,,,深圳市水务局开放平台·积涝点水位
2026-08-20T03:00:00+08:00,Asia/Shanghai,MS1104403120000032,(市)大鹏液化天然气有限公司深圳接收站,0.0,0.0,13,13,good,,,深圳市水务局开放平台·积涝点水位
2026-08-20T04:00:00+08:00,Asia/Shanghai,9281192001,(市)平湖火车隧道口,0.0,0.0,13,13,good,,,深圳市水务局开放平台·积涝点水位
2026-08-20T04:00:00+08:00,Asia/Shanghai,9281192002,(市)新木路广深铁路桥底,0.0,0.0,13,13,good,22.6674177472887,114.13210195018992,深圳市水务局开放平台·积涝点水位
2026-08-20T04:00:00+08:00,Asia/Shanghai,9281192003,(市)新木路新围仔村路口,0.0,0.0,13,13,good,22.6674177472887,114.13210195018992,深圳市水务局开放平台·积涝点水位
2026-08-20T04:00:00+08:00,Asia/Shanghai,9281192004,(市)布李路富民城段,0.0,0.0,13,13,good,22.618912574166664,114.11654044833332,深圳市水务局开放平台·积涝点水位
2026-08-20T04:00:00+08:00,Asia/Shanghai,9281192005,(市)龙博路,0.01,0.01,61,61,good,22.62797037826087,114.10927237391306,深圳市水务局开放平台·积涝点水位
2026-08-20T04:00:00+08:00,Asia/Shanghai,9281192006,(市)五和大道四季花城,0.0,0.0,17,17,good,22.65976725256875,114.05975735653944,深圳市水务局开放平台·积涝点水位
2026-08-20T04:00:00+08:00,Asia/Shanghai,9281192007,(市)沙西小学至南岭万家乐段,0.0,0.0,13,13,good,,,深圳市水务局开放平台·积涝点水位
2026-08-20T04:00:00+08:00,Asia/Shanghai,9281192008,(市)南联第六工业区桥洞,0.0,0.0,13,13,good,,,深圳市水务局开放平台·积涝点水位
2026-08-20T04:00:00+08:00,Asia/Shanghai,9281192009,(市)新坡塘村新坡塘积水点,0.0,0.0,13,13,good,,,深圳市水务局开放平台·积涝点水位
2026-08-20T04:00:00+08:00,Asia/Shanghai,9281192010,(市)安良六村安业路与安居路交汇处,0.0,0.0,13,13,good,,,深圳市水务局开放平台·积涝点水位
2026-08-20T04:00:00+08:00,Asia/Shanghai,9281192011,(市)松元头,0.01,0.01,59,59,good,,,深圳市水务局开放平台·积涝点水位
2026-08-20T04:00:00+08:00,Asia/Shanghai,9281192012,(市)湖南立交,0.0,0.0,13,13,good,,,深圳市水务局开放平台·积涝点水位
2026-08-20T04:00:00+08:00,Asia/Shanghai,9281192013,(市)高背路惠盐高速桥洞积水点,0.0,0.0,13,13,good,,,深圳市水务局开放平台·积涝点水位
2026-08-20T04:00:00+08:00,Asia/Shanghai,9281192014,(市)鹤坑桥洞,0.0,0.0,13,13,good,,,深圳市水务局开放平台·积涝点水位
2026-08-20T04:00:00+08:00,Asia/Shanghai,9281192015,(市)安良社区沿河一路疏港铁路桥洞,0.0,0.0,13,13,good,22.73162335,114.107919,深圳市水务局开放平台·积涝点水位
2026-08-20T04:00:00+08:00,Asia/Shanghai,9281192016,(市)宝荷路中新加油站对面,0.0,0.0,13,13,good,22.694796752516076,114.25970116268519,深圳市水务局开放平台·积涝点水位
2026-08-20T04:00:00+08:00,Asia/Shanghai,9281192017,(市)环观南路与观平路交汇处,0.0,0.0,13,13,good,22.705673908780923,114.07279441765539,深圳市水务局开放平台·积涝点水位
2026-08-20T04:00:00+08:00,Asia/Shanghai,9281192018,(市)龙华大道库坑天桥段,0.0,0.0,13,13,good,22.669745856798677,114.03752701836405,深圳市水务局开放平台·积涝点水位
2026-08-20T04:00:00+08:00,Asia/Shanghai,9281192019,(市)福龙路高铁桥下简上段,0.0,0.0,13,13,good,22.61964472178257,114.00080097044238,深圳市水务局开放平台·积涝点水位
2026-08-20T04:00:00+08:00,Asia/Shanghai,9281192020,(市)工业路壹成中心段,0.0,0.0,15,15,good,22.648754971805,114.02570221318598,深圳市水务局开放平台·积涝点水位
2026-08-20T04:00:00+08:00,Asia/Shanghai,9281192021,(市)东环一路和平路交汇处,0.0,0.0,13,13,good,22.65040479515617,114.03284713758192,深圳市水务局开放平台·积涝点水位
2026-08-20T04:00:00+08:00,Asia/Shanghai,9281192022,(市)龙田社区大水湾,0.0,0.0,13,13,good,,,深圳市水务局开放平台·积涝点水位
2026-08-20T04:00:00+08:00,Asia/Shanghai,9281292001,(市)滨河皇岗立交桥洞,0.0,0.0,13,13,good,,,深圳市水务局开放平台·积涝点水位
2026-08-20T04:00:00+08:00,Asia/Shanghai,9281292002,(市)广深高速桥下滨海大道北侧辅道,0.01,0.01,60,60,good,22.579823080041088,114.10123773351275,深圳市水务局开放平台·积涝点水位
2026-08-20T04:00:00+08:00,Asia/Shanghai,9281292003,(市)福田区竹子林立交下穿通道,0.0,0.0,13,13,good,,,深圳市水务局开放平台·积涝点水位
2026-08-20T04:00:00+08:00,Asia/Shanghai,9281292004,(市)滨河益田立交桥洞,0.0,0.0,12,12,good,,,深圳市水务局开放平台·积涝点水位
2026-08-20T04:00:00+08:00,Asia/Shanghai,9281292005,(市)深南新洲一号立交桥洞,0.0,0.0,13,13,good,,,深圳市水务局开放平台·积涝点水位
2026-08-20T04:00:00+08:00,Asia/Shanghai,9281292006,(市)北环新洲立交东南角辅道,0.0,0.0,13,13,good,,,深圳市水务局开放平台·积涝点水位
2026-08-20T04:00:00+08:00,Asia/Shanghai,9281292007,(市)107国道新安段(裕安加油站),0.0,0.0,13,13,good,22.55254164883845,113.90816500450731,深圳市水务局开放平台·积涝点水位
2026-08-20T04:00:00+08:00,Asia/Shanghai,9281292008,洲石路鹤洲桥底（市）,0.0,0.0,13,13,good,22.651019027149744,113.88061107664711,深圳市水务局开放平台·积涝点水位
2026-08-20T04:00:00+08:00,Asia/Shanghai,9281292009,(市)帝堂路（锦程路以西段）,0.008,0.01,61,61,good,22.70987723506993,113.7784856087664,深圳市水务局开放平台·积涝点水位
2026-08-20T04:00:00+08:00,Asia/Shanghai,9281292010,(市)上星南路与中心路丽沙花都,0.0,0.0,18,18,good,22.502209013854387,113.93734688972145,深圳市水务局开放平台·积涝点水位
2026-08-20T04:00:00+08:00,Asia/Shanghai,9281292011,(市)外环路广深高速新桥立交,0.0,0.0,13,13,good,22.736379220337216,113.84591188570887,深圳市水务局开放平台·积涝点水位
2026-08-20T04:00:00+08:00,Asia/Shanghai,9281292012,(市)固戍海滨新村文昌阁,0.0,0.0,13,13,good,,,深圳市水务局开放平台·积涝点水位
2026-08-20T04:00:00+08:00,Asia/Shanghai,9281292013,(市)宝安大道固戍地铁站,0.0,0.0,13,13,good,22.64678387472509,113.8417801892837,深圳市水务局开放平台·积涝点水位
2026-08-20T04:00:00+08:00,Asia/Shanghai,9281292014,(市)G107国道南行固戍大门,0.0,0.0,13,13,good,22.55254164883845,113.90816500450731,深圳市水务局开放平台·积涝点水位
2026-08-20T04:00:00+08:00,Asia/Shanghai,9281292015,(市)东环大道松宝大道段,0.0,0.0,13,13,good,,,深圳市水务局开放平台·积涝点水位
2026-08-20T04:00:00+08:00,Asia/Shanghai,9281292016,(市)长凤路龙大高速桥底,0.0,0.0,13,13,good,22.775734215738417,113.91156092305157,深圳市水务局开放平台·积涝点水位
2026-08-20T04:00:00+08:00,Asia/Shanghai,9281292017,(市)圳美同富裕工业区,0.0,0.0,13,13,good,,,深圳市水务局开放平台·积涝点水位
2026-08-20T04:00:00+08:00,Asia/Shanghai,9281292018,(市)根玉路东方大道交汇处,0.0,0.0,11,11,good,22.763216165633853,113.85149341983029,深圳市水务局开放平台·积涝点水位
2026-08-20T04:00:00+08:00,Asia/Shanghai,9281292019,(市)上村社区龙大桥底,0.0,0.0,12,12,good,,,深圳市水务局开放平台·积涝点水位
2026-08-20T04:00:00+08:00,Asia/Shanghai,9281292020,(市)马山头社区上石家路通兴路交汇处,0.0,0.0,11,11,good,22.763999933333334,113.8915635138889,深圳市水务局开放平台·积涝点水位
2026-08-20T04:00:00+08:00,Asia/Shanghai,9281292021,(市)临海大道海关保税区,0.0,0.0,13,13,good,22.53399911521491,113.88871009435005,深圳市水务局开放平台·积涝点水位
2026-08-20T04:00:00+08:00,Asia/Shanghai,9281292022,(市)南山大道南行亿利达村段,0.0,0.0,12,12,good,22.540721694789013,113.9181638130031,深圳市水务局开放平台·积涝点水位
2026-08-20T04:00:00+08:00,Asia/Shanghai,9281292023,(市)东滨路南行华联城市山林花园段,0.0,0.0,13,13,good,22.51106546682151,113.92212734316605,深圳市水务局开放平台·积涝点水位
2026-08-20T04:00:00+08:00,Asia/Shanghai,9281292024,(市)深圳湾东滨路与中心路交叉口,0.0,0.0,12,12,good,22.51106546682151,113.92212734316605,深圳市水务局开放平台·积涝点水位
2026-08-20T04:00:00+08:00,Asia/Shanghai,MS1104403030000228,(市)红岗公园,0.0,0.0,2,2,good,,,深圳市水务局开放平台·积涝点水位
2026-08-20T04:00:00+08:00,Asia/Shanghai,MS1104403030000232,(市)沿河南路文锦路社区,0.0,0.0,16,16,good,22.550252268776845,114.11444108979862,深圳市水务局开放平台·积涝点水位
2026-08-20T04:00:00+08:00,Asia/Shanghai,MS1104403030000247,(市)深南东路黄贝岭,0.0,0.0,12,12,good,22.54661746874732,114.11811396992493,深圳市水务局开放平台·积涝点水位
2026-08-20T04:00:00+08:00,Asia/Shanghai,MS1104403030000251,(市)滨河上步立交桥,0.0,0.0,2,2,good,,,深圳市水务局开放平台·积涝点水位
2026-08-20T04:00:00+08:00,Asia/Shanghai,MS1104403030000266,(市)罗湖火车站,0.0,0.0,13,13,good,,,深圳市水务局开放平台·积涝点水位
2026-08-20T04:00:00+08:00,Asia/Shanghai,MS1104403030000270,(市)罗湖区委,0.0,0.0,2,2,good,,,深圳市水务局开放平台·积涝点水位
2026-08-20T04:00:00+08:00,Asia/Shanghai,MS1104403030000285,(市)万象城,0.0,0.0,12,12,good,,,深圳市水务局开放平台·积涝点水位
2026-08-20T04:00:00+08:00,Asia/Shanghai,MS110440303000029X,(市)洪湖地铁站D出入口,0.0,0.0,2,2,good,,,深圳市水务局开放平台·积涝点水位
2026-08-20T04:00:00+08:00,Asia/Shanghai,MS1104403030000304,(市)东湖路,0.0,0.0,5,5,good,22.582822583699635,114.1345991945055,深圳市水务局开放平台·积涝点水位
2026-08-20T04:00:00+08:00,Asia/Shanghai,MS1104403030000319,(市)桂园片区,0.0,0.0,12,12,good,,,深圳市水务局开放平台·积涝点水位
2026-08-20T04:00:00+08:00,Asia/Shanghai,MS1104403030000323,(市)晒布路与东门中路交汇处,0.0,0.0,13,13,good,22.551568716163253,114.1183832504732,深圳市水务局开放平台·积涝点水位
2026-08-20T04:00:00+08:00,Asia/Shanghai,MS1104403030000338,(市)东湖公园爱国路与太宁路路口,0.0,0.0,13,13,good,22.563633808974675,114.13329390192719,深圳市水务局开放平台·积涝点水位
2026-08-20T04:00:00+08:00,Asia/Shanghai,MS1104403030000342,(市)文锦渡口岸,0.0,0.0,2,2,good,,,深圳市水务局开放平台·积涝点水位
2026-08-20T04:00:00+08:00,Asia/Shanghai,MS1104403040000543,(市)香梅莲花路口,0.0,0.0,2,2,good,22.559401296538805,114.04793087126708,深圳市水务局开放平台·积涝点水位
2026-08-20T04:00:00+08:00,Asia/Shanghai,MS1104403040000558,(市)信托花园,0.0,0.0,14,14,good,,,深圳市水务局开放平台·积涝点水位
2026-08-20T04:00:00+08:00,Asia/Shanghai,MS1104403040000562,(市)上步红荔路口,0.0,0.0,2,2,good,22.550171284097686,114.05891535550717,深圳市水务局开放平台·积涝点水位
2026-08-20T04:00:00+08:00,Asia/Shanghai,MS1104403040000577,(市)深南皇岗立交桥与皇岗路交汇处,0.0,0.0,13,13,good,22.552167188223326,114.06774281249497,深圳市水务局开放平台·积涝点水位
2026-08-20T04:00:00+08:00,Asia/Shanghai,MS1104403040000581,(市)北环大道与梅林路交汇处,0.0,0.0,2,2,good,22.55966775704351,113.99344633894496,深圳市水务局开放平台·积涝点水位
2026-08-20T04:00:00+08:00,Asia/Shanghai,MS1104403040000596,(市)侨香路香梅社区,0.0,0.0,2,2,good,22.55158384619422,114.00624803762132,深圳市水务局开放平台·积涝点水位
2026-08-20T04:00:00+08:00,Asia/Shanghai,MS1104403040000600,(市)侨香路香安社区,0.0,0.0,2,2,good,22.55158384619422,114.00624803762132,深圳市水务局开放平台·积涝点水位
2026-08-20T04:00:00+08:00,Asia/Shanghai,MS1104403040000615,(市)市民中心,0.0,0.0,2,2,good,,,深圳市水务局开放平台·积涝点水位
2026-08-20T04:00:00+08:00,Asia/Shanghai,MS110440304000062X,(市)民田路深圳证券交易所,0.0,0.0,12,12,good,22.53903429826115,114.04781278730138,深圳市水务局开放平台·积涝点水位
2026-08-20T04:00:00+08:00,Asia/Shanghai,MS1104403040000634,(市)燃气集团股份有限公司梅林 LNG安全应急气化站,0.0,0.0,13,13,good,,,深圳市水务局开放平台·积涝点水位
2026-08-20T04:00:00+08:00,Asia/Shanghai,MS1104403040000649,(市)深南大道车公庙交通枢纽段,0.0,0.0,13,13,good,22.5420797706313,113.9753640727562,深圳市水务局开放平台·积涝点水位
2026-08-20T04:00:00+08:00,Asia/Shanghai,MS1104403050000118,(市)月亮湾大道与前湾三路交叉口,0.0,0.0,2,2,good,22.511993391395155,113.8903078293519,深圳市水务局开放平台·积涝点水位
2026-08-20T04:00:00+08:00,Asia/Shanghai,MS1104403050000122,(市)南山大道深意工业大厦段,0.002,0.02,20,20,good,22.540721694789013,113.9181638130031,深圳市水务局开放平台·积涝点水位
2026-08-20T04:00:00+08:00,Asia/Shanghai,MS1104403050000137,(市)南山大道与登良路交叉口,0.0,0.0,2,2,good,22.540721694789013,113.9181638130031,深圳市水务局开放平台·积涝点水位
2026-08-20T04:00:00+08:00,Asia/Shanghai,MS1104403050000141,(市)南新路北头豪苑,0.0,0.0,2,2,good,22.535707366852186,113.92452459612443,深圳市水务局开放平台·积涝点水位
2026-08-20T04:00:00+08:00,Asia/Shanghai,MS1104403050000156,(市)滨海大道与南山大道交叉口,0.0,0.0,2,2,good,22.579823080041088,114.10123773351275,深圳市水务局开放平台·积涝点水位
2026-08-20T04:00:00+08:00,Asia/Shanghai,MS1104403050000160,(市)桃园路与南新路交叉口,0.0,0.0,2,2,good,22.535395972003414,113.91852837514443,深圳市水务局开放平台·积涝点水位
2026-08-20T04:00:00+08:00,Asia/Shanghai,MS1104403050000175,(市)后海大道与登良路交叉口,0.0,0.0,17,17,good,22.51179221810604,113.92884393579894,深圳市水务局开放平台·积涝点水位
2026-08-20T04:00:00+08:00,Asia/Shanghai,MS110440305000018X,(市)后海大道港湾创业大厦,0.0,0.0,13,13,good,22.51179221810604,113.92884393579894,深圳市水务局开放平台·积涝点水位
2026-08-20T04:00:00+08:00,Asia/Shanghai,MS1104403050000194,(市)深南大道高新园地铁 AD 口,0.0,0.0,13,13,good,22.5420797706313,113.9753640727562,深圳市水务局开放平台·积涝点水位
2026-08-20T04:00:00+08:00,Asia/Shanghai,MS1104403050000209,(市)深圳湾口岸,0.0,0.0,2,2,good,,,深圳市水务局开放平台·积涝点水位
2026-08-20T04:00:00+08:00,Asia/Shanghai,MS1104403050000213,(市)前湾公园地铁站 A 出入口,0.0,0.0,13,13,good,,,深圳市水务局开放平台·积涝点水位
2026-08-20T04:00:00+08:00,Asia/Shanghai,MS1104403050000228,(市)粤海门地铁站 D2 出入口,0.0,0.0,13,13,good,,,深圳市水务局开放平台·积涝点水位
2026-08-20T04:00:00+08:00,Asia/Shanghai,MS1104403050000232,(市)桂庙路地下道路,0.0,0.0,13,13,good,22.52643977555155,113.91686609460196,深圳市水务局开放平台·积涝点水位
2026-08-20T04:00:00+08:00,Asia/Shanghai,MS1104403050000247,(市)国家超级计算深圳中心,0.0,0.0,17,17,good,,,深圳市水务局开放平台·积涝点水位
2026-08-20T04:00:00+08:00,Asia/Shanghai,MS110440306000029X,(市)辛养旧村辛居路,0.0,0.0,2,2,good,,,深圳市水务局开放平台·积涝点水位
2026-08-20T04:00:00+08:00,Asia/Shanghai,MS1104403060000304,(市)山门第三工业区,0.0,0.0,2,2,good,,,深圳市水务局开放平台·积涝点水位
2026-08-20T04:00:00+08:00,Asia/Shanghai,MS1104403060000319,(市)前进一路上川路口,0.0,0.0,13,13,good,22.57118007860348,113.90008995469552,深圳市水务局开放平台·积涝点水位
2026-08-20T04:00:00+08:00,Asia/Shanghai,MS1104403060000323,(市)洪浪北地铁站,0.0,0.0,13,13,good,,,深圳市水务局开放平台·积涝点水位
2026-08-20T04:00:00+08:00,Asia/Shanghai,MS1104403060000338,(市)东风幼儿园,0.0,0.0,2,2,good,,,深圳市水务局开放平台·积涝点水位
2026-08-20T04:00:00+08:00,Asia/Shanghai,MS1104403060000342,(市)海乐41区,0.0,0.0,2,2,good,,,深圳市水务局开放平台·积涝点水位
2026-08-20T04:00:00+08:00,Asia/Shanghai,MS1104403060000357,(市)前进二路,0.0,0.0,2,2,good,22.597482662679273,113.87435005513986,深圳市水务局开放平台·积涝点水位
2026-08-20T04:00:00+08:00,Asia/Shanghai,MS1104403060000361,(市)园岭商场,0.0,0.0,13,13,good,,,深圳市水务局开放平台·积涝点水位
2026-08-20T04:00:00+08:00,Asia/Shanghai,MS1104403060000376,(市)新圳西路万佳商场段,0.0,0.0,5,5,good,22.56349644,113.89998969999999,深圳市水务局开放平台·积涝点水位
2026-08-20T04:00:00+08:00,Asia/Shanghai,MS1104403060000380,(市)北环路与爱群路路口,0.0,0.0,13,13,good,22.79634568700108,114.39897783430258,深圳市水务局开放平台·积涝点水位
2026-08-20T04:00:00+08:00,Asia/Shanghai,MS1104403060000395,(市)宝安区幸福路与恒珠一路,0.0,0.0,2,2,good,,,深圳市水务局开放平台·积涝点水位
2026-08-20T04:00:00+08:00,Asia/Shanghai,MS110440306000040X,(市)宝安区勋业街,0.0,0.0,2,2,good,,,深圳市水务局开放平台·积涝点水位
2026-08-20T04:00:00+08:00,Asia/Shanghai,MS1104403060000414,(市)宝安区福和路西六巷,0.0,0.0,13,13,good,22.75496986065163,113.7975587837876,深圳市水务局开放平台·积涝点水位
2026-08-20T04:00:00+08:00,Asia/Shanghai,MS1104403060000429,(市)民福路与创新路交叉口,0.0,0.0,13,13,good,22.77931941488889,113.82386091368804,深圳市水务局开放平台·积涝点水位
2026-08-20T04:00:00+08:00,Asia/Shanghai,MS1104403060000433,(市)金沙二路与民福路交叉口,0.0,0.0,2,2,good,22.731531574999998,113.800096525,深圳市水务局开放平台·积涝点水位
2026-08-20T04:00:00+08:00,Asia/Shanghai,MS1104403060000448,(市)宝安区沙井西环路正科时代,0.0,0.0,2,2,good,22.658437552805964,113.96411546099013,深圳市水务局开放平台·积涝点水位
2026-08-20T04:00:00+08:00,Asia/Shanghai,MS1104403060000452,(市)宝源路固戍海滨公园,0.0,0.0,13,13,good,22.58668431255461,113.84584894450396,深圳市水务局开放平台·积涝点水位
2026-08-20T04:00:00+08:00,Asia/Shanghai,MS1104403060000467,(市)海雅缤纷城,0.0037,0.01,19,19,good,,,深圳市水务局开放平台·积涝点水位
2026-08-20T04:00:00+08:00,Asia/Shanghai,MS1104403060000471,(市)万达广场,0.0,0.0,2,2,good,,,深圳市水务局开放平台·积涝点水位
2026-08-20T04:00:00+08:00,Asia/Shanghai,MS1104403060000486,(市)固戍地铁站 A/F 出入口,0.0,0.0,13,13,good,,,深圳市水务局开放平台·积涝点水位
2026-08-20T04:00:00+08:00,Asia/Shanghai,MS1104403060000490,(市)碧海湾地铁站 B 出入口,0.0,0.0,13,13,good,,,深圳市水务局开放平台·积涝点水位
2026-08-20T04:00:00+08:00,Asia/Shanghai,MS1104403060000505,(市)海天路地下隧道,0.0,0.0,13,13,good,22.549962987088094,113.87889692546018,深圳市水务局开放平台·积涝点水位
2026-08-20T04:00:00+08:00,Asia/Shanghai,MS1104403070000175,(市)龙平西路新秀社区公园,0.0,0.0,2,2,good,22.731009781031894,114.22605984524496,深圳市水务局开放平台·积涝点水位
2026-08-20T04:00:00+08:00,Asia/Shanghai,MS110440307000018X,(市)如意路广发银行奥林支行,0.0,0.0,13,13,good,22.697841456213258,114.19931100734046,深圳市水务局开放平台·积涝点水位
2026-08-20T04:00:00+08:00,Asia/Shanghai,MS1104403070000194,(市)龙翔大道与龙城大道交汇处,0.0,0.0,13,13,good,22.708452173199664,114.22855732448205,深圳市水务局开放平台·积涝点水位
2026-08-20T04:00:00+08:00,Asia/Shanghai,MS1104403070000209,(市)龙城大道与龙平东路交汇处,0.0,0.0,13,13,good,22.734070392016967,114.26268655089929,深圳市水务局开放平台·积涝点水位
2026-08-20T04:00:00+08:00,Asia/Shanghai,MS1104403070000213,(市)龙西中路与盐龙大道交汇处,0.0,0.0,13,13,good,22.75103177856142,114.25588661241065,深圳市水务局开放平台·积涝点水位
2026-08-20T04:00:00+08:00,Asia/Shanghai,MS1104403070000228,(市)爱南路与深汕公路交汇处,0.0,0.0,13,13,good,22.709133830928806,114.31382413715897,深圳市水务局开放平台·积涝点水位
2026-08-20T04:00:00+08:00,Asia/Shanghai,MS1104403070000232,(市)园新路与乐园路交汇处,0.0,0.0,13,13,good,22.714932425,114.3001758,深圳市水务局开放平台·积涝点水位
2026-08-20T04:00:00+08:00,Asia/Shanghai,MS1104403070000247,(市)长深高速四方埔社区,0.0,0.0,2,2,good,22.785453209312927,114.3238491191703,深圳市水务局开放平台·积涝点水位
2026-08-20T04:00:00+08:00,Asia/Shanghai,MS1104403070000251,(市)龙岗区政府,0.0,0.0,13,13,good,,,深圳市水务局开放平台·积涝点水位
2026-08-20T04:00:00+08:00,Asia/Shanghai,MS1104403070000266,(市)五和地铁站H出入口,0.0,0.0,14,14,good,,,深圳市水务局开放平台·积涝点水位
2026-08-20T04:00:00+08:00,Asia/Shanghai,MS1104403070000270,(市)长龙地铁站C2出入口,0.0,0.0,2,2,good,,,深圳市水务局开放平台·积涝点水位
2026-08-20T04:00:00+08:00,Asia/Shanghai,MS1104403070000285,(市)育贤学校、童星幼儿园,0.0,0.0,13,13,good,,,深圳市水务局开放平台·积涝点水位
2026-08-20T04:00:00+08:00,Asia/Shanghai,MS110440307000029X,(市)深圳远东妇产医院,0.0,0.0,10,10,good,,,深圳市水务局开放平台·积涝点水位
2026-08-20T04:00:00+08:00,Asia/Shanghai,MS1104403070000304,(市)英才学校,0.0,0.0,13,13,good,,,深圳市水务局开放平台·积涝点水位
2026-08-20T04:00:00+08:00,Asia/Shanghai,MS1104403070000319,(市)吉榕路桥洞,0.0,0.0,12,12,good,,,深圳市水务局开放平台·积涝点水位
2026-08-20T04:00:00+08:00,Asia/Shanghai,MS1104403070000323,(市)京南路,0.0,0.0,2,2,good,22.602818284523806,114.12130894517196,深圳市水务局开放平台·积涝点水位
2026-08-20T04:00:00+08:00,Asia/Shanghai,MS1104403070000338,(市)布澜路国芬路口,0.0,0.0,2,2,good,22.635311170786817,114.12784150313183,深圳市水务局开放平台·积涝点水位
2026-08-20T04:00:00+08:00,Asia/Shanghai,MS1104403070000342,(市)布吉站（深圳东站）,0.0,0.0,2,2,good,,,深圳市水务局开放平台·积涝点水位
2026-08-20T04:00:00+08:00,Asia/Shanghai,MS1104403080000012,(市)金融路海涛路口片区,0.0,0.0,12,12,good,22.553642038690473,114.22939035281746,深圳市水务局开放平台·积涝点水位
2026-08-20T04:00:00+08:00,Asia/Shanghai,MS1104403080000027,(市)沙头角口岸小区,0.0,0.0,13,13,good,,,深圳市水务局开放平台·积涝点水位
2026-08-20T04:00:00+08:00,Asia/Shanghai,MS1104403080000031,(市)桥东街小区,0.0,0.0,13,13,good,,,深圳市水务局开放平台·积涝点水位
2026-08-20T04:00:00+08:00,Asia/Shanghai,MS1104403090000065,(市)泗黎路凹背社区富坑社区,0.0,0.0,2,2,good,22.753687171367037,114.03385655648283,深圳市水务局开放平台·积涝点水位
2026-08-20T04:00:00+08:00,Asia/Shanghai,MS110440309000007X,(市)银星科技园,0.0,0.0,3,3,good,,,深圳市水务局开放平台·积涝点水位
2026-08-20T04:00:00+08:00,Asia/Shanghai,MS1104403090000084,(市)观光路与福前路交汇处,0.0,0.0,2,2,good,22.733179257314486,114.01274963079653,深圳市水务局开放平台·积涝点水位
2026-08-20T04:00:00+08:00,Asia/Shanghai,MS1104403090000099,(市)三联社区,0.0,0.0,13,13,good,,,深圳市水务局开放平台·积涝点水位
2026-08-20T04:00:00+08:00,Asia/Shanghai,MS1104403090000103,(市)布龙路与五和大道交汇处,0.0,0.0,13,13,good,22.646750702555874,114.02665721385576,深圳市水务局开放平台·积涝点水位
2026-08-20T04:00:00+08:00,Asia/Shanghai,MS1104403090000118,(市)新区大道深圳北站,0.0,0.0,19,19,good,22.624351465560785,114.01682556681699,深圳市水务局开放平台·积涝点水位
2026-08-20T04:00:00+08:00,Asia/Shanghai,MS1104403090000122,(市)龙华壹方成,0.0,0.0,11,11,good,,,深圳市水务局开放平台·积涝点水位
2026-08-20T04:00:00+08:00,Asia/Shanghai,MS1104403090000137,(市)昌茂二路,0.0,0.0,18,18,good,,,深圳市水务局开放平台·积涝点水位
2026-08-20T04:00:00+08:00,Asia/Shanghai,MS1104403090000141,(市)大浪新围街大船坑市场段,0.0,0.0,13,13,good,22.692058934615382,113.9964102346154,深圳市水务局开放平台·积涝点水位
2026-08-20T04:00:00+08:00,Asia/Shanghai,MS1104403100000028,(市)坪山法院门口,0.0,0.0,2,2,good,,,深圳市水务局开放平台·积涝点水位
2026-08-20T04:00:00+08:00,Asia/Shanghai,MS1104403100000032,(市)秀沙路比亚迪厂门前,0.0,0.0,13,13,good,22.767995359829058,114.39900074224022,深圳市水务局开放平台·积涝点水位
2026-08-20T04:00:00+08:00,Asia/Shanghai,MS1104403100000047,(市)群代路金泰航科技,0.01,0.01,61,61,good,,,深圳市水务局开放平台·积涝点水位
2026-08-20T04:00:00+08:00,Asia/Shanghai,MS1104403100000051,(市)三洋湖路三洋湖新区小区,0.0,0.0,13,13,good,,,深圳市水务局开放平台·积涝点水位
2026-08-20T04:00:00+08:00,Asia/Shanghai,MS1104403100000066,(市)文化中心地铁站,0.0,0.0,14,14,good,,,深圳市水务局开放平台·积涝点水位
2026-08-20T04:00:00+08:00,Asia/Shanghai,MS1104403110000597,(市)东长路外环高速长圳入口,0.0,0.0,13,13,good,22.747509018088216,113.91221411091422,深圳市水务局开放平台·积涝点水位
2026-08-20T04:00:00+08:00,Asia/Shanghai,MS1104403110000601,(市)光侨雅苑,0.0,0.0,2,2,good,,,深圳市水务局开放平台·积涝点水位
2026-08-20T04:00:00+08:00,Asia/Shanghai,MS1104403110000616,(市)同观路与汇融路交叉口,0.0,0.0,2,2,good,22.734039598507852,113.91441943299901,深圳市水务局开放平台·积涝点水位
2026-08-20T04:00:00+08:00,Asia/Shanghai,MS1104403110000620,(市)松白路松茂御城段,0.0,0.0,2,2,good,22.731110627923336,113.894856941127,深圳市水务局开放平台·积涝点水位
2026-08-20T04:00:00+08:00,Asia/Shanghai,MS1104403110000635,(市)公常路与环村路交叉口,0.0,0.0,13,13,good,22.826648407959507,113.95688701032125,深圳市水务局开放平台·积涝点水位
2026-08-20T04:00:00+08:00,Asia/Shanghai,MS110440311000064X,(市)光明区高级中学,0.0,0.0,2,2,good,,,深圳市水务局开放平台·积涝点水位
2026-08-20T04:00:00+08:00,Asia/Shanghai,MS1104403120000032,(市)大鹏液化天然气有限公司深圳接收站,0.0,0.0,13,13,good,,,深圳市水务局开放平台·积涝点水位
2026-08-20T05:00:00+08:00,Asia/Shanghai,9281192001,(市)平湖火车隧道口,0.0,0.0,13,13,good,,,深圳市水务局开放平台·积涝点水位
2026-08-20T05:00:00+08:00,Asia/Shanghai,9281192002,(市)新木路广深铁路桥底,0.0,0.0,12,12,good,22.6674177472887,114.13210195018992,深圳市水务局开放平台·积涝点水位
2026-08-20T05:00:00+08:00,Asia/Shanghai,9281192003,(市)新木路新围仔村路口,0.0,0.0,13,13,good,22.6674177472887,114.13210195018992,深圳市水务局开放平台·积涝点水位
2026-08-20T05:00:00+08:00,Asia/Shanghai,9281192004,(市)布李路富民城段,0.0,0.0,13,13,good,22.618912574166664,114.11654044833332,深圳市水务局开放平台·积涝点水位
2026-08-20T05:00:00+08:00,Asia/Shanghai,9281192005,(市)龙博路,0.01,0.01,58,58,good,22.62797037826087,114.10927237391306,深圳市水务局开放平台·积涝点水位
2026-08-20T05:00:00+08:00,Asia/Shanghai,9281192006,(市)五和大道四季花城,0.0,0.0,17,17,good,22.65976725256875,114.05975735653944,深圳市水务局开放平台·积涝点水位
2026-08-20T05:00:00+08:00,Asia/Shanghai,9281192007,(市)沙西小学至南岭万家乐段,0.0,0.0,13,13,good,,,深圳市水务局开放平台·积涝点水位
2026-08-20T05:00:00+08:00,Asia/Shanghai,9281192008,(市)南联第六工业区桥洞,0.0,0.0,13,13,good,,,深圳市水务局开放平台·积涝点水位
2026-08-20T05:00:00+08:00,Asia/Shanghai,9281192009,(市)新坡塘村新坡塘积水点,0.0,0.0,13,13,good,,,深圳市水务局开放平台·积涝点水位
2026-08-20T05:00:00+08:00,Asia/Shanghai,9281192010,(市)安良六村安业路与安居路交汇处,0.0,0.0,13,13,good,,,深圳市水务局开放平台·积涝点水位
2026-08-20T05:00:00+08:00,Asia/Shanghai,9281192011,(市)松元头,0.01,0.01,65,65,good,,,深圳市水务局开放平台·积涝点水位
2026-08-20T05:00:00+08:00,Asia/Shanghai,9281192012,(市)湖南立交,0.0,0.0,13,13,good,,,深圳市水务局开放平台·积涝点水位
2026-08-20T05:00:00+08:00,Asia/Shanghai,9281192013,(市)高背路惠盐高速桥洞积水点,0.0,0.0,13,13,good,,,深圳市水务局开放平台·积涝点水位
2026-08-20T05:00:00+08:00,Asia/Shanghai,9281192014,(市)鹤坑桥洞,0.0,0.0,13,13,good,,,深圳市水务局开放平台·积涝点水位
2026-08-20T05:00:00+08:00,Asia/Shanghai,9281192015,(市)安良社区沿河一路疏港铁路桥洞,0.0,0.0,13,13,good,22.73162335,114.107919,深圳市水务局开放平台·积涝点水位
2026-08-20T05:00:00+08:00,Asia/Shanghai,9281192016,(市)宝荷路中新加油站对面,0.0018,0.01,17,17,good,22.694796752516076,114.25970116268519,深圳市水务局开放平台·积涝点水位
2026-08-20T05:00:00+08:00,Asia/Shanghai,9281192017,(市)环观南路与观平路交汇处,0.0,0.0,13,13,good,22.705673908780923,114.07279441765539,深圳市水务局开放平台·积涝点水位
2026-08-20T05:00:00+08:00,Asia/Shanghai,9281192018,(市)龙华大道库坑天桥段,0.0,0.0,13,13,good,22.669745856798677,114.03752701836405,深圳市水务局开放平台·积涝点水位
2026-08-20T05:00:00+08:00,Asia/Shanghai,9281192019,(市)福龙路高铁桥下简上段,0.0,0.0,13,13,good,22.61964472178257,114.00080097044238,深圳市水务局开放平台·积涝点水位
2026-08-20T05:00:00+08:00,Asia/Shanghai,9281192020,(市)工业路壹成中心段,0.0039,0.01,28,28,good,22.648754971805,114.02570221318598,深圳市水务局开放平台·积涝点水位
2026-08-20T05:00:00+08:00,Asia/Shanghai,9281192021,(市)东环一路和平路交汇处,0.0,0.0,13,13,good,22.65040479515617,114.03284713758192,深圳市水务局开放平台·积涝点水位
2026-08-20T05:00:00+08:00,Asia/Shanghai,9281192022,(市)龙田社区大水湾,0.0,0.0,13,13,good,,,深圳市水务局开放平台·积涝点水位
2026-08-20T05:00:00+08:00,Asia/Shanghai,9281292001,(市)滨河皇岗立交桥洞,0.0,0.0,13,13,good,,,深圳市水务局开放平台·积涝点水位
2026-08-20T05:00:00+08:00,Asia/Shanghai,9281292002,(市)广深高速桥下滨海大道北侧辅道,0.01,0.01,62,62,good,22.579823080041088,114.10123773351275,深圳市水务局开放平台·积涝点水位
2026-08-20T05:00:00+08:00,Asia/Shanghai,9281292003,(市)福田区竹子林立交下穿通道,0.0,0.0,13,13,good,,,深圳市水务局开放平台·积涝点水位
2026-08-20T05:00:00+08:00,Asia/Shanghai,9281292004,(市)滨河益田立交桥洞,0.0,0.0,12,12,good,,,深圳市水务局开放平台·积涝点水位
2026-08-20T05:00:00+08:00,Asia/Shanghai,9281292005,(市)深南新洲一号立交桥洞,0.0,0.0,13,13,good,,,深圳市水务局开放平台·积涝点水位
2026-08-20T05:00:00+08:00,Asia/Shanghai,9281292006,(市)北环新洲立交东南角辅道,0.0,0.0,12,12,good,,,深圳市水务局开放平台·积涝点水位
2026-08-20T05:00:00+08:00,Asia/Shanghai,9281292007,(市)107国道新安段(裕安加油站),0.0,0.0,12,12,good,22.55254164883845,113.90816500450731,深圳市水务局开放平台·积涝点水位
2026-08-20T05:00:00+08:00,Asia/Shanghai,9281292008,洲石路鹤洲桥底（市）,0.0,0.0,13,13,good,22.651019027149744,113.88061107664711,深圳市水务局开放平台·积涝点水位
2026-08-20T05:00:00+08:00,Asia/Shanghai,9281292009,(市)帝堂路（锦程路以西段）,0.0075,0.01,57,57,good,22.70987723506993,113.7784856087664,深圳市水务局开放平台·积涝点水位
2026-08-20T05:00:00+08:00,Asia/Shanghai,9281292010,(市)上星南路与中心路丽沙花都,0.0,0.0,13,13,good,22.502209013854387,113.93734688972145,深圳市水务局开放平台·积涝点水位
2026-08-20T05:00:00+08:00,Asia/Shanghai,9281292011,(市)外环路广深高速新桥立交,0.0,0.0,13,13,good,22.736379220337216,113.84591188570887,深圳市水务局开放平台·积涝点水位
2026-08-20T05:00:00+08:00,Asia/Shanghai,9281292012,(市)固戍海滨新村文昌阁,0.0,0.0,13,13,good,,,深圳市水务局开放平台·积涝点水位
2026-08-20T05:00:00+08:00,Asia/Shanghai,9281292013,(市)宝安大道固戍地铁站,0.0,0.0,13,13,good,22.64678387472509,113.8417801892837,深圳市水务局开放平台·积涝点水位
2026-08-20T05:00:00+08:00,Asia/Shanghai,9281292014,(市)G107国道南行固戍大门,0.0,0.0,13,13,good,22.55254164883845,113.90816500450731,深圳市水务局开放平台·积涝点水位
2026-08-20T05:00:00+08:00,Asia/Shanghai,9281292015,(市)东环大道松宝大道段,0.0,0.0,13,13,good,,,深圳市水务局开放平台·积涝点水位
2026-08-20T05:00:00+08:00,Asia/Shanghai,9281292016,(市)长凤路龙大高速桥底,0.0,0.0,11,11,good,22.775734215738417,113.91156092305157,深圳市水务局开放平台·积涝点水位
2026-08-20T05:00:00+08:00,Asia/Shanghai,9281292017,(市)圳美同富裕工业区,0.0,0.0,13,13,good,,,深圳市水务局开放平台·积涝点水位
2026-08-20T05:00:00+08:00,Asia/Shanghai,9281292018,(市)根玉路东方大道交汇处,0.0,0.0,13,13,good,22.763216165633853,113.85149341983029,深圳市水务局开放平台·积涝点水位
2026-08-20T05:00:00+08:00,Asia/Shanghai,9281292019,(市)上村社区龙大桥底,0.0,0.0,13,13,good,,,深圳市水务局开放平台·积涝点水位
2026-08-20T05:00:00+08:00,Asia/Shanghai,9281292020,(市)马山头社区上石家路通兴路交汇处,0.0,0.0,12,12,good,22.763999933333334,113.8915635138889,深圳市水务局开放平台·积涝点水位
2026-08-20T05:00:00+08:00,Asia/Shanghai,9281292021,(市)临海大道海关保税区,0.0,0.0,13,13,good,22.53399911521491,113.88871009435005,深圳市水务局开放平台·积涝点水位
2026-08-20T05:00:00+08:00,Asia/Shanghai,9281292022,(市)南山大道南行亿利达村段,0.0,0.0,13,13,good,22.540721694789013,113.9181638130031,深圳市水务局开放平台·积涝点水位
2026-08-20T05:00:00+08:00,Asia/Shanghai,9281292023,(市)东滨路南行华联城市山林花园段,0.0,0.0,13,13,good,22.51106546682151,113.92212734316605,深圳市水务局开放平台·积涝点水位
2026-08-20T05:00:00+08:00,Asia/Shanghai,9281292024,(市)深圳湾东滨路与中心路交叉口,0.0,0.0,13,13,good,22.51106546682151,113.92212734316605,深圳市水务局开放平台·积涝点水位
2026-08-20T05:00:00+08:00,Asia/Shanghai,MS1104403030000228,(市)红岗公园,0.0,0.0,2,2,good,,,深圳市水务局开放平台·积涝点水位
2026-08-20T05:00:00+08:00,Asia/Shanghai,MS1104403030000232,(市)沿河南路文锦路社区,0.0,0.0,13,13,good,22.550252268776845,114.11444108979862,深圳市水务局开放平台·积涝点水位
2026-08-20T05:00:00+08:00,Asia/Shanghai,MS1104403030000247,(市)深南东路黄贝岭,0.0,0.0,12,12,good,22.54661746874732,114.11811396992493,深圳市水务局开放平台·积涝点水位
2026-08-20T05:00:00+08:00,Asia/Shanghai,MS1104403030000251,(市)滨河上步立交桥,0.0,0.0,2,2,good,,,深圳市水务局开放平台·积涝点水位
2026-08-20T05:00:00+08:00,Asia/Shanghai,MS1104403030000266,(市)罗湖火车站,0.0,0.0,13,13,good,,,深圳市水务局开放平台·积涝点水位
2026-08-20T05:00:00+08:00,Asia/Shanghai,MS1104403030000270,(市)罗湖区委,0.0,0.0,2,2,good,,,深圳市水务局开放平台·积涝点水位
2026-08-20T05:00:00+08:00,Asia/Shanghai,MS1104403030000285,(市)万象城,0.0,0.0,12,12,good,,,深圳市水务局开放平台·积涝点水位
2026-08-20T05:00:00+08:00,Asia/Shanghai,MS110440303000029X,(市)洪湖地铁站D出入口,0.0,0.0,2,2,good,,,深圳市水务局开放平台·积涝点水位
2026-08-20T05:00:00+08:00,Asia/Shanghai,MS1104403030000304,(市)东湖路,0.0,0.0,5,5,good,22.582822583699635,114.1345991945055,深圳市水务局开放平台·积涝点水位
2026-08-20T05:00:00+08:00,Asia/Shanghai,MS1104403030000319,(市)桂园片区,0.0,0.0,13,13,good,,,深圳市水务局开放平台·积涝点水位
2026-08-20T05:00:00+08:00,Asia/Shanghai,MS1104403030000323,(市)晒布路与东门中路交汇处,0.0,0.0,13,13,good,22.551568716163253,114.1183832504732,深圳市水务局开放平台·积涝点水位
2026-08-20T05:00:00+08:00,Asia/Shanghai,MS1104403030000338,(市)东湖公园爱国路与太宁路路口,0.0,0.0,13,13,good,22.563633808974675,114.13329390192719,深圳市水务局开放平台·积涝点水位
2026-08-20T05:00:00+08:00,Asia/Shanghai,MS1104403030000342,(市)文锦渡口岸,0.0,0.0,2,2,good,,,深圳市水务局开放平台·积涝点水位
2026-08-20T05:00:00+08:00,Asia/Shanghai,MS1104403040000543,(市)香梅莲花路口,0.0,0.0,2,2,good,22.559401296538805,114.04793087126708,深圳市水务局开放平台·积涝点水位
2026-08-20T05:00:00+08:00,Asia/Shanghai,MS1104403040000558,(市)信托花园,0.0,0.0,13,13,good,,,深圳市水务局开放平台·积涝点水位
2026-08-20T05:00:00+08:00,Asia/Shanghai,MS1104403040000562,(市)上步红荔路口,0.0,0.0,2,2,good,22.550171284097686,114.05891535550717,深圳市水务局开放平台·积涝点水位
2026-08-20T05:00:00+08:00,Asia/Shanghai,MS1104403040000577,(市)深南皇岗立交桥与皇岗路交汇处,0.0,0.0,13,13,good,22.552167188223326,114.06774281249497,深圳市水务局开放平台·积涝点水位
2026-08-20T05:00:00+08:00,Asia/Shanghai,MS1104403040000581,(市)北环大道与梅林路交汇处,0.0,0.0,2,2,good,22.55966775704351,113.99344633894496,深圳市水务局开放平台·积涝点水位
2026-08-20T05:00:00+08:00,Asia/Shanghai,MS1104403040000596,(市)侨香路香梅社区,0.0,0.0,2,2,good,22.55158384619422,114.00624803762132,深圳市水务局开放平台·积涝点水位
2026-08-20T05:00:00+08:00,Asia/Shanghai,MS1104403040000600,(市)侨香路香安社区,0.0,0.0,2,2,good,22.55158384619422,114.00624803762132,深圳市水务局开放平台·积涝点水位
2026-08-20T05:00:00+08:00,Asia/Shanghai,MS1104403040000615,(市)市民中心,0.0,0.0,2,2,good,,,深圳市水务局开放平台·积涝点水位
2026-08-20T05:00:00+08:00,Asia/Shanghai,MS110440304000062X,(市)民田路深圳证券交易所,0.0,0.0,13,13,good,22.53903429826115,114.04781278730138,深圳市水务局开放平台·积涝点水位
2026-08-20T05:00:00+08:00,Asia/Shanghai,MS1104403040000634,(市)燃气集团股份有限公司梅林 LNG安全应急气化站,0.0,0.0,13,13,good,,,深圳市水务局开放平台·积涝点水位
2026-08-20T05:00:00+08:00,Asia/Shanghai,MS1104403040000649,(市)深南大道车公庙交通枢纽段,0.0,0.0,13,13,good,22.5420797706313,113.9753640727562,深圳市水务局开放平台·积涝点水位
2026-08-20T05:00:00+08:00,Asia/Shanghai,MS1104403050000118,(市)月亮湾大道与前湾三路交叉口,0.0,0.0,2,2,good,22.511993391395155,113.8903078293519,深圳市水务局开放平台·积涝点水位
2026-08-20T05:00:00+08:00,Asia/Shanghai,MS1104403050000122,(市)南山大道深意工业大厦段,0.0096,0.01,57,57,good,22.540721694789013,113.9181638130031,深圳市水务局开放平台·积涝点水位
2026-08-20T05:00:00+08:00,Asia/Shanghai,MS1104403050000137,(市)南山大道与登良路交叉口,0.0,0.0,2,2,good,22.540721694789013,113.9181638130031,深圳市水务局开放平台·积涝点水位
2026-08-20T05:00:00+08:00,Asia/Shanghai,MS1104403050000141,(市)南新路北头豪苑,0.0,0.0,2,2,good,22.535707366852186,113.92452459612443,深圳市水务局开放平台·积涝点水位
2026-08-20T05:00:00+08:00,Asia/Shanghai,MS1104403050000156,(市)滨海大道与南山大道交叉口,0.0,0.0,2,2,good,22.579823080041088,114.10123773351275,深圳市水务局开放平台·积涝点水位
2026-08-20T05:00:00+08:00,Asia/Shanghai,MS1104403050000160,(市)桃园路与南新路交叉口,0.0,0.0,2,2,good,22.535395972003414,113.91852837514443,深圳市水务局开放平台·积涝点水位
2026-08-20T05:00:00+08:00,Asia/Shanghai,MS1104403050000175,(市)后海大道与登良路交叉口,0.0,0.0,13,13,good,22.51179221810604,113.92884393579894,深圳市水务局开放平台·积涝点水位
2026-08-20T05:00:00+08:00,Asia/Shanghai,MS110440305000018X,(市)后海大道港湾创业大厦,0.0,0.0,13,13,good,22.51179221810604,113.92884393579894,深圳市水务局开放平台·积涝点水位
2026-08-20T05:00:00+08:00,Asia/Shanghai,MS1104403050000194,(市)深南大道高新园地铁 AD 口,0.0,0.0,13,13,good,22.5420797706313,113.9753640727562,深圳市水务局开放平台·积涝点水位
2026-08-20T05:00:00+08:00,Asia/Shanghai,MS1104403050000209,(市)深圳湾口岸,0.0,0.0,2,2,good,,,深圳市水务局开放平台·积涝点水位
2026-08-20T05:00:00+08:00,Asia/Shanghai,MS1104403050000213,(市)前湾公园地铁站 A 出入口,0.0,0.0,13,13,good,,,深圳市水务局开放平台·积涝点水位
2026-08-20T05:00:00+08:00,Asia/Shanghai,MS1104403050000228,(市)粤海门地铁站 D2 出入口,0.0,0.0,12,12,good,,,深圳市水务局开放平台·积涝点水位
2026-08-20T05:00:00+08:00,Asia/Shanghai,MS1104403050000232,(市)桂庙路地下道路,0.0,0.0,13,13,good,22.52643977555155,113.91686609460196,深圳市水务局开放平台·积涝点水位
2026-08-20T05:00:00+08:00,Asia/Shanghai,MS1104403050000247,(市)国家超级计算深圳中心,0.0,0.0,13,13,good,,,深圳市水务局开放平台·积涝点水位
2026-08-20T05:00:00+08:00,Asia/Shanghai,MS110440306000029X,(市)辛养旧村辛居路,0.0,0.0,2,2,good,,,深圳市水务局开放平台·积涝点水位
2026-08-20T05:00:00+08:00,Asia/Shanghai,MS1104403060000304,(市)山门第三工业区,0.0,0.0,2,2,good,,,深圳市水务局开放平台·积涝点水位
2026-08-20T05:00:00+08:00,Asia/Shanghai,MS1104403060000319,(市)前进一路上川路口,0.0,0.0,13,13,good,22.57118007860348,113.90008995469552,深圳市水务局开放平台·积涝点水位
2026-08-20T05:00:00+08:00,Asia/Shanghai,MS1104403060000323,(市)洪浪北地铁站,0.0,0.0,13,13,good,,,深圳市水务局开放平台·积涝点水位
2026-08-20T05:00:00+08:00,Asia/Shanghai,MS1104403060000338,(市)东风幼儿园,0.0,0.0,2,2,good,,,深圳市水务局开放平台·积涝点水位
2026-08-20T05:00:00+08:00,Asia/Shanghai,MS1104403060000342,(市)海乐41区,0.0,0.0,2,2,good,,,深圳市水务局开放平台·积涝点水位
2026-08-20T05:00:00+08:00,Asia/Shanghai,MS1104403060000357,(市)前进二路,0.0,0.0,2,2,good,22.597482662679273,113.87435005513986,深圳市水务局开放平台·积涝点水位
2026-08-20T05:00:00+08:00,Asia/Shanghai,MS1104403060000361,(市)园岭商场,0.0,0.0,13,13,good,,,深圳市水务局开放平台·积涝点水位
2026-08-20T05:00:00+08:00,Asia/Shanghai,MS1104403060000376,(市)新圳西路万佳商场段,0.0,0.0,5,5,good,22.56349644,113.89998969999999,深圳市水务局开放平台·积涝点水位
2026-08-20T05:00:00+08:00,Asia/Shanghai,MS1104403060000380,(市)北环路与爱群路路口,0.0,0.0,13,13,good,22.79634568700108,114.39897783430258,深圳市水务局开放平台·积涝点水位
2026-08-20T05:00:00+08:00,Asia/Shanghai,MS1104403060000395,(市)宝安区幸福路与恒珠一路,0.0,0.0,2,2,good,,,深圳市水务局开放平台·积涝点水位
2026-08-20T05:00:00+08:00,Asia/Shanghai,MS110440306000040X,(市)宝安区勋业街,0.0,0.0,2,2,good,,,深圳市水务局开放平台·积涝点水位
2026-08-20T05:00:00+08:00,Asia/Shanghai,MS1104403060000414,(市)宝安区福和路西六巷,0.0,0.0,13,13,good,22.75496986065163,113.7975587837876,深圳市水务局开放平台·积涝点水位
2026-08-20T05:00:00+08:00,Asia/Shanghai,MS1104403060000429,(市)民福路与创新路交叉口,0.0,0.0,13,13,good,22.77931941488889,113.82386091368804,深圳市水务局开放平台·积涝点水位
2026-08-20T05:00:00+08:00,Asia/Shanghai,MS1104403060000433,(市)金沙二路与民福路交叉口,0.0,0.0,2,2,good,22.731531574999998,113.800096525,深圳市水务局开放平台·积涝点水位
2026-08-20T05:00:00+08:00,Asia/Shanghai,MS1104403060000448,(市)宝安区沙井西环路正科时代,0.0,0.0,2,2,good,22.658437552805964,113.96411546099013,深圳市水务局开放平台·积涝点水位
2026-08-20T05:00:00+08:00,Asia/Shanghai,MS1104403060000452,(市)宝源路固戍海滨公园,0.0,0.0,13,13,good,22.58668431255461,113.84584894450396,深圳市水务局开放平台·积涝点水位
2026-08-20T05:00:00+08:00,Asia/Shanghai,MS1104403060000467,(市)海雅缤纷城,0.0018,0.01,17,17,good,,,深圳市水务局开放平台·积涝点水位
2026-08-20T05:00:00+08:00,Asia/Shanghai,MS1104403060000471,(市)万达广场,0.0,0.0,2,2,good,,,深圳市水务局开放平台·积涝点水位
2026-08-20T05:00:00+08:00,Asia/Shanghai,MS1104403060000486,(市)固戍地铁站 A/F 出入口,0.0,0.0,13,13,good,,,深圳市水务局开放平台·积涝点水位
2026-08-20T05:00:00+08:00,Asia/Shanghai,MS1104403060000490,(市)碧海湾地铁站 B 出入口,0.0,0.0,13,13,good,,,深圳市水务局开放平台·积涝点水位
2026-08-20T05:00:00+08:00,Asia/Shanghai,MS1104403060000505,(市)海天路地下隧道,0.0,0.0,14,14,good,22.549962987088094,113.87889692546018,深圳市水务局开放平台·积涝点水位
2026-08-20T05:00:00+08:00,Asia/Shanghai,MS1104403070000175,(市)龙平西路新秀社区公园,0.0,0.0,2,2,good,22.731009781031894,114.22605984524496,深圳市水务局开放平台·积涝点水位
2026-08-20T05:00:00+08:00,Asia/Shanghai,MS110440307000018X,(市)如意路广发银行奥林支行,0.0,0.0,13,13,good,22.697841456213258,114.19931100734046,深圳市水务局开放平台·积涝点水位
2026-08-20T05:00:00+08:00,Asia/Shanghai,MS1104403070000194,(市)龙翔大道与龙城大道交汇处,0.0,0.0,13,13,good,22.708452173199664,114.22855732448205,深圳市水务局开放平台·积涝点水位
2026-08-20T05:00:00+08:00,Asia/Shanghai,MS1104403070000209,(市)龙城大道与龙平东路交汇处,0.0,0.0,13,13,good,22.734070392016967,114.26268655089929,深圳市水务局开放平台·积涝点水位
2026-08-20T05:00:00+08:00,Asia/Shanghai,MS1104403070000213,(市)龙西中路与盐龙大道交汇处,0.0,0.0,13,13,good,22.75103177856142,114.25588661241065,深圳市水务局开放平台·积涝点水位
2026-08-20T05:00:00+08:00,Asia/Shanghai,MS1104403070000228,(市)爱南路与深汕公路交汇处,0.0,0.0,13,13,good,22.709133830928806,114.31382413715897,深圳市水务局开放平台·积涝点水位
2026-08-20T05:00:00+08:00,Asia/Shanghai,MS1104403070000232,(市)园新路与乐园路交汇处,0.0,0.0,13,13,good,22.714932425,114.3001758,深圳市水务局开放平台·积涝点水位
2026-08-20T05:00:00+08:00,Asia/Shanghai,MS1104403070000247,(市)长深高速四方埔社区,0.0,0.0,2,2,good,22.785453209312927,114.3238491191703,深圳市水务局开放平台·积涝点水位
2026-08-20T05:00:00+08:00,Asia/Shanghai,MS1104403070000251,(市)龙岗区政府,0.0,0.0,13,13,good,,,深圳市水务局开放平台·积涝点水位
2026-08-20T05:00:00+08:00,Asia/Shanghai,MS1104403070000266,(市)五和地铁站H出入口,0.0,0.0,16,16,good,,,深圳市水务局开放平台·积涝点水位
2026-08-20T05:00:00+08:00,Asia/Shanghai,MS1104403070000270,(市)长龙地铁站C2出入口,0.0,0.0,2,2,good,,,深圳市水务局开放平台·积涝点水位
2026-08-20T05:00:00+08:00,Asia/Shanghai,MS1104403070000285,(市)育贤学校、童星幼儿园,0.0,0.0,13,13,good,,,深圳市水务局开放平台·积涝点水位
2026-08-20T05:00:00+08:00,Asia/Shanghai,MS110440307000029X,(市)深圳远东妇产医院,0.0,0.0,18,18,good,,,深圳市水务局开放平台·积涝点水位
2026-08-20T05:00:00+08:00,Asia/Shanghai,MS1104403070000304,(市)英才学校,0.0,0.0,13,13,good,,,深圳市水务局开放平台·积涝点水位
2026-08-20T05:00:00+08:00,Asia/Shanghai,MS1104403070000319,(市)吉榕路桥洞,0.0,0.0,13,13,good,,,深圳市水务局开放平台·积涝点水位
2026-08-20T05:00:00+08:00,Asia/Shanghai,MS1104403070000323,(市)京南路,0.0,0.0,2,2,good,22.602818284523806,114.12130894517196,深圳市水务局开放平台·积涝点水位
2026-08-20T05:00:00+08:00,Asia/Shanghai,MS1104403070000338,(市)布澜路国芬路口,0.0,0.0,2,2,good,22.635311170786817,114.12784150313183,深圳市水务局开放平台·积涝点水位
2026-08-20T05:00:00+08:00,Asia/Shanghai,MS1104403070000342,(市)布吉站（深圳东站）,0.0,0.0,2,2,good,,,深圳市水务局开放平台·积涝点水位
2026-08-20T05:00:00+08:00,Asia/Shanghai,MS1104403080000012,(市)金融路海涛路口片区,0.0,0.0,13,13,good,22.553642038690473,114.22939035281746,深圳市水务局开放平台·积涝点水位
2026-08-20T05:00:00+08:00,Asia/Shanghai,MS1104403080000027,(市)沙头角口岸小区,0.0,0.0,13,13,good,,,深圳市水务局开放平台·积涝点水位
2026-08-20T05:00:00+08:00,Asia/Shanghai,MS1104403080000031,(市)桥东街小区,0.0,0.0,13,13,good,,,深圳市水务局开放平台·积涝点水位
2026-08-20T05:00:00+08:00,Asia/Shanghai,MS1104403090000065,(市)泗黎路凹背社区富坑社区,0.0,0.0,2,2,good,22.753687171367037,114.03385655648283,深圳市水务局开放平台·积涝点水位
2026-08-20T05:00:00+08:00,Asia/Shanghai,MS110440309000007X,(市)银星科技园,0.0,0.0,2,2,good,,,深圳市水务局开放平台·积涝点水位
2026-08-20T05:00:00+08:00,Asia/Shanghai,MS1104403090000084,(市)观光路与福前路交汇处,0.0,0.0,2,2,good,22.733179257314486,114.01274963079653,深圳市水务局开放平台·积涝点水位
2026-08-20T05:00:00+08:00,Asia/Shanghai,MS1104403090000099,(市)三联社区,0.0,0.0,12,12,good,,,深圳市水务局开放平台·积涝点水位
2026-08-20T05:00:00+08:00,Asia/Shanghai,MS1104403090000103,(市)布龙路与五和大道交汇处,0.0,0.0,13,13,good,22.646750702555874,114.02665721385576,深圳市水务局开放平台·积涝点水位
2026-08-20T05:00:00+08:00,Asia/Shanghai,MS1104403090000118,(市)新区大道深圳北站,0.0,0.0,18,18,good,22.624351465560785,114.01682556681699,深圳市水务局开放平台·积涝点水位
2026-08-20T05:00:00+08:00,Asia/Shanghai,MS1104403090000122,(市)龙华壹方成,0.0,0.0,13,13,good,,,深圳市水务局开放平台·积涝点水位
2026-08-20T05:00:00+08:00,Asia/Shanghai,MS1104403090000137,(市)昌茂二路,0.0,0.0,17,17,good,,,深圳市水务局开放平台·积涝点水位
2026-08-20T05:00:00+08:00,Asia/Shanghai,MS1104403090000141,(市)大浪新围街大船坑市场段,0.0,0.0,13,13,good,22.692058934615382,113.9964102346154,深圳市水务局开放平台·积涝点水位
2026-08-20T05:00:00+08:00,Asia/Shanghai,MS1104403100000028,(市)坪山法院门口,0.0,0.0,2,2,good,,,深圳市水务局开放平台·积涝点水位
2026-08-20T05:00:00+08:00,Asia/Shanghai,MS1104403100000032,(市)秀沙路比亚迪厂门前,0.0,0.0,13,13,good,22.767995359829058,114.39900074224022,深圳市水务局开放平台·积涝点水位
2026-08-20T05:00:00+08:00,Asia/Shanghai,MS1104403100000047,(市)群代路金泰航科技,0.01,0.01,64,64,good,,,深圳市水务局开放平台·积涝点水位
2026-08-20T05:00:00+08:00,Asia/Shanghai,MS1104403100000051,(市)三洋湖路三洋湖新区小区,0.0,0.0,13,13,good,,,深圳市水务局开放平台·积涝点水位
2026-08-20T05:00:00+08:00,Asia/Shanghai,MS1104403100000066,(市)文化中心地铁站,0.0,0.0,13,13,good,,,深圳市水务局开放平台·积涝点水位
2026-08-20T05:00:00+08:00,Asia/Shanghai,MS1104403110000597,(市)东长路外环高速长圳入口,0.0,0.0,12,12,good,22.747509018088216,113.91221411091422,深圳市水务局开放平台·积涝点水位
2026-08-20T05:00:00+08:00,Asia/Shanghai,MS1104403110000601,(市)光侨雅苑,0.0,0.0,2,2,good,,,深圳市水务局开放平台·积涝点水位
2026-08-20T05:00:00+08:00,Asia/Shanghai,MS1104403110000616,(市)同观路与汇融路交叉口,0.0,0.0,2,2,good,22.734039598507852,113.91441943299901,深圳市水务局开放平台·积涝点水位
2026-08-20T05:00:00+08:00,Asia/Shanghai,MS1104403110000620,(市)松白路松茂御城段,0.0,0.0,2,2,good,22.731110627923336,113.894856941127,深圳市水务局开放平台·积涝点水位
2026-08-20T05:00:00+08:00,Asia/Shanghai,MS1104403110000635,(市)公常路与环村路交叉口,0.0,0.0,13,13,good,22.826648407959507,113.95688701032125,深圳市水务局开放平台·积涝点水位
2026-08-20T05:00:00+08:00,Asia/Shanghai,MS110440311000064X,(市)光明区高级中学,0.0,0.0,3,3,good,,,深圳市水务局开放平台·积涝点水位
2026-08-20T05:00:00+08:00,Asia/Shanghai,MS1104403120000032,(市)大鹏液化天然气有限公司深圳接收站,0.0,0.0,13,13,good,,,深圳市水务局开放平台·积涝点水位
2026-08-20T06:00:00+08:00,Asia/Shanghai,9281192001,(市)平湖火车隧道口,0.0,0.0,11,11,good,,,深圳市水务局开放平台·积涝点水位
2026-08-20T06:00:00+08:00,Asia/Shanghai,9281192002,(市)新木路广深铁路桥底,0.0,0.0,12,12,good,22.6674177472887,114.13210195018992,深圳市水务局开放平台·积涝点水位
2026-08-20T06:00:00+08:00,Asia/Shanghai,9281192003,(市)新木路新围仔村路口,0.0,0.0,13,13,good,22.6674177472887,114.13210195018992,深圳市水务局开放平台·积涝点水位
2026-08-20T06:00:00+08:00,Asia/Shanghai,9281192004,(市)布李路富民城段,0.0,0.0,13,13,good,22.618912574166664,114.11654044833332,深圳市水务局开放平台·积涝点水位
2026-08-20T06:00:00+08:00,Asia/Shanghai,9281192005,(市)龙博路,0.01,0.01,63,63,good,22.62797037826087,114.10927237391306,深圳市水务局开放平台·积涝点水位
2026-08-20T06:00:00+08:00,Asia/Shanghai,9281192006,(市)五和大道四季花城,0.0,0.0,15,15,good,22.65976725256875,114.05975735653944,深圳市水务局开放平台·积涝点水位
2026-08-20T06:00:00+08:00,Asia/Shanghai,9281192007,(市)沙西小学至南岭万家乐段,0.0,0.0,13,13,good,,,深圳市水务局开放平台·积涝点水位
2026-08-20T06:00:00+08:00,Asia/Shanghai,9281192008,(市)南联第六工业区桥洞,0.0,0.0,13,13,good,,,深圳市水务局开放平台·积涝点水位
2026-08-20T06:00:00+08:00,Asia/Shanghai,9281192009,(市)新坡塘村新坡塘积水点,0.0,0.0,13,13,good,,,深圳市水务局开放平台·积涝点水位
2026-08-20T06:00:00+08:00,Asia/Shanghai,9281192010,(市)安良六村安业路与安居路交汇处,0.0,0.0,12,12,good,,,深圳市水务局开放平台·积涝点水位
2026-08-20T06:00:00+08:00,Asia/Shanghai,9281192011,(市)松元头,0.01,0.01,62,62,good,,,深圳市水务局开放平台·积涝点水位
2026-08-20T06:00:00+08:00,Asia/Shanghai,9281192012,(市)湖南立交,0.0,0.0,13,13,good,,,深圳市水务局开放平台·积涝点水位
2026-08-20T06:00:00+08:00,Asia/Shanghai,9281192013,(市)高背路惠盐高速桥洞积水点,0.0,0.0,13,13,good,,,深圳市水务局开放平台·积涝点水位
2026-08-20T06:00:00+08:00,Asia/Shanghai,9281192014,(市)鹤坑桥洞,0.0,0.0,13,13,good,,,深圳市水务局开放平台·积涝点水位
2026-08-20T06:00:00+08:00,Asia/Shanghai,9281192015,(市)安良社区沿河一路疏港铁路桥洞,0.0,0.0,12,12,good,22.73162335,114.107919,深圳市水务局开放平台·积涝点水位
2026-08-20T06:00:00+08:00,Asia/Shanghai,9281192016,(市)宝荷路中新加油站对面,0.0,0.0,13,13,good,22.694796752516076,114.25970116268519,深圳市水务局开放平台·积涝点水位
2026-08-20T06:00:00+08:00,Asia/Shanghai,9281192017,(市)环观南路与观平路交汇处,0.0,0.0,13,13,good,22.705673908780923,114.07279441765539,深圳市水务局开放平台·积涝点水位
2026-08-20T06:00:00+08:00,Asia/Shanghai,9281192018,(市)龙华大道库坑天桥段,0.0,0.0,12,12,good,22.669745856798677,114.03752701836405,深圳市水务局开放平台·积涝点水位
2026-08-20T06:00:00+08:00,Asia/Shanghai,9281192019,(市)福龙路高铁桥下简上段,0.0,0.0,12,12,good,22.61964472178257,114.00080097044238,深圳市水务局开放平台·积涝点水位
2026-08-20T06:00:00+08:00,Asia/Shanghai,9281192020,(市)工业路壹成中心段,0.01,0.01,65,65,good,22.648754971805,114.02570221318598,深圳市水务局开放平台·积涝点水位
2026-08-20T06:00:00+08:00,Asia/Shanghai,9281192021,(市)东环一路和平路交汇处,0.0,0.0,13,13,good,22.65040479515617,114.03284713758192,深圳市水务局开放平台·积涝点水位
2026-08-20T06:00:00+08:00,Asia/Shanghai,9281192022,(市)龙田社区大水湾,0.0,0.0,13,13,good,,,深圳市水务局开放平台·积涝点水位
2026-08-20T06:00:00+08:00,Asia/Shanghai,9281292001,(市)滨河皇岗立交桥洞,0.0,0.0,13,13,good,,,深圳市水务局开放平台·积涝点水位
2026-08-20T06:00:00+08:00,Asia/Shanghai,9281292002,(市)广深高速桥下滨海大道北侧辅道,0.01,0.01,61,61,good,22.579823080041088,114.10123773351275,深圳市水务局开放平台·积涝点水位
2026-08-20T06:00:00+08:00,Asia/Shanghai,9281292003,(市)福田区竹子林立交下穿通道,0.0,0.0,13,13,good,,,深圳市水务局开放平台·积涝点水位
2026-08-20T06:00:00+08:00,Asia/Shanghai,9281292004,(市)滨河益田立交桥洞,0.0,0.0,12,12,good,,,深圳市水务局开放平台·积涝点水位
2026-08-20T06:00:00+08:00,Asia/Shanghai,9281292005,(市)深南新洲一号立交桥洞,0.0,0.0,13,13,good,,,深圳市水务局开放平台·积涝点水位
2026-08-20T06:00:00+08:00,Asia/Shanghai,9281292006,(市)北环新洲立交东南角辅道,0.0,0.0,13,13,good,,,深圳市水务局开放平台·积涝点水位
2026-08-20T06:00:00+08:00,Asia/Shanghai,9281292007,(市)107国道新安段(裕安加油站),0.0,0.0,13,13,good,22.55254164883845,113.90816500450731,深圳市水务局开放平台·积涝点水位
2026-08-20T06:00:00+08:00,Asia/Shanghai,9281292008,洲石路鹤洲桥底（市）,0.0,0.0,11,11,good,22.651019027149744,113.88061107664711,深圳市水务局开放平台·积涝点水位
2026-08-20T06:00:00+08:00,Asia/Shanghai,9281292009,(市)帝堂路（锦程路以西段）,0.0075,0.01,57,57,good,22.70987723506993,113.7784856087664,深圳市水务局开放平台·积涝点水位
2026-08-20T06:00:00+08:00,Asia/Shanghai,9281292010,(市)上星南路与中心路丽沙花都,0.0,0.0,12,12,good,22.502209013854387,113.93734688972145,深圳市水务局开放平台·积涝点水位
2026-08-20T06:00:00+08:00,Asia/Shanghai,9281292011,(市)外环路广深高速新桥立交,0.0,0.0,13,13,good,22.736379220337216,113.84591188570887,深圳市水务局开放平台·积涝点水位
2026-08-20T06:00:00+08:00,Asia/Shanghai,9281292012,(市)固戍海滨新村文昌阁,0.0,0.0,13,13,good,,,深圳市水务局开放平台·积涝点水位
2026-08-20T06:00:00+08:00,Asia/Shanghai,9281292013,(市)宝安大道固戍地铁站,0.0,0.0,13,13,good,22.64678387472509,113.8417801892837,深圳市水务局开放平台·积涝点水位
2026-08-20T06:00:00+08:00,Asia/Shanghai,9281292014,(市)G107国道南行固戍大门,0.0,0.0,13,13,good,22.55254164883845,113.90816500450731,深圳市水务局开放平台·积涝点水位
2026-08-20T06:00:00+08:00,Asia/Shanghai,9281292015,(市)东环大道松宝大道段,0.0,0.0,12,12,good,,,深圳市水务局开放平台·积涝点水位
2026-08-20T06:00:00+08:00,Asia/Shanghai,9281292016,(市)长凤路龙大高速桥底,0.0,0.0,11,11,good,22.775734215738417,113.91156092305157,深圳市水务局开放平台·积涝点水位
2026-08-20T06:00:00+08:00,Asia/Shanghai,9281292017,(市)圳美同富裕工业区,0.0,0.0,12,12,good,,,深圳市水务局开放平台·积涝点水位
2026-08-20T06:00:00+08:00,Asia/Shanghai,9281292018,(市)根玉路东方大道交汇处,0.0,0.0,12,12,good,22.763216165633853,113.85149341983029,深圳市水务局开放平台·积涝点水位
2026-08-20T06:00:00+08:00,Asia/Shanghai,9281292019,(市)上村社区龙大桥底,0.0,0.0,13,13,good,,,深圳市水务局开放平台·积涝点水位
2026-08-20T06:00:00+08:00,Asia/Shanghai,9281292020,(市)马山头社区上石家路通兴路交汇处,0.0,0.0,13,13,good,22.763999933333334,113.8915635138889,深圳市水务局开放平台·积涝点水位
2026-08-20T06:00:00+08:00,Asia/Shanghai,9281292021,(市)临海大道海关保税区,0.0,0.0,13,13,good,22.53399911521491,113.88871009435005,深圳市水务局开放平台·积涝点水位
2026-08-20T06:00:00+08:00,Asia/Shanghai,9281292022,(市)南山大道南行亿利达村段,0.0,0.0,13,13,good,22.540721694789013,113.9181638130031,深圳市水务局开放平台·积涝点水位
2026-08-20T06:00:00+08:00,Asia/Shanghai,9281292023,(市)东滨路南行华联城市山林花园段,0.0,0.0,13,13,good,22.51106546682151,113.92212734316605,深圳市水务局开放平台·积涝点水位
2026-08-20T06:00:00+08:00,Asia/Shanghai,9281292024,(市)深圳湾东滨路与中心路交叉口,0.0,0.0,12,12,good,22.51106546682151,113.92212734316605,深圳市水务局开放平台·积涝点水位
2026-08-20T06:00:00+08:00,Asia/Shanghai,MS1104403030000228,(市)红岗公园,0.0,0.0,2,2,good,,,深圳市水务局开放平台·积涝点水位
2026-08-20T06:00:00+08:00,Asia/Shanghai,MS1104403030000232,(市)沿河南路文锦路社区,0.0,0.0,13,13,good,22.550252268776845,114.11444108979862,深圳市水务局开放平台·积涝点水位
2026-08-20T06:00:00+08:00,Asia/Shanghai,MS1104403030000247,(市)深南东路黄贝岭,0.0,0.0,13,13,good,22.54661746874732,114.11811396992493,深圳市水务局开放平台·积涝点水位
2026-08-20T06:00:00+08:00,Asia/Shanghai,MS1104403030000251,(市)滨河上步立交桥,0.0,0.0,2,2,good,,,深圳市水务局开放平台·积涝点水位
2026-08-20T06:00:00+08:00,Asia/Shanghai,MS1104403030000266,(市)罗湖火车站,0.0,0.0,13,13,good,,,深圳市水务局开放平台·积涝点水位
2026-08-20T06:00:00+08:00,Asia/Shanghai,MS1104403030000270,(市)罗湖区委,0.0,0.0,2,2,good,,,深圳市水务局开放平台·积涝点水位
2026-08-20T06:00:00+08:00,Asia/Shanghai,MS1104403030000285,(市)万象城,0.0,0.0,13,13,good,,,深圳市水务局开放平台·积涝点水位
2026-08-20T06:00:00+08:00,Asia/Shanghai,MS110440303000029X,(市)洪湖地铁站D出入口,0.0,0.0,2,2,good,,,深圳市水务局开放平台·积涝点水位
2026-08-20T06:00:00+08:00,Asia/Shanghai,MS1104403030000304,(市)东湖路,0.0,0.0,5,5,good,22.582822583699635,114.1345991945055,深圳市水务局开放平台·积涝点水位
2026-08-20T06:00:00+08:00,Asia/Shanghai,MS1104403030000319,(市)桂园片区,0.0,0.0,13,13,good,,,深圳市水务局开放平台·积涝点水位
2026-08-20T06:00:00+08:00,Asia/Shanghai,MS1104403030000323,(市)晒布路与东门中路交汇处,0.0,0.0,13,13,good,22.551568716163253,114.1183832504732,深圳市水务局开放平台·积涝点水位
2026-08-20T06:00:00+08:00,Asia/Shanghai,MS1104403030000338,(市)东湖公园爱国路与太宁路路口,0.0,0.0,12,12,good,22.563633808974675,114.13329390192719,深圳市水务局开放平台·积涝点水位
2026-08-20T06:00:00+08:00,Asia/Shanghai,MS1104403030000342,(市)文锦渡口岸,0.0,0.0,2,2,good,,,深圳市水务局开放平台·积涝点水位
2026-08-20T06:00:00+08:00,Asia/Shanghai,MS1104403040000543,(市)香梅莲花路口,0.0,0.0,2,2,good,22.559401296538805,114.04793087126708,深圳市水务局开放平台·积涝点水位
2026-08-20T06:00:00+08:00,Asia/Shanghai,MS1104403040000558,(市)信托花园,0.0,0.0,13,13,good,,,深圳市水务局开放平台·积涝点水位
2026-08-20T06:00:00+08:00,Asia/Shanghai,MS1104403040000562,(市)上步红荔路口,0.0,0.0,2,2,good,22.550171284097686,114.05891535550717,深圳市水务局开放平台·积涝点水位
2026-08-20T06:00:00+08:00,Asia/Shanghai,MS1104403040000577,(市)深南皇岗立交桥与皇岗路交汇处,0.0,0.0,13,13,good,22.552167188223326,114.06774281249497,深圳市水务局开放平台·积涝点水位
2026-08-20T06:00:00+08:00,Asia/Shanghai,MS1104403040000581,(市)北环大道与梅林路交汇处,0.0,0.0,2,2,good,22.55966775704351,113.99344633894496,深圳市水务局开放平台·积涝点水位
2026-08-20T06:00:00+08:00,Asia/Shanghai,MS1104403040000596,(市)侨香路香梅社区,0.0,0.0,2,2,good,22.55158384619422,114.00624803762132,深圳市水务局开放平台·积涝点水位
2026-08-20T06:00:00+08:00,Asia/Shanghai,MS1104403040000600,(市)侨香路香安社区,0.0,0.0,2,2,good,22.55158384619422,114.00624803762132,深圳市水务局开放平台·积涝点水位
2026-08-20T06:00:00+08:00,Asia/Shanghai,MS1104403040000615,(市)市民中心,0.0,0.0,2,2,good,,,深圳市水务局开放平台·积涝点水位
2026-08-20T06:00:00+08:00,Asia/Shanghai,MS110440304000062X,(市)民田路深圳证券交易所,0.0,0.0,13,13,good,22.53903429826115,114.04781278730138,深圳市水务局开放平台·积涝点水位
2026-08-20T06:00:00+08:00,Asia/Shanghai,MS1104403040000634,(市)燃气集团股份有限公司梅林 LNG安全应急气化站,0.0,0.0,13,13,good,,,深圳市水务局开放平台·积涝点水位
2026-08-20T06:00:00+08:00,Asia/Shanghai,MS1104403040000649,(市)深南大道车公庙交通枢纽段,0.0,0.0,13,13,good,22.5420797706313,113.9753640727562,深圳市水务局开放平台·积涝点水位
2026-08-20T06:00:00+08:00,Asia/Shanghai,MS1104403050000118,(市)月亮湾大道与前湾三路交叉口,0.0,0.0,2,2,good,22.511993391395155,113.8903078293519,深圳市水务局开放平台·积涝点水位
2026-08-20T06:00:00+08:00,Asia/Shanghai,MS1104403050000122,(市)南山大道深意工业大厦段,0.01,0.01,61,61,good,22.540721694789013,113.9181638130031,深圳市水务局开放平台·积涝点水位
2026-08-20T06:00:00+08:00,Asia/Shanghai,MS1104403050000137,(市)南山大道与登良路交叉口,0.0,0.0,2,2,good,22.540721694789013,113.9181638130031,深圳市水务局开放平台·积涝点水位
2026-08-20T06:00:00+08:00,Asia/Shanghai,MS1104403050000141,(市)南新路北头豪苑,0.0,0.0,2,2,good,22.535707366852186,113.92452459612443,深圳市水务局开放平台·积涝点水位
2026-08-20T06:00:00+08:00,Asia/Shanghai,MS1104403050000156,(市)滨海大道与南山大道交叉口,0.0,0.0,3,3,good,22.579823080041088,114.10123773351275,深圳市水务局开放平台·积涝点水位
2026-08-20T06:00:00+08:00,Asia/Shanghai,MS1104403050000160,(市)桃园路与南新路交叉口,0.0,0.0,2,2,good,22.535395972003414,113.91852837514443,深圳市水务局开放平台·积涝点水位
2026-08-20T06:00:00+08:00,Asia/Shanghai,MS1104403050000175,(市)后海大道与登良路交叉口,0.0,0.0,13,13,good,22.51179221810604,113.92884393579894,深圳市水务局开放平台·积涝点水位
2026-08-20T06:00:00+08:00,Asia/Shanghai,MS110440305000018X,(市)后海大道港湾创业大厦,0.0,0.0,12,12,good,22.51179221810604,113.92884393579894,深圳市水务局开放平台·积涝点水位
2026-08-20T06:00:00+08:00,Asia/Shanghai,MS1104403050000194,(市)深南大道高新园地铁 AD 口,0.0,0.0,13,13,good,22.5420797706313,113.9753640727562,深圳市水务局开放平台·积涝点水位
2026-08-20T06:00:00+08:00,Asia/Shanghai,MS1104403050000209,(市)深圳湾口岸,0.0,0.0,2,2,good,,,深圳市水务局开放平台·积涝点水位
2026-08-20T06:00:00+08:00,Asia/Shanghai,MS1104403050000213,(市)前湾公园地铁站 A 出入口,0.0,0.0,13,13,good,,,深圳市水务局开放平台·积涝点水位
2026-08-20T06:00:00+08:00,Asia/Shanghai,MS1104403050000228,(市)粤海门地铁站 D2 出入口,0.0,0.0,13,13,good,,,深圳市水务局开放平台·积涝点水位
2026-08-20T06:00:00+08:00,Asia/Shanghai,MS1104403050000232,(市)桂庙路地下道路,0.0,0.0,13,13,good,22.52643977555155,113.91686609460196,深圳市水务局开放平台·积涝点水位
2026-08-20T06:00:00+08:00,Asia/Shanghai,MS1104403050000247,(市)国家超级计算深圳中心,0.0,0.0,14,14,good,,,深圳市水务局开放平台·积涝点水位
2026-08-20T06:00:00+08:00,Asia/Shanghai,MS110440306000029X,(市)辛养旧村辛居路,0.0,0.0,2,2,good,,,深圳市水务局开放平台·积涝点水位
2026-08-20T06:00:00+08:00,Asia/Shanghai,MS1104403060000304,(市)山门第三工业区,0.0,0.0,2,2,good,,,深圳市水务局开放平台·积涝点水位
2026-08-20T06:00:00+08:00,Asia/Shanghai,MS1104403060000319,(市)前进一路上川路口,0.0,0.0,13,13,good,22.57118007860348,113.90008995469552,深圳市水务局开放平台·积涝点水位
2026-08-20T06:00:00+08:00,Asia/Shanghai,MS1104403060000323,(市)洪浪北地铁站,0.0,0.0,13,13,good,,,深圳市水务局开放平台·积涝点水位
2026-08-20T06:00:00+08:00,Asia/Shanghai,MS1104403060000338,(市)东风幼儿园,0.0,0.0,2,2,good,,,深圳市水务局开放平台·积涝点水位
2026-08-20T06:00:00+08:00,Asia/Shanghai,MS1104403060000342,(市)海乐41区,0.0,0.0,2,2,good,,,深圳市水务局开放平台·积涝点水位
2026-08-20T06:00:00+08:00,Asia/Shanghai,MS1104403060000357,(市)前进二路,0.0,0.0,2,2,good,22.597482662679273,113.87435005513986,深圳市水务局开放平台·积涝点水位
2026-08-20T06:00:00+08:00,Asia/Shanghai,MS1104403060000361,(市)园岭商场,0.0,0.0,13,13,good,,,深圳市水务局开放平台·积涝点水位
2026-08-20T06:00:00+08:00,Asia/Shanghai,MS1104403060000376,(市)新圳西路万佳商场段,0.0,0.0,6,6,good,22.56349644,113.89998969999999,深圳市水务局开放平台·积涝点水位
2026-08-20T06:00:00+08:00,Asia/Shanghai,MS1104403060000380,(市)北环路与爱群路路口,0.0,0.0,12,12,good,22.79634568700108,114.39897783430258,深圳市水务局开放平台·积涝点水位
2026-08-20T06:00:00+08:00,Asia/Shanghai,MS1104403060000395,(市)宝安区幸福路与恒珠一路,0.0,0.0,2,2,good,,,深圳市水务局开放平台·积涝点水位
2026-08-20T06:00:00+08:00,Asia/Shanghai,MS110440306000040X,(市)宝安区勋业街,0.0,0.0,2,2,good,,,深圳市水务局开放平台·积涝点水位
2026-08-20T06:00:00+08:00,Asia/Shanghai,MS1104403060000414,(市)宝安区福和路西六巷,0.0,0.0,13,13,good,22.75496986065163,113.7975587837876,深圳市水务局开放平台·积涝点水位
2026-08-20T06:00:00+08:00,Asia/Shanghai,MS1104403060000429,(市)民福路与创新路交叉口,0.0,0.0,13,13,good,22.77931941488889,113.82386091368804,深圳市水务局开放平台·积涝点水位
2026-08-20T06:00:00+08:00,Asia/Shanghai,MS1104403060000433,(市)金沙二路与民福路交叉口,0.0,0.0,2,2,good,22.731531574999998,113.800096525,深圳市水务局开放平台·积涝点水位
2026-08-20T06:00:00+08:00,Asia/Shanghai,MS1104403060000448,(市)宝安区沙井西环路正科时代,0.0,0.0,2,2,good,22.658437552805964,113.96411546099013,深圳市水务局开放平台·积涝点水位
2026-08-20T06:00:00+08:00,Asia/Shanghai,MS1104403060000452,(市)宝源路固戍海滨公园,0.0,0.0,13,13,good,22.58668431255461,113.84584894450396,深圳市水务局开放平台·积涝点水位
2026-08-20T06:00:00+08:00,Asia/Shanghai,MS1104403060000467,(市)海雅缤纷城,0.0051,0.01,37,37,good,,,深圳市水务局开放平台·积涝点水位
2026-08-20T06:00:00+08:00,Asia/Shanghai,MS1104403060000471,(市)万达广场,0.0,0.0,2,2,good,,,深圳市水务局开放平台·积涝点水位
2026-08-20T06:00:00+08:00,Asia/Shanghai,MS1104403060000486,(市)固戍地铁站 A/F 出入口,0.0,0.0,13,13,good,,,深圳市水务局开放平台·积涝点水位
2026-08-20T06:00:00+08:00,Asia/Shanghai,MS1104403060000490,(市)碧海湾地铁站 B 出入口,0.0,0.0,13,13,good,,,深圳市水务局开放平台·积涝点水位
2026-08-20T06:00:00+08:00,Asia/Shanghai,MS1104403060000505,(市)海天路地下隧道,0.0,0.0,17,17,good,22.549962987088094,113.87889692546018,深圳市水务局开放平台·积涝点水位
2026-08-20T06:00:00+08:00,Asia/Shanghai,MS1104403070000175,(市)龙平西路新秀社区公园,0.0,0.0,2,2,good,22.731009781031894,114.22605984524496,深圳市水务局开放平台·积涝点水位
2026-08-20T06:00:00+08:00,Asia/Shanghai,MS110440307000018X,(市)如意路广发银行奥林支行,0.0,0.0,11,11,good,22.697841456213258,114.19931100734046,深圳市水务局开放平台·积涝点水位
2026-08-20T06:00:00+08:00,Asia/Shanghai,MS1104403070000194,(市)龙翔大道与龙城大道交汇处,0.0,0.0,17,17,good,22.708452173199664,114.22855732448205,深圳市水务局开放平台·积涝点水位
2026-08-20T06:00:00+08:00,Asia/Shanghai,MS1104403070000209,(市)龙城大道与龙平东路交汇处,0.0,0.0,13,13,good,22.734070392016967,114.26268655089929,深圳市水务局开放平台·积涝点水位
2026-08-20T06:00:00+08:00,Asia/Shanghai,MS1104403070000213,(市)龙西中路与盐龙大道交汇处,0.0,0.0,12,12,good,22.75103177856142,114.25588661241065,深圳市水务局开放平台·积涝点水位
2026-08-20T06:00:00+08:00,Asia/Shanghai,MS1104403070000228,(市)爱南路与深汕公路交汇处,0.0,0.0,13,13,good,22.709133830928806,114.31382413715897,深圳市水务局开放平台·积涝点水位
2026-08-20T06:00:00+08:00,Asia/Shanghai,MS1104403070000232,(市)园新路与乐园路交汇处,0.0,0.0,13,13,good,22.714932425,114.3001758,深圳市水务局开放平台·积涝点水位
2026-08-20T06:00:00+08:00,Asia/Shanghai,MS1104403070000247,(市)长深高速四方埔社区,0.0,0.0,2,2,good,22.785453209312927,114.3238491191703,深圳市水务局开放平台·积涝点水位
2026-08-20T06:00:00+08:00,Asia/Shanghai,MS1104403070000251,(市)龙岗区政府,0.0,0.0,13,13,good,,,深圳市水务局开放平台·积涝点水位
2026-08-20T06:00:00+08:00,Asia/Shanghai,MS1104403070000266,(市)五和地铁站H出入口,0.0,0.0,13,13,good,,,深圳市水务局开放平台·积涝点水位
2026-08-20T06:00:00+08:00,Asia/Shanghai,MS1104403070000270,(市)长龙地铁站C2出入口,0.0,0.0,2,2,good,,,深圳市水务局开放平台·积涝点水位
2026-08-20T06:00:00+08:00,Asia/Shanghai,MS1104403070000285,(市)育贤学校、童星幼儿园,0.0,0.0,13,13,good,,,深圳市水务局开放平台·积涝点水位
2026-08-20T06:00:00+08:00,Asia/Shanghai,MS110440307000029X,(市)深圳远东妇产医院,0.0,0.0,13,13,good,,,深圳市水务局开放平台·积涝点水位
2026-08-20T06:00:00+08:00,Asia/Shanghai,MS1104403070000304,(市)英才学校,0.0,0.0,13,13,good,,,深圳市水务局开放平台·积涝点水位
2026-08-20T06:00:00+08:00,Asia/Shanghai,MS1104403070000319,(市)吉榕路桥洞,0.0,0.0,13,13,good,,,深圳市水务局开放平台·积涝点水位
2026-08-20T06:00:00+08:00,Asia/Shanghai,MS1104403070000323,(市)京南路,0.0,0.0,2,2,good,22.602818284523806,114.12130894517196,深圳市水务局开放平台·积涝点水位
2026-08-20T06:00:00+08:00,Asia/Shanghai,MS1104403070000338,(市)布澜路国芬路口,0.0,0.0,2,2,good,22.635311170786817,114.12784150313183,深圳市水务局开放平台·积涝点水位
2026-08-20T06:00:00+08:00,Asia/Shanghai,MS1104403070000342,(市)布吉站（深圳东站）,0.0,0.0,2,2,good,,,深圳市水务局开放平台·积涝点水位
2026-08-20T06:00:00+08:00,Asia/Shanghai,MS1104403080000012,(市)金融路海涛路口片区,0.0,0.0,13,13,good,22.553642038690473,114.22939035281746,深圳市水务局开放平台·积涝点水位
2026-08-20T06:00:00+08:00,Asia/Shanghai,MS1104403080000027,(市)沙头角口岸小区,0.0,0.0,13,13,good,,,深圳市水务局开放平台·积涝点水位
2026-08-20T06:00:00+08:00,Asia/Shanghai,MS1104403080000031,(市)桥东街小区,0.0,0.0,13,13,good,,,深圳市水务局开放平台·积涝点水位
2026-08-20T06:00:00+08:00,Asia/Shanghai,MS1104403090000065,(市)泗黎路凹背社区富坑社区,0.0,0.0,2,2,good,22.753687171367037,114.03385655648283,深圳市水务局开放平台·积涝点水位
2026-08-20T06:00:00+08:00,Asia/Shanghai,MS110440309000007X,(市)银星科技园,0.0,0.0,4,4,good,,,深圳市水务局开放平台·积涝点水位
2026-08-20T06:00:00+08:00,Asia/Shanghai,MS1104403090000084,(市)观光路与福前路交汇处,0.0,0.0,2,2,good,22.733179257314486,114.01274963079653,深圳市水务局开放平台·积涝点水位
2026-08-20T06:00:00+08:00,Asia/Shanghai,MS1104403090000099,(市)三联社区,0.0,0.0,13,13,good,,,深圳市水务局开放平台·积涝点水位
2026-08-20T06:00:00+08:00,Asia/Shanghai,MS1104403090000103,(市)布龙路与五和大道交汇处,0.0,0.0,13,13,good,22.646750702555874,114.02665721385576,深圳市水务局开放平台·积涝点水位
2026-08-20T06:00:00+08:00,Asia/Shanghai,MS1104403090000118,(市)新区大道深圳北站,0.0,0.0,13,13,good,22.624351465560785,114.01682556681699,深圳市水务局开放平台·积涝点水位
2026-08-20T06:00:00+08:00,Asia/Shanghai,MS1104403090000122,(市)龙华壹方成,0.0,0.0,13,13,good,,,深圳市水务局开放平台·积涝点水位
2026-08-20T06:00:00+08:00,Asia/Shanghai,MS1104403090000137,(市)昌茂二路,0.0,0.0,12,12,good,,,深圳市水务局开放平台·积涝点水位
2026-08-20T06:00:00+08:00,Asia/Shanghai,MS1104403090000141,(市)大浪新围街大船坑市场段,0.0,0.0,13,13,good,22.692058934615382,113.9964102346154,深圳市水务局开放平台·积涝点水位
2026-08-20T06:00:00+08:00,Asia/Shanghai,MS1104403100000028,(市)坪山法院门口,0.0,0.0,2,2,good,,,深圳市水务局开放平台·积涝点水位
2026-08-20T06:00:00+08:00,Asia/Shanghai,MS1104403100000032,(市)秀沙路比亚迪厂门前,0.0,0.0,13,13,good,22.767995359829058,114.39900074224022,深圳市水务局开放平台·积涝点水位
2026-08-20T06:00:00+08:00,Asia/Shanghai,MS1104403100000047,(市)群代路金泰航科技,0.01,0.01,61,61,good,,,深圳市水务局开放平台·积涝点水位
2026-08-20T06:00:00+08:00,Asia/Shanghai,MS1104403100000051,(市)三洋湖路三洋湖新区小区,0.0,0.0,13,13,good,,,深圳市水务局开放平台·积涝点水位
2026-08-20T06:00:00+08:00,Asia/Shanghai,MS1104403100000066,(市)文化中心地铁站,0.0,0.0,13,13,good,,,深圳市水务局开放平台·积涝点水位
2026-08-20T06:00:00+08:00,Asia/Shanghai,MS1104403110000597,(市)东长路外环高速长圳入口,0.0,0.0,15,15,good,22.747509018088216,113.91221411091422,深圳市水务局开放平台·积涝点水位
2026-08-20T06:00:00+08:00,Asia/Shanghai,MS1104403110000601,(市)光侨雅苑,0.0,0.0,2,2,good,,,深圳市水务局开放平台·积涝点水位
2026-08-20T06:00:00+08:00,Asia/Shanghai,MS1104403110000616,(市)同观路与汇融路交叉口,0.0,0.0,2,2,good,22.734039598507852,113.91441943299901,深圳市水务局开放平台·积涝点水位
2026-08-20T06:00:00+08:00,Asia/Shanghai,MS1104403110000620,(市)松白路松茂御城段,0.0,0.0,2,2,good,22.731110627923336,113.894856941127,深圳市水务局开放平台·积涝点水位
2026-08-20T06:00:00+08:00,Asia/Shanghai,MS1104403110000635,(市)公常路与环村路交叉口,0.0,0.0,13,13,good,22.826648407959507,113.95688701032125,深圳市水务局开放平台·积涝点水位
2026-08-20T06:00:00+08:00,Asia/Shanghai,MS110440311000064X,(市)光明区高级中学,0.0,0.0,2,2,good,,,深圳市水务局开放平台·积涝点水位
2026-08-20T06:00:00+08:00,Asia/Shanghai,MS1104403120000032,(市)大鹏液化天然气有限公司深圳接收站,0.0,0.0,12,12,good,,,深圳市水务局开放平台·积涝点水位
2026-08-20T07:00:00+08:00,Asia/Shanghai,9281192001,(市)平湖火车隧道口,0.0,0.0,11,11,good,,,深圳市水务局开放平台·积涝点水位
2026-08-20T07:00:00+08:00,Asia/Shanghai,9281192002,(市)新木路广深铁路桥底,0.0,0.0,11,11,good,22.6674177472887,114.13210195018992,深圳市水务局开放平台·积涝点水位
2026-08-20T07:00:00+08:00,Asia/Shanghai,9281192003,(市)新木路新围仔村路口,0.0,0.0,13,13,good,22.6674177472887,114.13210195018992,深圳市水务局开放平台·积涝点水位
2026-08-20T07:00:00+08:00,Asia/Shanghai,9281192004,(市)布李路富民城段,0.0,0.0,13,13,good,22.618912574166664,114.11654044833332,深圳市水务局开放平台·积涝点水位
2026-08-20T07:00:00+08:00,Asia/Shanghai,9281192005,(市)龙博路,0.01,0.01,62,62,good,22.62797037826087,114.10927237391306,深圳市水务局开放平台·积涝点水位
2026-08-20T07:00:00+08:00,Asia/Shanghai,9281192006,(市)五和大道四季花城,0.0,0.0,13,13,good,22.65976725256875,114.05975735653944,深圳市水务局开放平台·积涝点水位
2026-08-20T07:00:00+08:00,Asia/Shanghai,9281192007,(市)沙西小学至南岭万家乐段,0.0,0.0,13,13,good,,,深圳市水务局开放平台·积涝点水位
2026-08-20T07:00:00+08:00,Asia/Shanghai,9281192008,(市)南联第六工业区桥洞,0.0,0.0,13,13,good,,,深圳市水务局开放平台·积涝点水位
2026-08-20T07:00:00+08:00,Asia/Shanghai,9281192009,(市)新坡塘村新坡塘积水点,0.0,0.0,13,13,good,,,深圳市水务局开放平台·积涝点水位
2026-08-20T07:00:00+08:00,Asia/Shanghai,9281192010,(市)安良六村安业路与安居路交汇处,0.0,0.0,13,13,good,,,深圳市水务局开放平台·积涝点水位
2026-08-20T07:00:00+08:00,Asia/Shanghai,9281192011,(市)松元头,0.01,0.01,64,64,good,,,深圳市水务局开放平台·积涝点水位
2026-08-20T07:00:00+08:00,Asia/Shanghai,9281192012,(市)湖南立交,0.0,0.0,12,12,good,,,深圳市水务局开放平台·积涝点水位
2026-08-20T07:00:00+08:00,Asia/Shanghai,9281192013,(市)高背路惠盐高速桥洞积水点,0.0,0.0,13,13,good,,,深圳市水务局开放平台·积涝点水位
2026-08-20T07:00:00+08:00,Asia/Shanghai,9281192014,(市)鹤坑桥洞,0.0,0.0,13,13,good,,,深圳市水务局开放平台·积涝点水位
2026-08-20T07:00:00+08:00,Asia/Shanghai,9281192015,(市)安良社区沿河一路疏港铁路桥洞,0.0,0.0,13,13,good,22.73162335,114.107919,深圳市水务局开放平台·积涝点水位
2026-08-20T07:00:00+08:00,Asia/Shanghai,9281192016,(市)宝荷路中新加油站对面,0.0,0.0,13,13,good,22.694796752516076,114.25970116268519,深圳市水务局开放平台·积涝点水位
2026-08-20T07:00:00+08:00,Asia/Shanghai,9281192017,(市)环观南路与观平路交汇处,0.0,0.0,13,13,good,22.705673908780923,114.07279441765539,深圳市水务局开放平台·积涝点水位
2026-08-20T07:00:00+08:00,Asia/Shanghai,9281192018,(市)龙华大道库坑天桥段,0.0,0.0,13,13,good,22.669745856798677,114.03752701836405,深圳市水务局开放平台·积涝点水位
2026-08-20T07:00:00+08:00,Asia/Shanghai,9281192019,(市)福龙路高铁桥下简上段,0.0,0.0,13,13,good,22.61964472178257,114.00080097044238,深圳市水务局开放平台·积涝点水位
2026-08-20T07:00:00+08:00,Asia/Shanghai,9281192020,(市)工业路壹成中心段,0.01,0.01,70,70,good,22.648754971805,114.02570221318598,深圳市水务局开放平台·积涝点水位
2026-08-20T07:00:00+08:00,Asia/Shanghai,9281192021,(市)东环一路和平路交汇处,0.0,0.0,13,13,good,22.65040479515617,114.03284713758192,深圳市水务局开放平台·积涝点水位
2026-08-20T07:00:00+08:00,Asia/Shanghai,9281192022,(市)龙田社区大水湾,0.0,0.0,13,13,good,,,深圳市水务局开放平台·积涝点水位
2026-08-20T07:00:00+08:00,Asia/Shanghai,9281292001,(市)滨河皇岗立交桥洞,0.0,0.0,13,13,good,,,深圳市水务局开放平台·积涝点水位
2026-08-20T07:00:00+08:00,Asia/Shanghai,9281292002,(市)广深高速桥下滨海大道北侧辅道,0.01,0.01,67,67,good,22.579823080041088,114.10123773351275,深圳市水务局开放平台·积涝点水位
2026-08-20T07:00:00+08:00,Asia/Shanghai,9281292003,(市)福田区竹子林立交下穿通道,0.0,0.0,13,13,good,,,深圳市水务局开放平台·积涝点水位
2026-08-20T07:00:00+08:00,Asia/Shanghai,9281292004,(市)滨河益田立交桥洞,0.0,0.0,12,12,good,,,深圳市水务局开放平台·积涝点水位
2026-08-20T07:00:00+08:00,Asia/Shanghai,9281292005,(市)深南新洲一号立交桥洞,0.0,0.0,13,13,good,,,深圳市水务局开放平台·积涝点水位
2026-08-20T07:00:00+08:00,Asia/Shanghai,9281292006,(市)北环新洲立交东南角辅道,0.0,0.0,13,13,good,,,深圳市水务局开放平台·积涝点水位
2026-08-20T07:00:00+08:00,Asia/Shanghai,9281292007,(市)107国道新安段(裕安加油站),0.0,0.0,13,13,good,22.55254164883845,113.90816500450731,深圳市水务局开放平台·积涝点水位
2026-08-20T07:00:00+08:00,Asia/Shanghai,9281292008,洲石路鹤洲桥底（市）,0.0,0.0,12,12,good,22.651019027149744,113.88061107664711,深圳市水务局开放平台·积涝点水位
2026-08-20T07:00:00+08:00,Asia/Shanghai,9281292009,(市)帝堂路（锦程路以西段）,0.0093,0.01,60,60,good,22.70987723506993,113.7784856087664,深圳市水务局开放平台·积涝点水位
2026-08-20T07:00:00+08:00,Asia/Shanghai,9281292010,(市)上星南路与中心路丽沙花都,0.0,0.0,13,13,good,22.502209013854387,113.93734688972145,深圳市水务局开放平台·积涝点水位
2026-08-20T07:00:00+08:00,Asia/Shanghai,9281292011,(市)外环路广深高速新桥立交,0.0,0.0,13,13,good,22.736379220337216,113.84591188570887,深圳市水务局开放平台·积涝点水位
2026-08-20T07:00:00+08:00,Asia/Shanghai,9281292012,(市)固戍海滨新村文昌阁,0.0,0.0,13,13,good,,,深圳市水务局开放平台·积涝点水位
2026-08-20T07:00:00+08:00,Asia/Shanghai,9281292013,(市)宝安大道固戍地铁站,0.0,0.0,12,12,good,22.64678387472509,113.8417801892837,深圳市水务局开放平台·积涝点水位
2026-08-20T07:00:00+08:00,Asia/Shanghai,9281292014,(市)G107国道南行固戍大门,0.0,0.0,13,13,good,22.55254164883845,113.90816500450731,深圳市水务局开放平台·积涝点水位
2026-08-20T07:00:00+08:00,Asia/Shanghai,9281292015,(市)东环大道松宝大道段,0.0,0.0,13,13,good,,,深圳市水务局开放平台·积涝点水位
2026-08-20T07:00:00+08:00,Asia/Shanghai,9281292016,(市)长凤路龙大高速桥底,0.0,0.0,13,13,good,22.775734215738417,113.91156092305157,深圳市水务局开放平台·积涝点水位
2026-08-20T07:00:00+08:00,Asia/Shanghai,9281292017,(市)圳美同富裕工业区,0.0,0.0,13,13,good,,,深圳市水务局开放平台·积涝点水位
2026-08-20T07:00:00+08:00,Asia/Shanghai,9281292018,(市)根玉路东方大道交汇处,0.0,0.0,12,12,good,22.763216165633853,113.85149341983029,深圳市水务局开放平台·积涝点水位
2026-08-20T07:00:00+08:00,Asia/Shanghai,9281292019,(市)上村社区龙大桥底,0.0,0.0,12,12,good,,,深圳市水务局开放平台·积涝点水位
2026-08-20T07:00:00+08:00,Asia/Shanghai,9281292020,(市)马山头社区上石家路通兴路交汇处,0.0,0.0,13,13,good,22.763999933333334,113.8915635138889,深圳市水务局开放平台·积涝点水位
2026-08-20T07:00:00+08:00,Asia/Shanghai,9281292021,(市)临海大道海关保税区,0.0,0.0,13,13,good,22.53399911521491,113.88871009435005,深圳市水务局开放平台·积涝点水位
2026-08-20T07:00:00+08:00,Asia/Shanghai,9281292022,(市)南山大道南行亿利达村段,0.0,0.0,13,13,good,22.540721694789013,113.9181638130031,深圳市水务局开放平台·积涝点水位
2026-08-20T07:00:00+08:00,Asia/Shanghai,9281292023,(市)东滨路南行华联城市山林花园段,0.0,0.0,13,13,good,22.51106546682151,113.92212734316605,深圳市水务局开放平台·积涝点水位
2026-08-20T07:00:00+08:00,Asia/Shanghai,9281292024,(市)深圳湾东滨路与中心路交叉口,0.0,0.0,12,12,good,22.51106546682151,113.92212734316605,深圳市水务局开放平台·积涝点水位
2026-08-20T07:00:00+08:00,Asia/Shanghai,MS1104403030000228,(市)红岗公园,0.0,0.0,2,2,good,,,深圳市水务局开放平台·积涝点水位
2026-08-20T07:00:00+08:00,Asia/Shanghai,MS1104403030000232,(市)沿河南路文锦路社区,0.0,0.0,13,13,good,22.550252268776845,114.11444108979862,深圳市水务局开放平台·积涝点水位
2026-08-20T07:00:00+08:00,Asia/Shanghai,MS1104403030000247,(市)深南东路黄贝岭,0.0,0.0,13,13,good,22.54661746874732,114.11811396992493,深圳市水务局开放平台·积涝点水位
2026-08-20T07:00:00+08:00,Asia/Shanghai,MS1104403030000251,(市)滨河上步立交桥,0.0,0.0,2,2,good,,,深圳市水务局开放平台·积涝点水位
2026-08-20T07:00:00+08:00,Asia/Shanghai,MS1104403030000266,(市)罗湖火车站,0.0,0.0,12,12,good,,,深圳市水务局开放平台·积涝点水位
2026-08-20T07:00:00+08:00,Asia/Shanghai,MS1104403030000270,(市)罗湖区委,0.0,0.0,2,2,good,,,深圳市水务局开放平台·积涝点水位
2026-08-20T07:00:00+08:00,Asia/Shanghai,MS1104403030000285,(市)万象城,0.0074,0.01,42,42,good,,,深圳市水务局开放平台·积涝点水位
2026-08-20T07:00:00+08:00,Asia/Shanghai,MS110440303000029X,(市)洪湖地铁站D出入口,0.0,0.0,2,2,good,,,深圳市水务局开放平台·积涝点水位
2026-08-20T07:00:00+08:00,Asia/Shanghai,MS1104403030000304,(市)东湖路,0.0,0.0,5,5,good,22.582822583699635,114.1345991945055,深圳市水务局开放平台·积涝点水位
2026-08-20T07:00:00+08:00,Asia/Shanghai,MS1104403030000319,(市)桂园片区,0.0,0.0,13,13,good,,,深圳市水务局开放平台·积涝点水位
2026-08-20T07:00:00+08:00,Asia/Shanghai,MS1104403030000323,(市)晒布路与东门中路交汇处,0.0,0.0,13,13,good,22.551568716163253,114.1183832504732,深圳市水务局开放平台·积涝点水位
2026-08-20T07:00:00+08:00,Asia/Shanghai,MS1104403030000338,(市)东湖公园爱国路与太宁路路口,0.0,0.0,12,12,good,22.563633808974675,114.13329390192719,深圳市水务局开放平台·积涝点水位
2026-08-20T07:00:00+08:00,Asia/Shanghai,MS1104403030000342,(市)文锦渡口岸,0.0063,0.01,8,8,good,,,深圳市水务局开放平台·积涝点水位
2026-08-20T07:00:00+08:00,Asia/Shanghai,MS1104403040000543,(市)香梅莲花路口,0.0,0.0,2,2,good,22.559401296538805,114.04793087126708,深圳市水务局开放平台·积涝点水位
2026-08-20T07:00:00+08:00,Asia/Shanghai,MS1104403040000558,(市)信托花园,0.0,0.0,13,13,good,,,深圳市水务局开放平台·积涝点水位
2026-08-20T07:00:00+08:00,Asia/Shanghai,MS1104403040000562,(市)上步红荔路口,0.0,0.0,2,2,good,22.550171284097686,114.05891535550717,深圳市水务局开放平台·积涝点水位
2026-08-20T07:00:00+08:00,Asia/Shanghai,MS1104403040000577,(市)深南皇岗立交桥与皇岗路交汇处,0.0,0.0,13,13,good,22.552167188223326,114.06774281249497,深圳市水务局开放平台·积涝点水位
2026-08-20T07:00:00+08:00,Asia/Shanghai,MS1104403040000581,(市)北环大道与梅林路交汇处,0.0,0.0,2,2,good,22.55966775704351,113.99344633894496,深圳市水务局开放平台·积涝点水位
2026-08-20T07:00:00+08:00,Asia/Shanghai,MS1104403040000596,(市)侨香路香梅社区,0.0,0.0,2,2,good,22.55158384619422,114.00624803762132,深圳市水务局开放平台·积涝点水位
2026-08-20T07:00:00+08:00,Asia/Shanghai,MS1104403040000600,(市)侨香路香安社区,0.0,0.0,2,2,good,22.55158384619422,114.00624803762132,深圳市水务局开放平台·积涝点水位
2026-08-20T07:00:00+08:00,Asia/Shanghai,MS1104403040000615,(市)市民中心,0.0,0.0,2,2,good,,,深圳市水务局开放平台·积涝点水位
2026-08-20T07:00:00+08:00,Asia/Shanghai,MS110440304000062X,(市)民田路深圳证券交易所,0.0,0.0,13,13,good,22.53903429826115,114.04781278730138,深圳市水务局开放平台·积涝点水位
2026-08-20T07:00:00+08:00,Asia/Shanghai,MS1104403040000634,(市)燃气集团股份有限公司梅林 LNG安全应急气化站,0.0,0.0,13,13,good,,,深圳市水务局开放平台·积涝点水位
2026-08-20T07:00:00+08:00,Asia/Shanghai,MS1104403040000649,(市)深南大道车公庙交通枢纽段,0.0,0.0,13,13,good,22.5420797706313,113.9753640727562,深圳市水务局开放平台·积涝点水位
2026-08-20T07:00:00+08:00,Asia/Shanghai,MS1104403050000118,(市)月亮湾大道与前湾三路交叉口,0.0,0.0,2,2,good,22.511993391395155,113.8903078293519,深圳市水务局开放平台·积涝点水位
2026-08-20T07:00:00+08:00,Asia/Shanghai,MS1104403050000122,(市)南山大道深意工业大厦段,0.01,0.01,62,62,good,22.540721694789013,113.9181638130031,深圳市水务局开放平台·积涝点水位
2026-08-20T07:00:00+08:00,Asia/Shanghai,MS1104403050000137,(市)南山大道与登良路交叉口,0.0,0.0,2,2,good,22.540721694789013,113.9181638130031,深圳市水务局开放平台·积涝点水位
2026-08-20T07:00:00+08:00,Asia/Shanghai,MS1104403050000141,(市)南新路北头豪苑,0.0,0.0,2,2,good,22.535707366852186,113.92452459612443,深圳市水务局开放平台·积涝点水位
2026-08-20T07:00:00+08:00,Asia/Shanghai,MS1104403050000156,(市)滨海大道与南山大道交叉口,0.01,0.02,18,18,good,22.579823080041088,114.10123773351275,深圳市水务局开放平台·积涝点水位
2026-08-20T07:00:00+08:00,Asia/Shanghai,MS1104403050000160,(市)桃园路与南新路交叉口,0.0,0.0,2,2,good,22.535395972003414,113.91852837514443,深圳市水务局开放平台·积涝点水位
2026-08-20T07:00:00+08:00,Asia/Shanghai,MS1104403050000175,(市)后海大道与登良路交叉口,0.0,0.0,13,13,good,22.51179221810604,113.92884393579894,深圳市水务局开放平台·积涝点水位
2026-08-20T07:00:00+08:00,Asia/Shanghai,MS110440305000018X,(市)后海大道港湾创业大厦,0.0,0.0,13,13,good,22.51179221810604,113.92884393579894,深圳市水务局开放平台·积涝点水位
2026-08-20T07:00:00+08:00,Asia/Shanghai,MS1104403050000194,(市)深南大道高新园地铁 AD 口,0.0,0.0,13,13,good,22.5420797706313,113.9753640727562,深圳市水务局开放平台·积涝点水位
2026-08-20T07:00:00+08:00,Asia/Shanghai,MS1104403050000209,(市)深圳湾口岸,0.0,0.0,2,2,good,,,深圳市水务局开放平台·积涝点水位
2026-08-20T07:00:00+08:00,Asia/Shanghai,MS1104403050000213,(市)前湾公园地铁站 A 出入口,0.0,0.0,13,13,good,,,深圳市水务局开放平台·积涝点水位
2026-08-20T07:00:00+08:00,Asia/Shanghai,MS1104403050000228,(市)粤海门地铁站 D2 出入口,0.0,0.0,12,12,good,,,深圳市水务局开放平台·积涝点水位
2026-08-20T07:00:00+08:00,Asia/Shanghai,MS1104403050000232,(市)桂庙路地下道路,0.0,0.0,13,13,good,22.52643977555155,113.91686609460196,深圳市水务局开放平台·积涝点水位
2026-08-20T07:00:00+08:00,Asia/Shanghai,MS1104403050000247,(市)国家超级计算深圳中心,0.0,0.0,13,13,good,,,深圳市水务局开放平台·积涝点水位
2026-08-20T07:00:00+08:00,Asia/Shanghai,MS110440306000029X,(市)辛养旧村辛居路,0.0,0.0,2,2,good,,,深圳市水务局开放平台·积涝点水位
2026-08-20T07:00:00+08:00,Asia/Shanghai,MS1104403060000304,(市)山门第三工业区,0.0,0.0,2,2,good,,,深圳市水务局开放平台·积涝点水位
2026-08-20T07:00:00+08:00,Asia/Shanghai,MS1104403060000319,(市)前进一路上川路口,0.0,0.0,13,13,good,22.57118007860348,113.90008995469552,深圳市水务局开放平台·积涝点水位
2026-08-20T07:00:00+08:00,Asia/Shanghai,MS1104403060000323,(市)洪浪北地铁站,0.0,0.0,13,13,good,,,深圳市水务局开放平台·积涝点水位
2026-08-20T07:00:00+08:00,Asia/Shanghai,MS1104403060000338,(市)东风幼儿园,0.0,0.0,2,2,good,,,深圳市水务局开放平台·积涝点水位
2026-08-20T07:00:00+08:00,Asia/Shanghai,MS1104403060000342,(市)海乐41区,0.0,0.0,2,2,good,,,深圳市水务局开放平台·积涝点水位
2026-08-20T07:00:00+08:00,Asia/Shanghai,MS1104403060000357,(市)前进二路,0.0,0.0,2,2,good,22.597482662679273,113.87435005513986,深圳市水务局开放平台·积涝点水位
2026-08-20T07:00:00+08:00,Asia/Shanghai,MS1104403060000361,(市)园岭商场,0.0,0.0,13,13,good,,,深圳市水务局开放平台·积涝点水位
2026-08-20T07:00:00+08:00,Asia/Shanghai,MS1104403060000376,(市)新圳西路万佳商场段,0.0,0.0,5,5,good,22.56349644,113.89998969999999,深圳市水务局开放平台·积涝点水位
2026-08-20T07:00:00+08:00,Asia/Shanghai,MS1104403060000380,(市)北环路与爱群路路口,0.0,0.0,12,12,good,22.79634568700108,114.39897783430258,深圳市水务局开放平台·积涝点水位
2026-08-20T07:00:00+08:00,Asia/Shanghai,MS1104403060000395,(市)宝安区幸福路与恒珠一路,0.0,0.0,2,2,good,,,深圳市水务局开放平台·积涝点水位
2026-08-20T07:00:00+08:00,Asia/Shanghai,MS110440306000040X,(市)宝安区勋业街,0.0,0.0,2,2,good,,,深圳市水务局开放平台·积涝点水位
2026-08-20T07:00:00+08:00,Asia/Shanghai,MS1104403060000414,(市)宝安区福和路西六巷,0.0,0.0,13,13,good,22.75496986065163,113.7975587837876,深圳市水务局开放平台·积涝点水位
2026-08-20T07:00:00+08:00,Asia/Shanghai,MS1104403060000429,(市)民福路与创新路交叉口,0.0,0.0,13,13,good,22.77931941488889,113.82386091368804,深圳市水务局开放平台·积涝点水位
2026-08-20T07:00:00+08:00,Asia/Shanghai,MS1104403060000433,(市)金沙二路与民福路交叉口,0.0,0.0,2,2,good,22.731531574999998,113.800096525,深圳市水务局开放平台·积涝点水位
2026-08-20T07:00:00+08:00,Asia/Shanghai,MS1104403060000448,(市)宝安区沙井西环路正科时代,0.0,0.0,2,2,good,22.658437552805964,113.96411546099013,深圳市水务局开放平台·积涝点水位
2026-08-20T07:00:00+08:00,Asia/Shanghai,MS1104403060000452,(市)宝源路固戍海滨公园,0.0,0.0,13,13,good,22.58668431255461,113.84584894450396,深圳市水务局开放平台·积涝点水位
2026-08-20T07:00:00+08:00,Asia/Shanghai,MS1104403060000467,(市)海雅缤纷城,0.0029,0.01,17,17,good,,,深圳市水务局开放平台·积涝点水位
2026-08-20T07:00:00+08:00,Asia/Shanghai,MS1104403060000471,(市)万达广场,0.0,0.0,2,2,good,,,深圳市水务局开放平台·积涝点水位
2026-08-20T07:00:00+08:00,Asia/Shanghai,MS1104403060000486,(市)固戍地铁站 A/F 出入口,0.0,0.0,12,12,good,,,深圳市水务局开放平台·积涝点水位
2026-08-20T07:00:00+08:00,Asia/Shanghai,MS1104403060000490,(市)碧海湾地铁站 B 出入口,0.0,0.0,13,13,good,,,深圳市水务局开放平台·积涝点水位
2026-08-20T07:00:00+08:00,Asia/Shanghai,MS1104403060000505,(市)海天路地下隧道,0.0,0.0,13,13,good,22.549962987088094,113.87889692546018,深圳市水务局开放平台·积涝点水位
2026-08-20T07:00:00+08:00,Asia/Shanghai,MS1104403070000175,(市)龙平西路新秀社区公园,0.0,0.0,2,2,good,22.731009781031894,114.22605984524496,深圳市水务局开放平台·积涝点水位
2026-08-20T07:00:00+08:00,Asia/Shanghai,MS110440307000018X,(市)如意路广发银行奥林支行,0.0,0.0,13,13,good,22.697841456213258,114.19931100734046,深圳市水务局开放平台·积涝点水位
2026-08-20T07:00:00+08:00,Asia/Shanghai,MS1104403070000194,(市)龙翔大道与龙城大道交汇处,0.0,0.0,13,13,good,22.708452173199664,114.22855732448205,深圳市水务局开放平台·积涝点水位
2026-08-20T07:00:00+08:00,Asia/Shanghai,MS1104403070000209,(市)龙城大道与龙平东路交汇处,0.0,0.0,13,13,good,22.734070392016967,114.26268655089929,深圳市水务局开放平台·积涝点水位
2026-08-20T07:00:00+08:00,Asia/Shanghai,MS1104403070000213,(市)龙西中路与盐龙大道交汇处,0.0,0.0,13,13,good,22.75103177856142,114.25588661241065,深圳市水务局开放平台·积涝点水位
2026-08-20T07:00:00+08:00,Asia/Shanghai,MS1104403070000228,(市)爱南路与深汕公路交汇处,0.0,0.0,11,11,good,22.709133830928806,114.31382413715897,深圳市水务局开放平台·积涝点水位
2026-08-20T07:00:00+08:00,Asia/Shanghai,MS1104403070000232,(市)园新路与乐园路交汇处,0.0,0.0,13,13,good,22.714932425,114.3001758,深圳市水务局开放平台·积涝点水位
2026-08-20T07:00:00+08:00,Asia/Shanghai,MS1104403070000247,(市)长深高速四方埔社区,0.0,0.0,2,2,good,22.785453209312927,114.3238491191703,深圳市水务局开放平台·积涝点水位
2026-08-20T07:00:00+08:00,Asia/Shanghai,MS1104403070000251,(市)龙岗区政府,0.0,0.0,13,13,good,,,深圳市水务局开放平台·积涝点水位
2026-08-20T07:00:00+08:00,Asia/Shanghai,MS1104403070000266,(市)五和地铁站H出入口,0.0,0.0,13,13,good,,,深圳市水务局开放平台·积涝点水位
2026-08-20T07:00:00+08:00,Asia/Shanghai,MS1104403070000270,(市)长龙地铁站C2出入口,0.0,0.0,2,2,good,,,深圳市水务局开放平台·积涝点水位
2026-08-20T07:00:00+08:00,Asia/Shanghai,MS1104403070000285,(市)育贤学校、童星幼儿园,0.0,0.0,12,12,good,,,深圳市水务局开放平台·积涝点水位
2026-08-20T07:00:00+08:00,Asia/Shanghai,MS110440307000029X,(市)深圳远东妇产医院,0.0,0.0,20,20,good,,,深圳市水务局开放平台·积涝点水位
2026-08-20T07:00:00+08:00,Asia/Shanghai,MS1104403070000304,(市)英才学校,0.0,0.0,12,12,good,,,深圳市水务局开放平台·积涝点水位
2026-08-20T07:00:00+08:00,Asia/Shanghai,MS1104403070000319,(市)吉榕路桥洞,0.0,0.0,13,13,good,,,深圳市水务局开放平台·积涝点水位
2026-08-20T07:00:00+08:00,Asia/Shanghai,MS1104403070000323,(市)京南路,0.0,0.0,2,2,good,22.602818284523806,114.12130894517196,深圳市水务局开放平台·积涝点水位
2026-08-20T07:00:00+08:00,Asia/Shanghai,MS1104403070000338,(市)布澜路国芬路口,0.0,0.0,2,2,good,22.635311170786817,114.12784150313183,深圳市水务局开放平台·积涝点水位
2026-08-20T07:00:00+08:00,Asia/Shanghai,MS1104403070000342,(市)布吉站（深圳东站）,0.0,0.0,2,2,good,,,深圳市水务局开放平台·积涝点水位
2026-08-20T07:00:00+08:00,Asia/Shanghai,MS1104403080000012,(市)金融路海涛路口片区,0.0,0.0,13,13,good,22.553642038690473,114.22939035281746,深圳市水务局开放平台·积涝点水位
2026-08-20T07:00:00+08:00,Asia/Shanghai,MS1104403080000027,(市)沙头角口岸小区,0.0,0.0,13,13,good,,,深圳市水务局开放平台·积涝点水位
2026-08-20T07:00:00+08:00,Asia/Shanghai,MS1104403080000031,(市)桥东街小区,0.0,0.0,13,13,good,,,深圳市水务局开放平台·积涝点水位
2026-08-20T07:00:00+08:00,Asia/Shanghai,MS1104403090000065,(市)泗黎路凹背社区富坑社区,0.0,0.0,2,2,good,22.753687171367037,114.03385655648283,深圳市水务局开放平台·积涝点水位
2026-08-20T07:00:00+08:00,Asia/Shanghai,MS110440309000007X,(市)银星科技园,0.0,0.0,2,2,good,,,深圳市水务局开放平台·积涝点水位
2026-08-20T07:00:00+08:00,Asia/Shanghai,MS1104403090000084,(市)观光路与福前路交汇处,0.0,0.0,2,2,good,22.733179257314486,114.01274963079653,深圳市水务局开放平台·积涝点水位
2026-08-20T07:00:00+08:00,Asia/Shanghai,MS1104403090000099,(市)三联社区,0.0,0.0,13,13,good,,,深圳市水务局开放平台·积涝点水位
2026-08-20T07:00:00+08:00,Asia/Shanghai,MS1104403090000103,(市)布龙路与五和大道交汇处,0.0,0.0,13,13,good,22.646750702555874,114.02665721385576,深圳市水务局开放平台·积涝点水位
2026-08-20T07:00:00+08:00,Asia/Shanghai,MS1104403090000118,(市)新区大道深圳北站,0.0,0.0,13,13,good,22.624351465560785,114.01682556681699,深圳市水务局开放平台·积涝点水位
2026-08-20T07:00:00+08:00,Asia/Shanghai,MS1104403090000122,(市)龙华壹方成,0.0,0.0,13,13,good,,,深圳市水务局开放平台·积涝点水位
2026-08-20T07:00:00+08:00,Asia/Shanghai,MS1104403090000137,(市)昌茂二路,0.0,0.0,13,13,good,,,深圳市水务局开放平台·积涝点水位
2026-08-20T07:00:00+08:00,Asia/Shanghai,MS1104403090000141,(市)大浪新围街大船坑市场段,0.0,0.0,13,13,good,22.692058934615382,113.9964102346154,深圳市水务局开放平台·积涝点水位
2026-08-20T07:00:00+08:00,Asia/Shanghai,MS1104403100000028,(市)坪山法院门口,0.0,0.0,2,2,good,,,深圳市水务局开放平台·积涝点水位
2026-08-20T07:00:00+08:00,Asia/Shanghai,MS1104403100000032,(市)秀沙路比亚迪厂门前,0.0,0.0,13,13,good,22.767995359829058,114.39900074224022,深圳市水务局开放平台·积涝点水位
2026-08-20T07:00:00+08:00,Asia/Shanghai,MS1104403100000047,(市)群代路金泰航科技,0.01,0.01,64,64,good,,,深圳市水务局开放平台·积涝点水位
2026-08-20T07:00:00+08:00,Asia/Shanghai,MS1104403100000051,(市)三洋湖路三洋湖新区小区,0.0,0.0,13,13,good,,,深圳市水务局开放平台·积涝点水位
2026-08-20T07:00:00+08:00,Asia/Shanghai,MS1104403100000066,(市)文化中心地铁站,0.0,0.0,13,13,good,,,深圳市水务局开放平台·积涝点水位
2026-08-20T07:00:00+08:00,Asia/Shanghai,MS1104403110000597,(市)东长路外环高速长圳入口,0.0,0.0,13,13,good,22.747509018088216,113.91221411091422,深圳市水务局开放平台·积涝点水位
2026-08-20T07:00:00+08:00,Asia/Shanghai,MS1104403110000601,(市)光侨雅苑,0.0,0.0,2,2,good,,,深圳市水务局开放平台·积涝点水位
2026-08-20T07:00:00+08:00,Asia/Shanghai,MS1104403110000616,(市)同观路与汇融路交叉口,0.0,0.0,2,2,good,22.734039598507852,113.91441943299901,深圳市水务局开放平台·积涝点水位
2026-08-20T07:00:00+08:00,Asia/Shanghai,MS1104403110000620,(市)松白路松茂御城段,0.0,0.0,2,2,good,22.731110627923336,113.894856941127,深圳市水务局开放平台·积涝点水位
2026-08-20T07:00:00+08:00,Asia/Shanghai,MS1104403110000635,(市)公常路与环村路交叉口,0.0,0.0,11,11,good,22.826648407959507,113.95688701032125,深圳市水务局开放平台·积涝点水位
2026-08-20T07:00:00+08:00,Asia/Shanghai,MS110440311000064X,(市)光明区高级中学,0.0,0.0,2,2,good,,,深圳市水务局开放平台·积涝点水位
2026-08-20T07:00:00+08:00,Asia/Shanghai,MS1104403120000032,(市)大鹏液化天然气有限公司深圳接收站,0.0,0.0,13,13,good,,,深圳市水务局开放平台·积涝点水位
2026-08-20T08:00:00+08:00,Asia/Shanghai,9281192001,(市)平湖火车隧道口,0.0,0.0,13,13,good,,,深圳市水务局开放平台·积涝点水位
2026-08-20T08:00:00+08:00,Asia/Shanghai,9281192002,(市)新木路广深铁路桥底,0.0,0.0,13,13,good,22.6674177472887,114.13210195018992,深圳市水务局开放平台·积涝点水位
2026-08-20T08:00:00+08:00,Asia/Shanghai,9281192003,(市)新木路新围仔村路口,0.0,0.0,13,13,good,22.6674177472887,114.13210195018992,深圳市水务局开放平台·积涝点水位
2026-08-20T08:00:00+08:00,Asia/Shanghai,9281192004,(市)布李路富民城段,0.0,0.0,13,13,good,22.618912574166664,114.11654044833332,深圳市水务局开放平台·积涝点水位
2026-08-20T08:00:00+08:00,Asia/Shanghai,9281192005,(市)龙博路,0.0127,0.1,66,66,good,22.62797037826087,114.10927237391306,深圳市水务局开放平台·积涝点水位
2026-08-20T08:00:00+08:00,Asia/Shanghai,9281192006,(市)五和大道四季花城,0.0,0.0,16,16,good,22.65976725256875,114.05975735653944,深圳市水务局开放平台·积涝点水位
2026-08-20T08:00:00+08:00,Asia/Shanghai,9281192007,(市)沙西小学至南岭万家乐段,0.0,0.0,13,13,good,,,深圳市水务局开放平台·积涝点水位
2026-08-20T08:00:00+08:00,Asia/Shanghai,9281192008,(市)南联第六工业区桥洞,0.0,0.0,12,12,good,,,深圳市水务局开放平台·积涝点水位
2026-08-20T08:00:00+08:00,Asia/Shanghai,9281192009,(市)新坡塘村新坡塘积水点,0.0,0.0,13,13,good,,,深圳市水务局开放平台·积涝点水位
2026-08-20T08:00:00+08:00,Asia/Shanghai,9281192010,(市)安良六村安业路与安居路交汇处,0.0,0.0,12,12,good,,,深圳市水务局开放平台·积涝点水位
2026-08-20T08:00:00+08:00,Asia/Shanghai,9281192011,(市)松元头,0.01,0.01,61,61,good,,,深圳市水务局开放平台·积涝点水位
2026-08-20T08:00:00+08:00,Asia/Shanghai,9281192012,(市)湖南立交,0.0,0.0,13,13,good,,,深圳市水务局开放平台·积涝点水位
2026-08-20T08:00:00+08:00,Asia/Shanghai,9281192013,(市)高背路惠盐高速桥洞积水点,0.0,0.0,13,13,good,,,深圳市水务局开放平台·积涝点水位
2026-08-20T08:00:00+08:00,Asia/Shanghai,9281192014,(市)鹤坑桥洞,0.0,0.0,13,13,good,,,深圳市水务局开放平台·积涝点水位
2026-08-20T08:00:00+08:00,Asia/Shanghai,9281192015,(市)安良社区沿河一路疏港铁路桥洞,0.0,0.0,13,13,good,22.73162335,114.107919,深圳市水务局开放平台·积涝点水位
2026-08-20T08:00:00+08:00,Asia/Shanghai,9281192016,(市)宝荷路中新加油站对面,0.0,0.0,13,13,good,22.694796752516076,114.25970116268519,深圳市水务局开放平台·积涝点水位
2026-08-20T08:00:00+08:00,Asia/Shanghai,9281192017,(市)环观南路与观平路交汇处,0.0,0.0,13,13,good,22.705673908780923,114.07279441765539,深圳市水务局开放平台·积涝点水位
2026-08-20T08:00:00+08:00,Asia/Shanghai,9281192018,(市)龙华大道库坑天桥段,0.0,0.0,13,13,good,22.669745856798677,114.03752701836405,深圳市水务局开放平台·积涝点水位
2026-08-20T08:00:00+08:00,Asia/Shanghai,9281192019,(市)福龙路高铁桥下简上段,0.0,0.0,12,12,good,22.61964472178257,114.00080097044238,深圳市水务局开放平台·积涝点水位
2026-08-20T08:00:00+08:00,Asia/Shanghai,9281192020,(市)工业路壹成中心段,0.01,0.01,64,64,good,22.648754971805,114.02570221318598,深圳市水务局开放平台·积涝点水位
2026-08-20T08:00:00+08:00,Asia/Shanghai,9281192021,(市)东环一路和平路交汇处,0.0,0.0,13,13,good,22.65040479515617,114.03284713758192,深圳市水务局开放平台·积涝点水位
2026-08-20T08:00:00+08:00,Asia/Shanghai,9281192022,(市)龙田社区大水湾,0.0,0.0,13,13,good,,,深圳市水务局开放平台·积涝点水位
2026-08-20T08:00:00+08:00,Asia/Shanghai,9281292001,(市)滨河皇岗立交桥洞,0.0,0.0,13,13,good,,,深圳市水务局开放平台·积涝点水位
2026-08-20T08:00:00+08:00,Asia/Shanghai,9281292002,(市)广深高速桥下滨海大道北侧辅道,0.01,0.01,61,61,good,22.579823080041088,114.10123773351275,深圳市水务局开放平台·积涝点水位
2026-08-20T08:00:00+08:00,Asia/Shanghai,9281292003,(市)福田区竹子林立交下穿通道,0.0,0.0,13,13,good,,,深圳市水务局开放平台·积涝点水位
2026-08-20T08:00:00+08:00,Asia/Shanghai,9281292004,(市)滨河益田立交桥洞,0.0,0.0,12,12,good,,,深圳市水务局开放平台·积涝点水位
2026-08-20T08:00:00+08:00,Asia/Shanghai,9281292005,(市)深南新洲一号立交桥洞,0.0,0.0,13,13,good,,,深圳市水务局开放平台·积涝点水位
2026-08-20T08:00:00+08:00,Asia/Shanghai,9281292006,(市)北环新洲立交东南角辅道,0.0,0.0,12,12,good,,,深圳市水务局开放平台·积涝点水位
2026-08-20T08:00:00+08:00,Asia/Shanghai,9281292007,(市)107国道新安段(裕安加油站),0.0,0.0,13,13,good,22.55254164883845,113.90816500450731,深圳市水务局开放平台·积涝点水位
2026-08-20T08:00:00+08:00,Asia/Shanghai,9281292008,洲石路鹤洲桥底（市）,0.0,0.0,12,12,good,22.651019027149744,113.88061107664711,深圳市水务局开放平台·积涝点水位
2026-08-20T08:00:00+08:00,Asia/Shanghai,9281292009,(市)帝堂路（锦程路以西段）,0.0097,0.01,59,59,good,22.70987723506993,113.7784856087664,深圳市水务局开放平台·积涝点水位
2026-08-20T08:00:00+08:00,Asia/Shanghai,9281292010,(市)上星南路与中心路丽沙花都,0.0,0.0,12,12,good,22.502209013854387,113.93734688972145,深圳市水务局开放平台·积涝点水位
2026-08-20T08:00:00+08:00,Asia/Shanghai,9281292011,(市)外环路广深高速新桥立交,0.0,0.0,22,22,good,22.736379220337216,113.84591188570887,深圳市水务局开放平台·积涝点水位
2026-08-20T08:00:00+08:00,Asia/Shanghai,9281292012,(市)固戍海滨新村文昌阁,0.0,0.0,12,12,good,,,深圳市水务局开放平台·积涝点水位
2026-08-20T08:00:00+08:00,Asia/Shanghai,9281292013,(市)宝安大道固戍地铁站,0.0,0.0,12,12,good,22.64678387472509,113.8417801892837,深圳市水务局开放平台·积涝点水位
2026-08-20T08:00:00+08:00,Asia/Shanghai,9281292014,(市)G107国道南行固戍大门,0.0,0.0,13,13,good,22.55254164883845,113.90816500450731,深圳市水务局开放平台·积涝点水位
2026-08-20T08:00:00+08:00,Asia/Shanghai,9281292015,(市)东环大道松宝大道段,0.0,0.0,13,13,good,,,深圳市水务局开放平台·积涝点水位
2026-08-20T08:00:00+08:00,Asia/Shanghai,9281292016,(市)长凤路龙大高速桥底,0.0,0.0,13,13,good,22.775734215738417,113.91156092305157,深圳市水务局开放平台·积涝点水位
2026-08-20T08:00:00+08:00,Asia/Shanghai,9281292017,(市)圳美同富裕工业区,0.0,0.0,13,13,good,,,深圳市水务局开放平台·积涝点水位
2026-08-20T08:00:00+08:00,Asia/Shanghai,9281292018,(市)根玉路东方大道交汇处,0.0,0.0,11,11,good,22.763216165633853,113.85149341983029,深圳市水务局开放平台·积涝点水位
2026-08-20T08:00:00+08:00,Asia/Shanghai,9281292019,(市)上村社区龙大桥底,0.0,0.0,13,13,good,,,深圳市水务局开放平台·积涝点水位
2026-08-20T08:00:00+08:00,Asia/Shanghai,9281292020,(市)马山头社区上石家路通兴路交汇处,0.0,0.0,13,13,good,22.763999933333334,113.8915635138889,深圳市水务局开放平台·积涝点水位
2026-08-20T08:00:00+08:00,Asia/Shanghai,9281292021,(市)临海大道海关保税区,0.0,0.0,13,13,good,22.53399911521491,113.88871009435005,深圳市水务局开放平台·积涝点水位
2026-08-20T08:00:00+08:00,Asia/Shanghai,9281292022,(市)南山大道南行亿利达村段,0.0163,0.02,60,60,good,22.540721694789013,113.9181638130031,深圳市水务局开放平台·积涝点水位
2026-08-20T08:00:00+08:00,Asia/Shanghai,9281292023,(市)东滨路南行华联城市山林花园段,0.0,0.0,13,13,good,22.51106546682151,113.92212734316605,深圳市水务局开放平台·积涝点水位
2026-08-20T08:00:00+08:00,Asia/Shanghai,9281292024,(市)深圳湾东滨路与中心路交叉口,0.0089,0.01,36,36,good,22.51106546682151,113.92212734316605,深圳市水务局开放平台·积涝点水位
2026-08-20T08:00:00+08:00,Asia/Shanghai,MS1104403030000228,(市)红岗公园,0.0,0.0,2,2,good,,,深圳市水务局开放平台·积涝点水位
2026-08-20T08:00:00+08:00,Asia/Shanghai,MS1104403030000232,(市)沿河南路文锦路社区,0.0,0.0,16,16,good,22.550252268776845,114.11444108979862,深圳市水务局开放平台·积涝点水位
2026-08-20T08:00:00+08:00,Asia/Shanghai,MS1104403030000247,(市)深南东路黄贝岭,0.0,0.0,13,13,good,22.54661746874732,114.11811396992493,深圳市水务局开放平台·积涝点水位
2026-08-20T08:00:00+08:00,Asia/Shanghai,MS1104403030000251,(市)滨河上步立交桥,0.0,0.0,2,2,good,,,深圳市水务局开放平台·积涝点水位
2026-08-20T08:00:00+08:00,Asia/Shanghai,MS1104403030000266,(市)罗湖火车站,0.0,0.0,12,12,good,,,深圳市水务局开放平台·积涝点水位
2026-08-20T08:00:00+08:00,Asia/Shanghai,MS1104403030000270,(市)罗湖区委,0.0,0.0,2,2,good,,,深圳市水务局开放平台·积涝点水位
2026-08-20T08:00:00+08:00,Asia/Shanghai,MS1104403030000285,(市)万象城,0.01,0.01,60,60,good,,,深圳市水务局开放平台·积涝点水位
2026-08-20T08:00:00+08:00,Asia/Shanghai,MS110440303000029X,(市)洪湖地铁站D出入口,0.0033,0.01,3,3,good,,,深圳市水务局开放平台·积涝点水位
2026-08-20T08:00:00+08:00,Asia/Shanghai,MS1104403030000304,(市)东湖路,0.0,0.0,5,5,good,22.582822583699635,114.1345991945055,深圳市水务局开放平台·积涝点水位
2026-08-20T08:00:00+08:00,Asia/Shanghai,MS1104403030000319,(市)桂园片区,0.0,0.0,13,13,good,,,深圳市水务局开放平台·积涝点水位
2026-08-20T08:00:00+08:00,Asia/Shanghai,MS1104403030000323,(市)晒布路与东门中路交汇处,0.0086,0.01,59,59,good,22.551568716163253,114.1183832504732,深圳市水务局开放平台·积涝点水位
2026-08-20T08:00:00+08:00,Asia/Shanghai,MS1104403030000338,(市)东湖公园爱国路与太宁路路口,0.0,0.0,13,13,good,22.563633808974675,114.13329390192719,深圳市水务局开放平台·积涝点水位
2026-08-20T08:00:00+08:00,Asia/Shanghai,MS1104403030000342,(市)文锦渡口岸,0.0,0.0,2,2,good,,,深圳市水务局开放平台·积涝点水位
2026-08-20T08:00:00+08:00,Asia/Shanghai,MS1104403040000543,(市)香梅莲花路口,0.0,0.0,2,2,good,22.559401296538805,114.04793087126708,深圳市水务局开放平台·积涝点水位
2026-08-20T08:00:00+08:00,Asia/Shanghai,MS1104403040000558,(市)信托花园,0.0,0.0,15,15,good,,,深圳市水务局开放平台·积涝点水位
2026-08-20T08:00:00+08:00,Asia/Shanghai,MS1104403040000562,(市)上步红荔路口,0.0,0.0,2,2,good,22.550171284097686,114.05891535550717,深圳市水务局开放平台·积涝点水位
2026-08-20T08:00:00+08:00,Asia/Shanghai,MS1104403040000577,(市)深南皇岗立交桥与皇岗路交汇处,0.0,0.0,13,13,good,22.552167188223326,114.06774281249497,深圳市水务局开放平台·积涝点水位
2026-08-20T08:00:00+08:00,Asia/Shanghai,MS1104403040000581,(市)北环大道与梅林路交汇处,0.0,0.0,2,2,good,22.55966775704351,113.99344633894496,深圳市水务局开放平台·积涝点水位
2026-08-20T08:00:00+08:00,Asia/Shanghai,MS1104403040000596,(市)侨香路香梅社区,0.0,0.0,2,2,good,22.55158384619422,114.00624803762132,深圳市水务局开放平台·积涝点水位
2026-08-20T08:00:00+08:00,Asia/Shanghai,MS1104403040000600,(市)侨香路香安社区,0.0,0.0,2,2,good,22.55158384619422,114.00624803762132,深圳市水务局开放平台·积涝点水位
2026-08-20T08:00:00+08:00,Asia/Shanghai,MS1104403040000615,(市)市民中心,0.0,0.0,2,2,good,,,深圳市水务局开放平台·积涝点水位
2026-08-20T08:00:00+08:00,Asia/Shanghai,MS110440304000062X,(市)民田路深圳证券交易所,0.0,0.0,13,13,good,22.53903429826115,114.04781278730138,深圳市水务局开放平台·积涝点水位
2026-08-20T08:00:00+08:00,Asia/Shanghai,MS1104403040000634,(市)燃气集团股份有限公司梅林 LNG安全应急气化站,0.0,0.0,12,12,good,,,深圳市水务局开放平台·积涝点水位
2026-08-20T08:00:00+08:00,Asia/Shanghai,MS1104403040000649,(市)深南大道车公庙交通枢纽段,0.008,0.01,56,56,good,22.5420797706313,113.9753640727562,深圳市水务局开放平台·积涝点水位
2026-08-20T08:00:00+08:00,Asia/Shanghai,MS1104403050000118,(市)月亮湾大道与前湾三路交叉口,0.0,0.0,2,2,good,22.511993391395155,113.8903078293519,深圳市水务局开放平台·积涝点水位
2026-08-20T08:00:00+08:00,Asia/Shanghai,MS1104403050000122,(市)南山大道深意工业大厦段,0.01,0.01,61,61,good,22.540721694789013,113.9181638130031,深圳市水务局开放平台·积涝点水位
2026-08-20T08:00:00+08:00,Asia/Shanghai,MS1104403050000137,(市)南山大道与登良路交叉口,0.0,0.0,2,2,good,22.540721694789013,113.9181638130031,深圳市水务局开放平台·积涝点水位
2026-08-20T08:00:00+08:00,Asia/Shanghai,MS1104403050000141,(市)南新路北头豪苑,0.0,0.0,2,2,good,22.535707366852186,113.92452459612443,深圳市水务局开放平台·积涝点水位
2026-08-20T08:00:00+08:00,Asia/Shanghai,MS1104403050000156,(市)滨海大道与南山大道交叉口,0.0147,0.02,60,60,good,22.579823080041088,114.10123773351275,深圳市水务局开放平台·积涝点水位
2026-08-20T08:00:00+08:00,Asia/Shanghai,MS1104403050000160,(市)桃园路与南新路交叉口,0.0,0.0,2,2,good,22.535395972003414,113.91852837514443,深圳市水务局开放平台·积涝点水位
2026-08-20T08:00:00+08:00,Asia/Shanghai,MS1104403050000175,(市)后海大道与登良路交叉口,0.0,0.0,13,13,good,22.51179221810604,113.92884393579894,深圳市水务局开放平台·积涝点水位
2026-08-20T08:00:00+08:00,Asia/Shanghai,MS110440305000018X,(市)后海大道港湾创业大厦,0.0,0.0,13,13,good,22.51179221810604,113.92884393579894,深圳市水务局开放平台·积涝点水位
2026-08-20T08:00:00+08:00,Asia/Shanghai,MS1104403050000194,(市)深南大道高新园地铁 AD 口,0.0,0.0,13,13,good,22.5420797706313,113.9753640727562,深圳市水务局开放平台·积涝点水位
2026-08-20T08:00:00+08:00,Asia/Shanghai,MS1104403050000209,(市)深圳湾口岸,0.0,0.0,2,2,good,,,深圳市水务局开放平台·积涝点水位
2026-08-20T08:00:00+08:00,Asia/Shanghai,MS1104403050000213,(市)前湾公园地铁站 A 出入口,0.0,0.0,13,13,good,,,深圳市水务局开放平台·积涝点水位
2026-08-20T08:00:00+08:00,Asia/Shanghai,MS1104403050000228,(市)粤海门地铁站 D2 出入口,0.0,0.0,13,13,good,,,深圳市水务局开放平台·积涝点水位
2026-08-20T08:00:00+08:00,Asia/Shanghai,MS1104403050000232,(市)桂庙路地下道路,0.0,0.0,13,13,good,22.52643977555155,113.91686609460196,深圳市水务局开放平台·积涝点水位
2026-08-20T08:00:00+08:00,Asia/Shanghai,MS1104403050000247,(市)国家超级计算深圳中心,0.0,0.0,12,12,good,,,深圳市水务局开放平台·积涝点水位
2026-08-20T08:00:00+08:00,Asia/Shanghai,MS110440306000029X,(市)辛养旧村辛居路,0.0,0.0,2,2,good,,,深圳市水务局开放平台·积涝点水位
2026-08-20T08:00:00+08:00,Asia/Shanghai,MS1104403060000304,(市)山门第三工业区,0.0,0.0,2,2,good,,,深圳市水务局开放平台·积涝点水位
2026-08-20T08:00:00+08:00,Asia/Shanghai,MS1104403060000319,(市)前进一路上川路口,0.0,0.0,13,13,good,22.57118007860348,113.90008995469552,深圳市水务局开放平台·积涝点水位
2026-08-20T08:00:00+08:00,Asia/Shanghai,MS1104403060000323,(市)洪浪北地铁站,0.0,0.0,13,13,good,,,深圳市水务局开放平台·积涝点水位
2026-08-20T08:00:00+08:00,Asia/Shanghai,MS1104403060000338,(市)东风幼儿园,0.0,0.0,2,2,good,,,深圳市水务局开放平台·积涝点水位
2026-08-20T08:00:00+08:00,Asia/Shanghai,MS1104403060000342,(市)海乐41区,0.0,0.0,2,2,good,,,深圳市水务局开放平台·积涝点水位
2026-08-20T08:00:00+08:00,Asia/Shanghai,MS1104403060000357,(市)前进二路,0.0,0.0,2,2,good,22.597482662679273,113.87435005513986,深圳市水务局开放平台·积涝点水位
2026-08-20T08:00:00+08:00,Asia/Shanghai,MS1104403060000361,(市)园岭商场,0.0,0.0,13,13,good,,,深圳市水务局开放平台·积涝点水位
2026-08-20T08:00:00+08:00,Asia/Shanghai,MS1104403060000376,(市)新圳西路万佳商场段,0.0,0.0,5,5,good,22.56349644,113.89998969999999,深圳市水务局开放平台·积涝点水位
2026-08-20T08:00:00+08:00,Asia/Shanghai,MS1104403060000380,(市)北环路与爱群路路口,0.0,0.0,13,13,good,22.79634568700108,114.39897783430258,深圳市水务局开放平台·积涝点水位
2026-08-20T08:00:00+08:00,Asia/Shanghai,MS1104403060000395,(市)宝安区幸福路与恒珠一路,0.0,0.0,2,2,good,,,深圳市水务局开放平台·积涝点水位
2026-08-20T08:00:00+08:00,Asia/Shanghai,MS110440306000040X,(市)宝安区勋业街,0.0,0.0,2,2,good,,,深圳市水务局开放平台·积涝点水位
2026-08-20T08:00:00+08:00,Asia/Shanghai,MS1104403060000414,(市)宝安区福和路西六巷,0.0,0.0,13,13,good,22.75496986065163,113.7975587837876,深圳市水务局开放平台·积涝点水位
2026-08-20T08:00:00+08:00,Asia/Shanghai,MS1104403060000429,(市)民福路与创新路交叉口,0.0,0.0,13,13,good,22.77931941488889,113.82386091368804,深圳市水务局开放平台·积涝点水位
2026-08-20T08:00:00+08:00,Asia/Shanghai,MS1104403060000433,(市)金沙二路与民福路交叉口,0.0,0.0,2,2,good,22.731531574999998,113.800096525,深圳市水务局开放平台·积涝点水位
2026-08-20T08:00:00+08:00,Asia/Shanghai,MS1104403060000448,(市)宝安区沙井西环路正科时代,0.0,0.0,2,2,good,22.658437552805964,113.96411546099013,深圳市水务局开放平台·积涝点水位
2026-08-20T08:00:00+08:00,Asia/Shanghai,MS1104403060000452,(市)宝源路固戍海滨公园,0.0,0.0,13,13,good,22.58668431255461,113.84584894450396,深圳市水务局开放平台·积涝点水位
2026-08-20T08:00:00+08:00,Asia/Shanghai,MS1104403060000467,(市)海雅缤纷城,0.003,0.01,23,23,good,,,深圳市水务局开放平台·积涝点水位
2026-08-20T08:00:00+08:00,Asia/Shanghai,MS1104403060000471,(市)万达广场,0.0,0.0,2,2,good,,,深圳市水务局开放平台·积涝点水位
2026-08-20T08:00:00+08:00,Asia/Shanghai,MS1104403060000486,(市)固戍地铁站 A/F 出入口,0.0,0.0,13,13,good,,,深圳市水务局开放平台·积涝点水位
2026-08-20T08:00:00+08:00,Asia/Shanghai,MS1104403060000490,(市)碧海湾地铁站 B 出入口,0.0,0.0,12,12,good,,,深圳市水务局开放平台·积涝点水位
2026-08-20T08:00:00+08:00,Asia/Shanghai,MS1104403060000505,(市)海天路地下隧道,0.0,0.0,13,13,good,22.549962987088094,113.87889692546018,深圳市水务局开放平台·积涝点水位
2026-08-20T08:00:00+08:00,Asia/Shanghai,MS1104403070000175,(市)龙平西路新秀社区公园,0.0,0.0,2,2,good,22.731009781031894,114.22605984524496,深圳市水务局开放平台·积涝点水位
2026-08-20T08:00:00+08:00,Asia/Shanghai,MS110440307000018X,(市)如意路广发银行奥林支行,0.0,0.0,13,13,good,22.697841456213258,114.19931100734046,深圳市水务局开放平台·积涝点水位
2026-08-20T08:00:00+08:00,Asia/Shanghai,MS1104403070000194,(市)龙翔大道与龙城大道交汇处,0.0,0.0,13,13,good,22.708452173199664,114.22855732448205,深圳市水务局开放平台·积涝点水位
2026-08-20T08:00:00+08:00,Asia/Shanghai,MS1104403070000209,(市)龙城大道与龙平东路交汇处,0.0,0.0,13,13,good,22.734070392016967,114.26268655089929,深圳市水务局开放平台·积涝点水位
2026-08-20T08:00:00+08:00,Asia/Shanghai,MS1104403070000213,(市)龙西中路与盐龙大道交汇处,0.0,0.0,13,13,good,22.75103177856142,114.25588661241065,深圳市水务局开放平台·积涝点水位
2026-08-20T08:00:00+08:00,Asia/Shanghai,MS1104403070000228,(市)爱南路与深汕公路交汇处,0.0,0.0,13,13,good,22.709133830928806,114.31382413715897,深圳市水务局开放平台·积涝点水位
2026-08-20T08:00:00+08:00,Asia/Shanghai,MS1104403070000232,(市)园新路与乐园路交汇处,0.0,0.0,13,13,good,22.714932425,114.3001758,深圳市水务局开放平台·积涝点水位
2026-08-20T08:00:00+08:00,Asia/Shanghai,MS1104403070000247,(市)长深高速四方埔社区,0.0,0.0,2,2,good,22.785453209312927,114.3238491191703,深圳市水务局开放平台·积涝点水位
2026-08-20T08:00:00+08:00,Asia/Shanghai,MS1104403070000251,(市)龙岗区政府,0.0,0.0,13,13,good,,,深圳市水务局开放平台·积涝点水位
2026-08-20T08:00:00+08:00,Asia/Shanghai,MS1104403070000266,(市)五和地铁站H出入口,0.0,0.0,13,13,good,,,深圳市水务局开放平台·积涝点水位
2026-08-20T08:00:00+08:00,Asia/Shanghai,MS1104403070000270,(市)长龙地铁站C2出入口,0.0,0.0,2,2,good,,,深圳市水务局开放平台·积涝点水位
2026-08-20T08:00:00+08:00,Asia/Shanghai,MS1104403070000285,(市)育贤学校、童星幼儿园,0.0,0.0,13,13,good,,,深圳市水务局开放平台·积涝点水位
2026-08-20T08:00:00+08:00,Asia/Shanghai,MS110440307000029X,(市)深圳远东妇产医院,0.0,0.0,8,8,good,,,深圳市水务局开放平台·积涝点水位
2026-08-20T08:00:00+08:00,Asia/Shanghai,MS1104403070000304,(市)英才学校,0.0,0.0,13,13,good,,,深圳市水务局开放平台·积涝点水位
2026-08-20T08:00:00+08:00,Asia/Shanghai,MS1104403070000319,(市)吉榕路桥洞,0.0,0.0,14,14,good,,,深圳市水务局开放平台·积涝点水位
2026-08-20T08:00:00+08:00,Asia/Shanghai,MS1104403070000323,(市)京南路,0.0,0.0,2,2,good,22.602818284523806,114.12130894517196,深圳市水务局开放平台·积涝点水位
2026-08-20T08:00:00+08:00,Asia/Shanghai,MS1104403070000338,(市)布澜路国芬路口,0.0,0.0,2,2,good,22.635311170786817,114.12784150313183,深圳市水务局开放平台·积涝点水位
2026-08-20T08:00:00+08:00,Asia/Shanghai,MS1104403070000342,(市)布吉站（深圳东站）,0.0,0.0,2,2,good,,,深圳市水务局开放平台·积涝点水位
2026-08-20T08:00:00+08:00,Asia/Shanghai,MS1104403080000012,(市)金融路海涛路口片区,0.0,0.0,13,13,good,22.553642038690473,114.22939035281746,深圳市水务局开放平台·积涝点水位
2026-08-20T08:00:00+08:00,Asia/Shanghai,MS1104403080000027,(市)沙头角口岸小区,0.0,0.0,13,13,good,,,深圳市水务局开放平台·积涝点水位
2026-08-20T08:00:00+08:00,Asia/Shanghai,MS1104403080000031,(市)桥东街小区,0.0,0.0,12,12,good,,,深圳市水务局开放平台·积涝点水位
2026-08-20T08:00:00+08:00,Asia/Shanghai,MS1104403090000065,(市)泗黎路凹背社区富坑社区,0.0,0.0,2,2,good,22.753687171367037,114.03385655648283,深圳市水务局开放平台·积涝点水位
2026-08-20T08:00:00+08:00,Asia/Shanghai,MS110440309000007X,(市)银星科技园,0.0,0.0,3,3,good,,,深圳市水务局开放平台·积涝点水位
2026-08-20T08:00:00+08:00,Asia/Shanghai,MS1104403090000084,(市)观光路与福前路交汇处,0.0,0.0,2,2,good,22.733179257314486,114.01274963079653,深圳市水务局开放平台·积涝点水位
2026-08-20T08:00:00+08:00,Asia/Shanghai,MS1104403090000099,(市)三联社区,0.0,0.0,13,13,good,,,深圳市水务局开放平台·积涝点水位
2026-08-20T08:00:00+08:00,Asia/Shanghai,MS1104403090000103,(市)布龙路与五和大道交汇处,0.0,0.0,13,13,good,22.646750702555874,114.02665721385576,深圳市水务局开放平台·积涝点水位
2026-08-20T08:00:00+08:00,Asia/Shanghai,MS1104403090000118,(市)新区大道深圳北站,0.0,0.0,14,14,good,22.624351465560785,114.01682556681699,深圳市水务局开放平台·积涝点水位
2026-08-20T08:00:00+08:00,Asia/Shanghai,MS1104403090000122,(市)龙华壹方成,0.0,0.0,13,13,good,,,深圳市水务局开放平台·积涝点水位
2026-08-20T08:00:00+08:00,Asia/Shanghai,MS1104403090000137,(市)昌茂二路,0.0,0.0,13,13,good,,,深圳市水务局开放平台·积涝点水位
2026-08-20T08:00:00+08:00,Asia/Shanghai,MS1104403090000141,(市)大浪新围街大船坑市场段,0.0,0.0,13,13,good,22.692058934615382,113.9964102346154,深圳市水务局开放平台·积涝点水位
2026-08-20T08:00:00+08:00,Asia/Shanghai,MS1104403100000028,(市)坪山法院门口,0.0,0.0,2,2,good,,,深圳市水务局开放平台·积涝点水位
2026-08-20T08:00:00+08:00,Asia/Shanghai,MS1104403100000032,(市)秀沙路比亚迪厂门前,0.0,0.0,12,12,good,22.767995359829058,114.39900074224022,深圳市水务局开放平台·积涝点水位
2026-08-20T08:00:00+08:00,Asia/Shanghai,MS1104403100000047,(市)群代路金泰航科技,0.01,0.01,61,61,good,,,深圳市水务局开放平台·积涝点水位
2026-08-20T08:00:00+08:00,Asia/Shanghai,MS1104403100000051,(市)三洋湖路三洋湖新区小区,0.0,0.0,13,13,good,,,深圳市水务局开放平台·积涝点水位
2026-08-20T08:00:00+08:00,Asia/Shanghai,MS1104403100000066,(市)文化中心地铁站,0.0,0.0,13,13,good,,,深圳市水务局开放平台·积涝点水位
2026-08-20T08:00:00+08:00,Asia/Shanghai,MS1104403110000597,(市)东长路外环高速长圳入口,0.0,0.0,12,12,good,22.747509018088216,113.91221411091422,深圳市水务局开放平台·积涝点水位
2026-08-20T08:00:00+08:00,Asia/Shanghai,MS1104403110000601,(市)光侨雅苑,0.0,0.0,2,2,good,,,深圳市水务局开放平台·积涝点水位
2026-08-20T08:00:00+08:00,Asia/Shanghai,MS1104403110000616,(市)同观路与汇融路交叉口,0.0,0.0,2,2,good,22.734039598507852,113.91441943299901,深圳市水务局开放平台·积涝点水位
2026-08-20T08:00:00+08:00,Asia/Shanghai,MS1104403110000620,(市)松白路松茂御城段,0.0,0.0,2,2,good,22.731110627923336,113.894856941127,深圳市水务局开放平台·积涝点水位
2026-08-20T08:00:00+08:00,Asia/Shanghai,MS1104403110000635,(市)公常路与环村路交叉口,0.0,0.0,11,11,good,22.826648407959507,113.95688701032125,深圳市水务局开放平台·积涝点水位
2026-08-20T08:00:00+08:00,Asia/Shanghai,MS110440311000064X,(市)光明区高级中学,0.0,0.0,2,2,good,,,深圳市水务局开放平台·积涝点水位
2026-08-20T08:00:00+08:00,Asia/Shanghai,MS1104403120000032,(市)大鹏液化天然气有限公司深圳接收站,0.0,0.0,13,13,good,,,深圳市水务局开放平台·积涝点水位
2026-08-20T09:00:00+08:00,Asia/Shanghai,9281192001,(市)平湖火车隧道口,0.0,0.0,13,13,good,,,深圳市水务局开放平台·积涝点水位
2026-08-20T09:00:00+08:00,Asia/Shanghai,9281192002,(市)新木路广深铁路桥底,0.0,0.0,12,12,good,22.6674177472887,114.13210195018992,深圳市水务局开放平台·积涝点水位
2026-08-20T09:00:00+08:00,Asia/Shanghai,9281192003,(市)新木路新围仔村路口,0.0,0.0,13,13,good,22.6674177472887,114.13210195018992,深圳市水务局开放平台·积涝点水位
2026-08-20T09:00:00+08:00,Asia/Shanghai,9281192004,(市)布李路富民城段,0.0,0.0,13,13,good,22.618912574166664,114.11654044833332,深圳市水务局开放平台·积涝点水位
2026-08-20T09:00:00+08:00,Asia/Shanghai,9281192005,(市)龙博路,0.01,0.01,60,60,good,22.62797037826087,114.10927237391306,深圳市水务局开放平台·积涝点水位
2026-08-20T09:00:00+08:00,Asia/Shanghai,9281192006,(市)五和大道四季花城,0.0,0.0,17,17,good,22.65976725256875,114.05975735653944,深圳市水务局开放平台·积涝点水位
2026-08-20T09:00:00+08:00,Asia/Shanghai,9281192007,(市)沙西小学至南岭万家乐段,0.0,0.0,13,13,good,,,深圳市水务局开放平台·积涝点水位
2026-08-20T09:00:00+08:00,Asia/Shanghai,9281192008,(市)南联第六工业区桥洞,0.0,0.0,13,13,good,,,深圳市水务局开放平台·积涝点水位
2026-08-20T09:00:00+08:00,Asia/Shanghai,9281192009,(市)新坡塘村新坡塘积水点,0.0,0.0,13,13,good,,,深圳市水务局开放平台·积涝点水位
2026-08-20T09:00:00+08:00,Asia/Shanghai,9281192010,(市)安良六村安业路与安居路交汇处,0.0,0.0,13,13,good,,,深圳市水务局开放平台·积涝点水位
2026-08-20T09:00:00+08:00,Asia/Shanghai,9281192011,(市)松元头,0.0098,0.01,59,59,good,,,深圳市水务局开放平台·积涝点水位
2026-08-20T09:00:00+08:00,Asia/Shanghai,9281192012,(市)湖南立交,0.0,0.0,13,13,good,,,深圳市水务局开放平台·积涝点水位
2026-08-20T09:00:00+08:00,Asia/Shanghai,9281192013,(市)高背路惠盐高速桥洞积水点,0.0,0.0,13,13,good,,,深圳市水务局开放平台·积涝点水位
2026-08-20T09:00:00+08:00,Asia/Shanghai,9281192014,(市)鹤坑桥洞,0.0,0.0,13,13,good,,,深圳市水务局开放平台·积涝点水位
2026-08-20T09:00:00+08:00,Asia/Shanghai,9281192015,(市)安良社区沿河一路疏港铁路桥洞,0.0,0.0,13,13,good,22.73162335,114.107919,深圳市水务局开放平台·积涝点水位
2026-08-20T09:00:00+08:00,Asia/Shanghai,9281192016,(市)宝荷路中新加油站对面,0.0,0.0,13,13,good,22.694796752516076,114.25970116268519,深圳市水务局开放平台·积涝点水位
2026-08-20T09:00:00+08:00,Asia/Shanghai,9281192017,(市)环观南路与观平路交汇处,0.0,0.0,13,13,good,22.705673908780923,114.07279441765539,深圳市水务局开放平台·积涝点水位
2026-08-20T09:00:00+08:00,Asia/Shanghai,9281192018,(市)龙华大道库坑天桥段,0.0,0.0,13,13,good,22.669745856798677,114.03752701836405,深圳市水务局开放平台·积涝点水位
2026-08-20T09:00:00+08:00,Asia/Shanghai,9281192019,(市)福龙路高铁桥下简上段,0.0,0.0,19,19,good,22.61964472178257,114.00080097044238,深圳市水务局开放平台·积涝点水位
2026-08-20T09:00:00+08:00,Asia/Shanghai,9281192020,(市)工业路壹成中心段,0.01,0.01,71,71,good,22.648754971805,114.02570221318598,深圳市水务局开放平台·积涝点水位
2026-08-20T09:00:00+08:00,Asia/Shanghai,9281192021,(市)东环一路和平路交汇处,0.0,0.0,13,13,good,22.65040479515617,114.03284713758192,深圳市水务局开放平台·积涝点水位
2026-08-20T09:00:00+08:00,Asia/Shanghai,9281192022,(市)龙田社区大水湾,0.0,0.0,11,11,good,,,深圳市水务局开放平台·积涝点水位
2026-08-20T09:00:00+08:00,Asia/Shanghai,9281292001,(市)滨河皇岗立交桥洞,0.0,0.0,17,17,good,,,深圳市水务局开放平台·积涝点水位
2026-08-20T09:00:00+08:00,Asia/Shanghai,9281292002,(市)广深高速桥下滨海大道北侧辅道,0.01,0.01,62,62,good,22.579823080041088,114.10123773351275,深圳市水务局开放平台·积涝点水位
2026-08-20T09:00:00+08:00,Asia/Shanghai,9281292003,(市)福田区竹子林立交下穿通道,0.0,0.0,13,13,good,,,深圳市水务局开放平台·积涝点水位
2026-08-20T09:00:00+08:00,Asia/Shanghai,9281292004,(市)滨河益田立交桥洞,0.0,0.0,12,12,good,,,深圳市水务局开放平台·积涝点水位
2026-08-20T09:00:00+08:00,Asia/Shanghai,9281292005,(市)深南新洲一号立交桥洞,0.0,0.0,13,13,good,,,深圳市水务局开放平台·积涝点水位
2026-08-20T09:00:00+08:00,Asia/Shanghai,9281292006,(市)北环新洲立交东南角辅道,0.0,0.0,11,11,good,,,深圳市水务局开放平台·积涝点水位
2026-08-20T09:00:00+08:00,Asia/Shanghai,9281292007,(市)107国道新安段(裕安加油站),0.0,0.0,13,13,good,22.55254164883845,113.90816500450731,深圳市水务局开放平台·积涝点水位
2026-08-20T09:00:00+08:00,Asia/Shanghai,9281292008,洲石路鹤洲桥底（市）,0.0,0.0,13,13,good,22.651019027149744,113.88061107664711,深圳市水务局开放平台·积涝点水位
2026-08-20T09:00:00+08:00,Asia/Shanghai,9281292009,(市)帝堂路（锦程路以西段）,0.005,0.01,32,32,good,22.70987723506993,113.7784856087664,深圳市水务局开放平台·积涝点水位
2026-08-20T09:00:00+08:00,Asia/Shanghai,9281292010,(市)上星南路与中心路丽沙花都,0.0,0.0,13,13,good,22.502209013854387,113.93734688972145,深圳市水务局开放平台·积涝点水位
2026-08-20T09:00:00+08:00,Asia/Shanghai,9281292011,(市)外环路广深高速新桥立交,0.0,0.0,24,24,good,22.736379220337216,113.84591188570887,深圳市水务局开放平台·积涝点水位
2026-08-20T09:00:00+08:00,Asia/Shanghai,9281292012,(市)固戍海滨新村文昌阁,0.0,0.0,13,13,good,,,深圳市水务局开放平台·积涝点水位
2026-08-20T09:00:00+08:00,Asia/Shanghai,9281292013,(市)宝安大道固戍地铁站,0.0,0.0,13,13,good,22.64678387472509,113.8417801892837,深圳市水务局开放平台·积涝点水位
2026-08-20T09:00:00+08:00,Asia/Shanghai,9281292014,(市)G107国道南行固戍大门,0.0,0.0,13,13,good,22.55254164883845,113.90816500450731,深圳市水务局开放平台·积涝点水位
2026-08-20T09:00:00+08:00,Asia/Shanghai,9281292015,(市)东环大道松宝大道段,0.0,0.0,12,12,good,,,深圳市水务局开放平台·积涝点水位
2026-08-20T09:00:00+08:00,Asia/Shanghai,9281292016,(市)长凤路龙大高速桥底,0.0,0.0,13,13,good,22.775734215738417,113.91156092305157,深圳市水务局开放平台·积涝点水位
2026-08-20T09:00:00+08:00,Asia/Shanghai,9281292017,(市)圳美同富裕工业区,0.0,0.0,13,13,good,,,深圳市水务局开放平台·积涝点水位
2026-08-20T09:00:00+08:00,Asia/Shanghai,9281292018,(市)根玉路东方大道交汇处,0.0,0.0,13,13,good,22.763216165633853,113.85149341983029,深圳市水务局开放平台·积涝点水位
2026-08-20T09:00:00+08:00,Asia/Shanghai,9281292019,(市)上村社区龙大桥底,0.0,0.0,12,12,good,,,深圳市水务局开放平台·积涝点水位
2026-08-20T09:00:00+08:00,Asia/Shanghai,9281292020,(市)马山头社区上石家路通兴路交汇处,0.0,0.0,13,13,good,22.763999933333334,113.8915635138889,深圳市水务局开放平台·积涝点水位
2026-08-20T09:00:00+08:00,Asia/Shanghai,9281292021,(市)临海大道海关保税区,0.0,0.0,13,13,good,22.53399911521491,113.88871009435005,深圳市水务局开放平台·积涝点水位
2026-08-20T09:00:00+08:00,Asia/Shanghai,9281292022,(市)南山大道南行亿利达村段,0.0108,0.02,63,63,good,22.540721694789013,113.9181638130031,深圳市水务局开放平台·积涝点水位
2026-08-20T09:00:00+08:00,Asia/Shanghai,9281292023,(市)东滨路南行华联城市山林花园段,0.0,0.0,12,12,good,22.51106546682151,113.92212734316605,深圳市水务局开放平台·积涝点水位
2026-08-20T09:00:00+08:00,Asia/Shanghai,9281292024,(市)深圳湾东滨路与中心路交叉口,0.011,0.02,88,88,good,22.51106546682151,113.92212734316605,深圳市水务局开放平台·积涝点水位
2026-08-20T09:00:00+08:00,Asia/Shanghai,MS1104403030000228,(市)红岗公园,0.0,0.0,2,2,good,,,深圳市水务局开放平台·积涝点水位
2026-08-20T09:00:00+08:00,Asia/Shanghai,MS1104403030000232,(市)沿河南路文锦路社区,0.0,0.0,13,13,good,22.550252268776845,114.11444108979862,深圳市水务局开放平台·积涝点水位
2026-08-20T09:00:00+08:00,Asia/Shanghai,MS1104403030000247,(市)深南东路黄贝岭,0.0,0.0,12,12,good,22.54661746874732,114.11811396992493,深圳市水务局开放平台·积涝点水位
2026-08-20T09:00:00+08:00,Asia/Shanghai,MS1104403030000251,(市)滨河上步立交桥,0.0,0.0,2,2,good,,,深圳市水务局开放平台·积涝点水位
2026-08-20T09:00:00+08:00,Asia/Shanghai,MS1104403030000266,(市)罗湖火车站,0.0,0.0,12,12,good,,,深圳市水务局开放平台·积涝点水位
2026-08-20T09:00:00+08:00,Asia/Shanghai,MS1104403030000270,(市)罗湖区委,0.0,0.0,2,2,good,,,深圳市水务局开放平台·积涝点水位
2026-08-20T09:00:00+08:00,Asia/Shanghai,MS1104403030000285,(市)万象城,0.01,0.01,59,59,good,,,深圳市水务局开放平台·积涝点水位
2026-08-20T09:00:00+08:00,Asia/Shanghai,MS110440303000029X,(市)洪湖地铁站D出入口,0.0,0.0,2,2,good,,,深圳市水务局开放平台·积涝点水位
2026-08-20T09:00:00+08:00,Asia/Shanghai,MS1104403030000304,(市)东湖路,0.0,0.0,5,5,good,22.582822583699635,114.1345991945055,深圳市水务局开放平台·积涝点水位
2026-08-20T09:00:00+08:00,Asia/Shanghai,MS1104403030000319,(市)桂园片区,0.0,0.0,13,13,good,,,深圳市水务局开放平台·积涝点水位
2026-08-20T09:00:00+08:00,Asia/Shanghai,MS1104403030000323,(市)晒布路与东门中路交汇处,0.01,0.01,62,62,good,22.551568716163253,114.1183832504732,深圳市水务局开放平台·积涝点水位
2026-08-20T09:00:00+08:00,Asia/Shanghai,MS1104403030000338,(市)东湖公园爱国路与太宁路路口,0.0,0.0,13,13,good,22.563633808974675,114.13329390192719,深圳市水务局开放平台·积涝点水位
2026-08-20T09:00:00+08:00,Asia/Shanghai,MS1104403030000342,(市)文锦渡口岸,0.0,0.0,2,2,good,,,深圳市水务局开放平台·积涝点水位
2026-08-20T09:00:00+08:00,Asia/Shanghai,MS1104403040000543,(市)香梅莲花路口,0.0,0.0,2,2,good,22.559401296538805,114.04793087126708,深圳市水务局开放平台·积涝点水位
2026-08-20T09:00:00+08:00,Asia/Shanghai,MS1104403040000558,(市)信托花园,0.0,0.0,14,14,good,,,深圳市水务局开放平台·积涝点水位
2026-08-20T09:00:00+08:00,Asia/Shanghai,MS1104403040000562,(市)上步红荔路口,0.0,0.0,2,2,good,22.550171284097686,114.05891535550717,深圳市水务局开放平台·积涝点水位
2026-08-20T09:00:00+08:00,Asia/Shanghai,MS1104403040000577,(市)深南皇岗立交桥与皇岗路交汇处,0.0,0.0,13,13,good,22.552167188223326,114.06774281249497,深圳市水务局开放平台·积涝点水位
2026-08-20T09:00:00+08:00,Asia/Shanghai,MS1104403040000581,(市)北环大道与梅林路交汇处,0.0,0.0,2,2,good,22.55966775704351,113.99344633894496,深圳市水务局开放平台·积涝点水位
2026-08-20T09:00:00+08:00,Asia/Shanghai,MS1104403040000596,(市)侨香路香梅社区,0.0,0.0,2,2,good,22.55158384619422,114.00624803762132,深圳市水务局开放平台·积涝点水位
2026-08-20T09:00:00+08:00,Asia/Shanghai,MS1104403040000600,(市)侨香路香安社区,0.0,0.0,2,2,good,22.55158384619422,114.00624803762132,深圳市水务局开放平台·积涝点水位
2026-08-20T09:00:00+08:00,Asia/Shanghai,MS1104403040000615,(市)市民中心,0.0,0.0,2,2,good,,,深圳市水务局开放平台·积涝点水位
2026-08-20T09:00:00+08:00,Asia/Shanghai,MS110440304000062X,(市)民田路深圳证券交易所,0.0,0.0,12,12,good,22.53903429826115,114.04781278730138,深圳市水务局开放平台·积涝点水位
2026-08-20T09:00:00+08:00,Asia/Shanghai,MS1104403040000634,(市)燃气集团股份有限公司梅林 LNG安全应急气化站,0.0,0.0,13,13,good,,,深圳市水务局开放平台·积涝点水位
2026-08-20T09:00:00+08:00,Asia/Shanghai,MS1104403040000649,(市)深南大道车公庙交通枢纽段,0.005,0.01,40,40,good,22.5420797706313,113.9753640727562,深圳市水务局开放平台·积涝点水位
2026-08-20T09:00:00+08:00,Asia/Shanghai,MS1104403050000118,(市)月亮湾大道与前湾三路交叉口,0.0,0.0,2,2,good,22.511993391395155,113.8903078293519,深圳市水务局开放平台·积涝点水位
2026-08-20T09:00:00+08:00,Asia/Shanghai,MS1104403050000122,(市)南山大道深意工业大厦段,0.01,0.01,59,59,good,22.540721694789013,113.9181638130031,深圳市水务局开放平台·积涝点水位
2026-08-20T09:00:00+08:00,Asia/Shanghai,MS1104403050000137,(市)南山大道与登良路交叉口,0.0,0.0,2,2,good,22.540721694789013,113.9181638130031,深圳市水务局开放平台·积涝点水位
2026-08-20T09:00:00+08:00,Asia/Shanghai,MS1104403050000141,(市)南新路北头豪苑,0.0,0.0,2,2,good,22.535707366852186,113.92452459612443,深圳市水务局开放平台·积涝点水位
2026-08-20T09:00:00+08:00,Asia/Shanghai,MS1104403050000156,(市)滨海大道与南山大道交叉口,0.006,0.01,10,10,good,22.579823080041088,114.10123773351275,深圳市水务局开放平台·积涝点水位
2026-08-20T09:00:00+08:00,Asia/Shanghai,MS1104403050000160,(市)桃园路与南新路交叉口,0.0,0.0,2,2,good,22.535395972003414,113.91852837514443,深圳市水务局开放平台·积涝点水位
2026-08-20T09:00:00+08:00,Asia/Shanghai,MS1104403050000175,(市)后海大道与登良路交叉口,0.0,0.0,13,13,good,22.51179221810604,113.92884393579894,深圳市水务局开放平台·积涝点水位
2026-08-20T09:00:00+08:00,Asia/Shanghai,MS110440305000018X,(市)后海大道港湾创业大厦,0.0,0.0,13,13,good,22.51179221810604,113.92884393579894,深圳市水务局开放平台·积涝点水位
2026-08-20T09:00:00+08:00,Asia/Shanghai,MS1104403050000194,(市)深南大道高新园地铁 AD 口,0.0,0.0,12,12,good,22.5420797706313,113.9753640727562,深圳市水务局开放平台·积涝点水位
2026-08-20T09:00:00+08:00,Asia/Shanghai,MS1104403050000209,(市)深圳湾口岸,0.0,0.0,2,2,good,,,深圳市水务局开放平台·积涝点水位
2026-08-20T09:00:00+08:00,Asia/Shanghai,MS1104403050000213,(市)前湾公园地铁站 A 出入口,0.0,0.0,14,14,good,,,深圳市水务局开放平台·积涝点水位
2026-08-20T09:00:00+08:00,Asia/Shanghai,MS1104403050000228,(市)粤海门地铁站 D2 出入口,0.0,0.0,13,13,good,,,深圳市水务局开放平台·积涝点水位
2026-08-20T09:00:00+08:00,Asia/Shanghai,MS1104403050000232,(市)桂庙路地下道路,0.0,0.0,13,13,good,22.52643977555155,113.91686609460196,深圳市水务局开放平台·积涝点水位
2026-08-20T09:00:00+08:00,Asia/Shanghai,MS1104403050000247,(市)国家超级计算深圳中心,0.0,0.0,16,16,good,,,深圳市水务局开放平台·积涝点水位
2026-08-20T09:00:00+08:00,Asia/Shanghai,MS110440306000029X,(市)辛养旧村辛居路,0.0,0.0,2,2,good,,,深圳市水务局开放平台·积涝点水位
2026-08-20T09:00:00+08:00,Asia/Shanghai,MS1104403060000304,(市)山门第三工业区,0.0,0.0,2,2,good,,,深圳市水务局开放平台·积涝点水位
2026-08-20T09:00:00+08:00,Asia/Shanghai,MS1104403060000319,(市)前进一路上川路口,0.0,0.0,13,13,good,22.57118007860348,113.90008995469552,深圳市水务局开放平台·积涝点水位
2026-08-20T09:00:00+08:00,Asia/Shanghai,MS1104403060000323,(市)洪浪北地铁站,0.0,0.0,13,13,good,,,深圳市水务局开放平台·积涝点水位
2026-08-20T09:00:00+08:00,Asia/Shanghai,MS1104403060000338,(市)东风幼儿园,0.0,0.0,2,2,good,,,深圳市水务局开放平台·积涝点水位
2026-08-20T09:00:00+08:00,Asia/Shanghai,MS1104403060000342,(市)海乐41区,0.0,0.0,2,2,good,,,深圳市水务局开放平台·积涝点水位
2026-08-20T09:00:00+08:00,Asia/Shanghai,MS1104403060000357,(市)前进二路,0.0,0.0,2,2,good,22.597482662679273,113.87435005513986,深圳市水务局开放平台·积涝点水位
2026-08-20T09:00:00+08:00,Asia/Shanghai,MS1104403060000361,(市)园岭商场,0.0,0.0,13,13,good,,,深圳市水务局开放平台·积涝点水位
2026-08-20T09:00:00+08:00,Asia/Shanghai,MS1104403060000376,(市)新圳西路万佳商场段,0.0,0.0,5,5,good,22.56349644,113.89998969999999,深圳市水务局开放平台·积涝点水位
2026-08-20T09:00:00+08:00,Asia/Shanghai,MS1104403060000380,(市)北环路与爱群路路口,0.0,0.0,13,13,good,22.79634568700108,114.39897783430258,深圳市水务局开放平台·积涝点水位
2026-08-20T09:00:00+08:00,Asia/Shanghai,MS1104403060000395,(市)宝安区幸福路与恒珠一路,0.0,0.0,2,2,good,,,深圳市水务局开放平台·积涝点水位
2026-08-20T09:00:00+08:00,Asia/Shanghai,MS110440306000040X,(市)宝安区勋业街,0.0,0.0,2,2,good,,,深圳市水务局开放平台·积涝点水位
2026-08-20T09:00:00+08:00,Asia/Shanghai,MS1104403060000414,(市)宝安区福和路西六巷,0.0,0.0,12,12,good,22.75496986065163,113.7975587837876,深圳市水务局开放平台·积涝点水位
2026-08-20T09:00:00+08:00,Asia/Shanghai,MS1104403060000429,(市)民福路与创新路交叉口,0.0,0.0,13,13,good,22.77931941488889,113.82386091368804,深圳市水务局开放平台·积涝点水位
2026-08-20T09:00:00+08:00,Asia/Shanghai,MS1104403060000433,(市)金沙二路与民福路交叉口,0.0,0.0,2,2,good,22.731531574999998,113.800096525,深圳市水务局开放平台·积涝点水位
2026-08-20T09:00:00+08:00,Asia/Shanghai,MS1104403060000448,(市)宝安区沙井西环路正科时代,0.0,0.0,2,2,good,22.658437552805964,113.96411546099013,深圳市水务局开放平台·积涝点水位
2026-08-20T09:00:00+08:00,Asia/Shanghai,MS1104403060000452,(市)宝源路固戍海滨公园,0.0,0.0,13,13,good,22.58668431255461,113.84584894450396,深圳市水务局开放平台·积涝点水位
2026-08-20T09:00:00+08:00,Asia/Shanghai,MS1104403060000467,(市)海雅缤纷城,0.0,0.0,12,12,good,,,深圳市水务局开放平台·积涝点水位
2026-08-20T09:00:00+08:00,Asia/Shanghai,MS1104403060000471,(市)万达广场,0.0,0.0,2,2,good,,,深圳市水务局开放平台·积涝点水位
2026-08-20T09:00:00+08:00,Asia/Shanghai,MS1104403060000486,(市)固戍地铁站 A/F 出入口,0.0,0.0,13,13,good,,,深圳市水务局开放平台·积涝点水位
2026-08-20T09:00:00+08:00,Asia/Shanghai,MS1104403060000490,(市)碧海湾地铁站 B 出入口,0.0,0.0,13,13,good,,,深圳市水务局开放平台·积涝点水位
2026-08-20T09:00:00+08:00,Asia/Shanghai,MS1104403060000505,(市)海天路地下隧道,0.0,0.0,13,13,good,22.549962987088094,113.87889692546018,深圳市水务局开放平台·积涝点水位
2026-08-20T09:00:00+08:00,Asia/Shanghai,MS1104403070000175,(市)龙平西路新秀社区公园,0.0,0.0,2,2,good,22.731009781031894,114.22605984524496,深圳市水务局开放平台·积涝点水位
2026-08-20T09:00:00+08:00,Asia/Shanghai,MS110440307000018X,(市)如意路广发银行奥林支行,0.0,0.0,13,13,good,22.697841456213258,114.19931100734046,深圳市水务局开放平台·积涝点水位
2026-08-20T09:00:00+08:00,Asia/Shanghai,MS1104403070000194,(市)龙翔大道与龙城大道交汇处,0.0,0.0,13,13,good,22.708452173199664,114.22855732448205,深圳市水务局开放平台·积涝点水位
2026-08-20T09:00:00+08:00,Asia/Shanghai,MS1104403070000209,(市)龙城大道与龙平东路交汇处,0.0,0.0,13,13,good,22.734070392016967,114.26268655089929,深圳市水务局开放平台·积涝点水位
2026-08-20T09:00:00+08:00,Asia/Shanghai,MS1104403070000213,(市)龙西中路与盐龙大道交汇处,0.0,0.0,13,13,good,22.75103177856142,114.25588661241065,深圳市水务局开放平台·积涝点水位
2026-08-20T09:00:00+08:00,Asia/Shanghai,MS1104403070000228,(市)爱南路与深汕公路交汇处,0.0,0.0,12,12,good,22.709133830928806,114.31382413715897,深圳市水务局开放平台·积涝点水位
2026-08-20T09:00:00+08:00,Asia/Shanghai,MS1104403070000232,(市)园新路与乐园路交汇处,0.0,0.0,15,15,good,22.714932425,114.3001758,深圳市水务局开放平台·积涝点水位
2026-08-20T09:00:00+08:00,Asia/Shanghai,MS1104403070000247,(市)长深高速四方埔社区,0.0,0.0,2,2,good,22.785453209312927,114.3238491191703,深圳市水务局开放平台·积涝点水位
2026-08-20T09:00:00+08:00,Asia/Shanghai,MS1104403070000251,(市)龙岗区政府,0.0,0.0,13,13,good,,,深圳市水务局开放平台·积涝点水位
2026-08-20T09:00:00+08:00,Asia/Shanghai,MS1104403070000266,(市)五和地铁站H出入口,0.0,0.0,13,13,good,,,深圳市水务局开放平台·积涝点水位
2026-08-20T09:00:00+08:00,Asia/Shanghai,MS1104403070000270,(市)长龙地铁站C2出入口,0.0,0.0,2,2,good,,,深圳市水务局开放平台·积涝点水位
2026-08-20T09:00:00+08:00,Asia/Shanghai,MS1104403070000285,(市)育贤学校、童星幼儿园,0.0,0.0,13,13,good,,,深圳市水务局开放平台·积涝点水位
2026-08-20T09:00:00+08:00,Asia/Shanghai,MS110440307000029X,(市)深圳远东妇产医院,0.0,0.0,13,13,good,,,深圳市水务局开放平台·积涝点水位
2026-08-20T09:00:00+08:00,Asia/Shanghai,MS1104403070000304,(市)英才学校,0.0,0.0,13,13,good,,,深圳市水务局开放平台·积涝点水位
2026-08-20T09:00:00+08:00,Asia/Shanghai,MS1104403070000319,(市)吉榕路桥洞,0.0,0.0,13,13,good,,,深圳市水务局开放平台·积涝点水位
2026-08-20T09:00:00+08:00,Asia/Shanghai,MS1104403070000323,(市)京南路,0.0,0.0,2,2,good,22.602818284523806,114.12130894517196,深圳市水务局开放平台·积涝点水位
2026-08-20T09:00:00+08:00,Asia/Shanghai,MS1104403070000338,(市)布澜路国芬路口,0.0,0.0,2,2,good,22.635311170786817,114.12784150313183,深圳市水务局开放平台·积涝点水位
2026-08-20T09:00:00+08:00,Asia/Shanghai,MS1104403070000342,(市)布吉站（深圳东站）,0.0,0.0,2,2,good,,,深圳市水务局开放平台·积涝点水位
2026-08-20T09:00:00+08:00,Asia/Shanghai,MS1104403080000012,(市)金融路海涛路口片区,0.0,0.0,13,13,good,22.553642038690473,114.22939035281746,深圳市水务局开放平台·积涝点水位
2026-08-20T09:00:00+08:00,Asia/Shanghai,MS1104403080000027,(市)沙头角口岸小区,0.0,0.0,13,13,good,,,深圳市水务局开放平台·积涝点水位
2026-08-20T09:00:00+08:00,Asia/Shanghai,MS1104403080000031,(市)桥东街小区,0.0,0.0,13,13,good,,,深圳市水务局开放平台·积涝点水位
2026-08-20T09:00:00+08:00,Asia/Shanghai,MS1104403090000065,(市)泗黎路凹背社区富坑社区,0.0,0.0,2,2,good,22.753687171367037,114.03385655648283,深圳市水务局开放平台·积涝点水位
2026-08-20T09:00:00+08:00,Asia/Shanghai,MS110440309000007X,(市)银星科技园,0.0,0.0,4,4,good,,,深圳市水务局开放平台·积涝点水位
2026-08-20T09:00:00+08:00,Asia/Shanghai,MS1104403090000084,(市)观光路与福前路交汇处,0.0,0.0,2,2,good,22.733179257314486,114.01274963079653,深圳市水务局开放平台·积涝点水位
2026-08-20T09:00:00+08:00,Asia/Shanghai,MS1104403090000099,(市)三联社区,0.0,0.0,13,13,good,,,深圳市水务局开放平台·积涝点水位
2026-08-20T09:00:00+08:00,Asia/Shanghai,MS1104403090000103,(市)布龙路与五和大道交汇处,0.0,0.0,13,13,good,22.646750702555874,114.02665721385576,深圳市水务局开放平台·积涝点水位
2026-08-20T09:00:00+08:00,Asia/Shanghai,MS1104403090000118,(市)新区大道深圳北站,0.0,0.0,13,13,good,22.624351465560785,114.01682556681699,深圳市水务局开放平台·积涝点水位
2026-08-20T09:00:00+08:00,Asia/Shanghai,MS1104403090000122,(市)龙华壹方成,0.0,0.0,13,13,good,,,深圳市水务局开放平台·积涝点水位
2026-08-20T09:00:00+08:00,Asia/Shanghai,MS1104403090000137,(市)昌茂二路,0.0,0.0,13,13,good,,,深圳市水务局开放平台·积涝点水位
2026-08-20T09:00:00+08:00,Asia/Shanghai,MS1104403090000141,(市)大浪新围街大船坑市场段,0.0,0.0,13,13,good,22.692058934615382,113.9964102346154,深圳市水务局开放平台·积涝点水位
2026-08-20T09:00:00+08:00,Asia/Shanghai,MS1104403100000028,(市)坪山法院门口,0.0,0.0,2,2,good,,,深圳市水务局开放平台·积涝点水位
2026-08-20T09:00:00+08:00,Asia/Shanghai,MS1104403100000032,(市)秀沙路比亚迪厂门前,0.0,0.0,13,13,good,22.767995359829058,114.39900074224022,深圳市水务局开放平台·积涝点水位
2026-08-20T09:00:00+08:00,Asia/Shanghai,MS1104403100000047,(市)群代路金泰航科技,0.01,0.01,60,60,good,,,深圳市水务局开放平台·积涝点水位
2026-08-20T09:00:00+08:00,Asia/Shanghai,MS1104403100000051,(市)三洋湖路三洋湖新区小区,0.0,0.0,12,12,good,,,深圳市水务局开放平台·积涝点水位
2026-08-20T09:00:00+08:00,Asia/Shanghai,MS1104403100000066,(市)文化中心地铁站,0.0,0.0,13,13,good,,,深圳市水务局开放平台·积涝点水位
2026-08-20T09:00:00+08:00,Asia/Shanghai,MS1104403110000597,(市)东长路外环高速长圳入口,0.0,0.0,13,13,good,22.747509018088216,113.91221411091422,深圳市水务局开放平台·积涝点水位
2026-08-20T09:00:00+08:00,Asia/Shanghai,MS1104403110000601,(市)光侨雅苑,0.0,0.0,2,2,good,,,深圳市水务局开放平台·积涝点水位
2026-08-20T09:00:00+08:00,Asia/Shanghai,MS1104403110000616,(市)同观路与汇融路交叉口,0.0,0.0,2,2,good,22.734039598507852,113.91441943299901,深圳市水务局开放平台·积涝点水位
2026-08-20T09:00:00+08:00,Asia/Shanghai,MS1104403110000620,(市)松白路松茂御城段,0.0,0.0,2,2,good,22.731110627923336,113.894856941127,深圳市水务局开放平台·积涝点水位
2026-08-20T09:00:00+08:00,Asia/Shanghai,MS1104403110000635,(市)公常路与环村路交叉口,0.0,0.0,13,13,good,22.826648407959507,113.95688701032125,深圳市水务局开放平台·积涝点水位
2026-08-20T09:00:00+08:00,Asia/Shanghai,MS110440311000064X,(市)光明区高级中学,0.0,0.0,2,2,good,,,深圳市水务局开放平台·积涝点水位
2026-08-20T09:00:00+08:00,Asia/Shanghai,MS1104403120000032,(市)大鹏液化天然气有限公司深圳接收站,0.0,0.0,13,13,good,,,深圳市水务局开放平台·积涝点水位
2026-08-20T10:00:00+08:00,Asia/Shanghai,9281192001,(市)平湖火车隧道口,0.0,0.0,11,11,good,,,深圳市水务局开放平台·积涝点水位
2026-08-20T10:00:00+08:00,Asia/Shanghai,9281192002,(市)新木路广深铁路桥底,0.0,0.0,13,13,good,22.6674177472887,114.13210195018992,深圳市水务局开放平台·积涝点水位
2026-08-20T10:00:00+08:00,Asia/Shanghai,9281192003,(市)新木路新围仔村路口,0.0,0.0,13,13,good,22.6674177472887,114.13210195018992,深圳市水务局开放平台·积涝点水位
2026-08-20T10:00:00+08:00,Asia/Shanghai,9281192004,(市)布李路富民城段,0.0,0.0,13,13,good,22.618912574166664,114.11654044833332,深圳市水务局开放平台·积涝点水位
2026-08-20T10:00:00+08:00,Asia/Shanghai,9281192005,(市)龙博路,0.01,0.01,61,61,good,22.62797037826087,114.10927237391306,深圳市水务局开放平台·积涝点水位
2026-08-20T10:00:00+08:00,Asia/Shanghai,9281192006,(市)五和大道四季花城,0.0,0.0,14,14,good,22.65976725256875,114.05975735653944,深圳市水务局开放平台·积涝点水位
2026-08-20T10:00:00+08:00,Asia/Shanghai,9281192007,(市)沙西小学至南岭万家乐段,0.0187,0.05,31,31,good,,,深圳市水务局开放平台·积涝点水位
2026-08-20T10:00:00+08:00,Asia/Shanghai,9281192008,(市)南联第六工业区桥洞,0.0,0.0,13,13,good,,,深圳市水务局开放平台·积涝点水位
2026-08-20T10:00:00+08:00,Asia/Shanghai,9281192009,(市)新坡塘村新坡塘积水点,0.0,0.0,13,13,good,,,深圳市水务局开放平台·积涝点水位
2026-08-20T10:00:00+08:00,Asia/Shanghai,9281192010,(市)安良六村安业路与安居路交汇处,0.0,0.0,13,13,good,,,深圳市水务局开放平台·积涝点水位
2026-08-20T10:00:00+08:00,Asia/Shanghai,9281192011,(市)松元头,0.0052,0.01,50,50,good,,,深圳市水务局开放平台·积涝点水位
2026-08-20T10:00:00+08:00,Asia/Shanghai,9281192012,(市)湖南立交,0.0,0.0,13,13,good,,,深圳市水务局开放平台·积涝点水位
2026-08-20T10:00:00+08:00,Asia/Shanghai,9281192013,(市)高背路惠盐高速桥洞积水点,0.0,0.0,13,13,good,,,深圳市水务局开放平台·积涝点水位
2026-08-20T10:00:00+08:00,Asia/Shanghai,9281192014,(市)鹤坑桥洞,0.0,0.0,13,13,good,,,深圳市水务局开放平台·积涝点水位
2026-08-20T10:00:00+08:00,Asia/Shanghai,9281192015,(市)安良社区沿河一路疏港铁路桥洞,0.0,0.0,13,13,good,22.73162335,114.107919,深圳市水务局开放平台·积涝点水位
2026-08-20T10:00:00+08:00,Asia/Shanghai,9281192016,(市)宝荷路中新加油站对面,0.0,0.0,13,13,good,22.694796752516076,114.25970116268519,深圳市水务局开放平台·积涝点水位
2026-08-20T10:00:00+08:00,Asia/Shanghai,9281192017,(市)环观南路与观平路交汇处,0.0,0.0,13,13,good,22.705673908780923,114.07279441765539,深圳市水务局开放平台·积涝点水位
2026-08-20T10:00:00+08:00,Asia/Shanghai,9281192018,(市)龙华大道库坑天桥段,0.0,0.0,13,13,good,22.669745856798677,114.03752701836405,深圳市水务局开放平台·积涝点水位
2026-08-20T10:00:00+08:00,Asia/Shanghai,9281192019,(市)福龙路高铁桥下简上段,0.0,0.0,13,13,good,22.61964472178257,114.00080097044238,深圳市水务局开放平台·积涝点水位
2026-08-20T10:00:00+08:00,Asia/Shanghai,9281192020,(市)工业路壹成中心段,0.01,0.01,73,73,good,22.648754971805,114.02570221318598,深圳市水务局开放平台·积涝点水位
2026-08-20T10:00:00+08:00,Asia/Shanghai,9281192021,(市)东环一路和平路交汇处,0.0,0.0,13,13,good,22.65040479515617,114.03284713758192,深圳市水务局开放平台·积涝点水位
2026-08-20T10:00:00+08:00,Asia/Shanghai,9281192022,(市)龙田社区大水湾,0.0,0.0,13,13,good,,,深圳市水务局开放平台·积涝点水位
2026-08-20T10:00:00+08:00,Asia/Shanghai,9281292001,(市)滨河皇岗立交桥洞,0.0,0.0,12,12,good,,,深圳市水务局开放平台·积涝点水位
2026-08-20T10:00:00+08:00,Asia/Shanghai,9281292002,(市)广深高速桥下滨海大道北侧辅道,0.01,0.01,64,64,good,22.579823080041088,114.10123773351275,深圳市水务局开放平台·积涝点水位
2026-08-20T10:00:00+08:00,Asia/Shanghai,9281292003,(市)福田区竹子林立交下穿通道,0.0,0.0,13,13,good,,,深圳市水务局开放平台·积涝点水位
2026-08-20T10:00:00+08:00,Asia/Shanghai,9281292004,(市)滨河益田立交桥洞,0.0,0.0,12,12,good,,,深圳市水务局开放平台·积涝点水位
2026-08-20T10:00:00+08:00,Asia/Shanghai,9281292005,(市)深南新洲一号立交桥洞,0.0,0.0,13,13,good,,,深圳市水务局开放平台·积涝点水位
2026-08-20T10:00:00+08:00,Asia/Shanghai,9281292006,(市)北环新洲立交东南角辅道,0.0,0.0,13,13,good,,,深圳市水务局开放平台·积涝点水位
2026-08-20T10:00:00+08:00,Asia/Shanghai,9281292007,(市)107国道新安段(裕安加油站),0.0,0.0,13,13,good,22.55254164883845,113.90816500450731,深圳市水务局开放平台·积涝点水位
2026-08-20T10:00:00+08:00,Asia/Shanghai,9281292008,洲石路鹤洲桥底（市）,0.0,0.0,13,13,good,22.651019027149744,113.88061107664711,深圳市水务局开放平台·积涝点水位
2026-08-20T10:00:00+08:00,Asia/Shanghai,9281292009,(市)帝堂路（锦程路以西段）,0.0084,0.01,49,49,good,22.70987723506993,113.7784856087664,深圳市水务局开放平台·积涝点水位
2026-08-20T10:00:00+08:00,Asia/Shanghai,9281292010,(市)上星南路与中心路丽沙花都,0.0,0.0,13,13,good,22.502209013854387,113.93734688972145,深圳市水务局开放平台·积涝点水位
2026-08-20T10:00:00+08:00,Asia/Shanghai,9281292011,(市)外环路广深高速新桥立交,0.0,0.0,32,32,good,22.736379220337216,113.84591188570887,深圳市水务局开放平台·积涝点水位
2026-08-20T10:00:00+08:00,Asia/Shanghai,9281292012,(市)固戍海滨新村文昌阁,0.0,0.0,12,12,good,,,深圳市水务局开放平台·积涝点水位
2026-08-20T10:00:00+08:00,Asia/Shanghai,9281292013,(市)宝安大道固戍地铁站,0.0,0.0,13,13,good,22.64678387472509,113.8417801892837,深圳市水务局开放平台·积涝点水位
2026-08-20T10:00:00+08:00,Asia/Shanghai,9281292014,(市)G107国道南行固戍大门,0.0,0.0,13,13,good,22.55254164883845,113.90816500450731,深圳市水务局开放平台·积涝点水位
2026-08-20T10:00:00+08:00,Asia/Shanghai,9281292015,(市)东环大道松宝大道段,0.0,0.0,13,13,good,,,深圳市水务局开放平台·积涝点水位
2026-08-20T10:00:00+08:00,Asia/Shanghai,9281292016,(市)长凤路龙大高速桥底,0.0,0.0,11,11,good,22.775734215738417,113.91156092305157,深圳市水务局开放平台·积涝点水位
2026-08-20T10:00:00+08:00,Asia/Shanghai,9281292017,(市)圳美同富裕工业区,0.0,0.0,13,13,good,,,深圳市水务局开放平台·积涝点水位
2026-08-20T10:00:00+08:00,Asia/Shanghai,9281292018,(市)根玉路东方大道交汇处,0.0,0.0,13,13,good,22.763216165633853,113.85149341983029,深圳市水务局开放平台·积涝点水位
2026-08-20T10:00:00+08:00,Asia/Shanghai,9281292019,(市)上村社区龙大桥底,0.0,0.0,12,12,good,,,深圳市水务局开放平台·积涝点水位
2026-08-20T10:00:00+08:00,Asia/Shanghai,9281292020,(市)马山头社区上石家路通兴路交汇处,0.0,0.0,13,13,good,22.763999933333334,113.8915635138889,深圳市水务局开放平台·积涝点水位
2026-08-20T10:00:00+08:00,Asia/Shanghai,9281292021,(市)临海大道海关保税区,0.0,0.0,13,13,good,22.53399911521491,113.88871009435005,深圳市水务局开放平台·积涝点水位
2026-08-20T10:00:00+08:00,Asia/Shanghai,9281292022,(市)南山大道南行亿利达村段,0.0097,0.01,68,68,good,22.540721694789013,113.9181638130031,深圳市水务局开放平台·积涝点水位
2026-08-20T10:00:00+08:00,Asia/Shanghai,9281292023,(市)东滨路南行华联城市山林花园段,0.0,0.0,13,13,good,22.51106546682151,113.92212734316605,深圳市水务局开放平台·积涝点水位
2026-08-20T10:00:00+08:00,Asia/Shanghai,9281292024,(市)深圳湾东滨路与中心路交叉口,0.0077,0.01,43,43,good,22.51106546682151,113.92212734316605,深圳市水务局开放平台·积涝点水位
2026-08-20T10:00:00+08:00,Asia/Shanghai,MS1104403030000228,(市)红岗公园,0.0,0.0,2,2,good,,,深圳市水务局开放平台·积涝点水位
2026-08-20T10:00:00+08:00,Asia/Shanghai,MS1104403030000232,(市)沿河南路文锦路社区,0.0,0.0,16,16,good,22.550252268776845,114.11444108979862,深圳市水务局开放平台·积涝点水位
2026-08-20T10:00:00+08:00,Asia/Shanghai,MS1104403030000247,(市)深南东路黄贝岭,0.0,0.0,13,13,good,22.54661746874732,114.11811396992493,深圳市水务局开放平台·积涝点水位
2026-08-20T10:00:00+08:00,Asia/Shanghai,MS1104403030000251,(市)滨河上步立交桥,0.0,0.0,2,2,good,,,深圳市水务局开放平台·积涝点水位
2026-08-20T10:00:00+08:00,Asia/Shanghai,MS1104403030000266,(市)罗湖火车站,0.0,0.0,12,12,good,,,深圳市水务局开放平台·积涝点水位
2026-08-20T10:00:00+08:00,Asia/Shanghai,MS1104403030000270,(市)罗湖区委,0.0,0.0,2,2,good,,,深圳市水务局开放平台·积涝点水位
2026-08-20T10:00:00+08:00,Asia/Shanghai,MS1104403030000285,(市)万象城,0.01,0.01,60,60,good,,,深圳市水务局开放平台·积涝点水位
2026-08-20T10:00:00+08:00,Asia/Shanghai,MS110440303000029X,(市)洪湖地铁站D出入口,0.0,0.0,2,2,good,,,深圳市水务局开放平台·积涝点水位
2026-08-20T10:00:00+08:00,Asia/Shanghai,MS1104403030000304,(市)东湖路,0.0,0.0,5,5,good,22.582822583699635,114.1345991945055,深圳市水务局开放平台·积涝点水位
2026-08-20T10:00:00+08:00,Asia/Shanghai,MS1104403030000319,(市)桂园片区,0.0,0.0,13,13,good,,,深圳市水务局开放平台·积涝点水位
2026-08-20T10:00:00+08:00,Asia/Shanghai,MS1104403030000323,(市)晒布路与东门中路交汇处,0.01,0.01,61,61,good,22.551568716163253,114.1183832504732,深圳市水务局开放平台·积涝点水位
2026-08-20T10:00:00+08:00,Asia/Shanghai,MS1104403030000338,(市)东湖公园爱国路与太宁路路口,0.0,0.0,13,13,good,22.563633808974675,114.13329390192719,深圳市水务局开放平台·积涝点水位
2026-08-20T10:00:00+08:00,Asia/Shanghai,MS1104403030000342,(市)文锦渡口岸,0.0,0.0,2,2,good,,,深圳市水务局开放平台·积涝点水位
2026-08-20T10:00:00+08:00,Asia/Shanghai,MS1104403040000543,(市)香梅莲花路口,0.0,0.0,2,2,good,22.559401296538805,114.04793087126708,深圳市水务局开放平台·积涝点水位
2026-08-20T10:00:00+08:00,Asia/Shanghai,MS1104403040000558,(市)信托花园,0.0,0.0,15,15,good,,,深圳市水务局开放平台·积涝点水位
2026-08-20T10:00:00+08:00,Asia/Shanghai,MS1104403040000562,(市)上步红荔路口,0.0,0.0,2,2,good,22.550171284097686,114.05891535550717,深圳市水务局开放平台·积涝点水位
2026-08-20T10:00:00+08:00,Asia/Shanghai,MS1104403040000577,(市)深南皇岗立交桥与皇岗路交汇处,0.0,0.0,13,13,good,22.552167188223326,114.06774281249497,深圳市水务局开放平台·积涝点水位
2026-08-20T10:00:00+08:00,Asia/Shanghai,MS1104403040000581,(市)北环大道与梅林路交汇处,0.0,0.0,2,2,good,22.55966775704351,113.99344633894496,深圳市水务局开放平台·积涝点水位
2026-08-20T10:00:00+08:00,Asia/Shanghai,MS1104403040000596,(市)侨香路香梅社区,0.0,0.0,2,2,good,22.55158384619422,114.00624803762132,深圳市水务局开放平台·积涝点水位
2026-08-20T10:00:00+08:00,Asia/Shanghai,MS1104403040000600,(市)侨香路香安社区,0.0,0.0,2,2,good,22.55158384619422,114.00624803762132,深圳市水务局开放平台·积涝点水位
2026-08-20T10:00:00+08:00,Asia/Shanghai,MS1104403040000615,(市)市民中心,0.0,0.0,2,2,good,,,深圳市水务局开放平台·积涝点水位
2026-08-20T10:00:00+08:00,Asia/Shanghai,MS110440304000062X,(市)民田路深圳证券交易所,0.0,0.0,13,13,good,22.53903429826115,114.04781278730138,深圳市水务局开放平台·积涝点水位
2026-08-20T10:00:00+08:00,Asia/Shanghai,MS1104403040000634,(市)燃气集团股份有限公司梅林 LNG安全应急气化站,0.0,0.0,13,13,good,,,深圳市水务局开放平台·积涝点水位
2026-08-20T10:00:00+08:00,Asia/Shanghai,MS1104403040000649,(市)深南大道车公庙交通枢纽段,0.0041,0.01,17,17,good,22.5420797706313,113.9753640727562,深圳市水务局开放平台·积涝点水位
2026-08-20T10:00:00+08:00,Asia/Shanghai,MS1104403050000118,(市)月亮湾大道与前湾三路交叉口,0.0,0.0,2,2,good,22.511993391395155,113.8903078293519,深圳市水务局开放平台·积涝点水位
2026-08-20T10:00:00+08:00,Asia/Shanghai,MS1104403050000122,(市)南山大道深意工业大厦段,0.01,0.01,60,60,good,22.540721694789013,113.9181638130031,深圳市水务局开放平台·积涝点水位
2026-08-20T10:00:00+08:00,Asia/Shanghai,MS1104403050000137,(市)南山大道与登良路交叉口,0.0,0.0,2,2,good,22.540721694789013,113.9181638130031,深圳市水务局开放平台·积涝点水位
2026-08-20T10:00:00+08:00,Asia/Shanghai,MS1104403050000141,(市)南新路北头豪苑,0.0,0.0,2,2,good,22.535707366852186,113.92452459612443,深圳市水务局开放平台·积涝点水位
2026-08-20T10:00:00+08:00,Asia/Shanghai,MS1104403050000156,(市)滨海大道与南山大道交叉口,0.0,0.0,2,2,good,22.579823080041088,114.10123773351275,深圳市水务局开放平台·积涝点水位
2026-08-20T10:00:00+08:00,Asia/Shanghai,MS1104403050000160,(市)桃园路与南新路交叉口,0.0,0.0,2,2,good,22.535395972003414,113.91852837514443,深圳市水务局开放平台·积涝点水位
2026-08-20T10:00:00+08:00,Asia/Shanghai,MS1104403050000175,(市)后海大道与登良路交叉口,0.0,0.0,13,13,good,22.51179221810604,113.92884393579894,深圳市水务局开放平台·积涝点水位
2026-08-20T10:00:00+08:00,Asia/Shanghai,MS110440305000018X,(市)后海大道港湾创业大厦,0.0,0.0,13,13,good,22.51179221810604,113.92884393579894,深圳市水务局开放平台·积涝点水位
2026-08-20T10:00:00+08:00,Asia/Shanghai,MS1104403050000194,(市)深南大道高新园地铁 AD 口,0.0,0.0,12,12,good,22.5420797706313,113.9753640727562,深圳市水务局开放平台·积涝点水位
2026-08-20T10:00:00+08:00,Asia/Shanghai,MS1104403050000209,(市)深圳湾口岸,0.0,0.0,2,2,good,,,深圳市水务局开放平台·积涝点水位
2026-08-20T10:00:00+08:00,Asia/Shanghai,MS1104403050000213,(市)前湾公园地铁站 A 出入口,0.0,0.0,13,13,good,,,深圳市水务局开放平台·积涝点水位
2026-08-20T10:00:00+08:00,Asia/Shanghai,MS1104403050000228,(市)粤海门地铁站 D2 出入口,0.0,0.0,13,13,good,,,深圳市水务局开放平台·积涝点水位
2026-08-20T10:00:00+08:00,Asia/Shanghai,MS1104403050000232,(市)桂庙路地下道路,0.0,0.0,13,13,good,22.52643977555155,113.91686609460196,深圳市水务局开放平台·积涝点水位
2026-08-20T10:00:00+08:00,Asia/Shanghai,MS1104403050000247,(市)国家超级计算深圳中心,0.0,0.0,21,21,good,,,深圳市水务局开放平台·积涝点水位
2026-08-20T10:00:00+08:00,Asia/Shanghai,MS110440306000029X,(市)辛养旧村辛居路,0.0,0.0,2,2,good,,,深圳市水务局开放平台·积涝点水位
2026-08-20T10:00:00+08:00,Asia/Shanghai,MS1104403060000304,(市)山门第三工业区,0.0,0.0,2,2,good,,,深圳市水务局开放平台·积涝点水位
2026-08-20T10:00:00+08:00,Asia/Shanghai,MS1104403060000319,(市)前进一路上川路口,0.0,0.0,12,12,good,22.57118007860348,113.90008995469552,深圳市水务局开放平台·积涝点水位
2026-08-20T10:00:00+08:00,Asia/Shanghai,MS1104403060000323,(市)洪浪北地铁站,0.0,0.0,13,13,good,,,深圳市水务局开放平台·积涝点水位
2026-08-20T10:00:00+08:00,Asia/Shanghai,MS1104403060000338,(市)东风幼儿园,0.0,0.0,2,2,good,,,深圳市水务局开放平台·积涝点水位
2026-08-20T10:00:00+08:00,Asia/Shanghai,MS1104403060000342,(市)海乐41区,0.0,0.0,2,2,good,,,深圳市水务局开放平台·积涝点水位
2026-08-20T10:00:00+08:00,Asia/Shanghai,MS1104403060000357,(市)前进二路,0.0,0.0,2,2,good,22.597482662679273,113.87435005513986,深圳市水务局开放平台·积涝点水位
2026-08-20T10:00:00+08:00,Asia/Shanghai,MS1104403060000361,(市)园岭商场,0.0,0.0,13,13,good,,,深圳市水务局开放平台·积涝点水位
2026-08-20T10:00:00+08:00,Asia/Shanghai,MS1104403060000376,(市)新圳西路万佳商场段,0.0,0.0,5,5,good,22.56349644,113.89998969999999,深圳市水务局开放平台·积涝点水位
2026-08-20T10:00:00+08:00,Asia/Shanghai,MS1104403060000380,(市)北环路与爱群路路口,0.0,0.0,13,13,good,22.79634568700108,114.39897783430258,深圳市水务局开放平台·积涝点水位
2026-08-20T10:00:00+08:00,Asia/Shanghai,MS1104403060000395,(市)宝安区幸福路与恒珠一路,0.0,0.0,2,2,good,,,深圳市水务局开放平台·积涝点水位
2026-08-20T10:00:00+08:00,Asia/Shanghai,MS110440306000040X,(市)宝安区勋业街,0.0,0.0,2,2,good,,,深圳市水务局开放平台·积涝点水位
2026-08-20T10:00:00+08:00,Asia/Shanghai,MS1104403060000414,(市)宝安区福和路西六巷,0.0,0.0,13,13,good,22.75496986065163,113.7975587837876,深圳市水务局开放平台·积涝点水位
2026-08-20T10:00:00+08:00,Asia/Shanghai,MS1104403060000429,(市)民福路与创新路交叉口,0.0,0.0,13,13,good,22.77931941488889,113.82386091368804,深圳市水务局开放平台·积涝点水位
2026-08-20T10:00:00+08:00,Asia/Shanghai,MS1104403060000433,(市)金沙二路与民福路交叉口,0.0,0.0,2,2,good,22.731531574999998,113.800096525,深圳市水务局开放平台·积涝点水位
2026-08-20T10:00:00+08:00,Asia/Shanghai,MS1104403060000448,(市)宝安区沙井西环路正科时代,0.0,0.0,2,2,good,22.658437552805964,113.96411546099013,深圳市水务局开放平台·积涝点水位
2026-08-20T10:00:00+08:00,Asia/Shanghai,MS1104403060000452,(市)宝源路固戍海滨公园,0.0,0.0,13,13,good,22.58668431255461,113.84584894450396,深圳市水务局开放平台·积涝点水位
2026-08-20T10:00:00+08:00,Asia/Shanghai,MS1104403060000467,(市)海雅缤纷城,0.0054,0.01,37,37,good,,,深圳市水务局开放平台·积涝点水位
2026-08-20T10:00:00+08:00,Asia/Shanghai,MS1104403060000471,(市)万达广场,0.0,0.0,2,2,good,,,深圳市水务局开放平台·积涝点水位
2026-08-20T10:00:00+08:00,Asia/Shanghai,MS1104403060000486,(市)固戍地铁站 A/F 出入口,0.0,0.0,13,13,good,,,深圳市水务局开放平台·积涝点水位
2026-08-20T10:00:00+08:00,Asia/Shanghai,MS1104403060000490,(市)碧海湾地铁站 B 出入口,0.0,0.0,13,13,good,,,深圳市水务局开放平台·积涝点水位
2026-08-20T10:00:00+08:00,Asia/Shanghai,MS1104403060000505,(市)海天路地下隧道,0.0,0.0,13,13,good,22.549962987088094,113.87889692546018,深圳市水务局开放平台·积涝点水位
2026-08-20T10:00:00+08:00,Asia/Shanghai,MS1104403070000175,(市)龙平西路新秀社区公园,0.0,0.0,2,2,good,22.731009781031894,114.22605984524496,深圳市水务局开放平台·积涝点水位
2026-08-20T10:00:00+08:00,Asia/Shanghai,MS110440307000018X,(市)如意路广发银行奥林支行,0.0,0.0,13,13,good,22.697841456213258,114.19931100734046,深圳市水务局开放平台·积涝点水位
2026-08-20T10:00:00+08:00,Asia/Shanghai,MS1104403070000194,(市)龙翔大道与龙城大道交汇处,0.0,0.0,13,13,good,22.708452173199664,114.22855732448205,深圳市水务局开放平台·积涝点水位
2026-08-20T10:00:00+08:00,Asia/Shanghai,MS1104403070000209,(市)龙城大道与龙平东路交汇处,0.0,0.0,12,12,good,22.734070392016967,114.26268655089929,深圳市水务局开放平台·积涝点水位
2026-08-20T10:00:00+08:00,Asia/Shanghai,MS1104403070000213,(市)龙西中路与盐龙大道交汇处,0.0,0.0,13,13,good,22.75103177856142,114.25588661241065,深圳市水务局开放平台·积涝点水位
2026-08-20T10:00:00+08:00,Asia/Shanghai,MS1104403070000228,(市)爱南路与深汕公路交汇处,0.0,0.0,12,12,good,22.709133830928806,114.31382413715897,深圳市水务局开放平台·积涝点水位
2026-08-20T10:00:00+08:00,Asia/Shanghai,MS1104403070000232,(市)园新路与乐园路交汇处,0.0,0.0,13,13,good,22.714932425,114.3001758,深圳市水务局开放平台·积涝点水位
2026-08-20T10:00:00+08:00,Asia/Shanghai,MS1104403070000247,(市)长深高速四方埔社区,0.0,0.0,2,2,good,22.785453209312927,114.3238491191703,深圳市水务局开放平台·积涝点水位
2026-08-20T10:00:00+08:00,Asia/Shanghai,MS1104403070000251,(市)龙岗区政府,0.0,0.0,13,13,good,,,深圳市水务局开放平台·积涝点水位
2026-08-20T10:00:00+08:00,Asia/Shanghai,MS1104403070000266,(市)五和地铁站H出入口,0.0,0.0,13,13,good,,,深圳市水务局开放平台·积涝点水位
2026-08-20T10:00:00+08:00,Asia/Shanghai,MS1104403070000270,(市)长龙地铁站C2出入口,0.0,0.0,2,2,good,,,深圳市水务局开放平台·积涝点水位
2026-08-20T10:00:00+08:00,Asia/Shanghai,MS1104403070000285,(市)育贤学校、童星幼儿园,0.0,0.0,13,13,good,,,深圳市水务局开放平台·积涝点水位
2026-08-20T10:00:00+08:00,Asia/Shanghai,MS110440307000029X,(市)深圳远东妇产医院,0.0,0.0,13,13,good,,,深圳市水务局开放平台·积涝点水位
2026-08-20T10:00:00+08:00,Asia/Shanghai,MS1104403070000304,(市)英才学校,0.0,0.0,13,13,good,,,深圳市水务局开放平台·积涝点水位
2026-08-20T10:00:00+08:00,Asia/Shanghai,MS1104403070000319,(市)吉榕路桥洞,0.0,0.0,12,12,good,,,深圳市水务局开放平台·积涝点水位
2026-08-20T10:00:00+08:00,Asia/Shanghai,MS1104403070000323,(市)京南路,0.0,0.0,2,2,good,22.602818284523806,114.12130894517196,深圳市水务局开放平台·积涝点水位
2026-08-20T10:00:00+08:00,Asia/Shanghai,MS1104403070000338,(市)布澜路国芬路口,0.0,0.0,2,2,good,22.635311170786817,114.12784150313183,深圳市水务局开放平台·积涝点水位
2026-08-20T10:00:00+08:00,Asia/Shanghai,MS1104403070000342,(市)布吉站（深圳东站）,0.0,0.0,2,2,good,,,深圳市水务局开放平台·积涝点水位
2026-08-20T10:00:00+08:00,Asia/Shanghai,MS1104403080000012,(市)金融路海涛路口片区,0.0,0.0,13,13,good,22.553642038690473,114.22939035281746,深圳市水务局开放平台·积涝点水位
2026-08-20T10:00:00+08:00,Asia/Shanghai,MS1104403080000027,(市)沙头角口岸小区,0.0,0.0,13,13,good,,,深圳市水务局开放平台·积涝点水位
2026-08-20T10:00:00+08:00,Asia/Shanghai,MS1104403080000031,(市)桥东街小区,0.0,0.0,13,13,good,,,深圳市水务局开放平台·积涝点水位
2026-08-20T10:00:00+08:00,Asia/Shanghai,MS1104403090000065,(市)泗黎路凹背社区富坑社区,0.0,0.0,2,2,good,22.753687171367037,114.03385655648283,深圳市水务局开放平台·积涝点水位
2026-08-20T10:00:00+08:00,Asia/Shanghai,MS110440309000007X,(市)银星科技园,0.0,0.0,2,2,good,,,深圳市水务局开放平台·积涝点水位
2026-08-20T10:00:00+08:00,Asia/Shanghai,MS1104403090000084,(市)观光路与福前路交汇处,0.0,0.0,2,2,good,22.733179257314486,114.01274963079653,深圳市水务局开放平台·积涝点水位
2026-08-20T10:00:00+08:00,Asia/Shanghai,MS1104403090000099,(市)三联社区,0.0172,0.05,25,25,good,,,深圳市水务局开放平台·积涝点水位
2026-08-20T10:00:00+08:00,Asia/Shanghai,MS1104403090000103,(市)布龙路与五和大道交汇处,0.0,0.0,13,13,good,22.646750702555874,114.02665721385576,深圳市水务局开放平台·积涝点水位
2026-08-20T10:00:00+08:00,Asia/Shanghai,MS1104403090000118,(市)新区大道深圳北站,0.0,0.0,18,18,good,22.624351465560785,114.01682556681699,深圳市水务局开放平台·积涝点水位
2026-08-20T10:00:00+08:00,Asia/Shanghai,MS1104403090000122,(市)龙华壹方成,0.0,0.0,13,13,good,,,深圳市水务局开放平台·积涝点水位
2026-08-20T10:00:00+08:00,Asia/Shanghai,MS1104403090000137,(市)昌茂二路,0.0,0.0,13,13,good,,,深圳市水务局开放平台·积涝点水位
2026-08-20T10:00:00+08:00,Asia/Shanghai,MS1104403090000141,(市)大浪新围街大船坑市场段,0.0,0.0,13,13,good,22.692058934615382,113.9964102346154,深圳市水务局开放平台·积涝点水位
2026-08-20T10:00:00+08:00,Asia/Shanghai,MS1104403100000028,(市)坪山法院门口,0.0,0.0,2,2,good,,,深圳市水务局开放平台·积涝点水位
2026-08-20T10:00:00+08:00,Asia/Shanghai,MS1104403100000032,(市)秀沙路比亚迪厂门前,0.0,0.0,13,13,good,22.767995359829058,114.39900074224022,深圳市水务局开放平台·积涝点水位
2026-08-20T10:00:00+08:00,Asia/Shanghai,MS1104403100000047,(市)群代路金泰航科技,0.01,0.01,61,61,good,,,深圳市水务局开放平台·积涝点水位
2026-08-20T10:00:00+08:00,Asia/Shanghai,MS1104403100000051,(市)三洋湖路三洋湖新区小区,0.0,0.0,13,13,good,,,深圳市水务局开放平台·积涝点水位
2026-08-20T10:00:00+08:00,Asia/Shanghai,MS1104403100000066,(市)文化中心地铁站,0.0,0.0,11,11,good,,,深圳市水务局开放平台·积涝点水位
2026-08-20T10:00:00+08:00,Asia/Shanghai,MS1104403110000597,(市)东长路外环高速长圳入口,0.0,0.0,12,12,good,22.747509018088216,113.91221411091422,深圳市水务局开放平台·积涝点水位
2026-08-20T10:00:00+08:00,Asia/Shanghai,MS1104403110000601,(市)光侨雅苑,0.0,0.0,2,2,good,,,深圳市水务局开放平台·积涝点水位
2026-08-20T10:00:00+08:00,Asia/Shanghai,MS1104403110000616,(市)同观路与汇融路交叉口,0.0,0.0,2,2,good,22.734039598507852,113.91441943299901,深圳市水务局开放平台·积涝点水位
2026-08-20T10:00:00+08:00,Asia/Shanghai,MS1104403110000620,(市)松白路松茂御城段,0.0,0.0,2,2,good,22.731110627923336,113.894856941127,深圳市水务局开放平台·积涝点水位
2026-08-20T10:00:00+08:00,Asia/Shanghai,MS1104403110000635,(市)公常路与环村路交叉口,0.0,0.0,13,13,good,22.826648407959507,113.95688701032125,深圳市水务局开放平台·积涝点水位
2026-08-20T10:00:00+08:00,Asia/Shanghai,MS110440311000064X,(市)光明区高级中学,0.0,0.0,2,2,good,,,深圳市水务局开放平台·积涝点水位
2026-08-20T10:00:00+08:00,Asia/Shanghai,MS1104403120000032,(市)大鹏液化天然气有限公司深圳接收站,0.0,0.0,13,13,good,,,深圳市水务局开放平台·积涝点水位
2026-08-20T11:00:00+08:00,Asia/Shanghai,9281192001,(市)平湖火车隧道口,0.0,0.0,13,13,good,,,深圳市水务局开放平台·积涝点水位
2026-08-20T11:00:00+08:00,Asia/Shanghai,9281192002,(市)新木路广深铁路桥底,0.0,0.0,12,12,good,22.6674177472887,114.13210195018992,深圳市水务局开放平台·积涝点水位
2026-08-20T11:00:00+08:00,Asia/Shanghai,9281192003,(市)新木路新围仔村路口,0.0,0.0,14,14,good,22.6674177472887,114.13210195018992,深圳市水务局开放平台·积涝点水位
2026-08-20T11:00:00+08:00,Asia/Shanghai,9281192004,(市)布李路富民城段,0.0,0.0,13,13,good,22.618912574166664,114.11654044833332,深圳市水务局开放平台·积涝点水位
2026-08-20T11:00:00+08:00,Asia/Shanghai,9281192005,(市)龙博路,0.01,0.01,61,61,good,22.62797037826087,114.10927237391306,深圳市水务局开放平台·积涝点水位
2026-08-20T11:00:00+08:00,Asia/Shanghai,9281192006,(市)五和大道四季花城,0.0,0.0,15,15,good,22.65976725256875,114.05975735653944,深圳市水务局开放平台·积涝点水位
2026-08-20T11:00:00+08:00,Asia/Shanghai,9281192008,(市)南联第六工业区桥洞,0.0,0.0,13,13,good,,,深圳市水务局开放平台·积涝点水位
2026-08-20T11:00:00+08:00,Asia/Shanghai,9281192009,(市)新坡塘村新坡塘积水点,0.0,0.0,13,13,good,,,深圳市水务局开放平台·积涝点水位
2026-08-20T11:00:00+08:00,Asia/Shanghai,9281192010,(市)安良六村安业路与安居路交汇处,0.0,0.0,13,13,good,,,深圳市水务局开放平台·积涝点水位
2026-08-20T11:00:00+08:00,Asia/Shanghai,9281192011,(市)松元头,0.0071,0.01,52,52,good,,,深圳市水务局开放平台·积涝点水位
2026-08-20T11:00:00+08:00,Asia/Shanghai,9281192012,(市)湖南立交,0.0,0.0,13,13,good,,,深圳市水务局开放平台·积涝点水位
2026-08-20T11:00:00+08:00,Asia/Shanghai,9281192013,(市)高背路惠盐高速桥洞积水点,0.0,0.0,12,12,good,,,深圳市水务局开放平台·积涝点水位
2026-08-20T11:00:00+08:00,Asia/Shanghai,9281192014,(市)鹤坑桥洞,0.0,0.0,13,13,good,,,深圳市水务局开放平台·积涝点水位
2026-08-20T11:00:00+08:00,Asia/Shanghai,9281192015,(市)安良社区沿河一路疏港铁路桥洞,0.0,0.0,13,13,good,22.73162335,114.107919,深圳市水务局开放平台·积涝点水位
2026-08-20T11:00:00+08:00,Asia/Shanghai,9281192016,(市)宝荷路中新加油站对面,0.0,0.0,13,13,good,22.694796752516076,114.25970116268519,深圳市水务局开放平台·积涝点水位
2026-08-20T11:00:00+08:00,Asia/Shanghai,9281192017,(市)环观南路与观平路交汇处,0.0,0.0,12,12,good,22.705673908780923,114.07279441765539,深圳市水务局开放平台·积涝点水位
2026-08-20T11:00:00+08:00,Asia/Shanghai,9281192018,(市)龙华大道库坑天桥段,0.0,0.0,13,13,good,22.669745856798677,114.03752701836405,深圳市水务局开放平台·积涝点水位
2026-08-20T11:00:00+08:00,Asia/Shanghai,9281192019,(市)福龙路高铁桥下简上段,0.0,0.0,18,18,good,22.61964472178257,114.00080097044238,深圳市水务局开放平台·积涝点水位
2026-08-20T11:00:00+08:00,Asia/Shanghai,9281192020,(市)工业路壹成中心段,0.01,0.01,62,62,good,22.648754971805,114.02570221318598,深圳市水务局开放平台·积涝点水位
2026-08-20T11:00:00+08:00,Asia/Shanghai,9281192021,(市)东环一路和平路交汇处,0.0,0.0,13,13,good,22.65040479515617,114.03284713758192,深圳市水务局开放平台·积涝点水位
2026-08-20T11:00:00+08:00,Asia/Shanghai,9281192022,(市)龙田社区大水湾,0.0,0.0,13,13,good,,,深圳市水务局开放平台·积涝点水位
2026-08-20T11:00:00+08:00,Asia/Shanghai,9281292001,(市)滨河皇岗立交桥洞,0.0,0.0,13,13,good,,,深圳市水务局开放平台·积涝点水位
2026-08-20T11:00:00+08:00,Asia/Shanghai,9281292002,(市)广深高速桥下滨海大道北侧辅道,0.01,0.01,64,64,good,22.579823080041088,114.10123773351275,深圳市水务局开放平台·积涝点水位
2026-08-20T11:00:00+08:00,Asia/Shanghai,9281292003,(市)福田区竹子林立交下穿通道,0.0,0.0,13,13,good,,,深圳市水务局开放平台·积涝点水位
2026-08-20T11:00:00+08:00,Asia/Shanghai,9281292004,(市)滨河益田立交桥洞,0.0,0.0,13,13,good,,,深圳市水务局开放平台·积涝点水位
2026-08-20T11:00:00+08:00,Asia/Shanghai,9281292005,(市)深南新洲一号立交桥洞,0.0,0.0,13,13,good,,,深圳市水务局开放平台·积涝点水位
2026-08-20T11:00:00+08:00,Asia/Shanghai,9281292006,(市)北环新洲立交东南角辅道,0.0,0.0,13,13,good,,,深圳市水务局开放平台·积涝点水位
2026-08-20T11:00:00+08:00,Asia/Shanghai,9281292007,(市)107国道新安段(裕安加油站),0.0,0.0,13,13,good,22.55254164883845,113.90816500450731,深圳市水务局开放平台·积涝点水位
2026-08-20T11:00:00+08:00,Asia/Shanghai,9281292008,洲石路鹤洲桥底（市）,0.0,0.0,13,13,good,22.651019027149744,113.88061107664711,深圳市水务局开放平台·积涝点水位
2026-08-20T11:00:00+08:00,Asia/Shanghai,9281292009,(市)帝堂路（锦程路以西段）,0.0,0.0,11,11,good,22.70987723506993,113.7784856087664,深圳市水务局开放平台·积涝点水位
2026-08-20T11:00:00+08:00,Asia/Shanghai,9281292010,(市)上星南路与中心路丽沙花都,0.0,0.0,13,13,good,22.502209013854387,113.93734688972145,深圳市水务局开放平台·积涝点水位
2026-08-20T11:00:00+08:00,Asia/Shanghai,9281292011,(市)外环路广深高速新桥立交,0.0,0.0,25,25,good,22.736379220337216,113.84591188570887,深圳市水务局开放平台·积涝点水位
2026-08-20T11:00:00+08:00,Asia/Shanghai,9281292012,(市)固戍海滨新村文昌阁,0.0,0.0,13,13,good,,,深圳市水务局开放平台·积涝点水位
2026-08-20T11:00:00+08:00,Asia/Shanghai,9281292013,(市)宝安大道固戍地铁站,0.0,0.0,13,13,good,22.64678387472509,113.8417801892837,深圳市水务局开放平台·积涝点水位
2026-08-20T11:00:00+08:00,Asia/Shanghai,9281292014,(市)G107国道南行固戍大门,0.0,0.0,13,13,good,22.55254164883845,113.90816500450731,深圳市水务局开放平台·积涝点水位
2026-08-20T11:00:00+08:00,Asia/Shanghai,9281292015,(市)东环大道松宝大道段,0.0,0.0,13,13,good,,,深圳市水务局开放平台·积涝点水位
2026-08-20T11:00:00+08:00,Asia/Shanghai,9281292016,(市)长凤路龙大高速桥底,0.0,0.0,12,12,good,22.775734215738417,113.91156092305157,深圳市水务局开放平台·积涝点水位
2026-08-20T11:00:00+08:00,Asia/Shanghai,9281292017,(市)圳美同富裕工业区,0.0,0.0,13,13,good,,,深圳市水务局开放平台·积涝点水位
2026-08-20T11:00:00+08:00,Asia/Shanghai,9281292018,(市)根玉路东方大道交汇处,0.0,0.0,11,11,good,22.763216165633853,113.85149341983029,深圳市水务局开放平台·积涝点水位
2026-08-20T11:00:00+08:00,Asia/Shanghai,9281292019,(市)上村社区龙大桥底,0.0,0.0,13,13,good,,,深圳市水务局开放平台·积涝点水位
2026-08-20T11:00:00+08:00,Asia/Shanghai,9281292020,(市)马山头社区上石家路通兴路交汇处,0.0,0.0,13,13,good,22.763999933333334,113.8915635138889,深圳市水务局开放平台·积涝点水位
2026-08-20T11:00:00+08:00,Asia/Shanghai,9281292021,(市)临海大道海关保税区,0.0,0.0,13,13,good,22.53399911521491,113.88871009435005,深圳市水务局开放平台·积涝点水位
2026-08-20T11:00:00+08:00,Asia/Shanghai,9281292022,(市)南山大道南行亿利达村段,0.0104,0.02,69,69,good,22.540721694789013,113.9181638130031,深圳市水务局开放平台·积涝点水位
2026-08-20T11:00:00+08:00,Asia/Shanghai,9281292023,(市)东滨路南行华联城市山林花园段,0.0,0.0,13,13,good,22.51106546682151,113.92212734316605,深圳市水务局开放平台·积涝点水位
2026-08-20T11:00:00+08:00,Asia/Shanghai,9281292024,(市)深圳湾东滨路与中心路交叉口,0.0,0.0,10,10,good,22.51106546682151,113.92212734316605,深圳市水务局开放平台·积涝点水位
2026-08-20T11:00:00+08:00,Asia/Shanghai,MS1104403030000228,(市)红岗公园,0.0,0.0,2,2,good,,,深圳市水务局开放平台·积涝点水位
2026-08-20T11:00:00+08:00,Asia/Shanghai,MS1104403030000232,(市)沿河南路文锦路社区,0.0,0.0,16,16,good,22.550252268776845,114.11444108979862,深圳市水务局开放平台·积涝点水位
2026-08-20T11:00:00+08:00,Asia/Shanghai,MS1104403030000247,(市)深南东路黄贝岭,0.0,0.0,13,13,good,22.54661746874732,114.11811396992493,深圳市水务局开放平台·积涝点水位
2026-08-20T11:00:00+08:00,Asia/Shanghai,MS1104403030000251,(市)滨河上步立交桥,0.0,0.0,2,2,good,,,深圳市水务局开放平台·积涝点水位
2026-08-20T11:00:00+08:00,Asia/Shanghai,MS1104403030000266,(市)罗湖火车站,0.0,0.0,13,13,good,,,深圳市水务局开放平台·积涝点水位
2026-08-20T11:00:00+08:00,Asia/Shanghai,MS1104403030000270,(市)罗湖区委,0.0,0.0,2,2,good,,,深圳市水务局开放平台·积涝点水位
2026-08-20T11:00:00+08:00,Asia/Shanghai,MS1104403030000285,(市)万象城,0.01,0.01,61,61,good,,,深圳市水务局开放平台·积涝点水位
2026-08-20T11:00:00+08:00,Asia/Shanghai,MS110440303000029X,(市)洪湖地铁站D出入口,0.0083,0.01,12,12,good,,,深圳市水务局开放平台·积涝点水位
2026-08-20T11:00:00+08:00,Asia/Shanghai,MS1104403030000304,(市)东湖路,0.0069,0.01,26,26,good,22.582822583699635,114.1345991945055,深圳市水务局开放平台·积涝点水位
2026-08-20T11:00:00+08:00,Asia/Shanghai,MS1104403030000319,(市)桂园片区,0.0,0.0,13,13,good,,,深圳市水务局开放平台·积涝点水位
2026-08-20T11:00:00+08:00,Asia/Shanghai,MS1104403030000323,(市)晒布路与东门中路交汇处,0.01,0.01,62,62,good,22.551568716163253,114.1183832504732,深圳市水务局开放平台·积涝点水位
2026-08-20T11:00:00+08:00,Asia/Shanghai,MS1104403030000338,(市)东湖公园爱国路与太宁路路口,0.0,0.0,13,13,good,22.563633808974675,114.13329390192719,深圳市水务局开放平台·积涝点水位
2026-08-20T11:00:00+08:00,Asia/Shanghai,MS1104403030000342,(市)文锦渡口岸,0.0,0.0,2,2,good,,,深圳市水务局开放平台·积涝点水位
2026-08-20T11:00:00+08:00,Asia/Shanghai,MS1104403040000543,(市)香梅莲花路口,0.0,0.0,2,2,good,22.559401296538805,114.04793087126708,深圳市水务局开放平台·积涝点水位
2026-08-20T11:00:00+08:00,Asia/Shanghai,MS1104403040000558,(市)信托花园,0.0,0.0,17,17,good,,,深圳市水务局开放平台·积涝点水位
2026-08-20T11:00:00+08:00,Asia/Shanghai,MS1104403040000562,(市)上步红荔路口,0.0,0.0,2,2,good,22.550171284097686,114.05891535550717,深圳市水务局开放平台·积涝点水位
2026-08-20T11:00:00+08:00,Asia/Shanghai,MS1104403040000577,(市)深南皇岗立交桥与皇岗路交汇处,0.0,0.0,13,13,good,22.552167188223326,114.06774281249497,深圳市水务局开放平台·积涝点水位
2026-08-20T11:00:00+08:00,Asia/Shanghai,MS1104403040000581,(市)北环大道与梅林路交汇处,0.0,0.0,2,2,good,22.55966775704351,113.99344633894496,深圳市水务局开放平台·积涝点水位
2026-08-20T11:00:00+08:00,Asia/Shanghai,MS1104403040000596,(市)侨香路香梅社区,0.006,0.01,5,5,good,22.55158384619422,114.00624803762132,深圳市水务局开放平台·积涝点水位
2026-08-20T11:00:00+08:00,Asia/Shanghai,MS1104403040000600,(市)侨香路香安社区,0.0,0.0,2,2,good,22.55158384619422,114.00624803762132,深圳市水务局开放平台·积涝点水位
2026-08-20T11:00:00+08:00,Asia/Shanghai,MS1104403040000615,(市)市民中心,0.0,0.0,2,2,good,,,深圳市水务局开放平台·积涝点水位
2026-08-20T11:00:00+08:00,Asia/Shanghai,MS110440304000062X,(市)民田路深圳证券交易所,0.0,0.0,13,13,good,22.53903429826115,114.04781278730138,深圳市水务局开放平台·积涝点水位
2026-08-20T11:00:00+08:00,Asia/Shanghai,MS1104403040000634,(市)燃气集团股份有限公司梅林 LNG安全应急气化站,0.0,0.0,12,12,good,,,深圳市水务局开放平台·积涝点水位
2026-08-20T11:00:00+08:00,Asia/Shanghai,MS1104403040000649,(市)深南大道车公庙交通枢纽段,0.0037,0.01,30,30,good,22.5420797706313,113.9753640727562,深圳市水务局开放平台·积涝点水位
2026-08-20T11:00:00+08:00,Asia/Shanghai,MS1104403050000118,(市)月亮湾大道与前湾三路交叉口,0.0,0.0,2,2,good,22.511993391395155,113.8903078293519,深圳市水务局开放平台·积涝点水位
2026-08-20T11:00:00+08:00,Asia/Shanghai,MS1104403050000122,(市)南山大道深意工业大厦段,0.01,0.01,61,61,good,22.540721694789013,113.9181638130031,深圳市水务局开放平台·积涝点水位
2026-08-20T11:00:00+08:00,Asia/Shanghai,MS1104403050000137,(市)南山大道与登良路交叉口,0.0,0.0,2,2,good,22.540721694789013,113.9181638130031,深圳市水务局开放平台·积涝点水位
2026-08-20T11:00:00+08:00,Asia/Shanghai,MS1104403050000141,(市)南新路北头豪苑,0.0,0.0,2,2,good,22.535707366852186,113.92452459612443,深圳市水务局开放平台·积涝点水位
2026-08-20T11:00:00+08:00,Asia/Shanghai,MS1104403050000156,(市)滨海大道与南山大道交叉口,0.0115,0.02,47,47,good,22.579823080041088,114.10123773351275,深圳市水务局开放平台·积涝点水位
2026-08-20T11:00:00+08:00,Asia/Shanghai,MS1104403050000160,(市)桃园路与南新路交叉口,0.0,0.0,2,2,good,22.535395972003414,113.91852837514443,深圳市水务局开放平台·积涝点水位
2026-08-20T11:00:00+08:00,Asia/Shanghai,MS1104403050000175,(市)后海大道与登良路交叉口,0.0,0.0,17,17,good,22.51179221810604,113.92884393579894,深圳市水务局开放平台·积涝点水位
2026-08-20T11:00:00+08:00,Asia/Shanghai,MS110440305000018X,(市)后海大道港湾创业大厦,0.0,0.0,13,13,good,22.51179221810604,113.92884393579894,深圳市水务局开放平台·积涝点水位
2026-08-20T11:00:00+08:00,Asia/Shanghai,MS1104403050000194,(市)深南大道高新园地铁 AD 口,0.0,0.0,13,13,good,22.5420797706313,113.9753640727562,深圳市水务局开放平台·积涝点水位
2026-08-20T11:00:00+08:00,Asia/Shanghai,MS1104403050000209,(市)深圳湾口岸,0.0,0.0,2,2,good,,,深圳市水务局开放平台·积涝点水位
2026-08-20T11:00:00+08:00,Asia/Shanghai,MS1104403050000213,(市)前湾公园地铁站 A 出入口,0.0,0.0,13,13,good,,,深圳市水务局开放平台·积涝点水位
2026-08-20T11:00:00+08:00,Asia/Shanghai,MS1104403050000228,(市)粤海门地铁站 D2 出入口,0.0,0.0,12,12,good,,,深圳市水务局开放平台·积涝点水位
2026-08-20T11:00:00+08:00,Asia/Shanghai,MS1104403050000232,(市)桂庙路地下道路,0.0,0.0,13,13,good,22.52643977555155,113.91686609460196,深圳市水务局开放平台·积涝点水位
2026-08-20T11:00:00+08:00,Asia/Shanghai,MS1104403050000247,(市)国家超级计算深圳中心,0.0,0.0,13,13,good,,,深圳市水务局开放平台·积涝点水位
2026-08-20T11:00:00+08:00,Asia/Shanghai,MS110440306000029X,(市)辛养旧村辛居路,0.0,0.0,2,2,good,,,深圳市水务局开放平台·积涝点水位
2026-08-20T11:00:00+08:00,Asia/Shanghai,MS1104403060000304,(市)山门第三工业区,0.0,0.0,2,2,good,,,深圳市水务局开放平台·积涝点水位
2026-08-20T11:00:00+08:00,Asia/Shanghai,MS1104403060000319,(市)前进一路上川路口,0.0,0.0,13,13,good,22.57118007860348,113.90008995469552,深圳市水务局开放平台·积涝点水位
2026-08-20T11:00:00+08:00,Asia/Shanghai,MS1104403060000323,(市)洪浪北地铁站,0.0,0.0,13,13,good,,,深圳市水务局开放平台·积涝点水位
2026-08-20T11:00:00+08:00,Asia/Shanghai,MS1104403060000338,(市)东风幼儿园,0.0,0.0,2,2,good,,,深圳市水务局开放平台·积涝点水位
2026-08-20T11:00:00+08:00,Asia/Shanghai,MS1104403060000342,(市)海乐41区,0.0,0.0,2,2,good,,,深圳市水务局开放平台·积涝点水位
2026-08-20T11:00:00+08:00,Asia/Shanghai,MS1104403060000357,(市)前进二路,0.0,0.0,2,2,good,22.597482662679273,113.87435005513986,深圳市水务局开放平台·积涝点水位
2026-08-20T11:00:00+08:00,Asia/Shanghai,MS1104403060000361,(市)园岭商场,0.0,0.0,11,11,good,,,深圳市水务局开放平台·积涝点水位
2026-08-20T11:00:00+08:00,Asia/Shanghai,MS1104403060000376,(市)新圳西路万佳商场段,0.0144,0.04,41,41,good,22.56349644,113.89998969999999,深圳市水务局开放平台·积涝点水位
2026-08-20T11:00:00+08:00,Asia/Shanghai,MS1104403060000380,(市)北环路与爱群路路口,0.0,0.0,13,13,good,22.79634568700108,114.39897783430258,深圳市水务局开放平台·积涝点水位
2026-08-20T11:00:00+08:00,Asia/Shanghai,MS1104403060000395,(市)宝安区幸福路与恒珠一路,0.0,0.0,2,2,good,,,深圳市水务局开放平台·积涝点水位
2026-08-20T11:00:00+08:00,Asia/Shanghai,MS110440306000040X,(市)宝安区勋业街,0.0,0.0,2,2,good,,,深圳市水务局开放平台·积涝点水位
2026-08-20T11:00:00+08:00,Asia/Shanghai,MS1104403060000414,(市)宝安区福和路西六巷,0.0,0.0,13,13,good,22.75496986065163,113.7975587837876,深圳市水务局开放平台·积涝点水位
2026-08-20T11:00:00+08:00,Asia/Shanghai,MS1104403060000429,(市)民福路与创新路交叉口,0.0,0.0,13,13,good,22.77931941488889,113.82386091368804,深圳市水务局开放平台·积涝点水位
2026-08-20T11:00:00+08:00,Asia/Shanghai,MS1104403060000433,(市)金沙二路与民福路交叉口,0.0,0.0,2,2,good,22.731531574999998,113.800096525,深圳市水务局开放平台·积涝点水位
2026-08-20T11:00:00+08:00,Asia/Shanghai,MS1104403060000448,(市)宝安区沙井西环路正科时代,0.0,0.0,2,2,good,22.658437552805964,113.96411546099013,深圳市水务局开放平台·积涝点水位
2026-08-20T11:00:00+08:00,Asia/Shanghai,MS1104403060000452,(市)宝源路固戍海滨公园,0.0,0.0,13,13,good,22.58668431255461,113.84584894450396,深圳市水务局开放平台·积涝点水位
2026-08-20T11:00:00+08:00,Asia/Shanghai,MS1104403060000467,(市)海雅缤纷城,0.0044,0.01,27,27,good,,,深圳市水务局开放平台·积涝点水位
2026-08-20T11:00:00+08:00,Asia/Shanghai,MS1104403060000471,(市)万达广场,0.0,0.0,2,2,good,,,深圳市水务局开放平台·积涝点水位
2026-08-20T11:00:00+08:00,Asia/Shanghai,MS1104403060000486,(市)固戍地铁站 A/F 出入口,0.0,0.0,13,13,good,,,深圳市水务局开放平台·积涝点水位
2026-08-20T11:00:00+08:00,Asia/Shanghai,MS1104403060000490,(市)碧海湾地铁站 B 出入口,0.0,0.0,13,13,good,,,深圳市水务局开放平台·积涝点水位
2026-08-20T11:00:00+08:00,Asia/Shanghai,MS1104403060000505,(市)海天路地下隧道,0.0,0.0,13,13,good,22.549962987088094,113.87889692546018,深圳市水务局开放平台·积涝点水位
2026-08-20T11:00:00+08:00,Asia/Shanghai,MS1104403070000175,(市)龙平西路新秀社区公园,0.0,0.0,2,2,good,22.731009781031894,114.22605984524496,深圳市水务局开放平台·积涝点水位
2026-08-20T11:00:00+08:00,Asia/Shanghai,MS110440307000018X,(市)如意路广发银行奥林支行,0.0,0.0,13,13,good,22.697841456213258,114.19931100734046,深圳市水务局开放平台·积涝点水位
2026-08-20T11:00:00+08:00,Asia/Shanghai,MS1104403070000194,(市)龙翔大道与龙城大道交汇处,0.0,0.0,13,13,good,22.708452173199664,114.22855732448205,深圳市水务局开放平台·积涝点水位
2026-08-20T11:00:00+08:00,Asia/Shanghai,MS1104403070000209,(市)龙城大道与龙平东路交汇处,0.0,0.0,13,13,good,22.734070392016967,114.26268655089929,深圳市水务局开放平台·积涝点水位
2026-08-20T11:00:00+08:00,Asia/Shanghai,MS1104403070000213,(市)龙西中路与盐龙大道交汇处,0.0,0.0,12,12,good,22.75103177856142,114.25588661241065,深圳市水务局开放平台·积涝点水位
2026-08-20T11:00:00+08:00,Asia/Shanghai,MS1104403070000228,(市)爱南路与深汕公路交汇处,0.0,0.0,15,15,good,22.709133830928806,114.31382413715897,深圳市水务局开放平台·积涝点水位
2026-08-20T11:00:00+08:00,Asia/Shanghai,MS1104403070000232,(市)园新路与乐园路交汇处,0.0,0.0,13,13,good,22.714932425,114.3001758,深圳市水务局开放平台·积涝点水位
2026-08-20T11:00:00+08:00,Asia/Shanghai,MS1104403070000247,(市)长深高速四方埔社区,0.0,0.0,2,2,good,22.785453209312927,114.3238491191703,深圳市水务局开放平台·积涝点水位
2026-08-20T11:00:00+08:00,Asia/Shanghai,MS1104403070000251,(市)龙岗区政府,0.0,0.0,13,13,good,,,深圳市水务局开放平台·积涝点水位
2026-08-20T11:00:00+08:00,Asia/Shanghai,MS1104403070000266,(市)五和地铁站H出入口,0.0,0.0,13,13,good,,,深圳市水务局开放平台·积涝点水位
2026-08-20T11:00:00+08:00,Asia/Shanghai,MS1104403070000270,(市)长龙地铁站C2出入口,0.0,0.0,2,2,good,,,深圳市水务局开放平台·积涝点水位
2026-08-20T11:00:00+08:00,Asia/Shanghai,MS1104403070000285,(市)育贤学校、童星幼儿园,0.0,0.0,12,12,good,,,深圳市水务局开放平台·积涝点水位
2026-08-20T11:00:00+08:00,Asia/Shanghai,MS110440307000029X,(市)深圳远东妇产医院,0.0,0.0,13,13,good,,,深圳市水务局开放平台·积涝点水位
2026-08-20T11:00:00+08:00,Asia/Shanghai,MS1104403070000304,(市)英才学校,0.0,0.0,13,13,good,,,深圳市水务局开放平台·积涝点水位
2026-08-20T11:00:00+08:00,Asia/Shanghai,MS1104403070000319,(市)吉榕路桥洞,0.0,0.0,13,13,good,,,深圳市水务局开放平台·积涝点水位
2026-08-20T11:00:00+08:00,Asia/Shanghai,MS1104403070000323,(市)京南路,0.0,0.0,2,2,good,22.602818284523806,114.12130894517196,深圳市水务局开放平台·积涝点水位
2026-08-20T11:00:00+08:00,Asia/Shanghai,MS1104403070000338,(市)布澜路国芬路口,0.0,0.0,2,2,good,22.635311170786817,114.12784150313183,深圳市水务局开放平台·积涝点水位
2026-08-20T11:00:00+08:00,Asia/Shanghai,MS1104403070000342,(市)布吉站（深圳东站）,0.0,0.0,2,2,good,,,深圳市水务局开放平台·积涝点水位
2026-08-20T11:00:00+08:00,Asia/Shanghai,MS1104403080000012,(市)金融路海涛路口片区,0.0,0.0,13,13,good,22.553642038690473,114.22939035281746,深圳市水务局开放平台·积涝点水位
2026-08-20T11:00:00+08:00,Asia/Shanghai,MS1104403080000027,(市)沙头角口岸小区,0.0,0.0,12,12,good,,,深圳市水务局开放平台·积涝点水位
2026-08-20T11:00:00+08:00,Asia/Shanghai,MS1104403080000031,(市)桥东街小区,0.0,0.0,13,13,good,,,深圳市水务局开放平台·积涝点水位
2026-08-20T11:00:00+08:00,Asia/Shanghai,MS1104403090000065,(市)泗黎路凹背社区富坑社区,0.0,0.0,2,2,good,22.753687171367037,114.03385655648283,深圳市水务局开放平台·积涝点水位
2026-08-20T11:00:00+08:00,Asia/Shanghai,MS110440309000007X,(市)银星科技园,0.0,0.0,2,2,good,,,深圳市水务局开放平台·积涝点水位
2026-08-20T11:00:00+08:00,Asia/Shanghai,MS1104403090000084,(市)观光路与福前路交汇处,0.0,0.0,2,2,good,22.733179257314486,114.01274963079653,深圳市水务局开放平台·积涝点水位
2026-08-20T11:00:00+08:00,Asia/Shanghai,MS1104403090000099,(市)三联社区,0.0,0.0,13,13,good,,,深圳市水务局开放平台·积涝点水位
2026-08-20T11:00:00+08:00,Asia/Shanghai,MS1104403090000103,(市)布龙路与五和大道交汇处,0.0,0.0,13,13,good,22.646750702555874,114.02665721385576,深圳市水务局开放平台·积涝点水位
2026-08-20T11:00:00+08:00,Asia/Shanghai,MS1104403090000118,(市)新区大道深圳北站,0.0,0.0,13,13,good,22.624351465560785,114.01682556681699,深圳市水务局开放平台·积涝点水位
2026-08-20T11:00:00+08:00,Asia/Shanghai,MS1104403090000122,(市)龙华壹方成,0.0,0.0,13,13,good,,,深圳市水务局开放平台·积涝点水位
2026-08-20T11:00:00+08:00,Asia/Shanghai,MS1104403090000137,(市)昌茂二路,0.0,0.0,17,17,good,,,深圳市水务局开放平台·积涝点水位
2026-08-20T11:00:00+08:00,Asia/Shanghai,MS1104403090000141,(市)大浪新围街大船坑市场段,0.0,0.0,13,13,good,22.692058934615382,113.9964102346154,深圳市水务局开放平台·积涝点水位
2026-08-20T11:00:00+08:00,Asia/Shanghai,MS1104403100000028,(市)坪山法院门口,0.0,0.0,2,2,good,,,深圳市水务局开放平台·积涝点水位
2026-08-20T11:00:00+08:00,Asia/Shanghai,MS1104403100000032,(市)秀沙路比亚迪厂门前,0.0,0.0,13,13,good,22.767995359829058,114.39900074224022,深圳市水务局开放平台·积涝点水位
2026-08-20T11:00:00+08:00,Asia/Shanghai,MS1104403100000047,(市)群代路金泰航科技,0.01,0.01,65,65,good,,,深圳市水务局开放平台·积涝点水位
2026-08-20T11:00:00+08:00,Asia/Shanghai,MS1104403100000051,(市)三洋湖路三洋湖新区小区,0.0,0.0,13,13,good,,,深圳市水务局开放平台·积涝点水位
2026-08-20T11:00:00+08:00,Asia/Shanghai,MS1104403100000066,(市)文化中心地铁站,0.0,0.0,13,13,good,,,深圳市水务局开放平台·积涝点水位
2026-08-20T11:00:00+08:00,Asia/Shanghai,MS1104403110000597,(市)东长路外环高速长圳入口,0.0,0.0,13,13,good,22.747509018088216,113.91221411091422,深圳市水务局开放平台·积涝点水位
2026-08-20T11:00:00+08:00,Asia/Shanghai,MS1104403110000601,(市)光侨雅苑,0.0,0.0,2,2,good,,,深圳市水务局开放平台·积涝点水位
2026-08-20T11:00:00+08:00,Asia/Shanghai,MS1104403110000616,(市)同观路与汇融路交叉口,0.0,0.0,2,2,good,22.734039598507852,113.91441943299901,深圳市水务局开放平台·积涝点水位
2026-08-20T11:00:00+08:00,Asia/Shanghai,MS1104403110000620,(市)松白路松茂御城段,0.0,0.0,2,2,good,22.731110627923336,113.894856941127,深圳市水务局开放平台·积涝点水位
2026-08-20T11:00:00+08:00,Asia/Shanghai,MS1104403110000635,(市)公常路与环村路交叉口,0.0,0.0,13,13,good,22.826648407959507,113.95688701032125,深圳市水务局开放平台·积涝点水位
2026-08-20T11:00:00+08:00,Asia/Shanghai,MS110440311000064X,(市)光明区高级中学,0.0,0.0,2,2,good,,,深圳市水务局开放平台·积涝点水位
2026-08-20T11:00:00+08:00,Asia/Shanghai,MS1104403120000032,(市)大鹏液化天然气有限公司深圳接收站,0.0,0.0,13,13,good,,,深圳市水务局开放平台·积涝点水位
2026-08-20T12:00:00+08:00,Asia/Shanghai,9281192001,(市)平湖火车隧道口,0.0,0.0,13,13,good,,,深圳市水务局开放平台·积涝点水位
2026-08-20T12:00:00+08:00,Asia/Shanghai,9281192002,(市)新木路广深铁路桥底,0.0,0.0,13,13,good,22.6674177472887,114.13210195018992,深圳市水务局开放平台·积涝点水位
2026-08-20T12:00:00+08:00,Asia/Shanghai,9281192003,(市)新木路新围仔村路口,0.0,0.0,14,14,good,22.6674177472887,114.13210195018992,深圳市水务局开放平台·积涝点水位
2026-08-20T12:00:00+08:00,Asia/Shanghai,9281192004,(市)布李路富民城段,0.0,0.0,13,13,good,22.618912574166664,114.11654044833332,深圳市水务局开放平台·积涝点水位
2026-08-20T12:00:00+08:00,Asia/Shanghai,9281192005,(市)龙博路,0.01,0.01,62,62,good,22.62797037826087,114.10927237391306,深圳市水务局开放平台·积涝点水位
2026-08-20T12:00:00+08:00,Asia/Shanghai,9281192006,(市)五和大道四季花城,0.0,0.0,22,22,good,22.65976725256875,114.05975735653944,深圳市水务局开放平台·积涝点水位
2026-08-20T12:00:00+08:00,Asia/Shanghai,9281192008,(市)南联第六工业区桥洞,0.0075,0.01,60,60,good,,,深圳市水务局开放平台·积涝点水位
2026-08-20T12:00:00+08:00,Asia/Shanghai,9281192009,(市)新坡塘村新坡塘积水点,0.0,0.0,13,13,good,,,深圳市水务局开放平台·积涝点水位
2026-08-20T12:00:00+08:00,Asia/Shanghai,9281192010,(市)安良六村安业路与安居路交汇处,0.0,0.0,13,13,good,,,深圳市水务局开放平台·积涝点水位
2026-08-20T12:00:00+08:00,Asia/Shanghai,9281192011,(市)松元头,0.01,0.01,61,61,good,,,深圳市水务局开放平台·积涝点水位
2026-08-20T12:00:00+08:00,Asia/Shanghai,9281192012,(市)湖南立交,0.0,0.0,12,12,good,,,深圳市水务局开放平台·积涝点水位
2026-08-20T12:00:00+08:00,Asia/Shanghai,9281192013,(市)高背路惠盐高速桥洞积水点,0.0,0.0,12,12,good,,,深圳市水务局开放平台·积涝点水位
2026-08-20T12:00:00+08:00,Asia/Shanghai,9281192014,(市)鹤坑桥洞,0.0,0.0,13,13,good,,,深圳市水务局开放平台·积涝点水位
2026-08-20T12:00:00+08:00,Asia/Shanghai,9281192015,(市)安良社区沿河一路疏港铁路桥洞,0.0,0.0,13,13,good,22.73162335,114.107919,深圳市水务局开放平台·积涝点水位
2026-08-20T12:00:00+08:00,Asia/Shanghai,9281192016,(市)宝荷路中新加油站对面,0.0,0.0,13,13,good,22.694796752516076,114.25970116268519,深圳市水务局开放平台·积涝点水位
2026-08-20T12:00:00+08:00,Asia/Shanghai,9281192017,(市)环观南路与观平路交汇处,0.0,0.0,13,13,good,22.705673908780923,114.07279441765539,深圳市水务局开放平台·积涝点水位
2026-08-20T12:00:00+08:00,Asia/Shanghai,9281192018,(市)龙华大道库坑天桥段,0.0,0.0,13,13,good,22.669745856798677,114.03752701836405,深圳市水务局开放平台·积涝点水位
2026-08-20T12:00:00+08:00,Asia/Shanghai,9281192019,(市)福龙路高铁桥下简上段,0.0,0.0,18,18,good,22.61964472178257,114.00080097044238,深圳市水务局开放平台·积涝点水位
2026-08-20T12:00:00+08:00,Asia/Shanghai,9281192020,(市)工业路壹成中心段,0.01,0.01,61,61,good,22.648754971805,114.02570221318598,深圳市水务局开放平台·积涝点水位
2026-08-20T12:00:00+08:00,Asia/Shanghai,9281192021,(市)东环一路和平路交汇处,0.0,0.0,13,13,good,22.65040479515617,114.03284713758192,深圳市水务局开放平台·积涝点水位
2026-08-20T12:00:00+08:00,Asia/Shanghai,9281192022,(市)龙田社区大水湾,0.0,0.0,13,13,good,,,深圳市水务局开放平台·积涝点水位
2026-08-20T12:00:00+08:00,Asia/Shanghai,9281292001,(市)滨河皇岗立交桥洞,0.0,0.0,12,12,good,,,深圳市水务局开放平台·积涝点水位
2026-08-20T12:00:00+08:00,Asia/Shanghai,9281292002,(市)广深高速桥下滨海大道北侧辅道,0.01,0.01,63,63,good,22.579823080041088,114.10123773351275,深圳市水务局开放平台·积涝点水位
2026-08-20T12:00:00+08:00,Asia/Shanghai,9281292003,(市)福田区竹子林立交下穿通道,0.0,0.0,12,12,good,,,深圳市水务局开放平台·积涝点水位
2026-08-20T12:00:00+08:00,Asia/Shanghai,9281292004,(市)滨河益田立交桥洞,0.0,0.0,12,12,good,,,深圳市水务局开放平台·积涝点水位
2026-08-20T12:00:00+08:00,Asia/Shanghai,9281292005,(市)深南新洲一号立交桥洞,0.0,0.0,12,12,good,,,深圳市水务局开放平台·积涝点水位
2026-08-20T12:00:00+08:00,Asia/Shanghai,9281292006,(市)北环新洲立交东南角辅道,0.0,0.0,11,11,good,,,深圳市水务局开放平台·积涝点水位
2026-08-20T12:00:00+08:00,Asia/Shanghai,9281292007,(市)107国道新安段(裕安加油站),0.0,0.0,13,13,good,22.55254164883845,113.90816500450731,深圳市水务局开放平台·积涝点水位
2026-08-20T12:00:00+08:00,Asia/Shanghai,9281292008,洲石路鹤洲桥底（市）,0.0,0.0,13,13,good,22.651019027149744,113.88061107664711,深圳市水务局开放平台·积涝点水位
2026-08-20T12:00:00+08:00,Asia/Shanghai,9281292009,(市)帝堂路（锦程路以西段）,0.0,0.0,22,22,good,22.70987723506993,113.7784856087664,深圳市水务局开放平台·积涝点水位
2026-08-20T12:00:00+08:00,Asia/Shanghai,9281292010,(市)上星南路与中心路丽沙花都,0.0,0.0,13,13,good,22.502209013854387,113.93734688972145,深圳市水务局开放平台·积涝点水位
2026-08-20T12:00:00+08:00,Asia/Shanghai,9281292011,(市)外环路广深高速新桥立交,0.0,0.0,26,26,good,22.736379220337216,113.84591188570887,深圳市水务局开放平台·积涝点水位
2026-08-20T12:00:00+08:00,Asia/Shanghai,9281292012,(市)固戍海滨新村文昌阁,0.0,0.0,13,13,good,,,深圳市水务局开放平台·积涝点水位
2026-08-20T12:00:00+08:00,Asia/Shanghai,9281292013,(市)宝安大道固戍地铁站,0.0,0.0,13,13,good,22.64678387472509,113.8417801892837,深圳市水务局开放平台·积涝点水位
2026-08-20T12:00:00+08:00,Asia/Shanghai,9281292014,(市)G107国道南行固戍大门,0.0,0.0,13,13,good,22.55254164883845,113.90816500450731,深圳市水务局开放平台·积涝点水位
2026-08-20T12:00:00+08:00,Asia/Shanghai,9281292015,(市)东环大道松宝大道段,0.0,0.0,13,13,good,,,深圳市水务局开放平台·积涝点水位
2026-08-20T12:00:00+08:00,Asia/Shanghai,9281292016,(市)长凤路龙大高速桥底,0.0,0.0,12,12,good,22.775734215738417,113.91156092305157,深圳市水务局开放平台·积涝点水位
2026-08-20T12:00:00+08:00,Asia/Shanghai,9281292017,(市)圳美同富裕工业区,0.0,0.0,12,12,good,,,深圳市水务局开放平台·积涝点水位
2026-08-20T12:00:00+08:00,Asia/Shanghai,9281292018,(市)根玉路东方大道交汇处,0.0,0.0,13,13,good,22.763216165633853,113.85149341983029,深圳市水务局开放平台·积涝点水位
2026-08-20T12:00:00+08:00,Asia/Shanghai,9281292019,(市)上村社区龙大桥底,0.0,0.0,11,11,good,,,深圳市水务局开放平台·积涝点水位
2026-08-20T12:00:00+08:00,Asia/Shanghai,9281292020,(市)马山头社区上石家路通兴路交汇处,0.0,0.0,12,12,good,22.763999933333334,113.8915635138889,深圳市水务局开放平台·积涝点水位
2026-08-20T12:00:00+08:00,Asia/Shanghai,9281292021,(市)临海大道海关保税区,0.0,0.0,13,13,good,22.53399911521491,113.88871009435005,深圳市水务局开放平台·积涝点水位
2026-08-20T12:00:00+08:00,Asia/Shanghai,9281292022,(市)南山大道南行亿利达村段,0.0103,0.02,66,66,good,22.540721694789013,113.9181638130031,深圳市水务局开放平台·积涝点水位
2026-08-20T12:00:00+08:00,Asia/Shanghai,9281292023,(市)东滨路南行华联城市山林花园段,0.0,0.0,13,13,good,22.51106546682151,113.92212734316605,深圳市水务局开放平台·积涝点水位
2026-08-20T12:00:00+08:00,Asia/Shanghai,9281292024,(市)深圳湾东滨路与中心路交叉口,0.0,0.0,13,13,good,22.51106546682151,113.92212734316605,深圳市水务局开放平台·积涝点水位
2026-08-20T12:00:00+08:00,Asia/Shanghai,MS1104403030000228,(市)红岗公园,0.0,0.0,2,2,good,,,深圳市水务局开放平台·积涝点水位
2026-08-20T12:00:00+08:00,Asia/Shanghai,MS1104403030000232,(市)沿河南路文锦路社区,0.0,0.0,13,13,good,22.550252268776845,114.11444108979862,深圳市水务局开放平台·积涝点水位
2026-08-20T12:00:00+08:00,Asia/Shanghai,MS1104403030000247,(市)深南东路黄贝岭,0.0,0.0,12,12,good,22.54661746874732,114.11811396992493,深圳市水务局开放平台·积涝点水位
2026-08-20T12:00:00+08:00,Asia/Shanghai,MS1104403030000251,(市)滨河上步立交桥,0.0,0.0,2,2,good,,,深圳市水务局开放平台·积涝点水位
2026-08-20T12:00:00+08:00,Asia/Shanghai,MS1104403030000266,(市)罗湖火车站,0.0,0.0,13,13,good,,,深圳市水务局开放平台·积涝点水位
2026-08-20T12:00:00+08:00,Asia/Shanghai,MS1104403030000270,(市)罗湖区委,0.0,0.0,2,2,good,,,深圳市水务局开放平台·积涝点水位
2026-08-20T12:00:00+08:00,Asia/Shanghai,MS1104403030000285,(市)万象城,0.01,0.01,61,61,good,,,深圳市水务局开放平台·积涝点水位
2026-08-20T12:00:00+08:00,Asia/Shanghai,MS110440303000029X,(市)洪湖地铁站D出入口,0.0,0.0,2,2,good,,,深圳市水务局开放平台·积涝点水位
2026-08-20T12:00:00+08:00,Asia/Shanghai,MS1104403030000304,(市)东湖路,0.0,0.0,4,4,good,22.582822583699635,114.1345991945055,深圳市水务局开放平台·积涝点水位
2026-08-20T12:00:00+08:00,Asia/Shanghai,MS1104403030000319,(市)桂园片区,0.0,0.0,13,13,good,,,深圳市水务局开放平台·积涝点水位
2026-08-20T12:00:00+08:00,Asia/Shanghai,MS1104403030000323,(市)晒布路与东门中路交汇处,0.0114,0.1,65,65,good,22.551568716163253,114.1183832504732,深圳市水务局开放平台·积涝点水位
2026-08-20T12:00:00+08:00,Asia/Shanghai,MS1104403030000338,(市)东湖公园爱国路与太宁路路口,0.0,0.0,13,13,good,22.563633808974675,114.13329390192719,深圳市水务局开放平台·积涝点水位
2026-08-20T12:00:00+08:00,Asia/Shanghai,MS1104403030000342,(市)文锦渡口岸,0.018,0.03,5,5,good,,,深圳市水务局开放平台·积涝点水位
2026-08-20T12:00:00+08:00,Asia/Shanghai,MS1104403040000543,(市)香梅莲花路口,0.0,0.0,2,2,good,22.559401296538805,114.04793087126708,深圳市水务局开放平台·积涝点水位
2026-08-20T12:00:00+08:00,Asia/Shanghai,MS1104403040000558,(市)信托花园,0.0,0.0,14,14,good,,,深圳市水务局开放平台·积涝点水位
2026-08-20T12:00:00+08:00,Asia/Shanghai,MS1104403040000562,(市)上步红荔路口,0.0,0.0,1,1,good,22.550171284097686,114.05891535550717,深圳市水务局开放平台·积涝点水位
2026-08-20T12:00:00+08:00,Asia/Shanghai,MS1104403040000577,(市)深南皇岗立交桥与皇岗路交汇处,0.0,0.0,13,13,good,22.552167188223326,114.06774281249497,深圳市水务局开放平台·积涝点水位
2026-08-20T12:00:00+08:00,Asia/Shanghai,MS1104403040000581,(市)北环大道与梅林路交汇处,0.0,0.0,2,2,good,22.55966775704351,113.99344633894496,深圳市水务局开放平台·积涝点水位
2026-08-20T12:00:00+08:00,Asia/Shanghai,MS1104403040000596,(市)侨香路香梅社区,0.0,0.0,2,2,good,22.55158384619422,114.00624803762132,深圳市水务局开放平台·积涝点水位
2026-08-20T12:00:00+08:00,Asia/Shanghai,MS1104403040000600,(市)侨香路香安社区,0.0,0.0,2,2,good,22.55158384619422,114.00624803762132,深圳市水务局开放平台·积涝点水位
2026-08-20T12:00:00+08:00,Asia/Shanghai,MS1104403040000615,(市)市民中心,0.0,0.0,2,2,good,,,深圳市水务局开放平台·积涝点水位
2026-08-20T12:00:00+08:00,Asia/Shanghai,MS110440304000062X,(市)民田路深圳证券交易所,0.0,0.0,13,13,good,22.53903429826115,114.04781278730138,深圳市水务局开放平台·积涝点水位
2026-08-20T12:00:00+08:00,Asia/Shanghai,MS1104403040000634,(市)燃气集团股份有限公司梅林 LNG安全应急气化站,0.0,0.0,13,13,good,,,深圳市水务局开放平台·积涝点水位
2026-08-20T12:00:00+08:00,Asia/Shanghai,MS1104403040000649,(市)深南大道车公庙交通枢纽段,0.006,0.01,55,55,good,22.5420797706313,113.9753640727562,深圳市水务局开放平台·积涝点水位
2026-08-20T12:00:00+08:00,Asia/Shanghai,MS1104403050000118,(市)月亮湾大道与前湾三路交叉口,0.0,0.0,2,2,good,22.511993391395155,113.8903078293519,深圳市水务局开放平台·积涝点水位
2026-08-20T12:00:00+08:00,Asia/Shanghai,MS1104403050000122,(市)南山大道深意工业大厦段,0.01,0.01,62,62,good,22.540721694789013,113.9181638130031,深圳市水务局开放平台·积涝点水位
2026-08-20T12:00:00+08:00,Asia/Shanghai,MS1104403050000137,(市)南山大道与登良路交叉口,0.0,0.0,2,2,good,22.540721694789013,113.9181638130031,深圳市水务局开放平台·积涝点水位
2026-08-20T12:00:00+08:00,Asia/Shanghai,MS1104403050000141,(市)南新路北头豪苑,0.0,0.0,2,2,good,22.535707366852186,113.92452459612443,深圳市水务局开放平台·积涝点水位
2026-08-20T12:00:00+08:00,Asia/Shanghai,MS1104403050000156,(市)滨海大道与南山大道交叉口,0.0085,0.01,20,20,good,22.579823080041088,114.10123773351275,深圳市水务局开放平台·积涝点水位
2026-08-20T12:00:00+08:00,Asia/Shanghai,MS1104403050000160,(市)桃园路与南新路交叉口,0.0,0.0,2,2,good,22.535395972003414,113.91852837514443,深圳市水务局开放平台·积涝点水位
2026-08-20T12:00:00+08:00,Asia/Shanghai,MS1104403050000175,(市)后海大道与登良路交叉口,0.0,0.0,13,13,good,22.51179221810604,113.92884393579894,深圳市水务局开放平台·积涝点水位
2026-08-20T12:00:00+08:00,Asia/Shanghai,MS110440305000018X,(市)后海大道港湾创业大厦,0.0,0.0,13,13,good,22.51179221810604,113.92884393579894,深圳市水务局开放平台·积涝点水位
2026-08-20T12:00:00+08:00,Asia/Shanghai,MS1104403050000194,(市)深南大道高新园地铁 AD 口,0.0,0.0,13,13,good,22.5420797706313,113.9753640727562,深圳市水务局开放平台·积涝点水位
2026-08-20T12:00:00+08:00,Asia/Shanghai,MS1104403050000209,(市)深圳湾口岸,0.0,0.0,2,2,good,,,深圳市水务局开放平台·积涝点水位
2026-08-20T12:00:00+08:00,Asia/Shanghai,MS1104403050000213,(市)前湾公园地铁站 A 出入口,0.0,0.0,14,14,good,,,深圳市水务局开放平台·积涝点水位
2026-08-20T12:00:00+08:00,Asia/Shanghai,MS1104403050000228,(市)粤海门地铁站 D2 出入口,0.0,0.0,13,13,good,,,深圳市水务局开放平台·积涝点水位
2026-08-20T12:00:00+08:00,Asia/Shanghai,MS1104403050000232,(市)桂庙路地下道路,0.0,0.0,12,12,good,22.52643977555155,113.91686609460196,深圳市水务局开放平台·积涝点水位
2026-08-20T12:00:00+08:00,Asia/Shanghai,MS1104403050000247,(市)国家超级计算深圳中心,0.0,0.0,17,17,good,,,深圳市水务局开放平台·积涝点水位
2026-08-20T12:00:00+08:00,Asia/Shanghai,MS110440306000029X,(市)辛养旧村辛居路,0.0,0.0,2,2,good,,,深圳市水务局开放平台·积涝点水位
2026-08-20T12:00:00+08:00,Asia/Shanghai,MS1104403060000304,(市)山门第三工业区,0.0,0.0,2,2,good,,,深圳市水务局开放平台·积涝点水位
2026-08-20T12:00:00+08:00,Asia/Shanghai,MS1104403060000319,(市)前进一路上川路口,0.0,0.0,12,12,good,22.57118007860348,113.90008995469552,深圳市水务局开放平台·积涝点水位
2026-08-20T12:00:00+08:00,Asia/Shanghai,MS1104403060000323,(市)洪浪北地铁站,0.0,0.0,13,13,good,,,深圳市水务局开放平台·积涝点水位
2026-08-20T12:00:00+08:00,Asia/Shanghai,MS1104403060000338,(市)东风幼儿园,0.0,0.0,2,2,good,,,深圳市水务局开放平台·积涝点水位
2026-08-20T12:00:00+08:00,Asia/Shanghai,MS1104403060000342,(市)海乐41区,0.0,0.0,2,2,good,,,深圳市水务局开放平台·积涝点水位
2026-08-20T12:00:00+08:00,Asia/Shanghai,MS1104403060000357,(市)前进二路,0.0,0.0,2,2,good,22.597482662679273,113.87435005513986,深圳市水务局开放平台·积涝点水位
2026-08-20T12:00:00+08:00,Asia/Shanghai,MS1104403060000361,(市)园岭商场,0.0,0.0,12,12,good,,,深圳市水务局开放平台·积涝点水位
2026-08-20T12:00:00+08:00,Asia/Shanghai,MS1104403060000376,(市)新圳西路万佳商场段,0.0,0.0,4,4,good,22.56349644,113.89998969999999,深圳市水务局开放平台·积涝点水位
2026-08-20T12:00:00+08:00,Asia/Shanghai,MS1104403060000380,(市)北环路与爱群路路口,0.0,0.0,13,13,good,22.79634568700108,114.39897783430258,深圳市水务局开放平台·积涝点水位
2026-08-20T12:00:00+08:00,Asia/Shanghai,MS1104403060000395,(市)宝安区幸福路与恒珠一路,0.0,0.0,2,2,good,,,深圳市水务局开放平台·积涝点水位
2026-08-20T12:00:00+08:00,Asia/Shanghai,MS110440306000040X,(市)宝安区勋业街,0.0,0.0,2,2,good,,,深圳市水务局开放平台·积涝点水位
2026-08-20T12:00:00+08:00,Asia/Shanghai,MS1104403060000414,(市)宝安区福和路西六巷,0.0,0.0,13,13,good,22.75496986065163,113.7975587837876,深圳市水务局开放平台·积涝点水位
2026-08-20T12:00:00+08:00,Asia/Shanghai,MS1104403060000429,(市)民福路与创新路交叉口,0.0,0.0,13,13,good,22.77931941488889,113.82386091368804,深圳市水务局开放平台·积涝点水位
2026-08-20T12:00:00+08:00,Asia/Shanghai,MS1104403060000433,(市)金沙二路与民福路交叉口,0.0,0.0,2,2,good,22.731531574999998,113.800096525,深圳市水务局开放平台·积涝点水位
2026-08-20T12:00:00+08:00,Asia/Shanghai,MS1104403060000448,(市)宝安区沙井西环路正科时代,0.0,0.0,2,2,good,22.658437552805964,113.96411546099013,深圳市水务局开放平台·积涝点水位
2026-08-20T12:00:00+08:00,Asia/Shanghai,MS1104403060000452,(市)宝源路固戍海滨公园,0.0,0.0,13,13,good,22.58668431255461,113.84584894450396,深圳市水务局开放平台·积涝点水位
2026-08-20T12:00:00+08:00,Asia/Shanghai,MS1104403060000467,(市)海雅缤纷城,0.009,0.01,62,62,good,,,深圳市水务局开放平台·积涝点水位
2026-08-20T12:00:00+08:00,Asia/Shanghai,MS1104403060000471,(市)万达广场,0.0,0.0,2,2,good,,,深圳市水务局开放平台·积涝点水位
2026-08-20T12:00:00+08:00,Asia/Shanghai,MS1104403060000486,(市)固戍地铁站 A/F 出入口,0.0,0.0,12,12,good,,,深圳市水务局开放平台·积涝点水位
2026-08-20T12:00:00+08:00,Asia/Shanghai,MS1104403060000490,(市)碧海湾地铁站 B 出入口,0.0,0.0,13,13,good,,,深圳市水务局开放平台·积涝点水位
2026-08-20T12:00:00+08:00,Asia/Shanghai,MS1104403060000505,(市)海天路地下隧道,0.0,0.0,13,13,good,22.549962987088094,113.87889692546018,深圳市水务局开放平台·积涝点水位
2026-08-20T12:00:00+08:00,Asia/Shanghai,MS1104403070000175,(市)龙平西路新秀社区公园,0.0,0.0,2,2,good,22.731009781031894,114.22605984524496,深圳市水务局开放平台·积涝点水位
2026-08-20T12:00:00+08:00,Asia/Shanghai,MS110440307000018X,(市)如意路广发银行奥林支行,0.0,0.0,13,13,good,22.697841456213258,114.19931100734046,深圳市水务局开放平台·积涝点水位
2026-08-20T12:00:00+08:00,Asia/Shanghai,MS1104403070000194,(市)龙翔大道与龙城大道交汇处,0.0,0.0,13,13,good,22.708452173199664,114.22855732448205,深圳市水务局开放平台·积涝点水位
2026-08-20T12:00:00+08:00,Asia/Shanghai,MS1104403070000209,(市)龙城大道与龙平东路交汇处,0.0,0.0,12,12,good,22.734070392016967,114.26268655089929,深圳市水务局开放平台·积涝点水位
2026-08-20T12:00:00+08:00,Asia/Shanghai,MS1104403070000213,(市)龙西中路与盐龙大道交汇处,0.0,0.0,13,13,good,22.75103177856142,114.25588661241065,深圳市水务局开放平台·积涝点水位
2026-08-20T12:00:00+08:00,Asia/Shanghai,MS1104403070000228,(市)爱南路与深汕公路交汇处,0.0,0.0,13,13,good,22.709133830928806,114.31382413715897,深圳市水务局开放平台·积涝点水位
2026-08-20T12:00:00+08:00,Asia/Shanghai,MS1104403070000232,(市)园新路与乐园路交汇处,0.0,0.0,13,13,good,22.714932425,114.3001758,深圳市水务局开放平台·积涝点水位
2026-08-20T12:00:00+08:00,Asia/Shanghai,MS1104403070000247,(市)长深高速四方埔社区,0.0,0.0,2,2,good,22.785453209312927,114.3238491191703,深圳市水务局开放平台·积涝点水位
2026-08-20T12:00:00+08:00,Asia/Shanghai,MS1104403070000251,(市)龙岗区政府,0.0,0.0,13,13,good,,,深圳市水务局开放平台·积涝点水位
2026-08-20T12:00:00+08:00,Asia/Shanghai,MS1104403070000266,(市)五和地铁站H出入口,0.0,0.0,13,13,good,,,深圳市水务局开放平台·积涝点水位
2026-08-20T12:00:00+08:00,Asia/Shanghai,MS1104403070000270,(市)长龙地铁站C2出入口,0.0,0.0,2,2,good,,,深圳市水务局开放平台·积涝点水位
2026-08-20T12:00:00+08:00,Asia/Shanghai,MS1104403070000285,(市)育贤学校、童星幼儿园,0.0,0.0,13,13,good,,,深圳市水务局开放平台·积涝点水位
2026-08-20T12:00:00+08:00,Asia/Shanghai,MS110440307000029X,(市)深圳远东妇产医院,0.0,0.0,14,14,good,,,深圳市水务局开放平台·积涝点水位
2026-08-20T12:00:00+08:00,Asia/Shanghai,MS1104403070000304,(市)英才学校,0.0,0.0,13,13,good,,,深圳市水务局开放平台·积涝点水位
2026-08-20T12:00:00+08:00,Asia/Shanghai,MS1104403070000319,(市)吉榕路桥洞,0.0,0.0,12,12,good,,,深圳市水务局开放平台·积涝点水位
2026-08-20T12:00:00+08:00,Asia/Shanghai,MS1104403070000323,(市)京南路,0.0,0.0,2,2,good,22.602818284523806,114.12130894517196,深圳市水务局开放平台·积涝点水位
2026-08-20T12:00:00+08:00,Asia/Shanghai,MS1104403070000338,(市)布澜路国芬路口,0.0,0.0,2,2,good,22.635311170786817,114.12784150313183,深圳市水务局开放平台·积涝点水位
2026-08-20T12:00:00+08:00,Asia/Shanghai,MS1104403070000342,(市)布吉站（深圳东站）,0.0,0.0,2,2,good,,,深圳市水务局开放平台·积涝点水位
2026-08-20T12:00:00+08:00,Asia/Shanghai,MS1104403080000012,(市)金融路海涛路口片区,0.0,0.0,13,13,good,22.553642038690473,114.22939035281746,深圳市水务局开放平台·积涝点水位
2026-08-20T12:00:00+08:00,Asia/Shanghai,MS1104403080000027,(市)沙头角口岸小区,0.0,0.0,13,13,good,,,深圳市水务局开放平台·积涝点水位
2026-08-20T12:00:00+08:00,Asia/Shanghai,MS1104403080000031,(市)桥东街小区,0.0,0.0,13,13,good,,,深圳市水务局开放平台·积涝点水位
2026-08-20T12:00:00+08:00,Asia/Shanghai,MS1104403090000065,(市)泗黎路凹背社区富坑社区,0.0,0.0,2,2,good,22.753687171367037,114.03385655648283,深圳市水务局开放平台·积涝点水位
2026-08-20T12:00:00+08:00,Asia/Shanghai,MS110440309000007X,(市)银星科技园,0.0,0.0,4,4,good,,,深圳市水务局开放平台·积涝点水位
2026-08-20T12:00:00+08:00,Asia/Shanghai,MS1104403090000084,(市)观光路与福前路交汇处,0.0,0.0,2,2,good,22.733179257314486,114.01274963079653,深圳市水务局开放平台·积涝点水位
2026-08-20T12:00:00+08:00,Asia/Shanghai,MS1104403090000099,(市)三联社区,0.0,0.0,12,12,good,,,深圳市水务局开放平台·积涝点水位
2026-08-20T12:00:00+08:00,Asia/Shanghai,MS1104403090000103,(市)布龙路与五和大道交汇处,0.0,0.0,13,13,good,22.646750702555874,114.02665721385576,深圳市水务局开放平台·积涝点水位
2026-08-20T12:00:00+08:00,Asia/Shanghai,MS1104403090000118,(市)新区大道深圳北站,0.0,0.0,13,13,good,22.624351465560785,114.01682556681699,深圳市水务局开放平台·积涝点水位
2026-08-20T12:00:00+08:00,Asia/Shanghai,MS1104403090000122,(市)龙华壹方成,0.0,0.0,13,13,good,,,深圳市水务局开放平台·积涝点水位
2026-08-20T12:00:00+08:00,Asia/Shanghai,MS1104403090000137,(市)昌茂二路,0.0,0.0,12,12,good,,,深圳市水务局开放平台·积涝点水位
2026-08-20T12:00:00+08:00,Asia/Shanghai,MS1104403090000141,(市)大浪新围街大船坑市场段,0.0,0.0,13,13,good,22.692058934615382,113.9964102346154,深圳市水务局开放平台·积涝点水位
2026-08-20T12:00:00+08:00,Asia/Shanghai,MS1104403100000028,(市)坪山法院门口,0.0,0.0,2,2,good,,,深圳市水务局开放平台·积涝点水位
2026-08-20T12:00:00+08:00,Asia/Shanghai,MS1104403100000032,(市)秀沙路比亚迪厂门前,0.0,0.0,13,13,good,22.767995359829058,114.39900074224022,深圳市水务局开放平台·积涝点水位
2026-08-20T12:00:00+08:00,Asia/Shanghai,MS1104403100000047,(市)群代路金泰航科技,0.01,0.01,61,61,good,,,深圳市水务局开放平台·积涝点水位
2026-08-20T12:00:00+08:00,Asia/Shanghai,MS1104403100000051,(市)三洋湖路三洋湖新区小区,0.0,0.0,13,13,good,,,深圳市水务局开放平台·积涝点水位
2026-08-20T12:00:00+08:00,Asia/Shanghai,MS1104403100000066,(市)文化中心地铁站,0.0,0.0,13,13,good,,,深圳市水务局开放平台·积涝点水位
2026-08-20T12:00:00+08:00,Asia/Shanghai,MS1104403110000597,(市)东长路外环高速长圳入口,0.0,0.0,12,12,good,22.747509018088216,113.91221411091422,深圳市水务局开放平台·积涝点水位
2026-08-20T12:00:00+08:00,Asia/Shanghai,MS1104403110000601,(市)光侨雅苑,0.0,0.0,2,2,good,,,深圳市水务局开放平台·积涝点水位
2026-08-20T12:00:00+08:00,Asia/Shanghai,MS1104403110000616,(市)同观路与汇融路交叉口,0.0,0.0,2,2,good,22.734039598507852,113.91441943299901,深圳市水务局开放平台·积涝点水位
2026-08-20T12:00:00+08:00,Asia/Shanghai,MS1104403110000620,(市)松白路松茂御城段,0.0,0.0,2,2,good,22.731110627923336,113.894856941127,深圳市水务局开放平台·积涝点水位
2026-08-20T12:00:00+08:00,Asia/Shanghai,MS1104403110000635,(市)公常路与环村路交叉口,0.0,0.0,12,12,good,22.826648407959507,113.95688701032125,深圳市水务局开放平台·积涝点水位
2026-08-20T12:00:00+08:00,Asia/Shanghai,MS110440311000064X,(市)光明区高级中学,0.0,0.0,2,2,good,,,深圳市水务局开放平台·积涝点水位
2026-08-20T12:00:00+08:00,Asia/Shanghai,MS1104403120000032,(市)大鹏液化天然气有限公司深圳接收站,0.0,0.0,13,13,good,,,深圳市水务局开放平台·积涝点水位
2026-08-20T13:00:00+08:00,Asia/Shanghai,9281192001,(市)平湖火车隧道口,0.0,0.0,13,13,good,,,深圳市水务局开放平台·积涝点水位
2026-08-20T13:00:00+08:00,Asia/Shanghai,9281192002,(市)新木路广深铁路桥底,0.0,0.0,14,14,good,22.6674177472887,114.13210195018992,深圳市水务局开放平台·积涝点水位
2026-08-20T13:00:00+08:00,Asia/Shanghai,9281192003,(市)新木路新围仔村路口,0.0,0.0,13,13,good,22.6674177472887,114.13210195018992,深圳市水务局开放平台·积涝点水位
2026-08-20T13:00:00+08:00,Asia/Shanghai,9281192004,(市)布李路富民城段,0.0,0.0,12,12,good,22.618912574166664,114.11654044833332,深圳市水务局开放平台·积涝点水位
2026-08-20T13:00:00+08:00,Asia/Shanghai,9281192005,(市)龙博路,0.01,0.01,59,59,good,22.62797037826087,114.10927237391306,深圳市水务局开放平台·积涝点水位
2026-08-20T13:00:00+08:00,Asia/Shanghai,9281192006,(市)五和大道四季花城,0.0,0.0,8,8,good,22.65976725256875,114.05975735653944,深圳市水务局开放平台·积涝点水位
2026-08-20T13:00:00+08:00,Asia/Shanghai,9281192008,(市)南联第六工业区桥洞,0.0054,0.01,39,39,good,,,深圳市水务局开放平台·积涝点水位
2026-08-20T13:00:00+08:00,Asia/Shanghai,9281192009,(市)新坡塘村新坡塘积水点,0.0,0.0,12,12,good,,,深圳市水务局开放平台·积涝点水位
2026-08-20T13:00:00+08:00,Asia/Shanghai,9281192010,(市)安良六村安业路与安居路交汇处,0.0,0.0,13,13,good,,,深圳市水务局开放平台·积涝点水位
2026-08-20T13:00:00+08:00,Asia/Shanghai,9281192011,(市)松元头,0.0144,0.1,61,61,good,,,深圳市水务局开放平台·积涝点水位
2026-08-20T13:00:00+08:00,Asia/Shanghai,9281192012,(市)湖南立交,0.0,0.0,13,13,good,,,深圳市水务局开放平台·积涝点水位
2026-08-20T13:00:00+08:00,Asia/Shanghai,9281192013,(市)高背路惠盐高速桥洞积水点,0.0,0.0,13,13,good,,,深圳市水务局开放平台·积涝点水位
2026-08-20T13:00:00+08:00,Asia/Shanghai,9281192014,(市)鹤坑桥洞,0.0,0.0,13,13,good,,,深圳市水务局开放平台·积涝点水位
2026-08-20T13:00:00+08:00,Asia/Shanghai,9281192015,(市)安良社区沿河一路疏港铁路桥洞,0.0,0.0,13,13,good,22.73162335,114.107919,深圳市水务局开放平台·积涝点水位
2026-08-20T13:00:00+08:00,Asia/Shanghai,9281192016,(市)宝荷路中新加油站对面,0.0,0.0,13,13,good,22.694796752516076,114.25970116268519,深圳市水务局开放平台·积涝点水位
2026-08-20T13:00:00+08:00,Asia/Shanghai,9281192017,(市)环观南路与观平路交汇处,0.0,0.0,13,13,good,22.705673908780923,114.07279441765539,深圳市水务局开放平台·积涝点水位
2026-08-20T13:00:00+08:00,Asia/Shanghai,9281192018,(市)龙华大道库坑天桥段,0.0,0.0,13,13,good,22.669745856798677,114.03752701836405,深圳市水务局开放平台·积涝点水位
2026-08-20T13:00:00+08:00,Asia/Shanghai,9281192019,(市)福龙路高铁桥下简上段,0.0,0.0,16,16,good,22.61964472178257,114.00080097044238,深圳市水务局开放平台·积涝点水位
2026-08-20T13:00:00+08:00,Asia/Shanghai,9281192020,(市)工业路壹成中心段,0.01,0.01,66,66,good,22.648754971805,114.02570221318598,深圳市水务局开放平台·积涝点水位
2026-08-20T13:00:00+08:00,Asia/Shanghai,9281192021,(市)东环一路和平路交汇处,0.0,0.0,13,13,good,22.65040479515617,114.03284713758192,深圳市水务局开放平台·积涝点水位
2026-08-20T13:00:00+08:00,Asia/Shanghai,9281192022,(市)龙田社区大水湾,0.0,0.0,13,13,good,,,深圳市水务局开放平台·积涝点水位
2026-08-20T13:00:00+08:00,Asia/Shanghai,9281292001,(市)滨河皇岗立交桥洞,0.0,0.0,13,13,good,,,深圳市水务局开放平台·积涝点水位
2026-08-20T13:00:00+08:00,Asia/Shanghai,9281292002,(市)广深高速桥下滨海大道北侧辅道,0.01,0.01,67,67,good,22.579823080041088,114.10123773351275,深圳市水务局开放平台·积涝点水位
2026-08-20T13:00:00+08:00,Asia/Shanghai,9281292003,(市)福田区竹子林立交下穿通道,0.0,0.0,13,13,good,,,深圳市水务局开放平台·积涝点水位
2026-08-20T13:00:00+08:00,Asia/Shanghai,9281292004,(市)滨河益田立交桥洞,0.0,0.0,14,14,good,,,深圳市水务局开放平台·积涝点水位
2026-08-20T13:00:00+08:00,Asia/Shanghai,9281292005,(市)深南新洲一号立交桥洞,0.0,0.0,13,13,good,,,深圳市水务局开放平台·积涝点水位
2026-08-20T13:00:00+08:00,Asia/Shanghai,9281292006,(市)北环新洲立交东南角辅道,0.0,0.0,13,13,good,,,深圳市水务局开放平台·积涝点水位
2026-08-20T13:00:00+08:00,Asia/Shanghai,9281292007,(市)107国道新安段(裕安加油站),0.0,0.0,13,13,good,22.55254164883845,113.90816500450731,深圳市水务局开放平台·积涝点水位
2026-08-20T13:00:00+08:00,Asia/Shanghai,9281292008,洲石路鹤洲桥底（市）,0.0,0.0,13,13,good,22.651019027149744,113.88061107664711,深圳市水务局开放平台·积涝点水位
2026-08-20T13:00:00+08:00,Asia/Shanghai,9281292009,(市)帝堂路（锦程路以西段）,0.0,0.0,8,8,good,22.70987723506993,113.7784856087664,深圳市水务局开放平台·积涝点水位
2026-08-20T13:00:00+08:00,Asia/Shanghai,9281292010,(市)上星南路与中心路丽沙花都,0.0,0.0,14,14,good,22.502209013854387,113.93734688972145,深圳市水务局开放平台·积涝点水位
2026-08-20T13:00:00+08:00,Asia/Shanghai,9281292011,(市)外环路广深高速新桥立交,0.0,0.0,13,13,good,22.736379220337216,113.84591188570887,深圳市水务局开放平台·积涝点水位
2026-08-20T13:00:00+08:00,Asia/Shanghai,9281292012,(市)固戍海滨新村文昌阁,0.0,0.0,13,13,good,,,深圳市水务局开放平台·积涝点水位
2026-08-20T13:00:00+08:00,Asia/Shanghai,9281292013,(市)宝安大道固戍地铁站,0.0,0.0,13,13,good,22.64678387472509,113.8417801892837,深圳市水务局开放平台·积涝点水位
2026-08-20T13:00:00+08:00,Asia/Shanghai,9281292014,(市)G107国道南行固戍大门,0.0,0.0,13,13,good,22.55254164883845,113.90816500450731,深圳市水务局开放平台·积涝点水位
2026-08-20T13:00:00+08:00,Asia/Shanghai,9281292015,(市)东环大道松宝大道段,0.0,0.0,12,12,good,,,深圳市水务局开放平台·积涝点水位
2026-08-20T13:00:00+08:00,Asia/Shanghai,9281292016,(市)长凤路龙大高速桥底,0.0,0.0,13,13,good,22.775734215738417,113.91156092305157,深圳市水务局开放平台·积涝点水位
2026-08-20T13:00:00+08:00,Asia/Shanghai,9281292017,(市)圳美同富裕工业区,0.0,0.0,13,13,good,,,深圳市水务局开放平台·积涝点水位
2026-08-20T13:00:00+08:00,Asia/Shanghai,9281292018,(市)根玉路东方大道交汇处,0.0,0.0,11,11,good,22.763216165633853,113.85149341983029,深圳市水务局开放平台·积涝点水位
2026-08-20T13:00:00+08:00,Asia/Shanghai,9281292019,(市)上村社区龙大桥底,0.0,0.0,13,13,good,,,深圳市水务局开放平台·积涝点水位
2026-08-20T13:00:00+08:00,Asia/Shanghai,9281292020,(市)马山头社区上石家路通兴路交汇处,0.0,0.0,11,11,good,22.763999933333334,113.8915635138889,深圳市水务局开放平台·积涝点水位
2026-08-20T13:00:00+08:00,Asia/Shanghai,9281292021,(市)临海大道海关保税区,0.0,0.0,13,13,good,22.53399911521491,113.88871009435005,深圳市水务局开放平台·积涝点水位
2026-08-20T13:00:00+08:00,Asia/Shanghai,9281292022,(市)南山大道南行亿利达村段,0.01,0.01,63,63,good,22.540721694789013,113.9181638130031,深圳市水务局开放平台·积涝点水位
2026-08-20T13:00:00+08:00,Asia/Shanghai,9281292023,(市)东滨路南行华联城市山林花园段,0.0,0.0,13,13,good,22.51106546682151,113.92212734316605,深圳市水务局开放平台·积涝点水位
2026-08-20T13:00:00+08:00,Asia/Shanghai,9281292024,(市)深圳湾东滨路与中心路交叉口,0.0053,0.01,30,30,good,22.51106546682151,113.92212734316605,深圳市水务局开放平台·积涝点水位
2026-08-20T13:00:00+08:00,Asia/Shanghai,MS1104403030000228,(市)红岗公园,0.0,0.0,2,2,good,,,深圳市水务局开放平台·积涝点水位
2026-08-20T13:00:00+08:00,Asia/Shanghai,MS1104403030000232,(市)沿河南路文锦路社区,0.0,0.0,14,14,good,22.550252268776845,114.11444108979862,深圳市水务局开放平台·积涝点水位
2026-08-20T13:00:00+08:00,Asia/Shanghai,MS1104403030000247,(市)深南东路黄贝岭,0.0,0.0,13,13,good,22.54661746874732,114.11811396992493,深圳市水务局开放平台·积涝点水位
2026-08-20T13:00:00+08:00,Asia/Shanghai,MS1104403030000251,(市)滨河上步立交桥,0.0,0.0,2,2,good,,,深圳市水务局开放平台·积涝点水位
2026-08-20T13:00:00+08:00,Asia/Shanghai,MS1104403030000266,(市)罗湖火车站,0.0,0.0,12,12,good,,,深圳市水务局开放平台·积涝点水位
2026-08-20T13:00:00+08:00,Asia/Shanghai,MS1104403030000270,(市)罗湖区委,0.0,0.0,2,2,good,,,深圳市水务局开放平台·积涝点水位
2026-08-20T13:00:00+08:00,Asia/Shanghai,MS1104403030000285,(市)万象城,0.01,0.01,62,62,good,,,深圳市水务局开放平台·积涝点水位
2026-08-20T13:00:00+08:00,Asia/Shanghai,MS110440303000029X,(市)洪湖地铁站D出入口,0.0,0.0,2,2,good,,,深圳市水务局开放平台·积涝点水位
2026-08-20T13:00:00+08:00,Asia/Shanghai,MS1104403030000304,(市)东湖路,0.0,0.0,5,5,good,22.582822583699635,114.1345991945055,深圳市水务局开放平台·积涝点水位
2026-08-20T13:00:00+08:00,Asia/Shanghai,MS1104403030000319,(市)桂园片区,0.0,0.0,13,13,good,,,深圳市水务局开放平台·积涝点水位
2026-08-20T13:00:00+08:00,Asia/Shanghai,MS1104403030000323,(市)晒布路与东门中路交汇处,0.01,0.01,65,65,good,22.551568716163253,114.1183832504732,深圳市水务局开放平台·积涝点水位
2026-08-20T13:00:00+08:00,Asia/Shanghai,MS1104403030000338,(市)东湖公园爱国路与太宁路路口,0.0,0.0,12,12,good,22.563633808974675,114.13329390192719,深圳市水务局开放平台·积涝点水位
2026-08-20T13:00:00+08:00,Asia/Shanghai,MS1104403030000342,(市)文锦渡口岸,0.0,0.0,2,2,good,,,深圳市水务局开放平台·积涝点水位
2026-08-20T13:00:00+08:00,Asia/Shanghai,MS1104403040000543,(市)香梅莲花路口,0.0,0.0,2,2,good,22.559401296538805,114.04793087126708,深圳市水务局开放平台·积涝点水位
2026-08-20T13:00:00+08:00,Asia/Shanghai,MS1104403040000558,(市)信托花园,0.0,0.0,13,13,good,,,深圳市水务局开放平台·积涝点水位
2026-08-20T13:00:00+08:00,Asia/Shanghai,MS1104403040000562,(市)上步红荔路口,0.0,0.0,2,2,good,22.550171284097686,114.05891535550717,深圳市水务局开放平台·积涝点水位
2026-08-20T13:00:00+08:00,Asia/Shanghai,MS1104403040000577,(市)深南皇岗立交桥与皇岗路交汇处,0.0,0.0,13,13,good,22.552167188223326,114.06774281249497,深圳市水务局开放平台·积涝点水位
2026-08-20T13:00:00+08:00,Asia/Shanghai,MS1104403040000581,(市)北环大道与梅林路交汇处,0.0,0.0,2,2,good,22.55966775704351,113.99344633894496,深圳市水务局开放平台·积涝点水位
2026-08-20T13:00:00+08:00,Asia/Shanghai,MS1104403040000596,(市)侨香路香梅社区,0.0,0.0,2,2,good,22.55158384619422,114.00624803762132,深圳市水务局开放平台·积涝点水位
2026-08-20T13:00:00+08:00,Asia/Shanghai,MS1104403040000600,(市)侨香路香安社区,0.0,0.0,2,2,good,22.55158384619422,114.00624803762132,深圳市水务局开放平台·积涝点水位
2026-08-20T13:00:00+08:00,Asia/Shanghai,MS1104403040000615,(市)市民中心,0.0,0.0,2,2,good,,,深圳市水务局开放平台·积涝点水位
2026-08-20T13:00:00+08:00,Asia/Shanghai,MS110440304000062X,(市)民田路深圳证券交易所,0.0,0.0,12,12,good,22.53903429826115,114.04781278730138,深圳市水务局开放平台·积涝点水位
2026-08-20T13:00:00+08:00,Asia/Shanghai,MS1104403040000634,(市)燃气集团股份有限公司梅林 LNG安全应急气化站,0.0,0.0,13,13,good,,,深圳市水务局开放平台·积涝点水位
2026-08-20T13:00:00+08:00,Asia/Shanghai,MS1104403040000649,(市)深南大道车公庙交通枢纽段,0.0059,0.01,51,51,good,22.5420797706313,113.9753640727562,深圳市水务局开放平台·积涝点水位
2026-08-20T13:00:00+08:00,Asia/Shanghai,MS1104403050000118,(市)月亮湾大道与前湾三路交叉口,0.0,0.0,2,2,good,22.511993391395155,113.8903078293519,深圳市水务局开放平台·积涝点水位
2026-08-20T13:00:00+08:00,Asia/Shanghai,MS1104403050000122,(市)南山大道深意工业大厦段,0.0095,0.01,63,63,good,22.540721694789013,113.9181638130031,深圳市水务局开放平台·积涝点水位
2026-08-20T13:00:00+08:00,Asia/Shanghai,MS1104403050000137,(市)南山大道与登良路交叉口,0.0,0.0,2,2,good,22.540721694789013,113.9181638130031,深圳市水务局开放平台·积涝点水位
2026-08-20T13:00:00+08:00,Asia/Shanghai,MS1104403050000141,(市)南新路北头豪苑,0.0,0.0,2,2,good,22.535707366852186,113.92452459612443,深圳市水务局开放平台·积涝点水位
2026-08-20T13:00:00+08:00,Asia/Shanghai,MS1104403050000156,(市)滨海大道与南山大道交叉口,0.0,0.0,2,2,good,22.579823080041088,114.10123773351275,深圳市水务局开放平台·积涝点水位
2026-08-20T13:00:00+08:00,Asia/Shanghai,MS1104403050000160,(市)桃园路与南新路交叉口,0.0,0.0,2,2,good,22.535395972003414,113.91852837514443,深圳市水务局开放平台·积涝点水位
2026-08-20T13:00:00+08:00,Asia/Shanghai,MS1104403050000175,(市)后海大道与登良路交叉口,0.0,0.0,13,13,good,22.51179221810604,113.92884393579894,深圳市水务局开放平台·积涝点水位
2026-08-20T13:00:00+08:00,Asia/Shanghai,MS110440305000018X,(市)后海大道港湾创业大厦,0.0,0.0,14,14,good,22.51179221810604,113.92884393579894,深圳市水务局开放平台·积涝点水位
2026-08-20T13:00:00+08:00,Asia/Shanghai,MS1104403050000194,(市)深南大道高新园地铁 AD 口,0.0,0.0,13,13,good,22.5420797706313,113.9753640727562,深圳市水务局开放平台·积涝点水位
2026-08-20T13:00:00+08:00,Asia/Shanghai,MS1104403050000209,(市)深圳湾口岸,0.0,0.0,2,2,good,,,深圳市水务局开放平台·积涝点水位
2026-08-20T13:00:00+08:00,Asia/Shanghai,MS1104403050000213,(市)前湾公园地铁站 A 出入口,0.0,0.0,12,12,good,,,深圳市水务局开放平台·积涝点水位
2026-08-20T13:00:00+08:00,Asia/Shanghai,MS1104403050000228,(市)粤海门地铁站 D2 出入口,0.0,0.0,13,13,good,,,深圳市水务局开放平台·积涝点水位
2026-08-20T13:00:00+08:00,Asia/Shanghai,MS1104403050000232,(市)桂庙路地下道路,0.0,0.0,13,13,good,22.52643977555155,113.91686609460196,深圳市水务局开放平台·积涝点水位
2026-08-20T13:00:00+08:00,Asia/Shanghai,MS1104403050000247,(市)国家超级计算深圳中心,0.0,0.0,13,13,good,,,深圳市水务局开放平台·积涝点水位
2026-08-20T13:00:00+08:00,Asia/Shanghai,MS110440306000029X,(市)辛养旧村辛居路,0.0,0.0,2,2,good,,,深圳市水务局开放平台·积涝点水位
2026-08-20T13:00:00+08:00,Asia/Shanghai,MS1104403060000304,(市)山门第三工业区,0.0,0.0,2,2,good,,,深圳市水务局开放平台·积涝点水位
2026-08-20T13:00:00+08:00,Asia/Shanghai,MS1104403060000319,(市)前进一路上川路口,0.0,0.0,13,13,good,22.57118007860348,113.90008995469552,深圳市水务局开放平台·积涝点水位
2026-08-20T13:00:00+08:00,Asia/Shanghai,MS1104403060000323,(市)洪浪北地铁站,0.0,0.0,13,13,good,,,深圳市水务局开放平台·积涝点水位
2026-08-20T13:00:00+08:00,Asia/Shanghai,MS1104403060000338,(市)东风幼儿园,0.0,0.0,2,2,good,,,深圳市水务局开放平台·积涝点水位
2026-08-20T13:00:00+08:00,Asia/Shanghai,MS1104403060000342,(市)海乐41区,0.0,0.0,2,2,good,,,深圳市水务局开放平台·积涝点水位
2026-08-20T13:00:00+08:00,Asia/Shanghai,MS1104403060000357,(市)前进二路,0.0,0.0,2,2,good,22.597482662679273,113.87435005513986,深圳市水务局开放平台·积涝点水位
2026-08-20T13:00:00+08:00,Asia/Shanghai,MS1104403060000361,(市)园岭商场,0.0,0.0,11,11,good,,,深圳市水务局开放平台·积涝点水位
2026-08-20T13:00:00+08:00,Asia/Shanghai,MS1104403060000376,(市)新圳西路万佳商场段,0.0,0.0,5,5,good,22.56349644,113.89998969999999,深圳市水务局开放平台·积涝点水位
2026-08-20T13:00:00+08:00,Asia/Shanghai,MS1104403060000380,(市)北环路与爱群路路口,0.0,0.0,13,13,good,22.79634568700108,114.39897783430258,深圳市水务局开放平台·积涝点水位
2026-08-20T13:00:00+08:00,Asia/Shanghai,MS1104403060000395,(市)宝安区幸福路与恒珠一路,0.0,0.0,2,2,good,,,深圳市水务局开放平台·积涝点水位
2026-08-20T13:00:00+08:00,Asia/Shanghai,MS110440306000040X,(市)宝安区勋业街,0.0,0.0,2,2,good,,,深圳市水务局开放平台·积涝点水位
2026-08-20T13:00:00+08:00,Asia/Shanghai,MS1104403060000414,(市)宝安区福和路西六巷,0.0,0.0,13,13,good,22.75496986065163,113.7975587837876,深圳市水务局开放平台·积涝点水位
2026-08-20T13:00:00+08:00,Asia/Shanghai,MS1104403060000429,(市)民福路与创新路交叉口,0.0,0.0,13,13,good,22.77931941488889,113.82386091368804,深圳市水务局开放平台·积涝点水位
2026-08-20T13:00:00+08:00,Asia/Shanghai,MS1104403060000433,(市)金沙二路与民福路交叉口,0.0,0.0,2,2,good,22.731531574999998,113.800096525,深圳市水务局开放平台·积涝点水位
2026-08-20T13:00:00+08:00,Asia/Shanghai,MS1104403060000448,(市)宝安区沙井西环路正科时代,0.0,0.0,2,2,good,22.658437552805964,113.96411546099013,深圳市水务局开放平台·积涝点水位
2026-08-20T13:00:00+08:00,Asia/Shanghai,MS1104403060000452,(市)宝源路固戍海滨公园,0.0,0.0,13,13,good,22.58668431255461,113.84584894450396,深圳市水务局开放平台·积涝点水位
2026-08-20T13:00:00+08:00,Asia/Shanghai,MS1104403060000467,(市)海雅缤纷城,0.0092,0.01,65,65,good,,,深圳市水务局开放平台·积涝点水位
2026-08-20T13:00:00+08:00,Asia/Shanghai,MS1104403060000471,(市)万达广场,0.0,0.0,2,2,good,,,深圳市水务局开放平台·积涝点水位
2026-08-20T13:00:00+08:00,Asia/Shanghai,MS1104403060000486,(市)固戍地铁站 A/F 出入口,0.0,0.0,13,13,good,,,深圳市水务局开放平台·积涝点水位
2026-08-20T13:00:00+08:00,Asia/Shanghai,MS1104403060000490,(市)碧海湾地铁站 B 出入口,0.0,0.0,13,13,good,,,深圳市水务局开放平台·积涝点水位
2026-08-20T13:00:00+08:00,Asia/Shanghai,MS1104403060000505,(市)海天路地下隧道,0.0,0.0,12,12,good,22.549962987088094,113.87889692546018,深圳市水务局开放平台·积涝点水位
2026-08-20T13:00:00+08:00,Asia/Shanghai,MS1104403070000175,(市)龙平西路新秀社区公园,0.0,0.0,2,2,good,22.731009781031894,114.22605984524496,深圳市水务局开放平台·积涝点水位
2026-08-20T13:00:00+08:00,Asia/Shanghai,MS110440307000018X,(市)如意路广发银行奥林支行,0.0,0.0,13,13,good,22.697841456213258,114.19931100734046,深圳市水务局开放平台·积涝点水位
2026-08-20T13:00:00+08:00,Asia/Shanghai,MS1104403070000194,(市)龙翔大道与龙城大道交汇处,0.0,0.0,13,13,good,22.708452173199664,114.22855732448205,深圳市水务局开放平台·积涝点水位
2026-08-20T13:00:00+08:00,Asia/Shanghai,MS1104403070000209,(市)龙城大道与龙平东路交汇处,0.0,0.0,13,13,good,22.734070392016967,114.26268655089929,深圳市水务局开放平台·积涝点水位
2026-08-20T13:00:00+08:00,Asia/Shanghai,MS1104403070000213,(市)龙西中路与盐龙大道交汇处,0.0,0.0,13,13,good,22.75103177856142,114.25588661241065,深圳市水务局开放平台·积涝点水位
2026-08-20T13:00:00+08:00,Asia/Shanghai,MS1104403070000228,(市)爱南路与深汕公路交汇处,0.0,0.0,13,13,good,22.709133830928806,114.31382413715897,深圳市水务局开放平台·积涝点水位
2026-08-20T13:00:00+08:00,Asia/Shanghai,MS1104403070000232,(市)园新路与乐园路交汇处,0.0,0.0,13,13,good,22.714932425,114.3001758,深圳市水务局开放平台·积涝点水位
2026-08-20T13:00:00+08:00,Asia/Shanghai,MS1104403070000247,(市)长深高速四方埔社区,0.0,0.0,2,2,good,22.785453209312927,114.3238491191703,深圳市水务局开放平台·积涝点水位
2026-08-20T13:00:00+08:00,Asia/Shanghai,MS1104403070000251,(市)龙岗区政府,0.0,0.0,13,13,good,,,深圳市水务局开放平台·积涝点水位
2026-08-20T13:00:00+08:00,Asia/Shanghai,MS1104403070000266,(市)五和地铁站H出入口,0.0,0.0,13,13,good,,,深圳市水务局开放平台·积涝点水位
2026-08-20T13:00:00+08:00,Asia/Shanghai,MS1104403070000270,(市)长龙地铁站C2出入口,0.0,0.0,2,2,good,,,深圳市水务局开放平台·积涝点水位
2026-08-20T13:00:00+08:00,Asia/Shanghai,MS1104403070000285,(市)育贤学校、童星幼儿园,0.0,0.0,13,13,good,,,深圳市水务局开放平台·积涝点水位
2026-08-20T13:00:00+08:00,Asia/Shanghai,MS110440307000029X,(市)深圳远东妇产医院,0.0,0.0,13,13,good,,,深圳市水务局开放平台·积涝点水位
2026-08-20T13:00:00+08:00,Asia/Shanghai,MS1104403070000304,(市)英才学校,0.0,0.0,13,13,good,,,深圳市水务局开放平台·积涝点水位
2026-08-20T13:00:00+08:00,Asia/Shanghai,MS1104403070000319,(市)吉榕路桥洞,0.0,0.0,13,13,good,,,深圳市水务局开放平台·积涝点水位
2026-08-20T13:00:00+08:00,Asia/Shanghai,MS1104403070000323,(市)京南路,0.0,0.0,2,2,good,22.602818284523806,114.12130894517196,深圳市水务局开放平台·积涝点水位
2026-08-20T13:00:00+08:00,Asia/Shanghai,MS1104403070000338,(市)布澜路国芬路口,0.0,0.0,2,2,good,22.635311170786817,114.12784150313183,深圳市水务局开放平台·积涝点水位
2026-08-20T13:00:00+08:00,Asia/Shanghai,MS1104403070000342,(市)布吉站（深圳东站）,0.0,0.0,2,2,good,,,深圳市水务局开放平台·积涝点水位
2026-08-20T13:00:00+08:00,Asia/Shanghai,MS1104403080000012,(市)金融路海涛路口片区,0.0,0.0,13,13,good,22.553642038690473,114.22939035281746,深圳市水务局开放平台·积涝点水位
2026-08-20T13:00:00+08:00,Asia/Shanghai,MS1104403080000027,(市)沙头角口岸小区,0.0,0.0,13,13,good,,,深圳市水务局开放平台·积涝点水位
2026-08-20T13:00:00+08:00,Asia/Shanghai,MS1104403080000031,(市)桥东街小区,0.0,0.0,12,12,good,,,深圳市水务局开放平台·积涝点水位
2026-08-20T13:00:00+08:00,Asia/Shanghai,MS1104403090000065,(市)泗黎路凹背社区富坑社区,0.0,0.0,2,2,good,22.753687171367037,114.03385655648283,深圳市水务局开放平台·积涝点水位
2026-08-20T13:00:00+08:00,Asia/Shanghai,MS110440309000007X,(市)银星科技园,0.0,0.0,2,2,good,,,深圳市水务局开放平台·积涝点水位
2026-08-20T13:00:00+08:00,Asia/Shanghai,MS1104403090000084,(市)观光路与福前路交汇处,0.0,0.0,2,2,good,22.733179257314486,114.01274963079653,深圳市水务局开放平台·积涝点水位
2026-08-20T13:00:00+08:00,Asia/Shanghai,MS1104403090000099,(市)三联社区,0.0,0.0,13,13,good,,,深圳市水务局开放平台·积涝点水位
2026-08-20T13:00:00+08:00,Asia/Shanghai,MS1104403090000103,(市)布龙路与五和大道交汇处,0.0,0.0,13,13,good,22.646750702555874,114.02665721385576,深圳市水务局开放平台·积涝点水位
2026-08-20T13:00:00+08:00,Asia/Shanghai,MS1104403090000118,(市)新区大道深圳北站,0.0,0.0,16,16,good,22.624351465560785,114.01682556681699,深圳市水务局开放平台·积涝点水位
2026-08-20T13:00:00+08:00,Asia/Shanghai,MS1104403090000122,(市)龙华壹方成,0.0,0.0,13,13,good,,,深圳市水务局开放平台·积涝点水位
2026-08-20T13:00:00+08:00,Asia/Shanghai,MS1104403090000137,(市)昌茂二路,0.0,0.0,14,14,good,,,深圳市水务局开放平台·积涝点水位
2026-08-20T13:00:00+08:00,Asia/Shanghai,MS1104403090000141,(市)大浪新围街大船坑市场段,0.0,0.0,10,10,good,22.692058934615382,113.9964102346154,深圳市水务局开放平台·积涝点水位
2026-08-20T13:00:00+08:00,Asia/Shanghai,MS1104403100000028,(市)坪山法院门口,0.0,0.0,2,2,good,,,深圳市水务局开放平台·积涝点水位
2026-08-20T13:00:00+08:00,Asia/Shanghai,MS1104403100000032,(市)秀沙路比亚迪厂门前,0.0,0.0,13,13,good,22.767995359829058,114.39900074224022,深圳市水务局开放平台·积涝点水位
2026-08-20T13:00:00+08:00,Asia/Shanghai,MS1104403100000047,(市)群代路金泰航科技,0.01,0.01,62,62,good,,,深圳市水务局开放平台·积涝点水位
2026-08-20T13:00:00+08:00,Asia/Shanghai,MS1104403100000051,(市)三洋湖路三洋湖新区小区,0.0,0.0,13,13,good,,,深圳市水务局开放平台·积涝点水位
2026-08-20T13:00:00+08:00,Asia/Shanghai,MS1104403100000066,(市)文化中心地铁站,0.0,0.0,13,13,good,,,深圳市水务局开放平台·积涝点水位
2026-08-20T13:00:00+08:00,Asia/Shanghai,MS1104403110000597,(市)东长路外环高速长圳入口,0.0,0.0,13,13,good,22.747509018088216,113.91221411091422,深圳市水务局开放平台·积涝点水位
2026-08-20T13:00:00+08:00,Asia/Shanghai,MS1104403110000601,(市)光侨雅苑,0.0,0.0,2,2,good,,,深圳市水务局开放平台·积涝点水位
2026-08-20T13:00:00+08:00,Asia/Shanghai,MS1104403110000616,(市)同观路与汇融路交叉口,0.0,0.0,2,2,good,22.734039598507852,113.91441943299901,深圳市水务局开放平台·积涝点水位
2026-08-20T13:00:00+08:00,Asia/Shanghai,MS1104403110000620,(市)松白路松茂御城段,0.0,0.0,2,2,good,22.731110627923336,113.894856941127,深圳市水务局开放平台·积涝点水位
2026-08-20T13:00:00+08:00,Asia/Shanghai,MS1104403110000635,(市)公常路与环村路交叉口,0.0,0.0,13,13,good,22.826648407959507,113.95688701032125,深圳市水务局开放平台·积涝点水位
2026-08-20T13:00:00+08:00,Asia/Shanghai,MS110440311000064X,(市)光明区高级中学,0.0,0.0,2,2,good,,,深圳市水务局开放平台·积涝点水位
2026-08-20T13:00:00+08:00,Asia/Shanghai,MS1104403120000032,(市)大鹏液化天然气有限公司深圳接收站,0.0,0.0,12,12,good,,,深圳市水务局开放平台·积涝点水位
2026-08-20T14:00:00+08:00,Asia/Shanghai,9281192001,(市)平湖火车隧道口,0.0,0.0,13,13,good,,,深圳市水务局开放平台·积涝点水位
2026-08-20T14:00:00+08:00,Asia/Shanghai,9281192002,(市)新木路广深铁路桥底,0.0,0.0,13,13,good,22.6674177472887,114.13210195018992,深圳市水务局开放平台·积涝点水位
2026-08-20T14:00:00+08:00,Asia/Shanghai,9281192003,(市)新木路新围仔村路口,0.0,0.0,13,13,good,22.6674177472887,114.13210195018992,深圳市水务局开放平台·积涝点水位
2026-08-20T14:00:00+08:00,Asia/Shanghai,9281192004,(市)布李路富民城段,0.0,0.0,13,13,good,22.618912574166664,114.11654044833332,深圳市水务局开放平台·积涝点水位
2026-08-20T14:00:00+08:00,Asia/Shanghai,9281192005,(市)龙博路,0.01,0.01,69,69,good,22.62797037826087,114.10927237391306,深圳市水务局开放平台·积涝点水位
2026-08-20T14:00:00+08:00,Asia/Shanghai,9281192006,(市)五和大道四季花城,0.0,0.0,26,26,good,22.65976725256875,114.05975735653944,深圳市水务局开放平台·积涝点水位
2026-08-20T14:00:00+08:00,Asia/Shanghai,9281192008,(市)南联第六工业区桥洞,0.0055,0.01,49,49,good,,,深圳市水务局开放平台·积涝点水位
2026-08-20T14:00:00+08:00,Asia/Shanghai,9281192009,(市)新坡塘村新坡塘积水点,0.0,0.0,13,13,good,,,深圳市水务局开放平台·积涝点水位
2026-08-20T14:00:00+08:00,Asia/Shanghai,9281192010,(市)安良六村安业路与安居路交汇处,0.0,0.0,13,13,good,,,深圳市水务局开放平台·积涝点水位
2026-08-20T14:00:00+08:00,Asia/Shanghai,9281192011,(市)松元头,0.01,0.01,61,61,good,,,深圳市水务局开放平台·积涝点水位
2026-08-20T14:00:00+08:00,Asia/Shanghai,9281192012,(市)湖南立交,0.0,0.0,13,13,good,,,深圳市水务局开放平台·积涝点水位
2026-08-20T14:00:00+08:00,Asia/Shanghai,9281192013,(市)高背路惠盐高速桥洞积水点,0.0,0.0,13,13,good,,,深圳市水务局开放平台·积涝点水位
2026-08-20T14:00:00+08:00,Asia/Shanghai,9281192014,(市)鹤坑桥洞,0.0,0.0,13,13,good,,,深圳市水务局开放平台·积涝点水位
2026-08-20T14:00:00+08:00,Asia/Shanghai,9281192015,(市)安良社区沿河一路疏港铁路桥洞,0.0,0.0,13,13,good,22.73162335,114.107919,深圳市水务局开放平台·积涝点水位
2026-08-20T14:00:00+08:00,Asia/Shanghai,9281192016,(市)宝荷路中新加油站对面,0.0,0.0,13,13,good,22.694796752516076,114.25970116268519,深圳市水务局开放平台·积涝点水位
2026-08-20T14:00:00+08:00,Asia/Shanghai,9281192017,(市)环观南路与观平路交汇处,0.0,0.0,12,12,good,22.705673908780923,114.07279441765539,深圳市水务局开放平台·积涝点水位
2026-08-20T14:00:00+08:00,Asia/Shanghai,9281192018,(市)龙华大道库坑天桥段,0.0,0.0,13,13,good,22.669745856798677,114.03752701836405,深圳市水务局开放平台·积涝点水位
2026-08-20T14:00:00+08:00,Asia/Shanghai,9281192019,(市)福龙路高铁桥下简上段,0.0,0.0,13,13,good,22.61964472178257,114.00080097044238,深圳市水务局开放平台·积涝点水位
2026-08-20T14:00:00+08:00,Asia/Shanghai,9281192020,(市)工业路壹成中心段,0.01,0.01,70,70,good,22.648754971805,114.02570221318598,深圳市水务局开放平台·积涝点水位
2026-08-20T14:00:00+08:00,Asia/Shanghai,9281192021,(市)东环一路和平路交汇处,0.0,0.0,13,13,good,22.65040479515617,114.03284713758192,深圳市水务局开放平台·积涝点水位
2026-08-20T14:00:00+08:00,Asia/Shanghai,9281192022,(市)龙田社区大水湾,0.0,0.0,13,13,good,,,深圳市水务局开放平台·积涝点水位
2026-08-20T14:00:00+08:00,Asia/Shanghai,9281292001,(市)滨河皇岗立交桥洞,0.0,0.0,13,13,good,,,深圳市水务局开放平台·积涝点水位
2026-08-20T14:00:00+08:00,Asia/Shanghai,9281292002,(市)广深高速桥下滨海大道北侧辅道,0.01,0.01,63,63,good,22.579823080041088,114.10123773351275,深圳市水务局开放平台·积涝点水位
2026-08-20T14:00:00+08:00,Asia/Shanghai,9281292003,(市)福田区竹子林立交下穿通道,0.0,0.0,13,13,good,,,深圳市水务局开放平台·积涝点水位
2026-08-20T14:00:00+08:00,Asia/Shanghai,9281292004,(市)滨河益田立交桥洞,0.0,0.0,12,12,good,,,深圳市水务局开放平台·积涝点水位
2026-08-20T14:00:00+08:00,Asia/Shanghai,9281292005,(市)深南新洲一号立交桥洞,0.0052,0.01,31,31,good,,,深圳市水务局开放平台·积涝点水位
2026-08-20T14:00:00+08:00,Asia/Shanghai,9281292006,(市)北环新洲立交东南角辅道,0.0,0.0,17,17,good,,,深圳市水务局开放平台·积涝点水位
2026-08-20T14:00:00+08:00,Asia/Shanghai,9281292007,(市)107国道新安段(裕安加油站),0.0,0.0,13,13,good,22.55254164883845,113.90816500450731,深圳市水务局开放平台·积涝点水位
2026-08-20T14:00:00+08:00,Asia/Shanghai,9281292008,洲石路鹤洲桥底（市）,0.0,0.0,13,13,good,22.651019027149744,113.88061107664711,深圳市水务局开放平台·积涝点水位
2026-08-20T14:00:00+08:00,Asia/Shanghai,9281292009,(市)帝堂路（锦程路以西段）,0.0,0.0,22,22,good,22.70987723506993,113.7784856087664,深圳市水务局开放平台·积涝点水位
2026-08-20T14:00:00+08:00,Asia/Shanghai,9281292010,(市)上星南路与中心路丽沙花都,0.0,0.0,13,13,good,22.502209013854387,113.93734688972145,深圳市水务局开放平台·积涝点水位
2026-08-20T14:00:00+08:00,Asia/Shanghai,9281292011,(市)外环路广深高速新桥立交,0.0,0.0,39,39,good,22.736379220337216,113.84591188570887,深圳市水务局开放平台·积涝点水位
2026-08-20T14:00:00+08:00,Asia/Shanghai,9281292012,(市)固戍海滨新村文昌阁,0.0,0.0,13,13,good,,,深圳市水务局开放平台·积涝点水位
2026-08-20T14:00:00+08:00,Asia/Shanghai,9281292013,(市)宝安大道固戍地铁站,0.0,0.0,13,13,good,22.64678387472509,113.8417801892837,深圳市水务局开放平台·积涝点水位
2026-08-20T14:00:00+08:00,Asia/Shanghai,9281292014,(市)G107国道南行固戍大门,0.0,0.0,13,13,good,22.55254164883845,113.90816500450731,深圳市水务局开放平台·积涝点水位
2026-08-20T14:00:00+08:00,Asia/Shanghai,9281292015,(市)东环大道松宝大道段,0.0,0.0,13,13,good,,,深圳市水务局开放平台·积涝点水位
2026-08-20T14:00:00+08:00,Asia/Shanghai,9281292016,(市)长凤路龙大高速桥底,0.0,0.0,13,13,good,22.775734215738417,113.91156092305157,深圳市水务局开放平台·积涝点水位
2026-08-20T14:00:00+08:00,Asia/Shanghai,9281292017,(市)圳美同富裕工业区,0.0,0.0,13,13,good,,,深圳市水务局开放平台·积涝点水位
2026-08-20T14:00:00+08:00,Asia/Shanghai,9281292018,(市)根玉路东方大道交汇处,0.0,0.0,13,13,good,22.763216165633853,113.85149341983029,深圳市水务局开放平台·积涝点水位
2026-08-20T14:00:00+08:00,Asia/Shanghai,9281292019,(市)上村社区龙大桥底,0.0,0.0,13,13,good,,,深圳市水务局开放平台·积涝点水位
2026-08-20T14:00:00+08:00,Asia/Shanghai,9281292020,(市)马山头社区上石家路通兴路交汇处,0.0,0.0,12,12,good,22.763999933333334,113.8915635138889,深圳市水务局开放平台·积涝点水位
2026-08-20T14:00:00+08:00,Asia/Shanghai,9281292021,(市)临海大道海关保税区,0.0,0.0,13,13,good,22.53399911521491,113.88871009435005,深圳市水务局开放平台·积涝点水位
2026-08-20T14:00:00+08:00,Asia/Shanghai,9281292022,(市)南山大道南行亿利达村段,0.01,0.01,68,68,good,22.540721694789013,113.9181638130031,深圳市水务局开放平台·积涝点水位
2026-08-20T14:00:00+08:00,Asia/Shanghai,9281292023,(市)东滨路南行华联城市山林花园段,0.0,0.0,13,13,good,22.51106546682151,113.92212734316605,深圳市水务局开放平台·积涝点水位
2026-08-20T14:00:00+08:00,Asia/Shanghai,9281292024,(市)深圳湾东滨路与中心路交叉口,0.01,0.01,34,34,good,22.51106546682151,113.92212734316605,深圳市水务局开放平台·积涝点水位
2026-08-20T14:00:00+08:00,Asia/Shanghai,MS1104403030000228,(市)红岗公园,0.0,0.0,2,2,good,,,深圳市水务局开放平台·积涝点水位
2026-08-20T14:00:00+08:00,Asia/Shanghai,MS1104403030000232,(市)沿河南路文锦路社区,0.0,0.0,13,13,good,22.550252268776845,114.11444108979862,深圳市水务局开放平台·积涝点水位
2026-08-20T14:00:00+08:00,Asia/Shanghai,MS1104403030000247,(市)深南东路黄贝岭,0.0,0.0,13,13,good,22.54661746874732,114.11811396992493,深圳市水务局开放平台·积涝点水位
2026-08-20T14:00:00+08:00,Asia/Shanghai,MS1104403030000251,(市)滨河上步立交桥,0.0,0.0,2,2,good,,,深圳市水务局开放平台·积涝点水位
2026-08-20T14:00:00+08:00,Asia/Shanghai,MS1104403030000266,(市)罗湖火车站,0.0,0.0,13,13,good,,,深圳市水务局开放平台·积涝点水位
2026-08-20T14:00:00+08:00,Asia/Shanghai,MS1104403030000270,(市)罗湖区委,0.0,0.0,2,2,good,,,深圳市水务局开放平台·积涝点水位
2026-08-20T14:00:00+08:00,Asia/Shanghai,MS1104403030000285,(市)万象城,0.0118,0.02,68,68,good,,,深圳市水务局开放平台·积涝点水位
2026-08-20T14:00:00+08:00,Asia/Shanghai,MS110440303000029X,(市)洪湖地铁站D出入口,0.0154,0.02,13,13,good,,,深圳市水务局开放平台·积涝点水位
2026-08-20T14:00:00+08:00,Asia/Shanghai,MS1104403030000304,(市)东湖路,0.02,0.04,10,10,good,22.582822583699635,114.1345991945055,深圳市水务局开放平台·积涝点水位
2026-08-20T14:00:00+08:00,Asia/Shanghai,MS1104403030000319,(市)桂园片区,0.005,0.02,30,30,good,,,深圳市水务局开放平台·积涝点水位
2026-08-20T14:00:00+08:00,Asia/Shanghai,MS1104403030000323,(市)晒布路与东门中路交汇处,0.0105,0.03,63,63,good,22.551568716163253,114.1183832504732,深圳市水务局开放平台·积涝点水位
2026-08-20T14:00:00+08:00,Asia/Shanghai,MS1104403030000338,(市)东湖公园爱国路与太宁路路口,0.0,0.0,13,13,good,22.563633808974675,114.13329390192719,深圳市水务局开放平台·积涝点水位
2026-08-20T14:00:00+08:00,Asia/Shanghai,MS1104403030000342,(市)文锦渡口岸,0.0105,0.02,21,21,good,,,深圳市水务局开放平台·积涝点水位
2026-08-20T14:00:00+08:00,Asia/Shanghai,MS1104403040000543,(市)香梅莲花路口,0.0,0.0,2,2,good,22.559401296538805,114.04793087126708,深圳市水务局开放平台·积涝点水位
2026-08-20T14:00:00+08:00,Asia/Shanghai,MS1104403040000558,(市)信托花园,0.0,0.0,15,15,good,,,深圳市水务局开放平台·积涝点水位
2026-08-20T14:00:00+08:00,Asia/Shanghai,MS1104403040000562,(市)上步红荔路口,0.004,0.01,5,5,good,22.550171284097686,114.05891535550717,深圳市水务局开放平台·积涝点水位
2026-08-20T14:00:00+08:00,Asia/Shanghai,MS1104403040000577,(市)深南皇岗立交桥与皇岗路交汇处,0.0,0.0,13,13,good,22.552167188223326,114.06774281249497,深圳市水务局开放平台·积涝点水位
2026-08-20T14:00:00+08:00,Asia/Shanghai,MS1104403040000581,(市)北环大道与梅林路交汇处,0.0043,0.01,7,7,good,22.55966775704351,113.99344633894496,深圳市水务局开放平台·积涝点水位
2026-08-20T14:00:00+08:00,Asia/Shanghai,MS1104403040000596,(市)侨香路香梅社区,0.0,0.0,2,2,good,22.55158384619422,114.00624803762132,深圳市水务局开放平台·积涝点水位
2026-08-20T14:00:00+08:00,Asia/Shanghai,MS1104403040000600,(市)侨香路香安社区,0.0,0.0,2,2,good,22.55158384619422,114.00624803762132,深圳市水务局开放平台·积涝点水位
2026-08-20T14:00:00+08:00,Asia/Shanghai,MS1104403040000615,(市)市民中心,0.0,0.0,2,2,good,,,深圳市水务局开放平台·积涝点水位
2026-08-20T14:00:00+08:00,Asia/Shanghai,MS110440304000062X,(市)民田路深圳证券交易所,0.0,0.0,13,13,good,22.53903429826115,114.04781278730138,深圳市水务局开放平台·积涝点水位
2026-08-20T14:00:00+08:00,Asia/Shanghai,MS1104403040000634,(市)燃气集团股份有限公司梅林 LNG安全应急气化站,0.0,0.0,13,13,good,,,深圳市水务局开放平台·积涝点水位
2026-08-20T14:00:00+08:00,Asia/Shanghai,MS1104403040000649,(市)深南大道车公庙交通枢纽段,0.0058,0.01,53,53,good,22.5420797706313,113.9753640727562,深圳市水务局开放平台·积涝点水位
2026-08-20T14:00:00+08:00,Asia/Shanghai,MS1104403050000118,(市)月亮湾大道与前湾三路交叉口,0.005,0.01,4,4,good,22.511993391395155,113.8903078293519,深圳市水务局开放平台·积涝点水位
2026-08-20T14:00:00+08:00,Asia/Shanghai,MS1104403050000122,(市)南山大道深意工业大厦段,0.0073,0.02,45,45,good,22.540721694789013,113.9181638130031,深圳市水务局开放平台·积涝点水位
2026-08-20T14:00:00+08:00,Asia/Shanghai,MS1104403050000137,(市)南山大道与登良路交叉口,0.0,0.0,2,2,good,22.540721694789013,113.9181638130031,深圳市水务局开放平台·积涝点水位
2026-08-20T14:00:00+08:00,Asia/Shanghai,MS1104403050000141,(市)南新路北头豪苑,0.0,0.0,2,2,good,22.535707366852186,113.92452459612443,深圳市水务局开放平台·积涝点水位
2026-08-20T14:00:00+08:00,Asia/Shanghai,MS1104403050000156,(市)滨海大道与南山大道交叉口,0.0,0.0,2,2,good,22.579823080041088,114.10123773351275,深圳市水务局开放平台·积涝点水位
2026-08-20T14:00:00+08:00,Asia/Shanghai,MS1104403050000160,(市)桃园路与南新路交叉口,0.0,0.0,2,2,good,22.535395972003414,113.91852837514443,深圳市水务局开放平台·积涝点水位
2026-08-20T14:00:00+08:00,Asia/Shanghai,MS1104403050000175,(市)后海大道与登良路交叉口,0.0,0.0,13,13,good,22.51179221810604,113.92884393579894,深圳市水务局开放平台·积涝点水位
2026-08-20T14:00:00+08:00,Asia/Shanghai,MS110440305000018X,(市)后海大道港湾创业大厦,0.0,0.0,13,13,good,22.51179221810604,113.92884393579894,深圳市水务局开放平台·积涝点水位
2026-08-20T14:00:00+08:00,Asia/Shanghai,MS1104403050000194,(市)深南大道高新园地铁 AD 口,0.0,0.0,13,13,good,22.5420797706313,113.9753640727562,深圳市水务局开放平台·积涝点水位
2026-08-20T14:00:00+08:00,Asia/Shanghai,MS1104403050000209,(市)深圳湾口岸,0.004,0.01,5,5,good,,,深圳市水务局开放平台·积涝点水位
2026-08-20T14:00:00+08:00,Asia/Shanghai,MS1104403050000213,(市)前湾公园地铁站 A 出入口,0.0,0.0,13,13,good,,,深圳市水务局开放平台·积涝点水位
2026-08-20T14:00:00+08:00,Asia/Shanghai,MS1104403050000228,(市)粤海门地铁站 D2 出入口,0.0,0.0,13,13,good,,,深圳市水务局开放平台·积涝点水位
2026-08-20T14:00:00+08:00,Asia/Shanghai,MS1104403050000232,(市)桂庙路地下道路,0.0,0.0,13,13,good,22.52643977555155,113.91686609460196,深圳市水务局开放平台·积涝点水位
2026-08-20T14:00:00+08:00,Asia/Shanghai,MS1104403050000247,(市)国家超级计算深圳中心,0.0,0.0,15,15,good,,,深圳市水务局开放平台·积涝点水位
2026-08-20T14:00:00+08:00,Asia/Shanghai,MS110440306000029X,(市)辛养旧村辛居路,0.01,0.02,4,4,good,,,深圳市水务局开放平台·积涝点水位
2026-08-20T14:00:00+08:00,Asia/Shanghai,MS1104403060000304,(市)山门第三工业区,0.0,0.0,2,2,good,,,深圳市水务局开放平台·积涝点水位
2026-08-20T14:00:00+08:00,Asia/Shanghai,MS1104403060000319,(市)前进一路上川路口,0.0,0.0,13,13,good,22.57118007860348,113.90008995469552,深圳市水务局开放平台·积涝点水位
2026-08-20T14:00:00+08:00,Asia/Shanghai,MS1104403060000323,(市)洪浪北地铁站,0.0,0.0,13,13,good,,,深圳市水务局开放平台·积涝点水位
2026-08-20T14:00:00+08:00,Asia/Shanghai,MS1104403060000338,(市)东风幼儿园,0.0,0.0,2,2,good,,,深圳市水务局开放平台·积涝点水位
2026-08-20T14:00:00+08:00,Asia/Shanghai,MS1104403060000342,(市)海乐41区,0.0,0.0,2,2,good,,,深圳市水务局开放平台·积涝点水位
2026-08-20T14:00:00+08:00,Asia/Shanghai,MS1104403060000357,(市)前进二路,0.0,0.0,2,2,good,22.597482662679273,113.87435005513986,深圳市水务局开放平台·积涝点水位
2026-08-20T14:00:00+08:00,Asia/Shanghai,MS1104403060000361,(市)园岭商场,0.0,0.0,13,13,good,,,深圳市水务局开放平台·积涝点水位
2026-08-20T14:00:00+08:00,Asia/Shanghai,MS1104403060000376,(市)新圳西路万佳商场段,0.0,0.0,5,5,good,22.56349644,113.89998969999999,深圳市水务局开放平台·积涝点水位
2026-08-20T14:00:00+08:00,Asia/Shanghai,MS1104403060000380,(市)北环路与爱群路路口,0.0,0.0,11,11,good,22.79634568700108,114.39897783430258,深圳市水务局开放平台·积涝点水位
2026-08-20T14:00:00+08:00,Asia/Shanghai,MS1104403060000395,(市)宝安区幸福路与恒珠一路,0.0,0.0,2,2,good,,,深圳市水务局开放平台·积涝点水位
2026-08-20T14:00:00+08:00,Asia/Shanghai,MS110440306000040X,(市)宝安区勋业街,0.02,0.03,6,6,good,,,深圳市水务局开放平台·积涝点水位
2026-08-20T14:00:00+08:00,Asia/Shanghai,MS1104403060000414,(市)宝安区福和路西六巷,0.0,0.0,13,13,good,22.75496986065163,113.7975587837876,深圳市水务局开放平台·积涝点水位
2026-08-20T14:00:00+08:00,Asia/Shanghai,MS1104403060000429,(市)民福路与创新路交叉口,0.0,0.0,13,13,good,22.77931941488889,113.82386091368804,深圳市水务局开放平台·积涝点水位
2026-08-20T14:00:00+08:00,Asia/Shanghai,MS1104403060000433,(市)金沙二路与民福路交叉口,0.0,0.0,2,2,good,22.731531574999998,113.800096525,深圳市水务局开放平台·积涝点水位
2026-08-20T14:00:00+08:00,Asia/Shanghai,MS1104403060000448,(市)宝安区沙井西环路正科时代,0.0,0.0,2,2,good,22.658437552805964,113.96411546099013,深圳市水务局开放平台·积涝点水位
2026-08-20T14:00:00+08:00,Asia/Shanghai,MS1104403060000452,(市)宝源路固戍海滨公园,0.0,0.0,13,13,good,22.58668431255461,113.84584894450396,深圳市水务局开放平台·积涝点水位
2026-08-20T14:00:00+08:00,Asia/Shanghai,MS1104403060000467,(市)海雅缤纷城,0.0091,0.01,67,67,good,,,深圳市水务局开放平台·积涝点水位
2026-08-20T14:00:00+08:00,Asia/Shanghai,MS1104403060000471,(市)万达广场,0.0,0.0,2,2,good,,,深圳市水务局开放平台·积涝点水位
2026-08-20T14:00:00+08:00,Asia/Shanghai,MS1104403060000486,(市)固戍地铁站 A/F 出入口,0.0,0.0,13,13,good,,,深圳市水务局开放平台·积涝点水位
2026-08-20T14:00:00+08:00,Asia/Shanghai,MS1104403060000490,(市)碧海湾地铁站 B 出入口,0.0,0.0,12,12,good,,,深圳市水务局开放平台·积涝点水位
2026-08-20T14:00:00+08:00,Asia/Shanghai,MS1104403060000505,(市)海天路地下隧道,0.0,0.0,13,13,good,22.549962987088094,113.87889692546018,深圳市水务局开放平台·积涝点水位
2026-08-20T14:00:00+08:00,Asia/Shanghai,MS1104403070000175,(市)龙平西路新秀社区公园,0.0,0.0,2,2,good,22.731009781031894,114.22605984524496,深圳市水务局开放平台·积涝点水位
2026-08-20T14:00:00+08:00,Asia/Shanghai,MS110440307000018X,(市)如意路广发银行奥林支行,0.0,0.0,13,13,good,22.697841456213258,114.19931100734046,深圳市水务局开放平台·积涝点水位
2026-08-20T14:00:00+08:00,Asia/Shanghai,MS1104403070000194,(市)龙翔大道与龙城大道交汇处,0.0,0.0,13,13,good,22.708452173199664,114.22855732448205,深圳市水务局开放平台·积涝点水位
2026-08-20T14:00:00+08:00,Asia/Shanghai,MS1104403070000209,(市)龙城大道与龙平东路交汇处,0.0,0.0,13,13,good,22.734070392016967,114.26268655089929,深圳市水务局开放平台·积涝点水位
2026-08-20T14:00:00+08:00,Asia/Shanghai,MS1104403070000213,(市)龙西中路与盐龙大道交汇处,0.0,0.0,13,13,good,22.75103177856142,114.25588661241065,深圳市水务局开放平台·积涝点水位
2026-08-20T14:00:00+08:00,Asia/Shanghai,MS1104403070000228,(市)爱南路与深汕公路交汇处,0.0,0.0,13,13,good,22.709133830928806,114.31382413715897,深圳市水务局开放平台·积涝点水位
2026-08-20T14:00:00+08:00,Asia/Shanghai,MS1104403070000232,(市)园新路与乐园路交汇处,0.0,0.0,12,12,good,22.714932425,114.3001758,深圳市水务局开放平台·积涝点水位
2026-08-20T14:00:00+08:00,Asia/Shanghai,MS1104403070000247,(市)长深高速四方埔社区,0.0,0.0,2,2,good,22.785453209312927,114.3238491191703,深圳市水务局开放平台·积涝点水位
2026-08-20T14:00:00+08:00,Asia/Shanghai,MS1104403070000251,(市)龙岗区政府,0.0,0.0,12,12,good,,,深圳市水务局开放平台·积涝点水位
2026-08-20T14:00:00+08:00,Asia/Shanghai,MS1104403070000266,(市)五和地铁站H出入口,0.0,0.0,13,13,good,,,深圳市水务局开放平台·积涝点水位
2026-08-20T14:00:00+08:00,Asia/Shanghai,MS1104403070000270,(市)长龙地铁站C2出入口,0.0,0.0,2,2,good,,,深圳市水务局开放平台·积涝点水位
2026-08-20T14:00:00+08:00,Asia/Shanghai,MS1104403070000285,(市)育贤学校、童星幼儿园,0.0094,0.05,16,16,good,,,深圳市水务局开放平台·积涝点水位
2026-08-20T14:00:00+08:00,Asia/Shanghai,MS110440307000029X,(市)深圳远东妇产医院,0.0,0.0,13,13,good,,,深圳市水务局开放平台·积涝点水位
2026-08-20T14:00:00+08:00,Asia/Shanghai,MS1104403070000304,(市)英才学校,0.0,0.0,13,13,good,,,深圳市水务局开放平台·积涝点水位
2026-08-20T14:00:00+08:00,Asia/Shanghai,MS1104403070000319,(市)吉榕路桥洞,0.0,0.0,13,13,good,,,深圳市水务局开放平台·积涝点水位
2026-08-20T14:00:00+08:00,Asia/Shanghai,MS1104403070000323,(市)京南路,0.0,0.0,2,2,good,22.602818284523806,114.12130894517196,深圳市水务局开放平台·积涝点水位
2026-08-20T14:00:00+08:00,Asia/Shanghai,MS1104403070000338,(市)布澜路国芬路口,0.0,0.0,2,2,good,22.635311170786817,114.12784150313183,深圳市水务局开放平台·积涝点水位
2026-08-20T14:00:00+08:00,Asia/Shanghai,MS1104403070000342,(市)布吉站（深圳东站）,0.0,0.0,2,2,good,,,深圳市水务局开放平台·积涝点水位
2026-08-20T14:00:00+08:00,Asia/Shanghai,MS1104403080000012,(市)金融路海涛路口片区,0.0,0.0,13,13,good,22.553642038690473,114.22939035281746,深圳市水务局开放平台·积涝点水位
2026-08-20T14:00:00+08:00,Asia/Shanghai,MS1104403080000027,(市)沙头角口岸小区,0.0,0.0,13,13,good,,,深圳市水务局开放平台·积涝点水位
2026-08-20T14:00:00+08:00,Asia/Shanghai,MS1104403080000031,(市)桥东街小区,0.0,0.0,13,13,good,,,深圳市水务局开放平台·积涝点水位
2026-08-20T14:00:00+08:00,Asia/Shanghai,MS1104403090000065,(市)泗黎路凹背社区富坑社区,0.0,0.0,2,2,good,22.753687171367037,114.03385655648283,深圳市水务局开放平台·积涝点水位
2026-08-20T14:00:00+08:00,Asia/Shanghai,MS110440309000007X,(市)银星科技园,0.0,0.0,2,2,good,,,深圳市水务局开放平台·积涝点水位
2026-08-20T14:00:00+08:00,Asia/Shanghai,MS1104403090000084,(市)观光路与福前路交汇处,0.0,0.0,2,2,good,22.733179257314486,114.01274963079653,深圳市水务局开放平台·积涝点水位
2026-08-20T14:00:00+08:00,Asia/Shanghai,MS1104403090000099,(市)三联社区,0.0014,0.01,14,14,good,,,深圳市水务局开放平台·积涝点水位
2026-08-20T14:00:00+08:00,Asia/Shanghai,MS1104403090000103,(市)布龙路与五和大道交汇处,0.0,0.0,14,14,good,22.646750702555874,114.02665721385576,深圳市水务局开放平台·积涝点水位
2026-08-20T14:00:00+08:00,Asia/Shanghai,MS1104403090000118,(市)新区大道深圳北站,0.0,0.0,13,13,good,22.624351465560785,114.01682556681699,深圳市水务局开放平台·积涝点水位
2026-08-20T14:00:00+08:00,Asia/Shanghai,MS1104403090000122,(市)龙华壹方成,0.0,0.0,13,13,good,,,深圳市水务局开放平台·积涝点水位
2026-08-20T14:00:00+08:00,Asia/Shanghai,MS1104403090000137,(市)昌茂二路,0.0,0.0,13,13,good,,,深圳市水务局开放平台·积涝点水位
2026-08-20T14:00:00+08:00,Asia/Shanghai,MS1104403090000141,(市)大浪新围街大船坑市场段,0.0,0.0,14,14,good,22.692058934615382,113.9964102346154,深圳市水务局开放平台·积涝点水位
2026-08-20T14:00:00+08:00,Asia/Shanghai,MS1104403100000028,(市)坪山法院门口,0.0,0.0,2,2,good,,,深圳市水务局开放平台·积涝点水位
2026-08-20T14:00:00+08:00,Asia/Shanghai,MS1104403100000032,(市)秀沙路比亚迪厂门前,0.0,0.0,13,13,good,22.767995359829058,114.39900074224022,深圳市水务局开放平台·积涝点水位
2026-08-20T14:00:00+08:00,Asia/Shanghai,MS1104403100000047,(市)群代路金泰航科技,0.01,0.01,71,71,good,,,深圳市水务局开放平台·积涝点水位
2026-08-20T14:00:00+08:00,Asia/Shanghai,MS1104403100000051,(市)三洋湖路三洋湖新区小区,0.0,0.0,13,13,good,,,深圳市水务局开放平台·积涝点水位
2026-08-20T14:00:00+08:00,Asia/Shanghai,MS1104403100000066,(市)文化中心地铁站,0.0,0.0,13,13,good,,,深圳市水务局开放平台·积涝点水位
2026-08-20T14:00:00+08:00,Asia/Shanghai,MS1104403110000597,(市)东长路外环高速长圳入口,0.0,0.0,12,12,good,22.747509018088216,113.91221411091422,深圳市水务局开放平台·积涝点水位
2026-08-20T14:00:00+08:00,Asia/Shanghai,MS1104403110000601,(市)光侨雅苑,0.0,0.0,2,2,good,,,深圳市水务局开放平台·积涝点水位
2026-08-20T14:00:00+08:00,Asia/Shanghai,MS1104403110000616,(市)同观路与汇融路交叉口,0.0,0.0,2,2,good,22.734039598507852,113.91441943299901,深圳市水务局开放平台·积涝点水位
2026-08-20T14:00:00+08:00,Asia/Shanghai,MS1104403110000620,(市)松白路松茂御城段,0.0,0.0,2,2,good,22.731110627923336,113.894856941127,深圳市水务局开放平台·积涝点水位
2026-08-20T14:00:00+08:00,Asia/Shanghai,MS1104403110000635,(市)公常路与环村路交叉口,0.0,0.0,12,12,good,22.826648407959507,113.95688701032125,深圳市水务局开放平台·积涝点水位
2026-08-20T14:00:00+08:00,Asia/Shanghai,MS110440311000064X,(市)光明区高级中学,0.0,0.0,2,2,good,,,深圳市水务局开放平台·积涝点水位
2026-08-20T14:00:00+08:00,Asia/Shanghai,MS1104403120000032,(市)大鹏液化天然气有限公司深圳接收站,0.0,0.0,13,13,good,,,深圳市水务局开放平台·积涝点水位
2026-08-20T15:00:00+08:00,Asia/Shanghai,9281192001,(市)平湖火车隧道口,0.0,0.0,12,12,good,,,深圳市水务局开放平台·积涝点水位
2026-08-20T15:00:00+08:00,Asia/Shanghai,9281192002,(市)新木路广深铁路桥底,0.0,0.0,11,11,good,22.6674177472887,114.13210195018992,深圳市水务局开放平台·积涝点水位
2026-08-20T15:00:00+08:00,Asia/Shanghai,9281192003,(市)新木路新围仔村路口,0.0,0.0,13,13,good,22.6674177472887,114.13210195018992,深圳市水务局开放平台·积涝点水位
2026-08-20T15:00:00+08:00,Asia/Shanghai,9281192004,(市)布李路富民城段,0.0,0.0,13,13,good,22.618912574166664,114.11654044833332,深圳市水务局开放平台·积涝点水位
2026-08-20T15:00:00+08:00,Asia/Shanghai,9281192005,(市)龙博路,0.01,0.01,64,64,good,22.62797037826087,114.10927237391306,深圳市水务局开放平台·积涝点水位
2026-08-20T15:00:00+08:00,Asia/Shanghai,9281192006,(市)五和大道四季花城,0.0094,0.02,67,67,good,22.65976725256875,114.05975735653944,深圳市水务局开放平台·积涝点水位
2026-08-20T15:00:00+08:00,Asia/Shanghai,9281192008,(市)南联第六工业区桥洞,0.0082,0.01,56,56,good,,,深圳市水务局开放平台·积涝点水位
2026-08-20T15:00:00+08:00,Asia/Shanghai,9281192009,(市)新坡塘村新坡塘积水点,0.0,0.0,13,13,good,,,深圳市水务局开放平台·积涝点水位
2026-08-20T15:00:00+08:00,Asia/Shanghai,9281192010,(市)安良六村安业路与安居路交汇处,0.0,0.0,13,13,good,,,深圳市水务局开放平台·积涝点水位
2026-08-20T15:00:00+08:00,Asia/Shanghai,9281192011,(市)松元头,0.01,0.01,63,63,good,,,深圳市水务局开放平台·积涝点水位
2026-08-20T15:00:00+08:00,Asia/Shanghai,9281192012,(市)湖南立交,0.0,0.0,13,13,good,,,深圳市水务局开放平台·积涝点水位
2026-08-20T15:00:00+08:00,Asia/Shanghai,9281192013,(市)高背路惠盐高速桥洞积水点,0.0,0.0,13,13,good,,,深圳市水务局开放平台·积涝点水位
2026-08-20T15:00:00+08:00,Asia/Shanghai,9281192014,(市)鹤坑桥洞,0.0,0.0,14,14,good,,,深圳市水务局开放平台·积涝点水位
2026-08-20T15:00:00+08:00,Asia/Shanghai,9281192015,(市)安良社区沿河一路疏港铁路桥洞,0.0086,0.01,59,59,good,22.73162335,114.107919,深圳市水务局开放平台·积涝点水位
2026-08-20T15:00:00+08:00,Asia/Shanghai,9281192016,(市)宝荷路中新加油站对面,0.0,0.0,12,12,good,22.694796752516076,114.25970116268519,深圳市水务局开放平台·积涝点水位
2026-08-20T15:00:00+08:00,Asia/Shanghai,9281192017,(市)环观南路与观平路交汇处,0.0,0.0,12,12,good,22.705673908780923,114.07279441765539,深圳市水务局开放平台·积涝点水位
2026-08-20T15:00:00+08:00,Asia/Shanghai,9281192018,(市)龙华大道库坑天桥段,0.0,0.0,13,13,good,22.669745856798677,114.03752701836405,深圳市水务局开放平台·积涝点水位
2026-08-20T15:00:00+08:00,Asia/Shanghai,9281192019,(市)福龙路高铁桥下简上段,0.0,0.0,13,13,good,22.61964472178257,114.00080097044238,深圳市水务局开放平台·积涝点水位
2026-08-20T15:00:00+08:00,Asia/Shanghai,9281192020,(市)工业路壹成中心段,0.01,0.01,69,69,good,22.648754971805,114.02570221318598,深圳市水务局开放平台·积涝点水位
2026-08-20T15:00:00+08:00,Asia/Shanghai,9281192021,(市)东环一路和平路交汇处,0.0,0.0,13,13,good,22.65040479515617,114.03284713758192,深圳市水务局开放平台·积涝点水位
2026-08-20T15:00:00+08:00,Asia/Shanghai,9281192022,(市)龙田社区大水湾,0.0013,0.01,15,15,good,,,深圳市水务局开放平台·积涝点水位
2026-08-20T15:00:00+08:00,Asia/Shanghai,9281292001,(市)滨河皇岗立交桥洞,0.0,0.0,12,12,good,,,深圳市水务局开放平台·积涝点水位
2026-08-20T15:00:00+08:00,Asia/Shanghai,9281292002,(市)广深高速桥下滨海大道北侧辅道,0.01,0.01,68,68,good,22.579823080041088,114.10123773351275,深圳市水务局开放平台·积涝点水位
2026-08-20T15:00:00+08:00,Asia/Shanghai,9281292003,(市)福田区竹子林立交下穿通道,0.0,0.0,13,13,good,,,深圳市水务局开放平台·积涝点水位
2026-08-20T15:00:00+08:00,Asia/Shanghai,9281292004,(市)滨河益田立交桥洞,0.0,0.0,14,14,good,,,深圳市水务局开放平台·积涝点水位
2026-08-20T15:00:00+08:00,Asia/Shanghai,9281292005,(市)深南新洲一号立交桥洞,0.01,0.01,61,61,good,,,深圳市水务局开放平台·积涝点水位
2026-08-20T15:00:00+08:00,Asia/Shanghai,9281292006,(市)北环新洲立交东南角辅道,0.0,0.0,11,11,good,,,深圳市水务局开放平台·积涝点水位
2026-08-20T15:00:00+08:00,Asia/Shanghai,9281292007,(市)107国道新安段(裕安加油站),0.0,0.0,13,13,good,22.55254164883845,113.90816500450731,深圳市水务局开放平台·积涝点水位
2026-08-20T15:00:00+08:00,Asia/Shanghai,9281292008,洲石路鹤洲桥底（市）,0.0046,0.01,28,28,good,22.651019027149744,113.88061107664711,深圳市水务局开放平台·积涝点水位
2026-08-20T15:00:00+08:00,Asia/Shanghai,9281292009,(市)帝堂路（锦程路以西段）,0.0094,0.01,51,51,good,22.70987723506993,113.7784856087664,深圳市水务局开放平台·积涝点水位
2026-08-20T15:00:00+08:00,Asia/Shanghai,9281292010,(市)上星南路与中心路丽沙花都,0.0,0.0,13,13,good,22.502209013854387,113.93734688972145,深圳市水务局开放平台·积涝点水位
2026-08-20T15:00:00+08:00,Asia/Shanghai,9281292011,(市)外环路广深高速新桥立交,0.0,0.0,32,32,good,22.736379220337216,113.84591188570887,深圳市水务局开放平台·积涝点水位
2026-08-20T15:00:00+08:00,Asia/Shanghai,9281292012,(市)固戍海滨新村文昌阁,0.0,0.0,13,13,good,,,深圳市水务局开放平台·积涝点水位
2026-08-20T15:00:00+08:00,Asia/Shanghai,9281292013,(市)宝安大道固戍地铁站,0.0093,0.02,43,43,good,22.64678387472509,113.8417801892837,深圳市水务局开放平台·积涝点水位
2026-08-20T15:00:00+08:00,Asia/Shanghai,9281292014,(市)G107国道南行固戍大门,0.0102,0.02,46,46,good,22.55254164883845,113.90816500450731,深圳市水务局开放平台·积涝点水位
2026-08-20T15:00:00+08:00,Asia/Shanghai,9281292015,(市)东环大道松宝大道段,0.0,0.0,11,11,good,,,深圳市水务局开放平台·积涝点水位
2026-08-20T15:00:00+08:00,Asia/Shanghai,9281292016,(市)长凤路龙大高速桥底,0.0,0.0,13,13,good,22.775734215738417,113.91156092305157,深圳市水务局开放平台·积涝点水位
2026-08-20T15:00:00+08:00,Asia/Shanghai,9281292017,(市)圳美同富裕工业区,0.0,0.0,13,13,good,,,深圳市水务局开放平台·积涝点水位
2026-08-20T15:00:00+08:00,Asia/Shanghai,9281292018,(市)根玉路东方大道交汇处,0.0,0.0,13,13,good,22.763216165633853,113.85149341983029,深圳市水务局开放平台·积涝点水位
2026-08-20T15:00:00+08:00,Asia/Shanghai,9281292019,(市)上村社区龙大桥底,0.0,0.0,13,13,good,,,深圳市水务局开放平台·积涝点水位
2026-08-20T15:00:00+08:00,Asia/Shanghai,9281292020,(市)马山头社区上石家路通兴路交汇处,0.0,0.0,13,13,good,22.763999933333334,113.8915635138889,深圳市水务局开放平台·积涝点水位
2026-08-20T15:00:00+08:00,Asia/Shanghai,9281292021,(市)临海大道海关保税区,0.0,0.0,13,13,good,22.53399911521491,113.88871009435005,深圳市水务局开放平台·积涝点水位
2026-08-20T15:00:00+08:00,Asia/Shanghai,9281292022,(市)南山大道南行亿利达村段,0.01,0.01,71,71,good,22.540721694789013,113.9181638130031,深圳市水务局开放平台·积涝点水位
2026-08-20T15:00:00+08:00,Asia/Shanghai,9281292023,(市)东滨路南行华联城市山林花园段,0.0,0.0,12,12,good,22.51106546682151,113.92212734316605,深圳市水务局开放平台·积涝点水位
2026-08-20T15:00:00+08:00,Asia/Shanghai,9281292024,(市)深圳湾东滨路与中心路交叉口,0.01,0.01,89,89,good,22.51106546682151,113.92212734316605,深圳市水务局开放平台·积涝点水位
2026-08-20T15:00:00+08:00,Asia/Shanghai,MS1104403030000228,(市)红岗公园,0.0,0.0,2,2,good,,,深圳市水务局开放平台·积涝点水位
2026-08-20T15:00:00+08:00,Asia/Shanghai,MS1104403030000232,(市)沿河南路文锦路社区,0.0,0.0,12,12,good,22.550252268776845,114.11444108979862,深圳市水务局开放平台·积涝点水位
2026-08-20T15:00:00+08:00,Asia/Shanghai,MS1104403030000247,(市)深南东路黄贝岭,0.0,0.0,13,13,good,22.54661746874732,114.11811396992493,深圳市水务局开放平台·积涝点水位
2026-08-20T15:00:00+08:00,Asia/Shanghai,MS1104403030000251,(市)滨河上步立交桥,0.0,0.0,2,2,good,,,深圳市水务局开放平台·积涝点水位
2026-08-20T15:00:00+08:00,Asia/Shanghai,MS1104403030000266,(市)罗湖火车站,0.013,0.05,23,23,good,,,深圳市水务局开放平台·积涝点水位
2026-08-20T15:00:00+08:00,Asia/Shanghai,MS1104403030000270,(市)罗湖区委,0.0,0.0,2,2,good,,,深圳市水务局开放平台·积涝点水位
2026-08-20T15:00:00+08:00,Asia/Shanghai,MS1104403030000285,(市)万象城,0.0165,0.05,62,62,good,,,深圳市水务局开放平台·积涝点水位
2026-08-20T15:00:00+08:00,Asia/Shanghai,MS110440303000029X,(市)洪湖地铁站D出入口,0.0142,0.02,26,26,good,,,深圳市水务局开放平台·积涝点水位
2026-08-20T15:00:00+08:00,Asia/Shanghai,MS1104403030000304,(市)东湖路,0.0232,0.04,50,50,good,22.582822583699635,114.1345991945055,深圳市水务局开放平台·积涝点水位
2026-08-20T15:00:00+08:00,Asia/Shanghai,MS1104403030000319,(市)桂园片区,0.0136,0.05,64,64,good,,,深圳市水务局开放平台·积涝点水位
2026-08-20T15:00:00+08:00,Asia/Shanghai,MS1104403030000323,(市)晒布路与东门中路交汇处,0.0194,0.02,69,69,good,22.551568716163253,114.1183832504732,深圳市水务局开放平台·积涝点水位
2026-08-20T15:00:00+08:00,Asia/Shanghai,MS1104403030000338,(市)东湖公园爱国路与太宁路路口,0.0,0.0,13,13,good,22.563633808974675,114.13329390192719,深圳市水务局开放平台·积涝点水位
2026-08-20T15:00:00+08:00,Asia/Shanghai,MS1104403030000342,(市)文锦渡口岸,0.0,0.0,2,2,good,,,深圳市水务局开放平台·积涝点水位
2026-08-20T15:00:00+08:00,Asia/Shanghai,MS1104403040000543,(市)香梅莲花路口,0.0,0.0,2,2,good,22.559401296538805,114.04793087126708,深圳市水务局开放平台·积涝点水位
2026-08-20T15:00:00+08:00,Asia/Shanghai,MS1104403040000558,(市)信托花园,0.0,0.0,13,13,good,,,深圳市水务局开放平台·积涝点水位
2026-08-20T15:00:00+08:00,Asia/Shanghai,MS1104403040000562,(市)上步红荔路口,0.0033,0.01,3,3,good,22.550171284097686,114.05891535550717,深圳市水务局开放平台·积涝点水位
2026-08-20T15:00:00+08:00,Asia/Shanghai,MS1104403040000577,(市)深南皇岗立交桥与皇岗路交汇处,0.0,0.0,13,13,good,22.552167188223326,114.06774281249497,深圳市水务局开放平台·积涝点水位
2026-08-20T15:00:00+08:00,Asia/Shanghai,MS1104403040000581,(市)北环大道与梅林路交汇处,0.0,0.0,2,2,good,22.55966775704351,113.99344633894496,深圳市水务局开放平台·积涝点水位
2026-08-20T15:00:00+08:00,Asia/Shanghai,MS1104403040000596,(市)侨香路香梅社区,0.0,0.0,2,2,good,22.55158384619422,114.00624803762132,深圳市水务局开放平台·积涝点水位
2026-08-20T15:00:00+08:00,Asia/Shanghai,MS1104403040000600,(市)侨香路香安社区,0.0,0.0,2,2,good,22.55158384619422,114.00624803762132,深圳市水务局开放平台·积涝点水位
2026-08-20T15:00:00+08:00,Asia/Shanghai,MS1104403040000615,(市)市民中心,0.0,0.0,2,2,good,,,深圳市水务局开放平台·积涝点水位
2026-08-20T15:00:00+08:00,Asia/Shanghai,MS110440304000062X,(市)民田路深圳证券交易所,0.0,0.0,13,13,good,22.53903429826115,114.04781278730138,深圳市水务局开放平台·积涝点水位
2026-08-20T15:00:00+08:00,Asia/Shanghai,MS1104403040000634,(市)燃气集团股份有限公司梅林 LNG安全应急气化站,0.0,0.0,13,13,good,,,深圳市水务局开放平台·积涝点水位
2026-08-20T15:00:00+08:00,Asia/Shanghai,MS1104403040000649,(市)深南大道车公庙交通枢纽段,0.005,0.01,18,18,good,22.5420797706313,113.9753640727562,深圳市水务局开放平台·积涝点水位
2026-08-20T15:00:00+08:00,Asia/Shanghai,MS1104403050000118,(市)月亮湾大道与前湾三路交叉口,0.0153,0.03,15,15,good,22.511993391395155,113.8903078293519,深圳市水务局开放平台·积涝点水位
2026-08-20T15:00:00+08:00,Asia/Shanghai,MS1104403050000122,(市)南山大道深意工业大厦段,0.01,0.01,65,65,good,22.540721694789013,113.9181638130031,深圳市水务局开放平台·积涝点水位
2026-08-20T15:00:00+08:00,Asia/Shanghai,MS1104403050000137,(市)南山大道与登良路交叉口,0.0,0.0,2,2,good,22.540721694789013,113.9181638130031,深圳市水务局开放平台·积涝点水位
2026-08-20T15:00:00+08:00,Asia/Shanghai,MS1104403050000141,(市)南新路北头豪苑,0.0086,0.01,7,7,good,22.535707366852186,113.92452459612443,深圳市水务局开放平台·积涝点水位
2026-08-20T15:00:00+08:00,Asia/Shanghai,MS1104403050000156,(市)滨海大道与南山大道交叉口,0.0,0.0,2,2,good,22.579823080041088,114.10123773351275,深圳市水务局开放平台·积涝点水位
2026-08-20T15:00:00+08:00,Asia/Shanghai,MS1104403050000160,(市)桃园路与南新路交叉口,0.0,0.0,2,2,good,22.535395972003414,113.91852837514443,深圳市水务局开放平台·积涝点水位
2026-08-20T15:00:00+08:00,Asia/Shanghai,MS1104403050000175,(市)后海大道与登良路交叉口,0.0,0.0,13,13,good,22.51179221810604,113.92884393579894,深圳市水务局开放平台·积涝点水位
2026-08-20T15:00:00+08:00,Asia/Shanghai,MS110440305000018X,(市)后海大道港湾创业大厦,0.0,0.0,13,13,good,22.51179221810604,113.92884393579894,深圳市水务局开放平台·积涝点水位
2026-08-20T15:00:00+08:00,Asia/Shanghai,MS1104403050000194,(市)深南大道高新园地铁 AD 口,0.0,0.0,13,13,good,22.5420797706313,113.9753640727562,深圳市水务局开放平台·积涝点水位
2026-08-20T15:00:00+08:00,Asia/Shanghai,MS1104403050000209,(市)深圳湾口岸,0.0,0.0,2,2,good,,,深圳市水务局开放平台·积涝点水位
2026-08-20T15:00:00+08:00,Asia/Shanghai,MS1104403050000213,(市)前湾公园地铁站 A 出入口,0.0,0.0,13,13,good,,,深圳市水务局开放平台·积涝点水位
2026-08-20T15:00:00+08:00,Asia/Shanghai,MS1104403050000228,(市)粤海门地铁站 D2 出入口,0.0,0.0,12,12,good,,,深圳市水务局开放平台·积涝点水位
2026-08-20T15:00:00+08:00,Asia/Shanghai,MS1104403050000232,(市)桂庙路地下道路,0.0,0.0,13,13,good,22.52643977555155,113.91686609460196,深圳市水务局开放平台·积涝点水位
2026-08-20T15:00:00+08:00,Asia/Shanghai,MS1104403050000247,(市)国家超级计算深圳中心,0.0,0.0,12,12,good,,,深圳市水务局开放平台·积涝点水位
2026-08-20T15:00:00+08:00,Asia/Shanghai,MS110440306000029X,(市)辛养旧村辛居路,0.017,0.03,53,53,good,,,深圳市水务局开放平台·积涝点水位
2026-08-20T15:00:00+08:00,Asia/Shanghai,MS1104403060000304,(市)山门第三工业区,0.0,0.0,2,2,good,,,深圳市水务局开放平台·积涝点水位
2026-08-20T15:00:00+08:00,Asia/Shanghai,MS1104403060000319,(市)前进一路上川路口,0.0,0.0,13,13,good,22.57118007860348,113.90008995469552,深圳市水务局开放平台·积涝点水位
2026-08-20T15:00:00+08:00,Asia/Shanghai,MS1104403060000323,(市)洪浪北地铁站,0.0,0.0,13,13,good,,,深圳市水务局开放平台·积涝点水位
2026-08-20T15:00:00+08:00,Asia/Shanghai,MS1104403060000338,(市)东风幼儿园,0.0,0.0,2,2,good,,,深圳市水务局开放平台·积涝点水位
2026-08-20T15:00:00+08:00,Asia/Shanghai,MS1104403060000342,(市)海乐41区,0.0,0.0,2,2,good,,,深圳市水务局开放平台·积涝点水位
2026-08-20T15:00:00+08:00,Asia/Shanghai,MS1104403060000357,(市)前进二路,0.0082,0.01,11,11,good,22.597482662679273,113.87435005513986,深圳市水务局开放平台·积涝点水位
2026-08-20T15:00:00+08:00,Asia/Shanghai,MS1104403060000361,(市)园岭商场,0.0,0.0,13,13,good,,,深圳市水务局开放平台·积涝点水位
2026-08-20T15:00:00+08:00,Asia/Shanghai,MS1104403060000376,(市)新圳西路万佳商场段,0.0077,0.01,22,22,good,22.56349644,113.89998969999999,深圳市水务局开放平台·积涝点水位
2026-08-20T15:00:00+08:00,Asia/Shanghai,MS1104403060000380,(市)北环路与爱群路路口,0.0,0.0,12,12,good,22.79634568700108,114.39897783430258,深圳市水务局开放平台·积涝点水位
2026-08-20T15:00:00+08:00,Asia/Shanghai,MS1104403060000395,(市)宝安区幸福路与恒珠一路,0.0,0.0,2,2,good,,,深圳市水务局开放平台·积涝点水位
2026-08-20T15:00:00+08:00,Asia/Shanghai,MS110440306000040X,(市)宝安区勋业街,0.0,0.0,2,2,good,,,深圳市水务局开放平台·积涝点水位
2026-08-20T15:00:00+08:00,Asia/Shanghai,MS1104403060000414,(市)宝安区福和路西六巷,0.0,0.0,13,13,good,22.75496986065163,113.7975587837876,深圳市水务局开放平台·积涝点水位
2026-08-20T15:00:00+08:00,Asia/Shanghai,MS1104403060000429,(市)民福路与创新路交叉口,0.0147,0.02,45,45,good,22.77931941488889,113.82386091368804,深圳市水务局开放平台·积涝点水位
2026-08-20T15:00:00+08:00,Asia/Shanghai,MS1104403060000433,(市)金沙二路与民福路交叉口,0.0,0.0,2,2,good,22.731531574999998,113.800096525,深圳市水务局开放平台·积涝点水位
2026-08-20T15:00:00+08:00,Asia/Shanghai,MS1104403060000448,(市)宝安区沙井西环路正科时代,0.0,0.0,2,2,good,22.658437552805964,113.96411546099013,深圳市水务局开放平台·积涝点水位
2026-08-20T15:00:00+08:00,Asia/Shanghai,MS1104403060000452,(市)宝源路固戍海滨公园,0.0,0.0,12,12,good,22.58668431255461,113.84584894450396,深圳市水务局开放平台·积涝点水位
2026-08-20T15:00:00+08:00,Asia/Shanghai,MS1104403060000467,(市)海雅缤纷城,0.0093,0.01,58,58,good,,,深圳市水务局开放平台·积涝点水位
2026-08-20T15:00:00+08:00,Asia/Shanghai,MS1104403060000471,(市)万达广场,0.0,0.0,2,2,good,,,深圳市水务局开放平台·积涝点水位
2026-08-20T15:00:00+08:00,Asia/Shanghai,MS1104403060000486,(市)固戍地铁站 A/F 出入口,0.0,0.0,12,12,good,,,深圳市水务局开放平台·积涝点水位
2026-08-20T15:00:00+08:00,Asia/Shanghai,MS1104403060000490,(市)碧海湾地铁站 B 出入口,0.0117,0.03,48,48,good,,,深圳市水务局开放平台·积涝点水位
2026-08-20T15:00:00+08:00,Asia/Shanghai,MS1104403060000505,(市)海天路地下隧道,0.0,0.0,14,14,good,22.549962987088094,113.87889692546018,深圳市水务局开放平台·积涝点水位
2026-08-20T15:00:00+08:00,Asia/Shanghai,MS1104403070000175,(市)龙平西路新秀社区公园,0.0,0.0,2,2,good,22.731009781031894,114.22605984524496,深圳市水务局开放平台·积涝点水位
2026-08-20T15:00:00+08:00,Asia/Shanghai,MS110440307000018X,(市)如意路广发银行奥林支行,0.0,0.0,12,12,good,22.697841456213258,114.19931100734046,深圳市水务局开放平台·积涝点水位
2026-08-20T15:00:00+08:00,Asia/Shanghai,MS1104403070000194,(市)龙翔大道与龙城大道交汇处,0.0,0.0,13,13,good,22.708452173199664,114.22855732448205,深圳市水务局开放平台·积涝点水位
2026-08-20T15:00:00+08:00,Asia/Shanghai,MS1104403070000209,(市)龙城大道与龙平东路交汇处,0.0,0.0,13,13,good,22.734070392016967,114.26268655089929,深圳市水务局开放平台·积涝点水位
2026-08-20T15:00:00+08:00,Asia/Shanghai,MS1104403070000213,(市)龙西中路与盐龙大道交汇处,0.0,0.0,13,13,good,22.75103177856142,114.25588661241065,深圳市水务局开放平台·积涝点水位
2026-08-20T15:00:00+08:00,Asia/Shanghai,MS1104403070000228,(市)爱南路与深汕公路交汇处,0.0,0.0,13,13,good,22.709133830928806,114.31382413715897,深圳市水务局开放平台·积涝点水位
2026-08-20T15:00:00+08:00,Asia/Shanghai,MS1104403070000232,(市)园新路与乐园路交汇处,0.0,0.0,13,13,good,22.714932425,114.3001758,深圳市水务局开放平台·积涝点水位
2026-08-20T15:00:00+08:00,Asia/Shanghai,MS1104403070000247,(市)长深高速四方埔社区,0.0,0.0,2,2,good,22.785453209312927,114.3238491191703,深圳市水务局开放平台·积涝点水位
2026-08-20T15:00:00+08:00,Asia/Shanghai,MS1104403070000251,(市)龙岗区政府,0.0,0.0,13,13,good,,,深圳市水务局开放平台·积涝点水位
2026-08-20T15:00:00+08:00,Asia/Shanghai,MS1104403070000266,(市)五和地铁站H出入口,0.0108,0.02,50,50,good,,,深圳市水务局开放平台·积涝点水位
2026-08-20T15:00:00+08:00,Asia/Shanghai,MS1104403070000270,(市)长龙地铁站C2出入口,0.0,0.0,2,2,good,,,深圳市水务局开放平台·积涝点水位
2026-08-20T15:00:00+08:00,Asia/Shanghai,MS1104403070000285,(市)育贤学校、童星幼儿园,0.0071,0.05,14,14,good,,,深圳市水务局开放平台·积涝点水位
2026-08-20T15:00:00+08:00,Asia/Shanghai,MS110440307000029X,(市)深圳远东妇产医院,0.0,0.0,12,12,good,,,深圳市水务局开放平台·积涝点水位
2026-08-20T15:00:00+08:00,Asia/Shanghai,MS1104403070000304,(市)英才学校,0.0,0.0,13,13,good,,,深圳市水务局开放平台·积涝点水位
2026-08-20T15:00:00+08:00,Asia/Shanghai,MS1104403070000319,(市)吉榕路桥洞,0.0,0.0,13,13,good,,,深圳市水务局开放平台·积涝点水位
2026-08-20T15:00:00+08:00,Asia/Shanghai,MS1104403070000323,(市)京南路,0.0,0.0,2,2,good,22.602818284523806,114.12130894517196,深圳市水务局开放平台·积涝点水位
2026-08-20T15:00:00+08:00,Asia/Shanghai,MS1104403070000338,(市)布澜路国芬路口,0.0,0.0,2,2,good,22.635311170786817,114.12784150313183,深圳市水务局开放平台·积涝点水位
2026-08-20T15:00:00+08:00,Asia/Shanghai,MS1104403070000342,(市)布吉站（深圳东站）,0.0,0.0,2,2,good,,,深圳市水务局开放平台·积涝点水位
2026-08-20T15:00:00+08:00,Asia/Shanghai,MS1104403080000012,(市)金融路海涛路口片区,0.0,0.0,13,13,good,22.553642038690473,114.22939035281746,深圳市水务局开放平台·积涝点水位
2026-08-20T15:00:00+08:00,Asia/Shanghai,MS1104403080000027,(市)沙头角口岸小区,0.0,0.0,12,12,good,,,深圳市水务局开放平台·积涝点水位
2026-08-20T15:00:00+08:00,Asia/Shanghai,MS1104403080000031,(市)桥东街小区,0.0,0.0,12,12,good,,,深圳市水务局开放平台·积涝点水位
2026-08-20T15:00:00+08:00,Asia/Shanghai,MS1104403090000065,(市)泗黎路凹背社区富坑社区,0.0,0.0,2,2,good,22.753687171367037,114.03385655648283,深圳市水务局开放平台·积涝点水位
2026-08-20T15:00:00+08:00,Asia/Shanghai,MS110440309000007X,(市)银星科技园,0.0,0.0,2,2,good,,,深圳市水务局开放平台·积涝点水位
2026-08-20T15:00:00+08:00,Asia/Shanghai,MS1104403090000084,(市)观光路与福前路交汇处,0.0,0.0,2,2,good,22.733179257314486,114.01274963079653,深圳市水务局开放平台·积涝点水位
2026-08-20T15:00:00+08:00,Asia/Shanghai,MS1104403090000099,(市)三联社区,0.0007,0.01,15,15,good,,,深圳市水务局开放平台·积涝点水位
2026-08-20T15:00:00+08:00,Asia/Shanghai,MS1104403090000103,(市)布龙路与五和大道交汇处,0.0008,0.01,24,24,good,22.646750702555874,114.02665721385576,深圳市水务局开放平台·积涝点水位
2026-08-20T15:00:00+08:00,Asia/Shanghai,MS1104403090000118,(市)新区大道深圳北站,0.0,0.0,16,16,good,22.624351465560785,114.01682556681699,深圳市水务局开放平台·积涝点水位
2026-08-20T15:00:00+08:00,Asia/Shanghai,MS1104403090000122,(市)龙华壹方成,0.0,0.0,12,12,good,,,深圳市水务局开放平台·积涝点水位
2026-08-20T15:00:00+08:00,Asia/Shanghai,MS1104403090000137,(市)昌茂二路,0.0,0.0,13,13,good,,,深圳市水务局开放平台·积涝点水位
2026-08-20T15:00:00+08:00,Asia/Shanghai,MS1104403090000141,(市)大浪新围街大船坑市场段,0.0,0.0,13,13,good,22.692058934615382,113.9964102346154,深圳市水务局开放平台·积涝点水位
2026-08-20T15:00:00+08:00,Asia/Shanghai,MS1104403100000028,(市)坪山法院门口,0.0,0.0,2,2,good,,,深圳市水务局开放平台·积涝点水位
2026-08-20T15:00:00+08:00,Asia/Shanghai,MS1104403100000032,(市)秀沙路比亚迪厂门前,0.0,0.0,12,12,good,22.767995359829058,114.39900074224022,深圳市水务局开放平台·积涝点水位
2026-08-20T15:00:00+08:00,Asia/Shanghai,MS1104403100000047,(市)群代路金泰航科技,0.01,0.01,66,66,good,,,深圳市水务局开放平台·积涝点水位
2026-08-20T15:00:00+08:00,Asia/Shanghai,MS1104403100000051,(市)三洋湖路三洋湖新区小区,0.0,0.0,13,13,good,,,深圳市水务局开放平台·积涝点水位
2026-08-20T15:00:00+08:00,Asia/Shanghai,MS1104403100000066,(市)文化中心地铁站,0.0,0.0,12,12,good,,,深圳市水务局开放平台·积涝点水位
2026-08-20T15:00:00+08:00,Asia/Shanghai,MS1104403110000597,(市)东长路外环高速长圳入口,0.0,0.0,12,12,good,22.747509018088216,113.91221411091422,深圳市水务局开放平台·积涝点水位
2026-08-20T15:00:00+08:00,Asia/Shanghai,MS1104403110000601,(市)光侨雅苑,0.0,0.0,2,2,good,,,深圳市水务局开放平台·积涝点水位
2026-08-20T15:00:00+08:00,Asia/Shanghai,MS1104403110000616,(市)同观路与汇融路交叉口,0.0,0.0,2,2,good,22.734039598507852,113.91441943299901,深圳市水务局开放平台·积涝点水位
2026-08-20T15:00:00+08:00,Asia/Shanghai,MS1104403110000620,(市)松白路松茂御城段,0.0,0.0,2,2,good,22.731110627923336,113.894856941127,深圳市水务局开放平台·积涝点水位
2026-08-20T15:00:00+08:00,Asia/Shanghai,MS1104403110000635,(市)公常路与环村路交叉口,0.0,0.0,13,13,good,22.826648407959507,113.95688701032125,深圳市水务局开放平台·积涝点水位
2026-08-20T15:00:00+08:00,Asia/Shanghai,MS110440311000064X,(市)光明区高级中学,0.0132,0.02,31,31,good,,,深圳市水务局开放平台·积涝点水位
2026-08-20T15:00:00+08:00,Asia/Shanghai,MS1104403120000032,(市)大鹏液化天然气有限公司深圳接收站,0.0,0.0,10,10,good,,,深圳市水务局开放平台·积涝点水位
2026-08-20T16:00:00+08:00,Asia/Shanghai,9281192001,(市)平湖火车隧道口,0.0,0.0,11,11,good,,,深圳市水务局开放平台·积涝点水位
2026-08-20T16:00:00+08:00,Asia/Shanghai,9281192002,(市)新木路广深铁路桥底,0.0,0.0,11,11,good,22.6674177472887,114.13210195018992,深圳市水务局开放平台·积涝点水位
2026-08-20T16:00:00+08:00,Asia/Shanghai,9281192003,(市)新木路新围仔村路口,0.0,0.0,13,13,good,22.6674177472887,114.13210195018992,深圳市水务局开放平台·积涝点水位
2026-08-20T16:00:00+08:00,Asia/Shanghai,9281192004,(市)布李路富民城段,0.0,0.0,13,13,good,22.618912574166664,114.11654044833332,深圳市水务局开放平台·积涝点水位
2026-08-20T16:00:00+08:00,Asia/Shanghai,9281192005,(市)龙博路,0.01,0.01,64,64,good,22.62797037826087,114.10927237391306,深圳市水务局开放平台·积涝点水位
2026-08-20T16:00:00+08:00,Asia/Shanghai,9281192006,(市)五和大道四季花城,0.01,0.01,62,62,good,22.65976725256875,114.05975735653944,深圳市水务局开放平台·积涝点水位
2026-08-20T16:00:00+08:00,Asia/Shanghai,9281192008,(市)南联第六工业区桥洞,0.0076,0.01,59,59,good,,,深圳市水务局开放平台·积涝点水位
2026-08-20T16:00:00+08:00,Asia/Shanghai,9281192009,(市)新坡塘村新坡塘积水点,0.0,0.0,13,13,good,,,深圳市水务局开放平台·积涝点水位
2026-08-20T16:00:00+08:00,Asia/Shanghai,9281192010,(市)安良六村安业路与安居路交汇处,0.0,0.0,13,13,good,,,深圳市水务局开放平台·积涝点水位
2026-08-20T16:00:00+08:00,Asia/Shanghai,9281192011,(市)松元头,0.01,0.01,61,61,good,,,深圳市水务局开放平台·积涝点水位
2026-08-20T16:00:00+08:00,Asia/Shanghai,9281192012,(市)湖南立交,0.0,0.0,12,12,good,,,深圳市水务局开放平台·积涝点水位
2026-08-20T16:00:00+08:00,Asia/Shanghai,9281192013,(市)高背路惠盐高速桥洞积水点,0.0,0.0,13,13,good,,,深圳市水务局开放平台·积涝点水位
2026-08-20T16:00:00+08:00,Asia/Shanghai,9281192014,(市)鹤坑桥洞,0.0,0.0,13,13,good,,,深圳市水务局开放平台·积涝点水位
2026-08-20T16:00:00+08:00,Asia/Shanghai,9281192015,(市)安良社区沿河一路疏港铁路桥洞,0.01,0.01,62,62,good,22.73162335,114.107919,深圳市水务局开放平台·积涝点水位
2026-08-20T16:00:00+08:00,Asia/Shanghai,9281192016,(市)宝荷路中新加油站对面,0.0,0.0,13,13,good,22.694796752516076,114.25970116268519,深圳市水务局开放平台·积涝点水位
2026-08-20T16:00:00+08:00,Asia/Shanghai,9281192017,(市)环观南路与观平路交汇处,0.0,0.0,13,13,good,22.705673908780923,114.07279441765539,深圳市水务局开放平台·积涝点水位
2026-08-20T16:00:00+08:00,Asia/Shanghai,9281192018,(市)龙华大道库坑天桥段,0.0,0.0,13,13,good,22.669745856798677,114.03752701836405,深圳市水务局开放平台·积涝点水位
2026-08-20T16:00:00+08:00,Asia/Shanghai,9281192019,(市)福龙路高铁桥下简上段,0.0,0.0,13,13,good,22.61964472178257,114.00080097044238,深圳市水务局开放平台·积涝点水位
2026-08-20T16:00:00+08:00,Asia/Shanghai,9281192020,(市)工业路壹成中心段,0.01,0.01,62,62,good,22.648754971805,114.02570221318598,深圳市水务局开放平台·积涝点水位
2026-08-20T16:00:00+08:00,Asia/Shanghai,9281192021,(市)东环一路和平路交汇处,0.0,0.0,13,13,good,22.65040479515617,114.03284713758192,深圳市水务局开放平台·积涝点水位
2026-08-20T16:00:00+08:00,Asia/Shanghai,9281192022,(市)龙田社区大水湾,0.0,0.0,13,13,good,,,深圳市水务局开放平台·积涝点水位
2026-08-20T16:00:00+08:00,Asia/Shanghai,9281292001,(市)滨河皇岗立交桥洞,0.0,0.0,17,17,good,,,深圳市水务局开放平台·积涝点水位
2026-08-20T16:00:00+08:00,Asia/Shanghai,9281292002,(市)广深高速桥下滨海大道北侧辅道,0.01,0.01,62,62,good,22.579823080041088,114.10123773351275,深圳市水务局开放平台·积涝点水位
2026-08-20T16:00:00+08:00,Asia/Shanghai,9281292003,(市)福田区竹子林立交下穿通道,0.0,0.0,13,13,good,,,深圳市水务局开放平台·积涝点水位
2026-08-20T16:00:00+08:00,Asia/Shanghai,9281292004,(市)滨河益田立交桥洞,0.0,0.0,12,12,good,,,深圳市水务局开放平台·积涝点水位
2026-08-20T16:00:00+08:00,Asia/Shanghai,9281292005,(市)深南新洲一号立交桥洞,0.01,0.01,61,61,good,,,深圳市水务局开放平台·积涝点水位
2026-08-20T16:00:00+08:00,Asia/Shanghai,9281292006,(市)北环新洲立交东南角辅道,0.0,0.0,13,13,good,,,深圳市水务局开放平台·积涝点水位
2026-08-20T16:00:00+08:00,Asia/Shanghai,9281292007,(市)107国道新安段(裕安加油站),0.0,0.0,13,13,good,22.55254164883845,113.90816500450731,深圳市水务局开放平台·积涝点水位
2026-08-20T16:00:00+08:00,Asia/Shanghai,9281292008,洲石路鹤洲桥底（市）,0.0039,0.01,31,31,good,22.651019027149744,113.88061107664711,深圳市水务局开放平台·积涝点水位
2026-08-20T16:00:00+08:00,Asia/Shanghai,9281292009,(市)帝堂路（锦程路以西段）,0.0143,0.02,65,65,good,22.70987723506993,113.7784856087664,深圳市水务局开放平台·积涝点水位
2026-08-20T16:00:00+08:00,Asia/Shanghai,9281292010,(市)上星南路与中心路丽沙花都,0.0,0.0,12,12,good,22.502209013854387,113.93734688972145,深圳市水务局开放平台·积涝点水位
2026-08-20T16:00:00+08:00,Asia/Shanghai,9281292011,(市)外环路广深高速新桥立交,0.0,0.0,25,25,good,22.736379220337216,113.84591188570887,深圳市水务局开放平台·积涝点水位
2026-08-20T16:00:00+08:00,Asia/Shanghai,9281292012,(市)固戍海滨新村文昌阁,0.0,0.0,13,13,good,,,深圳市水务局开放平台·积涝点水位
2026-08-20T16:00:00+08:00,Asia/Shanghai,9281292013,(市)宝安大道固戍地铁站,0.02,0.02,59,59,good,22.64678387472509,113.8417801892837,深圳市水务局开放平台·积涝点水位
2026-08-20T16:00:00+08:00,Asia/Shanghai,9281292014,(市)G107国道南行固戍大门,0.01,0.01,59,59,good,22.55254164883845,113.90816500450731,深圳市水务局开放平台·积涝点水位
2026-08-20T16:00:00+08:00,Asia/Shanghai,9281292015,(市)东环大道松宝大道段,0.0,0.0,13,13,good,,,深圳市水务局开放平台·积涝点水位
2026-08-20T16:00:00+08:00,Asia/Shanghai,9281292016,(市)长凤路龙大高速桥底,0.0,0.0,11,11,good,22.775734215738417,113.91156092305157,深圳市水务局开放平台·积涝点水位
2026-08-20T16:00:00+08:00,Asia/Shanghai,9281292017,(市)圳美同富裕工业区,0.0,0.0,12,12,good,,,深圳市水务局开放平台·积涝点水位
2026-08-20T16:00:00+08:00,Asia/Shanghai,9281292018,(市)根玉路东方大道交汇处,0.0,0.0,14,14,good,22.763216165633853,113.85149341983029,深圳市水务局开放平台·积涝点水位
2026-08-20T16:00:00+08:00,Asia/Shanghai,9281292019,(市)上村社区龙大桥底,0.0053,0.01,43,43,good,,,深圳市水务局开放平台·积涝点水位
2026-08-20T16:00:00+08:00,Asia/Shanghai,9281292020,(市)马山头社区上石家路通兴路交汇处,0.0,0.0,13,13,good,22.763999933333334,113.8915635138889,深圳市水务局开放平台·积涝点水位
2026-08-20T16:00:00+08:00,Asia/Shanghai,9281292021,(市)临海大道海关保税区,0.0,0.0,13,13,good,22.53399911521491,113.88871009435005,深圳市水务局开放平台·积涝点水位
2026-08-20T16:00:00+08:00,Asia/Shanghai,9281292022,(市)南山大道南行亿利达村段,0.0097,0.01,66,66,good,22.540721694789013,113.9181638130031,深圳市水务局开放平台·积涝点水位
2026-08-20T16:00:00+08:00,Asia/Shanghai,9281292023,(市)东滨路南行华联城市山林花园段,0.0,0.0,13,13,good,22.51106546682151,113.92212734316605,深圳市水务局开放平台·积涝点水位
2026-08-20T16:00:00+08:00,Asia/Shanghai,9281292024,(市)深圳湾东滨路与中心路交叉口,0.0093,0.01,60,60,good,22.51106546682151,113.92212734316605,深圳市水务局开放平台·积涝点水位
2026-08-20T16:00:00+08:00,Asia/Shanghai,MS1104403030000228,(市)红岗公园,0.0,0.0,2,2,good,,,深圳市水务局开放平台·积涝点水位
2026-08-20T16:00:00+08:00,Asia/Shanghai,MS1104403030000232,(市)沿河南路文锦路社区,0.0,0.0,15,15,good,22.550252268776845,114.11444108979862,深圳市水务局开放平台·积涝点水位
2026-08-20T16:00:00+08:00,Asia/Shanghai,MS1104403030000247,(市)深南东路黄贝岭,0.0,0.0,13,13,good,22.54661746874732,114.11811396992493,深圳市水务局开放平台·积涝点水位
2026-08-20T16:00:00+08:00,Asia/Shanghai,MS1104403030000251,(市)滨河上步立交桥,0.0,0.0,2,2,good,,,深圳市水务局开放平台·积涝点水位
2026-08-20T16:00:00+08:00,Asia/Shanghai,MS1104403030000266,(市)罗湖火车站,0.0,0.0,13,13,good,,,深圳市水务局开放平台·积涝点水位
2026-08-20T16:00:00+08:00,Asia/Shanghai,MS1104403030000270,(市)罗湖区委,0.0,0.0,2,2,good,,,深圳市水务局开放平台·积涝点水位
2026-08-20T16:00:00+08:00,Asia/Shanghai,MS1104403030000285,(市)万象城,0.0,0.0,10,10,good,,,深圳市水务局开放平台·积涝点水位
2026-08-20T16:00:00+08:00,Asia/Shanghai,MS110440303000029X,(市)洪湖地铁站D出入口,0.0,0.0,2,2,good,,,深圳市水务局开放平台·积涝点水位
2026-08-20T16:00:00+08:00,Asia/Shanghai,MS1104403030000304,(市)东湖路,0.0044,0.01,9,9,good,22.582822583699635,114.1345991945055,深圳市水务局开放平台·积涝点水位
2026-08-20T16:00:00+08:00,Asia/Shanghai,MS1104403030000319,(市)桂园片区,0.0,0.0,8,8,good,,,深圳市水务局开放平台·积涝点水位
2026-08-20T16:00:00+08:00,Asia/Shanghai,MS1104403030000323,(市)晒布路与东门中路交汇处,0.0126,0.02,66,66,good,22.551568716163253,114.1183832504732,深圳市水务局开放平台·积涝点水位
2026-08-20T16:00:00+08:00,Asia/Shanghai,MS1104403030000338,(市)东湖公园爱国路与太宁路路口,0.0,0.0,13,13,good,22.563633808974675,114.13329390192719,深圳市水务局开放平台·积涝点水位
2026-08-20T16:00:00+08:00,Asia/Shanghai,MS1104403030000342,(市)文锦渡口岸,0.0,0.0,2,2,good,,,深圳市水务局开放平台·积涝点水位
2026-08-20T16:00:00+08:00,Asia/Shanghai,MS1104403040000543,(市)香梅莲花路口,0.0,0.0,2,2,good,22.559401296538805,114.04793087126708,深圳市水务局开放平台·积涝点水位
2026-08-20T16:00:00+08:00,Asia/Shanghai,MS1104403040000558,(市)信托花园,0.0,0.0,16,16,good,,,深圳市水务局开放平台·积涝点水位
2026-08-20T16:00:00+08:00,Asia/Shanghai,MS1104403040000562,(市)上步红荔路口,0.0,0.0,2,2,good,22.550171284097686,114.05891535550717,深圳市水务局开放平台·积涝点水位
2026-08-20T16:00:00+08:00,Asia/Shanghai,MS1104403040000577,(市)深南皇岗立交桥与皇岗路交汇处,0.0,0.0,12,12,good,22.552167188223326,114.06774281249497,深圳市水务局开放平台·积涝点水位
2026-08-20T16:00:00+08:00,Asia/Shanghai,MS1104403040000581,(市)北环大道与梅林路交汇处,0.0,0.0,2,2,good,22.55966775704351,113.99344633894496,深圳市水务局开放平台·积涝点水位
2026-08-20T16:00:00+08:00,Asia/Shanghai,MS1104403040000596,(市)侨香路香梅社区,0.0,0.0,2,2,good,22.55158384619422,114.00624803762132,深圳市水务局开放平台·积涝点水位
2026-08-20T16:00:00+08:00,Asia/Shanghai,MS1104403040000600,(市)侨香路香安社区,0.0,0.0,2,2,good,22.55158384619422,114.00624803762132,深圳市水务局开放平台·积涝点水位
2026-08-20T16:00:00+08:00,Asia/Shanghai,MS1104403040000615,(市)市民中心,0.0,0.0,2,2,good,,,深圳市水务局开放平台·积涝点水位
2026-08-20T16:00:00+08:00,Asia/Shanghai,MS110440304000062X,(市)民田路深圳证券交易所,0.0,0.0,13,13,good,22.53903429826115,114.04781278730138,深圳市水务局开放平台·积涝点水位
2026-08-20T16:00:00+08:00,Asia/Shanghai,MS1104403040000634,(市)燃气集团股份有限公司梅林 LNG安全应急气化站,0.0,0.0,13,13,good,,,深圳市水务局开放平台·积涝点水位
2026-08-20T16:00:00+08:00,Asia/Shanghai,MS1104403040000649,(市)深南大道车公庙交通枢纽段,0.0,0.0,13,13,good,22.5420797706313,113.9753640727562,深圳市水务局开放平台·积涝点水位
2026-08-20T16:00:00+08:00,Asia/Shanghai,MS1104403050000118,(市)月亮湾大道与前湾三路交叉口,0.0,0.0,2,2,good,22.511993391395155,113.8903078293519,深圳市水务局开放平台·积涝点水位
2026-08-20T16:00:00+08:00,Asia/Shanghai,MS1104403050000122,(市)南山大道深意工业大厦段,0.01,0.01,62,62,good,22.540721694789013,113.9181638130031,深圳市水务局开放平台·积涝点水位
2026-08-20T16:00:00+08:00,Asia/Shanghai,MS1104403050000137,(市)南山大道与登良路交叉口,0.0,0.0,2,2,good,22.540721694789013,113.9181638130031,深圳市水务局开放平台·积涝点水位
2026-08-20T16:00:00+08:00,Asia/Shanghai,MS1104403050000141,(市)南新路北头豪苑,0.0,0.0,2,2,good,22.535707366852186,113.92452459612443,深圳市水务局开放平台·积涝点水位
2026-08-20T16:00:00+08:00,Asia/Shanghai,MS1104403050000156,(市)滨海大道与南山大道交叉口,0.0,0.0,2,2,good,22.579823080041088,114.10123773351275,深圳市水务局开放平台·积涝点水位
2026-08-20T16:00:00+08:00,Asia/Shanghai,MS1104403050000160,(市)桃园路与南新路交叉口,0.0,0.0,2,2,good,22.535395972003414,113.91852837514443,深圳市水务局开放平台·积涝点水位
2026-08-20T16:00:00+08:00,Asia/Shanghai,MS1104403050000175,(市)后海大道与登良路交叉口,0.0,0.0,13,13,good,22.51179221810604,113.92884393579894,深圳市水务局开放平台·积涝点水位
2026-08-20T16:00:00+08:00,Asia/Shanghai,MS110440305000018X,(市)后海大道港湾创业大厦,0.0,0.0,13,13,good,22.51179221810604,113.92884393579894,深圳市水务局开放平台·积涝点水位
2026-08-20T16:00:00+08:00,Asia/Shanghai,MS1104403050000194,(市)深南大道高新园地铁 AD 口,0.0,0.0,13,13,good,22.5420797706313,113.9753640727562,深圳市水务局开放平台·积涝点水位
2026-08-20T16:00:00+08:00,Asia/Shanghai,MS1104403050000209,(市)深圳湾口岸,0.0,0.0,2,2,good,,,深圳市水务局开放平台·积涝点水位
2026-08-20T16:00:00+08:00,Asia/Shanghai,MS1104403050000213,(市)前湾公园地铁站 A 出入口,0.0,0.0,17,17,good,,,深圳市水务局开放平台·积涝点水位
2026-08-20T16:00:00+08:00,Asia/Shanghai,MS1104403050000228,(市)粤海门地铁站 D2 出入口,0.0,0.0,13,13,good,,,深圳市水务局开放平台·积涝点水位
2026-08-20T16:00:00+08:00,Asia/Shanghai,MS1104403050000232,(市)桂庙路地下道路,0.0,0.0,14,14,good,22.52643977555155,113.91686609460196,深圳市水务局开放平台·积涝点水位
2026-08-20T16:00:00+08:00,Asia/Shanghai,MS1104403050000247,(市)国家超级计算深圳中心,0.0,0.0,16,16,good,,,深圳市水务局开放平台·积涝点水位
2026-08-20T16:00:00+08:00,Asia/Shanghai,MS110440306000029X,(市)辛养旧村辛居路,0.0125,0.02,59,59,good,,,深圳市水务局开放平台·积涝点水位
2026-08-20T16:00:00+08:00,Asia/Shanghai,MS1104403060000304,(市)山门第三工业区,0.0,0.0,2,2,good,,,深圳市水务局开放平台·积涝点水位
2026-08-20T16:00:00+08:00,Asia/Shanghai,MS1104403060000319,(市)前进一路上川路口,0.0,0.0,13,13,good,22.57118007860348,113.90008995469552,深圳市水务局开放平台·积涝点水位
2026-08-20T16:00:00+08:00,Asia/Shanghai,MS1104403060000323,(市)洪浪北地铁站,0.0,0.0,13,13,good,,,深圳市水务局开放平台·积涝点水位
2026-08-20T16:00:00+08:00,Asia/Shanghai,MS1104403060000338,(市)东风幼儿园,0.0,0.0,2,2,good,,,深圳市水务局开放平台·积涝点水位
2026-08-20T16:00:00+08:00,Asia/Shanghai,MS1104403060000342,(市)海乐41区,0.0,0.0,2,2,good,,,深圳市水务局开放平台·积涝点水位
2026-08-20T16:00:00+08:00,Asia/Shanghai,MS1104403060000357,(市)前进二路,0.0,0.0,2,2,good,22.597482662679273,113.87435005513986,深圳市水务局开放平台·积涝点水位
2026-08-20T16:00:00+08:00,Asia/Shanghai,MS1104403060000361,(市)园岭商场,0.0,0.0,13,13,good,,,深圳市水务局开放平台·积涝点水位
2026-08-20T16:00:00+08:00,Asia/Shanghai,MS1104403060000376,(市)新圳西路万佳商场段,0.0,0.0,4,4,good,22.56349644,113.89998969999999,深圳市水务局开放平台·积涝点水位
2026-08-20T16:00:00+08:00,Asia/Shanghai,MS1104403060000380,(市)北环路与爱群路路口,0.0,0.0,12,12,good,22.79634568700108,114.39897783430258,深圳市水务局开放平台·积涝点水位
2026-08-20T16:00:00+08:00,Asia/Shanghai,MS1104403060000395,(市)宝安区幸福路与恒珠一路,0.0,0.0,2,2,good,,,深圳市水务局开放平台·积涝点水位
2026-08-20T16:00:00+08:00,Asia/Shanghai,MS110440306000040X,(市)宝安区勋业街,0.0,0.0,2,2,good,,,深圳市水务局开放平台·积涝点水位
2026-08-20T16:00:00+08:00,Asia/Shanghai,MS1104403060000414,(市)宝安区福和路西六巷,0.0,0.0,13,13,good,22.75496986065163,113.7975587837876,深圳市水务局开放平台·积涝点水位
2026-08-20T16:00:00+08:00,Asia/Shanghai,MS1104403060000429,(市)民福路与创新路交叉口,0.02,0.02,62,62,good,22.77931941488889,113.82386091368804,深圳市水务局开放平台·积涝点水位
2026-08-20T16:00:00+08:00,Asia/Shanghai,MS1104403060000433,(市)金沙二路与民福路交叉口,0.0,0.0,2,2,good,22.731531574999998,113.800096525,深圳市水务局开放平台·积涝点水位
2026-08-20T16:00:00+08:00,Asia/Shanghai,MS1104403060000448,(市)宝安区沙井西环路正科时代,0.0,0.0,2,2,good,22.658437552805964,113.96411546099013,深圳市水务局开放平台·积涝点水位
2026-08-20T16:00:00+08:00,Asia/Shanghai,MS1104403060000452,(市)宝源路固戍海滨公园,0.0,0.0,13,13,good,22.58668431255461,113.84584894450396,深圳市水务局开放平台·积涝点水位
2026-08-20T16:00:00+08:00,Asia/Shanghai,MS1104403060000467,(市)海雅缤纷城,0.01,0.01,64,64,good,,,深圳市水务局开放平台·积涝点水位
2026-08-20T16:00:00+08:00,Asia/Shanghai,MS1104403060000471,(市)万达广场,0.0,0.0,2,2,good,,,深圳市水务局开放平台·积涝点水位
2026-08-20T16:00:00+08:00,Asia/Shanghai,MS1104403060000486,(市)固戍地铁站 A/F 出入口,0.0,0.0,13,13,good,,,深圳市水务局开放平台·积涝点水位
2026-08-20T16:00:00+08:00,Asia/Shanghai,MS1104403060000490,(市)碧海湾地铁站 B 出入口,0.0,0.0,8,8,good,,,深圳市水务局开放平台·积涝点水位
2026-08-20T16:00:00+08:00,Asia/Shanghai,MS1104403060000505,(市)海天路地下隧道,0.0,0.0,13,13,good,22.549962987088094,113.87889692546018,深圳市水务局开放平台·积涝点水位
2026-08-20T16:00:00+08:00,Asia/Shanghai,MS1104403070000175,(市)龙平西路新秀社区公园,0.0,0.0,2,2,good,22.731009781031894,114.22605984524496,深圳市水务局开放平台·积涝点水位
2026-08-20T16:00:00+08:00,Asia/Shanghai,MS110440307000018X,(市)如意路广发银行奥林支行,0.0,0.0,13,13,good,22.697841456213258,114.19931100734046,深圳市水务局开放平台·积涝点水位
2026-08-20T16:00:00+08:00,Asia/Shanghai,MS1104403070000194,(市)龙翔大道与龙城大道交汇处,0.0,0.0,13,13,good,22.708452173199664,114.22855732448205,深圳市水务局开放平台·积涝点水位
2026-08-20T16:00:00+08:00,Asia/Shanghai,MS1104403070000209,(市)龙城大道与龙平东路交汇处,0.0,0.0,13,13,good,22.734070392016967,114.26268655089929,深圳市水务局开放平台·积涝点水位
2026-08-20T16:00:00+08:00,Asia/Shanghai,MS1104403070000213,(市)龙西中路与盐龙大道交汇处,0.0,0.0,13,13,good,22.75103177856142,114.25588661241065,深圳市水务局开放平台·积涝点水位
2026-08-20T16:00:00+08:00,Asia/Shanghai,MS1104403070000228,(市)爱南路与深汕公路交汇处,0.0,0.0,12,12,good,22.709133830928806,114.31382413715897,深圳市水务局开放平台·积涝点水位
2026-08-20T16:00:00+08:00,Asia/Shanghai,MS1104403070000232,(市)园新路与乐园路交汇处,0.0,0.0,14,14,good,22.714932425,114.3001758,深圳市水务局开放平台·积涝点水位
2026-08-20T16:00:00+08:00,Asia/Shanghai,MS1104403070000247,(市)长深高速四方埔社区,0.0,0.0,2,2,good,22.785453209312927,114.3238491191703,深圳市水务局开放平台·积涝点水位
2026-08-20T16:00:00+08:00,Asia/Shanghai,MS1104403070000251,(市)龙岗区政府,0.0,0.0,15,15,good,,,深圳市水务局开放平台·积涝点水位
2026-08-20T16:00:00+08:00,Asia/Shanghai,MS1104403070000266,(市)五和地铁站H出入口,0.0,0.0,9,9,good,,,深圳市水务局开放平台·积涝点水位
2026-08-20T16:00:00+08:00,Asia/Shanghai,MS1104403070000270,(市)长龙地铁站C2出入口,0.0,0.0,2,2,good,,,深圳市水务局开放平台·积涝点水位
2026-08-20T16:00:00+08:00,Asia/Shanghai,MS1104403070000285,(市)育贤学校、童星幼儿园,0.0,0.0,15,15,good,,,深圳市水务局开放平台·积涝点水位
2026-08-20T16:00:00+08:00,Asia/Shanghai,MS110440307000029X,(市)深圳远东妇产医院,0.0,0.0,20,20,good,,,深圳市水务局开放平台·积涝点水位
2026-08-20T16:00:00+08:00,Asia/Shanghai,MS1104403070000304,(市)英才学校,0.0,0.0,13,13,good,,,深圳市水务局开放平台·积涝点水位
2026-08-20T16:00:00+08:00,Asia/Shanghai,MS1104403070000319,(市)吉榕路桥洞,0.0,0.0,13,13,good,,,深圳市水务局开放平台·积涝点水位
2026-08-20T16:00:00+08:00,Asia/Shanghai,MS1104403070000323,(市)京南路,0.0,0.0,2,2,good,22.602818284523806,114.12130894517196,深圳市水务局开放平台·积涝点水位
2026-08-20T16:00:00+08:00,Asia/Shanghai,MS1104403070000338,(市)布澜路国芬路口,0.0,0.0,2,2,good,22.635311170786817,114.12784150313183,深圳市水务局开放平台·积涝点水位
2026-08-20T16:00:00+08:00,Asia/Shanghai,MS1104403070000342,(市)布吉站（深圳东站）,0.0,0.0,2,2,good,,,深圳市水务局开放平台·积涝点水位
2026-08-20T16:00:00+08:00,Asia/Shanghai,MS1104403080000012,(市)金融路海涛路口片区,0.0,0.0,12,12,good,22.553642038690473,114.22939035281746,深圳市水务局开放平台·积涝点水位
2026-08-20T16:00:00+08:00,Asia/Shanghai,MS1104403080000027,(市)沙头角口岸小区,0.0,0.0,13,13,good,,,深圳市水务局开放平台·积涝点水位
2026-08-20T16:00:00+08:00,Asia/Shanghai,MS1104403080000031,(市)桥东街小区,0.0,0.0,13,13,good,,,深圳市水务局开放平台·积涝点水位
2026-08-20T16:00:00+08:00,Asia/Shanghai,MS1104403090000065,(市)泗黎路凹背社区富坑社区,0.0,0.0,2,2,good,22.753687171367037,114.03385655648283,深圳市水务局开放平台·积涝点水位
2026-08-20T16:00:00+08:00,Asia/Shanghai,MS110440309000007X,(市)银星科技园,0.0,0.0,2,2,good,,,深圳市水务局开放平台·积涝点水位
2026-08-20T16:00:00+08:00,Asia/Shanghai,MS1104403090000084,(市)观光路与福前路交汇处,0.0,0.0,2,2,good,22.733179257314486,114.01274963079653,深圳市水务局开放平台·积涝点水位
2026-08-20T16:00:00+08:00,Asia/Shanghai,MS1104403090000099,(市)三联社区,0.0,0.0,13,13,good,,,深圳市水务局开放平台·积涝点水位
2026-08-20T16:00:00+08:00,Asia/Shanghai,MS1104403090000103,(市)布龙路与五和大道交汇处,0.0,0.0,13,13,good,22.646750702555874,114.02665721385576,深圳市水务局开放平台·积涝点水位
2026-08-20T16:00:00+08:00,Asia/Shanghai,MS1104403090000118,(市)新区大道深圳北站,0.0,0.0,13,13,good,22.624351465560785,114.01682556681699,深圳市水务局开放平台·积涝点水位
2026-08-20T16:00:00+08:00,Asia/Shanghai,MS1104403090000122,(市)龙华壹方成,0.0,0.0,13,13,good,,,深圳市水务局开放平台·积涝点水位
2026-08-20T16:00:00+08:00,Asia/Shanghai,MS1104403090000137,(市)昌茂二路,0.0,0.0,13,13,good,,,深圳市水务局开放平台·积涝点水位
2026-08-20T16:00:00+08:00,Asia/Shanghai,MS1104403090000141,(市)大浪新围街大船坑市场段,0.0,0.0,16,16,good,22.692058934615382,113.9964102346154,深圳市水务局开放平台·积涝点水位
2026-08-20T16:00:00+08:00,Asia/Shanghai,MS1104403100000028,(市)坪山法院门口,0.0,0.0,2,2,good,,,深圳市水务局开放平台·积涝点水位
2026-08-20T16:00:00+08:00,Asia/Shanghai,MS1104403100000032,(市)秀沙路比亚迪厂门前,0.0,0.0,13,13,good,22.767995359829058,114.39900074224022,深圳市水务局开放平台·积涝点水位
2026-08-20T16:00:00+08:00,Asia/Shanghai,MS1104403100000047,(市)群代路金泰航科技,0.01,0.01,61,61,good,,,深圳市水务局开放平台·积涝点水位
2026-08-20T16:00:00+08:00,Asia/Shanghai,MS1104403100000051,(市)三洋湖路三洋湖新区小区,0.0,0.0,12,12,good,,,深圳市水务局开放平台·积涝点水位
2026-08-20T16:00:00+08:00,Asia/Shanghai,MS1104403100000066,(市)文化中心地铁站,0.0,0.0,13,13,good,,,深圳市水务局开放平台·积涝点水位
2026-08-20T16:00:00+08:00,Asia/Shanghai,MS1104403110000597,(市)东长路外环高速长圳入口,0.0,0.0,13,13,good,22.747509018088216,113.91221411091422,深圳市水务局开放平台·积涝点水位
2026-08-20T16:00:00+08:00,Asia/Shanghai,MS1104403110000601,(市)光侨雅苑,0.0,0.0,2,2,good,,,深圳市水务局开放平台·积涝点水位
2026-08-20T16:00:00+08:00,Asia/Shanghai,MS1104403110000616,(市)同观路与汇融路交叉口,0.0,0.0,2,2,good,22.734039598507852,113.91441943299901,深圳市水务局开放平台·积涝点水位
2026-08-20T16:00:00+08:00,Asia/Shanghai,MS1104403110000620,(市)松白路松茂御城段,0.0,0.0,2,2,good,22.731110627923336,113.894856941127,深圳市水务局开放平台·积涝点水位
2026-08-20T16:00:00+08:00,Asia/Shanghai,MS1104403110000635,(市)公常路与环村路交叉口,0.0,0.0,13,13,good,22.826648407959507,113.95688701032125,深圳市水务局开放平台·积涝点水位
2026-08-20T16:00:00+08:00,Asia/Shanghai,MS110440311000064X,(市)光明区高级中学,0.0,0.0,2,2,good,,,深圳市水务局开放平台·积涝点水位
2026-08-20T16:00:00+08:00,Asia/Shanghai,MS1104403120000032,(市)大鹏液化天然气有限公司深圳接收站,0.0,0.0,13,13,good,,,深圳市水务局开放平台·积涝点水位
2026-08-20T17:00:00+08:00,Asia/Shanghai,9281192001,(市)平湖火车隧道口,0.0,0.0,13,13,good,,,深圳市水务局开放平台·积涝点水位
2026-08-20T17:00:00+08:00,Asia/Shanghai,9281192002,(市)新木路广深铁路桥底,0.0,0.0,13,13,good,22.6674177472887,114.13210195018992,深圳市水务局开放平台·积涝点水位
2026-08-20T17:00:00+08:00,Asia/Shanghai,9281192003,(市)新木路新围仔村路口,0.0,0.0,13,13,good,22.6674177472887,114.13210195018992,深圳市水务局开放平台·积涝点水位
2026-08-20T17:00:00+08:00,Asia/Shanghai,9281192004,(市)布李路富民城段,0.0,0.0,13,13,good,22.618912574166664,114.11654044833332,深圳市水务局开放平台·积涝点水位
2026-08-20T17:00:00+08:00,Asia/Shanghai,9281192005,(市)龙博路,0.01,0.01,62,62,good,22.62797037826087,114.10927237391306,深圳市水务局开放平台·积涝点水位
2026-08-20T17:00:00+08:00,Asia/Shanghai,9281192006,(市)五和大道四季花城,0.01,0.01,64,64,good,22.65976725256875,114.05975735653944,深圳市水务局开放平台·积涝点水位
2026-08-20T17:00:00+08:00,Asia/Shanghai,9281192008,(市)南联第六工业区桥洞,0.0049,0.01,37,37,good,,,深圳市水务局开放平台·积涝点水位
2026-08-20T17:00:00+08:00,Asia/Shanghai,9281192009,(市)新坡塘村新坡塘积水点,0.0,0.0,13,13,good,,,深圳市水务局开放平台·积涝点水位
2026-08-20T17:00:00+08:00,Asia/Shanghai,9281192010,(市)安良六村安业路与安居路交汇处,0.0,0.0,13,13,good,,,深圳市水务局开放平台·积涝点水位
2026-08-20T17:00:00+08:00,Asia/Shanghai,9281192011,(市)松元头,0.01,0.01,61,61,good,,,深圳市水务局开放平台·积涝点水位
2026-08-20T17:00:00+08:00,Asia/Shanghai,9281192012,(市)湖南立交,0.0,0.0,13,13,good,,,深圳市水务局开放平台·积涝点水位
2026-08-20T17:00:00+08:00,Asia/Shanghai,9281192013,(市)高背路惠盐高速桥洞积水点,0.0,0.0,12,12,good,,,深圳市水务局开放平台·积涝点水位
2026-08-20T17:00:00+08:00,Asia/Shanghai,9281192014,(市)鹤坑桥洞,0.0,0.0,13,13,good,,,深圳市水务局开放平台·积涝点水位
2026-08-20T17:00:00+08:00,Asia/Shanghai,9281192015,(市)安良社区沿河一路疏港铁路桥洞,0.01,0.01,60,60,good,22.73162335,114.107919,深圳市水务局开放平台·积涝点水位
2026-08-20T17:00:00+08:00,Asia/Shanghai,9281192016,(市)宝荷路中新加油站对面,0.0,0.0,13,13,good,22.694796752516076,114.25970116268519,深圳市水务局开放平台·积涝点水位
2026-08-20T17:00:00+08:00,Asia/Shanghai,9281192017,(市)环观南路与观平路交汇处,0.0,0.0,12,12,good,22.705673908780923,114.07279441765539,深圳市水务局开放平台·积涝点水位
2026-08-20T17:00:00+08:00,Asia/Shanghai,9281192018,(市)龙华大道库坑天桥段,0.0,0.0,13,13,good,22.669745856798677,114.03752701836405,深圳市水务局开放平台·积涝点水位
2026-08-20T17:00:00+08:00,Asia/Shanghai,9281192019,(市)福龙路高铁桥下简上段,0.0,0.0,13,13,good,22.61964472178257,114.00080097044238,深圳市水务局开放平台·积涝点水位
2026-08-20T17:00:00+08:00,Asia/Shanghai,9281192020,(市)工业路壹成中心段,0.01,0.01,64,64,good,22.648754971805,114.02570221318598,深圳市水务局开放平台·积涝点水位
2026-08-20T17:00:00+08:00,Asia/Shanghai,9281192021,(市)东环一路和平路交汇处,0.0,0.0,13,13,good,22.65040479515617,114.03284713758192,深圳市水务局开放平台·积涝点水位
2026-08-20T17:00:00+08:00,Asia/Shanghai,9281192022,(市)龙田社区大水湾,0.0,0.0,13,13,good,,,深圳市水务局开放平台·积涝点水位
2026-08-20T17:00:00+08:00,Asia/Shanghai,9281292001,(市)滨河皇岗立交桥洞,0.0,0.0,13,13,good,,,深圳市水务局开放平台·积涝点水位
2026-08-20T17:00:00+08:00,Asia/Shanghai,9281292002,(市)广深高速桥下滨海大道北侧辅道,0.01,0.01,62,62,good,22.579823080041088,114.10123773351275,深圳市水务局开放平台·积涝点水位
2026-08-20T17:00:00+08:00,Asia/Shanghai,9281292003,(市)福田区竹子林立交下穿通道,0.0,0.0,13,13,good,,,深圳市水务局开放平台·积涝点水位
2026-08-20T17:00:00+08:00,Asia/Shanghai,9281292004,(市)滨河益田立交桥洞,0.0,0.0,12,12,good,,,深圳市水务局开放平台·积涝点水位
2026-08-20T17:00:00+08:00,Asia/Shanghai,9281292005,(市)深南新洲一号立交桥洞,0.003,0.01,10,10,good,,,深圳市水务局开放平台·积涝点水位
2026-08-20T17:00:00+08:00,Asia/Shanghai,9281292006,(市)北环新洲立交东南角辅道,0.0,0.0,12,12,good,,,深圳市水务局开放平台·积涝点水位
2026-08-20T17:00:00+08:00,Asia/Shanghai,9281292007,(市)107国道新安段(裕安加油站),0.0,0.0,13,13,good,22.55254164883845,113.90816500450731,深圳市水务局开放平台·积涝点水位
2026-08-20T17:00:00+08:00,Asia/Shanghai,9281292008,洲石路鹤洲桥底（市）,0.0059,0.01,46,46,good,22.651019027149744,113.88061107664711,深圳市水务局开放平台·积涝点水位
2026-08-20T17:00:00+08:00,Asia/Shanghai,9281292009,(市)帝堂路（锦程路以西段）,0.01,0.01,60,60,good,22.70987723506993,113.7784856087664,深圳市水务局开放平台·积涝点水位
2026-08-20T17:00:00+08:00,Asia/Shanghai,9281292010,(市)上星南路与中心路丽沙花都,0.0,0.0,15,15,good,22.502209013854387,113.93734688972145,深圳市水务局开放平台·积涝点水位
2026-08-20T17:00:00+08:00,Asia/Shanghai,9281292011,(市)外环路广深高速新桥立交,0.0,0.0,24,24,good,22.736379220337216,113.84591188570887,深圳市水务局开放平台·积涝点水位
2026-08-20T17:00:00+08:00,Asia/Shanghai,9281292012,(市)固戍海滨新村文昌阁,0.0,0.0,13,13,good,,,深圳市水务局开放平台·积涝点水位
2026-08-20T17:00:00+08:00,Asia/Shanghai,9281292013,(市)宝安大道固戍地铁站,0.0138,0.02,60,60,good,22.64678387472509,113.8417801892837,深圳市水务局开放平台·积涝点水位
2026-08-20T17:00:00+08:00,Asia/Shanghai,9281292014,(市)G107国道南行固戍大门,0.01,0.01,62,62,good,22.55254164883845,113.90816500450731,深圳市水务局开放平台·积涝点水位
2026-08-20T17:00:00+08:00,Asia/Shanghai,9281292015,(市)东环大道松宝大道段,0.0,0.0,13,13,good,,,深圳市水务局开放平台·积涝点水位
2026-08-20T17:00:00+08:00,Asia/Shanghai,9281292016,(市)长凤路龙大高速桥底,0.0,0.0,12,12,good,22.775734215738417,113.91156092305157,深圳市水务局开放平台·积涝点水位
2026-08-20T17:00:00+08:00,Asia/Shanghai,9281292017,(市)圳美同富裕工业区,0.0,0.0,13,13,good,,,深圳市水务局开放平台·积涝点水位
2026-08-20T17:00:00+08:00,Asia/Shanghai,9281292018,(市)根玉路东方大道交汇处,0.0,0.0,13,13,good,22.763216165633853,113.85149341983029,深圳市水务局开放平台·积涝点水位
2026-08-20T17:00:00+08:00,Asia/Shanghai,9281292019,(市)上村社区龙大桥底,0.005,0.01,32,32,good,,,深圳市水务局开放平台·积涝点水位
2026-08-20T17:00:00+08:00,Asia/Shanghai,9281292020,(市)马山头社区上石家路通兴路交汇处,0.0,0.0,13,13,good,22.763999933333334,113.8915635138889,深圳市水务局开放平台·积涝点水位
2026-08-20T17:00:00+08:00,Asia/Shanghai,9281292021,(市)临海大道海关保税区,0.0,0.0,13,13,good,22.53399911521491,113.88871009435005,深圳市水务局开放平台·积涝点水位
2026-08-20T17:00:00+08:00,Asia/Shanghai,9281292022,(市)南山大道南行亿利达村段,0.01,0.01,61,61,good,22.540721694789013,113.9181638130031,深圳市水务局开放平台·积涝点水位
2026-08-20T17:00:00+08:00,Asia/Shanghai,9281292023,(市)东滨路南行华联城市山林花园段,0.0,0.0,13,13,good,22.51106546682151,113.92212734316605,深圳市水务局开放平台·积涝点水位
2026-08-20T17:00:00+08:00,Asia/Shanghai,9281292024,(市)深圳湾东滨路与中心路交叉口,0.005,0.01,26,26,good,22.51106546682151,113.92212734316605,深圳市水务局开放平台·积涝点水位
2026-08-20T17:00:00+08:00,Asia/Shanghai,MS1104403030000228,(市)红岗公园,0.0,0.0,2,2,good,,,深圳市水务局开放平台·积涝点水位
2026-08-20T17:00:00+08:00,Asia/Shanghai,MS1104403030000232,(市)沿河南路文锦路社区,0.0,0.0,18,18,good,22.550252268776845,114.11444108979862,深圳市水务局开放平台·积涝点水位
2026-08-20T17:00:00+08:00,Asia/Shanghai,MS1104403030000247,(市)深南东路黄贝岭,0.0,0.0,13,13,good,22.54661746874732,114.11811396992493,深圳市水务局开放平台·积涝点水位
2026-08-20T17:00:00+08:00,Asia/Shanghai,MS1104403030000251,(市)滨河上步立交桥,0.0,0.0,2,2,good,,,深圳市水务局开放平台·积涝点水位
2026-08-20T17:00:00+08:00,Asia/Shanghai,MS1104403030000266,(市)罗湖火车站,0.0,0.0,13,13,good,,,深圳市水务局开放平台·积涝点水位
2026-08-20T17:00:00+08:00,Asia/Shanghai,MS1104403030000270,(市)罗湖区委,0.0,0.0,2,2,good,,,深圳市水务局开放平台·积涝点水位
2026-08-20T17:00:00+08:00,Asia/Shanghai,MS1104403030000285,(市)万象城,0.0,0.0,13,13,good,,,深圳市水务局开放平台·积涝点水位
2026-08-20T17:00:00+08:00,Asia/Shanghai,MS110440303000029X,(市)洪湖地铁站D出入口,0.0,0.0,2,2,good,,,深圳市水务局开放平台·积涝点水位
2026-08-20T17:00:00+08:00,Asia/Shanghai,MS1104403030000304,(市)东湖路,0.0,0.0,5,5,good,22.582822583699635,114.1345991945055,深圳市水务局开放平台·积涝点水位
2026-08-20T17:00:00+08:00,Asia/Shanghai,MS1104403030000319,(市)桂园片区,0.0,0.0,13,13,good,,,深圳市水务局开放平台·积涝点水位
2026-08-20T17:00:00+08:00,Asia/Shanghai,MS1104403030000323,(市)晒布路与东门中路交汇处,0.01,0.01,64,64,good,22.551568716163253,114.1183832504732,深圳市水务局开放平台·积涝点水位
2026-08-20T17:00:00+08:00,Asia/Shanghai,MS1104403030000338,(市)东湖公园爱国路与太宁路路口,0.0,0.0,13,13,good,22.563633808974675,114.13329390192719,深圳市水务局开放平台·积涝点水位
2026-08-20T17:00:00+08:00,Asia/Shanghai,MS1104403030000342,(市)文锦渡口岸,0.0,0.0,2,2,good,,,深圳市水务局开放平台·积涝点水位
2026-08-20T17:00:00+08:00,Asia/Shanghai,MS1104403040000543,(市)香梅莲花路口,0.0,0.0,2,2,good,22.559401296538805,114.04793087126708,深圳市水务局开放平台·积涝点水位
2026-08-20T17:00:00+08:00,Asia/Shanghai,MS1104403040000558,(市)信托花园,0.0,0.0,12,12,good,,,深圳市水务局开放平台·积涝点水位
2026-08-20T17:00:00+08:00,Asia/Shanghai,MS1104403040000562,(市)上步红荔路口,0.0,0.0,2,2,good,22.550171284097686,114.05891535550717,深圳市水务局开放平台·积涝点水位
2026-08-20T17:00:00+08:00,Asia/Shanghai,MS1104403040000577,(市)深南皇岗立交桥与皇岗路交汇处,0.0,0.0,12,12,good,22.552167188223326,114.06774281249497,深圳市水务局开放平台·积涝点水位
2026-08-20T17:00:00+08:00,Asia/Shanghai,MS1104403040000581,(市)北环大道与梅林路交汇处,0.0,0.0,2,2,good,22.55966775704351,113.99344633894496,深圳市水务局开放平台·积涝点水位
2026-08-20T17:00:00+08:00,Asia/Shanghai,MS1104403040000596,(市)侨香路香梅社区,0.0,0.0,2,2,good,22.55158384619422,114.00624803762132,深圳市水务局开放平台·积涝点水位
2026-08-20T17:00:00+08:00,Asia/Shanghai,MS1104403040000600,(市)侨香路香安社区,0.0,0.0,2,2,good,22.55158384619422,114.00624803762132,深圳市水务局开放平台·积涝点水位
2026-08-20T17:00:00+08:00,Asia/Shanghai,MS1104403040000615,(市)市民中心,0.0,0.0,2,2,good,,,深圳市水务局开放平台·积涝点水位
2026-08-20T17:00:00+08:00,Asia/Shanghai,MS110440304000062X,(市)民田路深圳证券交易所,0.0,0.0,13,13,good,22.53903429826115,114.04781278730138,深圳市水务局开放平台·积涝点水位
2026-08-20T17:00:00+08:00,Asia/Shanghai,MS1104403040000634,(市)燃气集团股份有限公司梅林 LNG安全应急气化站,0.0,0.0,13,13,good,,,深圳市水务局开放平台·积涝点水位
2026-08-20T17:00:00+08:00,Asia/Shanghai,MS1104403040000649,(市)深南大道车公庙交通枢纽段,0.0,0.0,13,13,good,22.5420797706313,113.9753640727562,深圳市水务局开放平台·积涝点水位
2026-08-20T17:00:00+08:00,Asia/Shanghai,MS1104403050000118,(市)月亮湾大道与前湾三路交叉口,0.0,0.0,2,2,good,22.511993391395155,113.8903078293519,深圳市水务局开放平台·积涝点水位
2026-08-20T17:00:00+08:00,Asia/Shanghai,MS1104403050000122,(市)南山大道深意工业大厦段,0.01,0.01,64,64,good,22.540721694789013,113.9181638130031,深圳市水务局开放平台·积涝点水位
2026-08-20T17:00:00+08:00,Asia/Shanghai,MS1104403050000137,(市)南山大道与登良路交叉口,0.0,0.0,2,2,good,22.540721694789013,113.9181638130031,深圳市水务局开放平台·积涝点水位
2026-08-20T17:00:00+08:00,Asia/Shanghai,MS1104403050000141,(市)南新路北头豪苑,0.0,0.0,2,2,good,22.535707366852186,113.92452459612443,深圳市水务局开放平台·积涝点水位
2026-08-20T17:00:00+08:00,Asia/Shanghai,MS1104403050000156,(市)滨海大道与南山大道交叉口,0.0,0.0,2,2,good,22.579823080041088,114.10123773351275,深圳市水务局开放平台·积涝点水位
2026-08-20T17:00:00+08:00,Asia/Shanghai,MS1104403050000160,(市)桃园路与南新路交叉口,0.0,0.0,2,2,good,22.535395972003414,113.91852837514443,深圳市水务局开放平台·积涝点水位
2026-08-20T17:00:00+08:00,Asia/Shanghai,MS1104403050000175,(市)后海大道与登良路交叉口,0.0,0.0,13,13,good,22.51179221810604,113.92884393579894,深圳市水务局开放平台·积涝点水位
2026-08-20T17:00:00+08:00,Asia/Shanghai,MS110440305000018X,(市)后海大道港湾创业大厦,0.0,0.0,13,13,good,22.51179221810604,113.92884393579894,深圳市水务局开放平台·积涝点水位
2026-08-20T17:00:00+08:00,Asia/Shanghai,MS1104403050000194,(市)深南大道高新园地铁 AD 口,0.0,0.0,13,13,good,22.5420797706313,113.9753640727562,深圳市水务局开放平台·积涝点水位
2026-08-20T17:00:00+08:00,Asia/Shanghai,MS1104403050000209,(市)深圳湾口岸,0.0,0.0,2,2,good,,,深圳市水务局开放平台·积涝点水位
2026-08-20T17:00:00+08:00,Asia/Shanghai,MS1104403050000213,(市)前湾公园地铁站 A 出入口,0.0,0.0,13,13,good,,,深圳市水务局开放平台·积涝点水位
2026-08-20T17:00:00+08:00,Asia/Shanghai,MS1104403050000228,(市)粤海门地铁站 D2 出入口,0.0,0.0,12,12,good,,,深圳市水务局开放平台·积涝点水位
2026-08-20T17:00:00+08:00,Asia/Shanghai,MS1104403050000232,(市)桂庙路地下道路,0.0,0.0,13,13,good,22.52643977555155,113.91686609460196,深圳市水务局开放平台·积涝点水位
2026-08-20T17:00:00+08:00,Asia/Shanghai,MS1104403050000247,(市)国家超级计算深圳中心,0.0,0.0,15,15,good,,,深圳市水务局开放平台·积涝点水位
2026-08-20T17:00:00+08:00,Asia/Shanghai,MS110440306000029X,(市)辛养旧村辛居路,0.0095,0.01,21,21,good,,,深圳市水务局开放平台·积涝点水位
2026-08-20T17:00:00+08:00,Asia/Shanghai,MS1104403060000304,(市)山门第三工业区,0.0,0.0,2,2,good,,,深圳市水务局开放平台·积涝点水位
2026-08-20T17:00:00+08:00,Asia/Shanghai,MS1104403060000319,(市)前进一路上川路口,0.0,0.0,13,13,good,22.57118007860348,113.90008995469552,深圳市水务局开放平台·积涝点水位
2026-08-20T17:00:00+08:00,Asia/Shanghai,MS1104403060000323,(市)洪浪北地铁站,0.0,0.0,13,13,good,,,深圳市水务局开放平台·积涝点水位
2026-08-20T17:00:00+08:00,Asia/Shanghai,MS1104403060000338,(市)东风幼儿园,0.0,0.0,2,2,good,,,深圳市水务局开放平台·积涝点水位
2026-08-20T17:00:00+08:00,Asia/Shanghai,MS1104403060000342,(市)海乐41区,0.0,0.0,2,2,good,,,深圳市水务局开放平台·积涝点水位
2026-08-20T17:00:00+08:00,Asia/Shanghai,MS1104403060000357,(市)前进二路,0.0,0.0,2,2,good,22.597482662679273,113.87435005513986,深圳市水务局开放平台·积涝点水位
2026-08-20T17:00:00+08:00,Asia/Shanghai,MS1104403060000361,(市)园岭商场,0.0,0.0,12,12,good,,,深圳市水务局开放平台·积涝点水位
2026-08-20T17:00:00+08:00,Asia/Shanghai,MS1104403060000376,(市)新圳西路万佳商场段,0.0056,0.01,18,18,good,22.56349644,113.89998969999999,深圳市水务局开放平台·积涝点水位
2026-08-20T17:00:00+08:00,Asia/Shanghai,MS1104403060000380,(市)北环路与爱群路路口,0.0,0.0,12,12,good,22.79634568700108,114.39897783430258,深圳市水务局开放平台·积涝点水位
2026-08-20T17:00:00+08:00,Asia/Shanghai,MS1104403060000395,(市)宝安区幸福路与恒珠一路,0.0,0.0,2,2,good,,,深圳市水务局开放平台·积涝点水位
2026-08-20T17:00:00+08:00,Asia/Shanghai,MS110440306000040X,(市)宝安区勋业街,0.0,0.0,2,2,good,,,深圳市水务局开放平台·积涝点水位
2026-08-20T17:00:00+08:00,Asia/Shanghai,MS1104403060000414,(市)宝安区福和路西六巷,0.0,0.0,13,13,good,22.75496986065163,113.7975587837876,深圳市水务局开放平台·积涝点水位
2026-08-20T17:00:00+08:00,Asia/Shanghai,MS1104403060000429,(市)民福路与创新路交叉口,0.0143,0.02,63,63,good,22.77931941488889,113.82386091368804,深圳市水务局开放平台·积涝点水位
2026-08-20T17:00:00+08:00,Asia/Shanghai,MS1104403060000433,(市)金沙二路与民福路交叉口,0.0,0.0,2,2,good,22.731531574999998,113.800096525,深圳市水务局开放平台·积涝点水位
2026-08-20T17:00:00+08:00,Asia/Shanghai,MS1104403060000448,(市)宝安区沙井西环路正科时代,0.0,0.0,2,2,good,22.658437552805964,113.96411546099013,深圳市水务局开放平台·积涝点水位
2026-08-20T17:00:00+08:00,Asia/Shanghai,MS1104403060000452,(市)宝源路固戍海滨公园,0.0,0.0,13,13,good,22.58668431255461,113.84584894450396,深圳市水务局开放平台·积涝点水位
2026-08-20T17:00:00+08:00,Asia/Shanghai,MS1104403060000467,(市)海雅缤纷城,0.01,0.01,63,63,good,,,深圳市水务局开放平台·积涝点水位
2026-08-20T17:00:00+08:00,Asia/Shanghai,MS1104403060000471,(市)万达广场,0.0,0.0,2,2,good,,,深圳市水务局开放平台·积涝点水位
2026-08-20T17:00:00+08:00,Asia/Shanghai,MS1104403060000486,(市)固戍地铁站 A/F 出入口,0.0,0.0,13,13,good,,,深圳市水务局开放平台·积涝点水位
2026-08-20T17:00:00+08:00,Asia/Shanghai,MS1104403060000490,(市)碧海湾地铁站 B 出入口,0.0,0.0,12,12,good,,,深圳市水务局开放平台·积涝点水位
2026-08-20T17:00:00+08:00,Asia/Shanghai,MS1104403060000505,(市)海天路地下隧道,0.0,0.0,13,13,good,22.549962987088094,113.87889692546018,深圳市水务局开放平台·积涝点水位
2026-08-20T17:00:00+08:00,Asia/Shanghai,MS1104403070000175,(市)龙平西路新秀社区公园,0.0,0.0,2,2,good,22.731009781031894,114.22605984524496,深圳市水务局开放平台·积涝点水位
2026-08-20T17:00:00+08:00,Asia/Shanghai,MS110440307000018X,(市)如意路广发银行奥林支行,0.0,0.0,13,13,good,22.697841456213258,114.19931100734046,深圳市水务局开放平台·积涝点水位
2026-08-20T17:00:00+08:00,Asia/Shanghai,MS1104403070000194,(市)龙翔大道与龙城大道交汇处,0.0,0.0,13,13,good,22.708452173199664,114.22855732448205,深圳市水务局开放平台·积涝点水位
2026-08-20T17:00:00+08:00,Asia/Shanghai,MS1104403070000209,(市)龙城大道与龙平东路交汇处,0.0,0.0,12,12,good,22.734070392016967,114.26268655089929,深圳市水务局开放平台·积涝点水位
2026-08-20T17:00:00+08:00,Asia/Shanghai,MS1104403070000213,(市)龙西中路与盐龙大道交汇处,0.0,0.0,13,13,good,22.75103177856142,114.25588661241065,深圳市水务局开放平台·积涝点水位
2026-08-20T17:00:00+08:00,Asia/Shanghai,MS1104403070000228,(市)爱南路与深汕公路交汇处,0.0,0.0,13,13,good,22.709133830928806,114.31382413715897,深圳市水务局开放平台·积涝点水位
2026-08-20T17:00:00+08:00,Asia/Shanghai,MS1104403070000232,(市)园新路与乐园路交汇处,0.0,0.0,13,13,good,22.714932425,114.3001758,深圳市水务局开放平台·积涝点水位
2026-08-20T17:00:00+08:00,Asia/Shanghai,MS1104403070000247,(市)长深高速四方埔社区,0.0,0.0,2,2,good,22.785453209312927,114.3238491191703,深圳市水务局开放平台·积涝点水位
2026-08-20T17:00:00+08:00,Asia/Shanghai,MS1104403070000251,(市)龙岗区政府,0.0,0.0,13,13,good,,,深圳市水务局开放平台·积涝点水位
2026-08-20T17:00:00+08:00,Asia/Shanghai,MS1104403070000266,(市)五和地铁站H出入口,0.0,0.0,13,13,good,,,深圳市水务局开放平台·积涝点水位
2026-08-20T17:00:00+08:00,Asia/Shanghai,MS1104403070000270,(市)长龙地铁站C2出入口,0.0,0.0,2,2,good,,,深圳市水务局开放平台·积涝点水位
2026-08-20T17:00:00+08:00,Asia/Shanghai,MS1104403070000285,(市)育贤学校、童星幼儿园,0.0,0.0,14,14,good,,,深圳市水务局开放平台·积涝点水位
2026-08-20T17:00:00+08:00,Asia/Shanghai,MS110440307000029X,(市)深圳远东妇产医院,0.0,0.0,15,15,good,,,深圳市水务局开放平台·积涝点水位
2026-08-20T17:00:00+08:00,Asia/Shanghai,MS1104403070000304,(市)英才学校,0.0,0.0,13,13,good,,,深圳市水务局开放平台·积涝点水位
2026-08-20T17:00:00+08:00,Asia/Shanghai,MS1104403070000319,(市)吉榕路桥洞,0.0,0.0,13,13,good,,,深圳市水务局开放平台·积涝点水位
2026-08-20T17:00:00+08:00,Asia/Shanghai,MS1104403070000323,(市)京南路,0.0,0.0,2,2,good,22.602818284523806,114.12130894517196,深圳市水务局开放平台·积涝点水位
2026-08-20T17:00:00+08:00,Asia/Shanghai,MS1104403070000338,(市)布澜路国芬路口,0.0,0.0,2,2,good,22.635311170786817,114.12784150313183,深圳市水务局开放平台·积涝点水位
2026-08-20T17:00:00+08:00,Asia/Shanghai,MS1104403070000342,(市)布吉站（深圳东站）,0.0,0.0,2,2,good,,,深圳市水务局开放平台·积涝点水位
2026-08-20T17:00:00+08:00,Asia/Shanghai,MS1104403080000012,(市)金融路海涛路口片区,0.0,0.0,13,13,good,22.553642038690473,114.22939035281746,深圳市水务局开放平台·积涝点水位
2026-08-20T17:00:00+08:00,Asia/Shanghai,MS1104403080000027,(市)沙头角口岸小区,0.0,0.0,13,13,good,,,深圳市水务局开放平台·积涝点水位
2026-08-20T17:00:00+08:00,Asia/Shanghai,MS1104403080000031,(市)桥东街小区,0.0,0.0,13,13,good,,,深圳市水务局开放平台·积涝点水位
2026-08-20T17:00:00+08:00,Asia/Shanghai,MS1104403090000065,(市)泗黎路凹背社区富坑社区,0.0,0.0,2,2,good,22.753687171367037,114.03385655648283,深圳市水务局开放平台·积涝点水位
2026-08-20T17:00:00+08:00,Asia/Shanghai,MS110440309000007X,(市)银星科技园,0.0,0.0,3,3,good,,,深圳市水务局开放平台·积涝点水位
2026-08-20T17:00:00+08:00,Asia/Shanghai,MS1104403090000084,(市)观光路与福前路交汇处,0.0,0.0,2,2,good,22.733179257314486,114.01274963079653,深圳市水务局开放平台·积涝点水位
2026-08-20T17:00:00+08:00,Asia/Shanghai,MS1104403090000099,(市)三联社区,0.0,0.0,13,13,good,,,深圳市水务局开放平台·积涝点水位
2026-08-20T17:00:00+08:00,Asia/Shanghai,MS1104403090000103,(市)布龙路与五和大道交汇处,0.0,0.0,13,13,good,22.646750702555874,114.02665721385576,深圳市水务局开放平台·积涝点水位
2026-08-20T17:00:00+08:00,Asia/Shanghai,MS1104403090000118,(市)新区大道深圳北站,0.0,0.0,13,13,good,22.624351465560785,114.01682556681699,深圳市水务局开放平台·积涝点水位
2026-08-20T17:00:00+08:00,Asia/Shanghai,MS1104403090000122,(市)龙华壹方成,0.0,0.0,13,13,good,,,深圳市水务局开放平台·积涝点水位
2026-08-20T17:00:00+08:00,Asia/Shanghai,MS1104403090000137,(市)昌茂二路,0.0,0.0,13,13,good,,,深圳市水务局开放平台·积涝点水位
2026-08-20T17:00:00+08:00,Asia/Shanghai,MS1104403090000141,(市)大浪新围街大船坑市场段,0.0,0.0,13,13,good,22.692058934615382,113.9964102346154,深圳市水务局开放平台·积涝点水位
2026-08-20T17:00:00+08:00,Asia/Shanghai,MS1104403100000028,(市)坪山法院门口,0.0,0.0,2,2,good,,,深圳市水务局开放平台·积涝点水位
2026-08-20T17:00:00+08:00,Asia/Shanghai,MS1104403100000032,(市)秀沙路比亚迪厂门前,0.0,0.0,13,13,good,22.767995359829058,114.39900074224022,深圳市水务局开放平台·积涝点水位
2026-08-20T17:00:00+08:00,Asia/Shanghai,MS1104403100000047,(市)群代路金泰航科技,0.01,0.01,60,60,good,,,深圳市水务局开放平台·积涝点水位
2026-08-20T17:00:00+08:00,Asia/Shanghai,MS1104403100000051,(市)三洋湖路三洋湖新区小区,0.0,0.0,13,13,good,,,深圳市水务局开放平台·积涝点水位
2026-08-20T17:00:00+08:00,Asia/Shanghai,MS1104403100000066,(市)文化中心地铁站,0.0,0.0,13,13,good,,,深圳市水务局开放平台·积涝点水位
2026-08-20T17:00:00+08:00,Asia/Shanghai,MS1104403110000597,(市)东长路外环高速长圳入口,0.0,0.0,13,13,good,22.747509018088216,113.91221411091422,深圳市水务局开放平台·积涝点水位
2026-08-20T17:00:00+08:00,Asia/Shanghai,MS1104403110000601,(市)光侨雅苑,0.0,0.0,2,2,good,,,深圳市水务局开放平台·积涝点水位
2026-08-20T17:00:00+08:00,Asia/Shanghai,MS1104403110000616,(市)同观路与汇融路交叉口,0.0,0.0,2,2,good,22.734039598507852,113.91441943299901,深圳市水务局开放平台·积涝点水位
2026-08-20T17:00:00+08:00,Asia/Shanghai,MS1104403110000620,(市)松白路松茂御城段,0.0,0.0,2,2,good,22.731110627923336,113.894856941127,深圳市水务局开放平台·积涝点水位
2026-08-20T17:00:00+08:00,Asia/Shanghai,MS1104403110000635,(市)公常路与环村路交叉口,0.0,0.0,13,13,good,22.826648407959507,113.95688701032125,深圳市水务局开放平台·积涝点水位
2026-08-20T17:00:00+08:00,Asia/Shanghai,MS110440311000064X,(市)光明区高级中学,0.0,0.0,2,2,good,,,深圳市水务局开放平台·积涝点水位
2026-08-20T17:00:00+08:00,Asia/Shanghai,MS1104403120000032,(市)大鹏液化天然气有限公司深圳接收站,0.0,0.0,12,12,good,,,深圳市水务局开放平台·积涝点水位
2026-08-20T18:00:00+08:00,Asia/Shanghai,9281192001,(市)平湖火车隧道口,0.0,0.0,13,13,good,,,深圳市水务局开放平台·积涝点水位
2026-08-20T18:00:00+08:00,Asia/Shanghai,9281192002,(市)新木路广深铁路桥底,0.0,0.0,13,13,good,22.6674177472887,114.13210195018992,深圳市水务局开放平台·积涝点水位
2026-08-20T18:00:00+08:00,Asia/Shanghai,9281192003,(市)新木路新围仔村路口,0.0,0.0,13,13,good,22.6674177472887,114.13210195018992,深圳市水务局开放平台·积涝点水位
2026-08-20T18:00:00+08:00,Asia/Shanghai,9281192004,(市)布李路富民城段,0.0,0.0,13,13,good,22.618912574166664,114.11654044833332,深圳市水务局开放平台·积涝点水位
2026-08-20T18:00:00+08:00,Asia/Shanghai,9281192005,(市)龙博路,0.01,0.01,63,63,good,22.62797037826087,114.10927237391306,深圳市水务局开放平台·积涝点水位
2026-08-20T18:00:00+08:00,Asia/Shanghai,9281192006,(市)五和大道四季花城,0.01,0.01,63,63,good,22.65976725256875,114.05975735653944,深圳市水务局开放平台·积涝点水位
2026-08-20T18:00:00+08:00,Asia/Shanghai,9281192008,(市)南联第六工业区桥洞,0.0046,0.01,28,28,good,,,深圳市水务局开放平台·积涝点水位
2026-08-20T18:00:00+08:00,Asia/Shanghai,9281192009,(市)新坡塘村新坡塘积水点,0.0,0.0,13,13,good,,,深圳市水务局开放平台·积涝点水位
2026-08-20T18:00:00+08:00,Asia/Shanghai,9281192010,(市)安良六村安业路与安居路交汇处,0.0,0.0,13,13,good,,,深圳市水务局开放平台·积涝点水位
2026-08-20T18:00:00+08:00,Asia/Shanghai,9281192011,(市)松元头,0.01,0.01,64,64,good,,,深圳市水务局开放平台·积涝点水位
2026-08-20T18:00:00+08:00,Asia/Shanghai,9281192012,(市)湖南立交,0.0,0.0,12,12,good,,,深圳市水务局开放平台·积涝点水位
2026-08-20T18:00:00+08:00,Asia/Shanghai,9281192013,(市)高背路惠盐高速桥洞积水点,0.0,0.0,13,13,good,,,深圳市水务局开放平台·积涝点水位
2026-08-20T18:00:00+08:00,Asia/Shanghai,9281192014,(市)鹤坑桥洞,0.0,0.0,14,14,good,,,深圳市水务局开放平台·积涝点水位
2026-08-20T18:00:00+08:00,Asia/Shanghai,9281192015,(市)安良社区沿河一路疏港铁路桥洞,0.01,0.01,64,64,good,22.73162335,114.107919,深圳市水务局开放平台·积涝点水位
2026-08-20T18:00:00+08:00,Asia/Shanghai,9281192016,(市)宝荷路中新加油站对面,0.0,0.0,13,13,good,22.694796752516076,114.25970116268519,深圳市水务局开放平台·积涝点水位
2026-08-20T18:00:00+08:00,Asia/Shanghai,9281192017,(市)环观南路与观平路交汇处,0.0,0.0,13,13,good,22.705673908780923,114.07279441765539,深圳市水务局开放平台·积涝点水位
2026-08-20T18:00:00+08:00,Asia/Shanghai,9281192018,(市)龙华大道库坑天桥段,0.0,0.0,13,13,good,22.669745856798677,114.03752701836405,深圳市水务局开放平台·积涝点水位
2026-08-20T18:00:00+08:00,Asia/Shanghai,9281192019,(市)福龙路高铁桥下简上段,0.0,0.0,13,13,good,22.61964472178257,114.00080097044238,深圳市水务局开放平台·积涝点水位
2026-08-20T18:00:00+08:00,Asia/Shanghai,9281192020,(市)工业路壹成中心段,0.01,0.01,67,67,good,22.648754971805,114.02570221318598,深圳市水务局开放平台·积涝点水位
2026-08-20T18:00:00+08:00,Asia/Shanghai,9281192021,(市)东环一路和平路交汇处,0.0,0.0,13,13,good,22.65040479515617,114.03284713758192,深圳市水务局开放平台·积涝点水位
2026-08-20T18:00:00+08:00,Asia/Shanghai,9281192022,(市)龙田社区大水湾,0.0,0.0,13,13,good,,,深圳市水务局开放平台·积涝点水位
2026-08-20T18:00:00+08:00,Asia/Shanghai,9281292001,(市)滨河皇岗立交桥洞,0.0,0.0,13,13,good,,,深圳市水务局开放平台·积涝点水位
2026-08-20T18:00:00+08:00,Asia/Shanghai,9281292002,(市)广深高速桥下滨海大道北侧辅道,0.01,0.01,64,64,good,22.579823080041088,114.10123773351275,深圳市水务局开放平台·积涝点水位
2026-08-20T18:00:00+08:00,Asia/Shanghai,9281292003,(市)福田区竹子林立交下穿通道,0.0,0.0,13,13,good,,,深圳市水务局开放平台·积涝点水位
2026-08-20T18:00:00+08:00,Asia/Shanghai,9281292004,(市)滨河益田立交桥洞,0.0,0.0,12,12,good,,,深圳市水务局开放平台·积涝点水位
2026-08-20T18:00:00+08:00,Asia/Shanghai,9281292005,(市)深南新洲一号立交桥洞,0.0,0.0,12,12,good,,,深圳市水务局开放平台·积涝点水位
2026-08-20T18:00:00+08:00,Asia/Shanghai,9281292006,(市)北环新洲立交东南角辅道,0.0,0.0,13,13,good,,,深圳市水务局开放平台·积涝点水位
2026-08-20T18:00:00+08:00,Asia/Shanghai,9281292007,(市)107国道新安段(裕安加油站),0.0,0.0,13,13,good,22.55254164883845,113.90816500450731,深圳市水务局开放平台·积涝点水位
2026-08-20T18:00:00+08:00,Asia/Shanghai,9281292008,洲石路鹤洲桥底（市）,0.0097,0.01,62,62,good,22.651019027149744,113.88061107664711,深圳市水务局开放平台·积涝点水位
2026-08-20T18:00:00+08:00,Asia/Shanghai,9281292009,(市)帝堂路（锦程路以西段）,0.01,0.01,61,61,good,22.70987723506993,113.7784856087664,深圳市水务局开放平台·积涝点水位
2026-08-20T18:00:00+08:00,Asia/Shanghai,9281292010,(市)上星南路与中心路丽沙花都,0.0,0.0,13,13,good,22.502209013854387,113.93734688972145,深圳市水务局开放平台·积涝点水位
2026-08-20T18:00:00+08:00,Asia/Shanghai,9281292011,(市)外环路广深高速新桥立交,0.0,0.0,25,25,good,22.736379220337216,113.84591188570887,深圳市水务局开放平台·积涝点水位
2026-08-20T18:00:00+08:00,Asia/Shanghai,9281292012,(市)固戍海滨新村文昌阁,0.0,0.0,13,13,good,,,深圳市水务局开放平台·积涝点水位
2026-08-20T18:00:00+08:00,Asia/Shanghai,9281292013,(市)宝安大道固戍地铁站,0.0097,0.01,58,58,good,22.64678387472509,113.8417801892837,深圳市水务局开放平台·积涝点水位
2026-08-20T18:00:00+08:00,Asia/Shanghai,9281292014,(市)G107国道南行固戍大门,0.0082,0.01,28,28,good,22.55254164883845,113.90816500450731,深圳市水务局开放平台·积涝点水位
2026-08-20T18:00:00+08:00,Asia/Shanghai,9281292015,(市)东环大道松宝大道段,0.0,0.0,13,13,good,,,深圳市水务局开放平台·积涝点水位
2026-08-20T18:00:00+08:00,Asia/Shanghai,9281292016,(市)长凤路龙大高速桥底,0.0,0.0,13,13,good,22.775734215738417,113.91156092305157,深圳市水务局开放平台·积涝点水位
2026-08-20T18:00:00+08:00,Asia/Shanghai,9281292017,(市)圳美同富裕工业区,0.0,0.0,12,12,good,,,深圳市水务局开放平台·积涝点水位
2026-08-20T18:00:00+08:00,Asia/Shanghai,9281292018,(市)根玉路东方大道交汇处,0.0,0.0,13,13,good,22.763216165633853,113.85149341983029,深圳市水务局开放平台·积涝点水位
2026-08-20T18:00:00+08:00,Asia/Shanghai,9281292019,(市)上村社区龙大桥底,0.0,0.0,10,10,good,,,深圳市水务局开放平台·积涝点水位
2026-08-20T18:00:00+08:00,Asia/Shanghai,9281292020,(市)马山头社区上石家路通兴路交汇处,0.0,0.0,13,13,good,22.763999933333334,113.8915635138889,深圳市水务局开放平台·积涝点水位
2026-08-20T18:00:00+08:00,Asia/Shanghai,9281292021,(市)临海大道海关保税区,0.0,0.0,13,13,good,22.53399911521491,113.88871009435005,深圳市水务局开放平台·积涝点水位
2026-08-20T18:00:00+08:00,Asia/Shanghai,9281292022,(市)南山大道南行亿利达村段,0.0091,0.01,66,66,good,22.540721694789013,113.9181638130031,深圳市水务局开放平台·积涝点水位
2026-08-20T18:00:00+08:00,Asia/Shanghai,9281292023,(市)东滨路南行华联城市山林花园段,0.0,0.0,13,13,good,22.51106546682151,113.92212734316605,深圳市水务局开放平台·积涝点水位
2026-08-20T18:00:00+08:00,Asia/Shanghai,9281292024,(市)深圳湾东滨路与中心路交叉口,0.0,0.0,12,12,good,22.51106546682151,113.92212734316605,深圳市水务局开放平台·积涝点水位
2026-08-20T18:00:00+08:00,Asia/Shanghai,MS1104403030000228,(市)红岗公园,0.0,0.0,2,2,good,,,深圳市水务局开放平台·积涝点水位
2026-08-20T18:00:00+08:00,Asia/Shanghai,MS1104403030000232,(市)沿河南路文锦路社区,0.0,0.0,13,13,good,22.550252268776845,114.11444108979862,深圳市水务局开放平台·积涝点水位
2026-08-20T18:00:00+08:00,Asia/Shanghai,MS1104403030000247,(市)深南东路黄贝岭,0.0,0.0,13,13,good,22.54661746874732,114.11811396992493,深圳市水务局开放平台·积涝点水位
2026-08-20T18:00:00+08:00,Asia/Shanghai,MS1104403030000251,(市)滨河上步立交桥,0.0,0.0,2,2,good,,,深圳市水务局开放平台·积涝点水位
2026-08-20T18:00:00+08:00,Asia/Shanghai,MS1104403030000266,(市)罗湖火车站,0.0,0.0,13,13,good,,,深圳市水务局开放平台·积涝点水位
2026-08-20T18:00:00+08:00,Asia/Shanghai,MS1104403030000270,(市)罗湖区委,0.0,0.0,2,2,good,,,深圳市水务局开放平台·积涝点水位
2026-08-20T18:00:00+08:00,Asia/Shanghai,MS1104403030000285,(市)万象城,0.0,0.0,12,12,good,,,深圳市水务局开放平台·积涝点水位
2026-08-20T18:00:00+08:00,Asia/Shanghai,MS110440303000029X,(市)洪湖地铁站D出入口,0.0,0.0,2,2,good,,,深圳市水务局开放平台·积涝点水位
2026-08-20T18:00:00+08:00,Asia/Shanghai,MS1104403030000304,(市)东湖路,0.0,0.0,5,5,good,22.582822583699635,114.1345991945055,深圳市水务局开放平台·积涝点水位
2026-08-20T18:00:00+08:00,Asia/Shanghai,MS1104403030000319,(市)桂园片区,0.0,0.0,13,13,good,,,深圳市水务局开放平台·积涝点水位
2026-08-20T18:00:00+08:00,Asia/Shanghai,MS1104403030000323,(市)晒布路与东门中路交汇处,0.01,0.01,60,60,good,22.551568716163253,114.1183832504732,深圳市水务局开放平台·积涝点水位
2026-08-20T18:00:00+08:00,Asia/Shanghai,MS1104403030000338,(市)东湖公园爱国路与太宁路路口,0.0,0.0,13,13,good,22.563633808974675,114.13329390192719,深圳市水务局开放平台·积涝点水位
2026-08-20T18:00:00+08:00,Asia/Shanghai,MS1104403030000342,(市)文锦渡口岸,0.0,0.0,2,2,good,,,深圳市水务局开放平台·积涝点水位
2026-08-20T18:00:00+08:00,Asia/Shanghai,MS1104403040000543,(市)香梅莲花路口,0.0,0.0,2,2,good,22.559401296538805,114.04793087126708,深圳市水务局开放平台·积涝点水位
2026-08-20T18:00:00+08:00,Asia/Shanghai,MS1104403040000558,(市)信托花园,0.0,0.0,16,16,good,,,深圳市水务局开放平台·积涝点水位
2026-08-20T18:00:00+08:00,Asia/Shanghai,MS1104403040000562,(市)上步红荔路口,0.0,0.0,2,2,good,22.550171284097686,114.05891535550717,深圳市水务局开放平台·积涝点水位
2026-08-20T18:00:00+08:00,Asia/Shanghai,MS1104403040000577,(市)深南皇岗立交桥与皇岗路交汇处,0.0,0.0,13,13,good,22.552167188223326,114.06774281249497,深圳市水务局开放平台·积涝点水位
2026-08-20T18:00:00+08:00,Asia/Shanghai,MS1104403040000581,(市)北环大道与梅林路交汇处,0.0,0.0,2,2,good,22.55966775704351,113.99344633894496,深圳市水务局开放平台·积涝点水位
2026-08-20T18:00:00+08:00,Asia/Shanghai,MS1104403040000596,(市)侨香路香梅社区,0.0,0.0,2,2,good,22.55158384619422,114.00624803762132,深圳市水务局开放平台·积涝点水位
2026-08-20T18:00:00+08:00,Asia/Shanghai,MS1104403040000600,(市)侨香路香安社区,0.0,0.0,2,2,good,22.55158384619422,114.00624803762132,深圳市水务局开放平台·积涝点水位
2026-08-20T18:00:00+08:00,Asia/Shanghai,MS1104403040000615,(市)市民中心,0.0,0.0,2,2,good,,,深圳市水务局开放平台·积涝点水位
2026-08-20T18:00:00+08:00,Asia/Shanghai,MS110440304000062X,(市)民田路深圳证券交易所,0.0,0.0,12,12,good,22.53903429826115,114.04781278730138,深圳市水务局开放平台·积涝点水位
2026-08-20T18:00:00+08:00,Asia/Shanghai,MS1104403040000634,(市)燃气集团股份有限公司梅林 LNG安全应急气化站,0.0,0.0,12,12,good,,,深圳市水务局开放平台·积涝点水位
2026-08-20T18:00:00+08:00,Asia/Shanghai,MS1104403040000649,(市)深南大道车公庙交通枢纽段,0.0,0.0,13,13,good,22.5420797706313,113.9753640727562,深圳市水务局开放平台·积涝点水位
2026-08-20T18:00:00+08:00,Asia/Shanghai,MS1104403050000118,(市)月亮湾大道与前湾三路交叉口,0.0,0.0,2,2,good,22.511993391395155,113.8903078293519,深圳市水务局开放平台·积涝点水位
2026-08-20T18:00:00+08:00,Asia/Shanghai,MS1104403050000122,(市)南山大道深意工业大厦段,0.01,0.01,61,61,good,22.540721694789013,113.9181638130031,深圳市水务局开放平台·积涝点水位
2026-08-20T18:00:00+08:00,Asia/Shanghai,MS1104403050000137,(市)南山大道与登良路交叉口,0.0,0.0,2,2,good,22.540721694789013,113.9181638130031,深圳市水务局开放平台·积涝点水位
2026-08-20T18:00:00+08:00,Asia/Shanghai,MS1104403050000141,(市)南新路北头豪苑,0.0,0.0,2,2,good,22.535707366852186,113.92452459612443,深圳市水务局开放平台·积涝点水位
2026-08-20T18:00:00+08:00,Asia/Shanghai,MS1104403050000156,(市)滨海大道与南山大道交叉口,0.0128,0.02,18,18,good,22.579823080041088,114.10123773351275,深圳市水务局开放平台·积涝点水位
2026-08-20T18:00:00+08:00,Asia/Shanghai,MS1104403050000160,(市)桃园路与南新路交叉口,0.0,0.0,2,2,good,22.535395972003414,113.91852837514443,深圳市水务局开放平台·积涝点水位
2026-08-20T18:00:00+08:00,Asia/Shanghai,MS1104403050000175,(市)后海大道与登良路交叉口,0.0,0.0,13,13,good,22.51179221810604,113.92884393579894,深圳市水务局开放平台·积涝点水位
2026-08-20T18:00:00+08:00,Asia/Shanghai,MS110440305000018X,(市)后海大道港湾创业大厦,0.0,0.0,12,12,good,22.51179221810604,113.92884393579894,深圳市水务局开放平台·积涝点水位
2026-08-20T18:00:00+08:00,Asia/Shanghai,MS1104403050000194,(市)深南大道高新园地铁 AD 口,0.0,0.0,13,13,good,22.5420797706313,113.9753640727562,深圳市水务局开放平台·积涝点水位
2026-08-20T18:00:00+08:00,Asia/Shanghai,MS1104403050000209,(市)深圳湾口岸,0.0,0.0,2,2,good,,,深圳市水务局开放平台·积涝点水位
2026-08-20T18:00:00+08:00,Asia/Shanghai,MS1104403050000213,(市)前湾公园地铁站 A 出入口,0.0,0.0,12,12,good,,,深圳市水务局开放平台·积涝点水位
2026-08-20T18:00:00+08:00,Asia/Shanghai,MS1104403050000228,(市)粤海门地铁站 D2 出入口,0.0,0.0,13,13,good,,,深圳市水务局开放平台·积涝点水位
2026-08-20T18:00:00+08:00,Asia/Shanghai,MS1104403050000232,(市)桂庙路地下道路,0.0,0.0,13,13,good,22.52643977555155,113.91686609460196,深圳市水务局开放平台·积涝点水位
2026-08-20T18:00:00+08:00,Asia/Shanghai,MS1104403050000247,(市)国家超级计算深圳中心,0.0,0.0,22,22,good,,,深圳市水务局开放平台·积涝点水位
2026-08-20T18:00:00+08:00,Asia/Shanghai,MS110440306000029X,(市)辛养旧村辛居路,0.0,0.0,2,2,good,,,深圳市水务局开放平台·积涝点水位
2026-08-20T18:00:00+08:00,Asia/Shanghai,MS1104403060000304,(市)山门第三工业区,0.0,0.0,2,2,good,,,深圳市水务局开放平台·积涝点水位
2026-08-20T18:00:00+08:00,Asia/Shanghai,MS1104403060000319,(市)前进一路上川路口,0.0,0.0,13,13,good,22.57118007860348,113.90008995469552,深圳市水务局开放平台·积涝点水位
2026-08-20T18:00:00+08:00,Asia/Shanghai,MS1104403060000323,(市)洪浪北地铁站,0.0,0.0,13,13,good,,,深圳市水务局开放平台·积涝点水位
2026-08-20T18:00:00+08:00,Asia/Shanghai,MS1104403060000338,(市)东风幼儿园,0.0,0.0,2,2,good,,,深圳市水务局开放平台·积涝点水位
2026-08-20T18:00:00+08:00,Asia/Shanghai,MS1104403060000342,(市)海乐41区,0.0,0.0,2,2,good,,,深圳市水务局开放平台·积涝点水位
2026-08-20T18:00:00+08:00,Asia/Shanghai,MS1104403060000357,(市)前进二路,0.0,0.0,2,2,good,22.597482662679273,113.87435005513986,深圳市水务局开放平台·积涝点水位
2026-08-20T18:00:00+08:00,Asia/Shanghai,MS1104403060000361,(市)园岭商场,0.0,0.0,13,13,good,,,深圳市水务局开放平台·积涝点水位
2026-08-20T18:00:00+08:00,Asia/Shanghai,MS1104403060000376,(市)新圳西路万佳商场段,0.0114,0.04,7,7,good,22.56349644,113.89998969999999,深圳市水务局开放平台·积涝点水位
2026-08-20T18:00:00+08:00,Asia/Shanghai,MS1104403060000380,(市)北环路与爱群路路口,0.0,0.0,13,13,good,22.79634568700108,114.39897783430258,深圳市水务局开放平台·积涝点水位
2026-08-20T18:00:00+08:00,Asia/Shanghai,MS1104403060000395,(市)宝安区幸福路与恒珠一路,0.0,0.0,2,2,good,,,深圳市水务局开放平台·积涝点水位
2026-08-20T18:00:00+08:00,Asia/Shanghai,MS110440306000040X,(市)宝安区勋业街,0.0,0.0,2,2,good,,,深圳市水务局开放平台·积涝点水位
2026-08-20T18:00:00+08:00,Asia/Shanghai,MS1104403060000414,(市)宝安区福和路西六巷,0.0,0.0,11,11,good,22.75496986065163,113.7975587837876,深圳市水务局开放平台·积涝点水位
2026-08-20T18:00:00+08:00,Asia/Shanghai,MS1104403060000429,(市)民福路与创新路交叉口,0.01,0.01,62,62,good,22.77931941488889,113.82386091368804,深圳市水务局开放平台·积涝点水位
2026-08-20T18:00:00+08:00,Asia/Shanghai,MS1104403060000433,(市)金沙二路与民福路交叉口,0.0,0.0,2,2,good,22.731531574999998,113.800096525,深圳市水务局开放平台·积涝点水位
2026-08-20T18:00:00+08:00,Asia/Shanghai,MS1104403060000448,(市)宝安区沙井西环路正科时代,0.0,0.0,2,2,good,22.658437552805964,113.96411546099013,深圳市水务局开放平台·积涝点水位
2026-08-20T18:00:00+08:00,Asia/Shanghai,MS1104403060000452,(市)宝源路固戍海滨公园,0.0,0.0,13,13,good,22.58668431255461,113.84584894450396,深圳市水务局开放平台·积涝点水位
2026-08-20T18:00:00+08:00,Asia/Shanghai,MS1104403060000467,(市)海雅缤纷城,0.01,0.01,62,62,good,,,深圳市水务局开放平台·积涝点水位
2026-08-20T18:00:00+08:00,Asia/Shanghai,MS1104403060000471,(市)万达广场,0.0,0.0,1,1,good,,,深圳市水务局开放平台·积涝点水位
2026-08-20T18:00:00+08:00,Asia/Shanghai,MS1104403060000486,(市)固戍地铁站 A/F 出入口,0.0,0.0,12,12,good,,,深圳市水务局开放平台·积涝点水位
2026-08-20T18:00:00+08:00,Asia/Shanghai,MS1104403060000490,(市)碧海湾地铁站 B 出入口,0.0,0.0,13,13,good,,,深圳市水务局开放平台·积涝点水位
2026-08-20T18:00:00+08:00,Asia/Shanghai,MS1104403060000505,(市)海天路地下隧道,0.0,0.0,13,13,good,22.549962987088094,113.87889692546018,深圳市水务局开放平台·积涝点水位
2026-08-20T18:00:00+08:00,Asia/Shanghai,MS1104403070000175,(市)龙平西路新秀社区公园,0.0,0.0,2,2,good,22.731009781031894,114.22605984524496,深圳市水务局开放平台·积涝点水位
2026-08-20T18:00:00+08:00,Asia/Shanghai,MS110440307000018X,(市)如意路广发银行奥林支行,0.0,0.0,12,12,good,22.697841456213258,114.19931100734046,深圳市水务局开放平台·积涝点水位
2026-08-20T18:00:00+08:00,Asia/Shanghai,MS1104403070000194,(市)龙翔大道与龙城大道交汇处,0.0,0.0,12,12,good,22.708452173199664,114.22855732448205,深圳市水务局开放平台·积涝点水位
2026-08-20T18:00:00+08:00,Asia/Shanghai,MS1104403070000209,(市)龙城大道与龙平东路交汇处,0.0,0.0,13,13,good,22.734070392016967,114.26268655089929,深圳市水务局开放平台·积涝点水位
2026-08-20T18:00:00+08:00,Asia/Shanghai,MS1104403070000213,(市)龙西中路与盐龙大道交汇处,0.0,0.0,12,12,good,22.75103177856142,114.25588661241065,深圳市水务局开放平台·积涝点水位
2026-08-20T18:00:00+08:00,Asia/Shanghai,MS1104403070000228,(市)爱南路与深汕公路交汇处,0.0,0.0,13,13,good,22.709133830928806,114.31382413715897,深圳市水务局开放平台·积涝点水位
2026-08-20T18:00:00+08:00,Asia/Shanghai,MS1104403070000232,(市)园新路与乐园路交汇处,0.0,0.0,13,13,good,22.714932425,114.3001758,深圳市水务局开放平台·积涝点水位
2026-08-20T18:00:00+08:00,Asia/Shanghai,MS1104403070000247,(市)长深高速四方埔社区,0.0,0.0,2,2,good,22.785453209312927,114.3238491191703,深圳市水务局开放平台·积涝点水位
2026-08-20T18:00:00+08:00,Asia/Shanghai,MS1104403070000251,(市)龙岗区政府,0.0,0.0,13,13,good,,,深圳市水务局开放平台·积涝点水位
2026-08-20T18:00:00+08:00,Asia/Shanghai,MS1104403070000266,(市)五和地铁站H出入口,0.0,0.0,13,13,good,,,深圳市水务局开放平台·积涝点水位
2026-08-20T18:00:00+08:00,Asia/Shanghai,MS1104403070000270,(市)长龙地铁站C2出入口,0.0,0.0,2,2,good,,,深圳市水务局开放平台·积涝点水位
2026-08-20T18:00:00+08:00,Asia/Shanghai,MS1104403070000285,(市)育贤学校、童星幼儿园,0.0,0.0,15,15,good,,,深圳市水务局开放平台·积涝点水位
2026-08-20T18:00:00+08:00,Asia/Shanghai,MS110440307000029X,(市)深圳远东妇产医院,0.0,0.0,15,15,good,,,深圳市水务局开放平台·积涝点水位
2026-08-20T18:00:00+08:00,Asia/Shanghai,MS1104403070000304,(市)英才学校,0.0,0.0,13,13,good,,,深圳市水务局开放平台·积涝点水位
2026-08-20T18:00:00+08:00,Asia/Shanghai,MS1104403070000319,(市)吉榕路桥洞,0.0,0.0,12,12,good,,,深圳市水务局开放平台·积涝点水位
2026-08-20T18:00:00+08:00,Asia/Shanghai,MS1104403070000323,(市)京南路,0.0,0.0,2,2,good,22.602818284523806,114.12130894517196,深圳市水务局开放平台·积涝点水位
2026-08-20T18:00:00+08:00,Asia/Shanghai,MS1104403070000338,(市)布澜路国芬路口,0.0,0.0,2,2,good,22.635311170786817,114.12784150313183,深圳市水务局开放平台·积涝点水位
2026-08-20T18:00:00+08:00,Asia/Shanghai,MS1104403070000342,(市)布吉站（深圳东站）,0.0,0.0,2,2,good,,,深圳市水务局开放平台·积涝点水位
2026-08-20T18:00:00+08:00,Asia/Shanghai,MS1104403080000012,(市)金融路海涛路口片区,0.0,0.0,13,13,good,22.553642038690473,114.22939035281746,深圳市水务局开放平台·积涝点水位
2026-08-20T18:00:00+08:00,Asia/Shanghai,MS1104403080000027,(市)沙头角口岸小区,0.0,0.0,13,13,good,,,深圳市水务局开放平台·积涝点水位
2026-08-20T18:00:00+08:00,Asia/Shanghai,MS1104403080000031,(市)桥东街小区,0.0,0.0,12,12,good,,,深圳市水务局开放平台·积涝点水位
2026-08-20T18:00:00+08:00,Asia/Shanghai,MS1104403090000065,(市)泗黎路凹背社区富坑社区,0.0,0.0,2,2,good,22.753687171367037,114.03385655648283,深圳市水务局开放平台·积涝点水位
2026-08-20T18:00:00+08:00,Asia/Shanghai,MS110440309000007X,(市)银星科技园,0.0,0.0,2,2,good,,,深圳市水务局开放平台·积涝点水位
2026-08-20T18:00:00+08:00,Asia/Shanghai,MS1104403090000084,(市)观光路与福前路交汇处,0.0,0.0,2,2,good,22.733179257314486,114.01274963079653,深圳市水务局开放平台·积涝点水位
2026-08-20T18:00:00+08:00,Asia/Shanghai,MS1104403090000099,(市)三联社区,0.0,0.0,13,13,good,,,深圳市水务局开放平台·积涝点水位
2026-08-20T18:00:00+08:00,Asia/Shanghai,MS1104403090000103,(市)布龙路与五和大道交汇处,0.0,0.0,13,13,good,22.646750702555874,114.02665721385576,深圳市水务局开放平台·积涝点水位
2026-08-20T18:00:00+08:00,Asia/Shanghai,MS1104403090000118,(市)新区大道深圳北站,0.0,0.0,13,13,good,22.624351465560785,114.01682556681699,深圳市水务局开放平台·积涝点水位
2026-08-20T18:00:00+08:00,Asia/Shanghai,MS1104403090000122,(市)龙华壹方成,0.0,0.0,13,13,good,,,深圳市水务局开放平台·积涝点水位
2026-08-20T18:00:00+08:00,Asia/Shanghai,MS1104403090000137,(市)昌茂二路,0.0,0.0,13,13,good,,,深圳市水务局开放平台·积涝点水位
2026-08-20T18:00:00+08:00,Asia/Shanghai,MS1104403090000141,(市)大浪新围街大船坑市场段,0.0,0.0,13,13,good,22.692058934615382,113.9964102346154,深圳市水务局开放平台·积涝点水位
2026-08-20T18:00:00+08:00,Asia/Shanghai,MS1104403100000028,(市)坪山法院门口,0.0,0.0,2,2,good,,,深圳市水务局开放平台·积涝点水位
2026-08-20T18:00:00+08:00,Asia/Shanghai,MS1104403100000032,(市)秀沙路比亚迪厂门前,0.0,0.0,13,13,good,22.767995359829058,114.39900074224022,深圳市水务局开放平台·积涝点水位
2026-08-20T18:00:00+08:00,Asia/Shanghai,MS1104403100000047,(市)群代路金泰航科技,0.0112,0.02,67,67,good,,,深圳市水务局开放平台·积涝点水位
2026-08-20T18:00:00+08:00,Asia/Shanghai,MS1104403100000051,(市)三洋湖路三洋湖新区小区,0.0,0.0,13,13,good,,,深圳市水务局开放平台·积涝点水位
2026-08-20T18:00:00+08:00,Asia/Shanghai,MS1104403100000066,(市)文化中心地铁站,0.0,0.0,13,13,good,,,深圳市水务局开放平台·积涝点水位
2026-08-20T18:00:00+08:00,Asia/Shanghai,MS1104403110000597,(市)东长路外环高速长圳入口,0.0,0.0,11,11,good,22.747509018088216,113.91221411091422,深圳市水务局开放平台·积涝点水位
2026-08-20T18:00:00+08:00,Asia/Shanghai,MS1104403110000601,(市)光侨雅苑,0.0,0.0,2,2,good,,,深圳市水务局开放平台·积涝点水位
2026-08-20T18:00:00+08:00,Asia/Shanghai,MS1104403110000616,(市)同观路与汇融路交叉口,0.0,0.0,2,2,good,22.734039598507852,113.91441943299901,深圳市水务局开放平台·积涝点水位
2026-08-20T18:00:00+08:00,Asia/Shanghai,MS1104403110000620,(市)松白路松茂御城段,0.0,0.0,2,2,good,22.731110627923336,113.894856941127,深圳市水务局开放平台·积涝点水位
2026-08-20T18:00:00+08:00,Asia/Shanghai,MS1104403110000635,(市)公常路与环村路交叉口,0.0,0.0,13,13,good,22.826648407959507,113.95688701032125,深圳市水务局开放平台·积涝点水位
2026-08-20T18:00:00+08:00,Asia/Shanghai,MS110440311000064X,(市)光明区高级中学,0.0,0.0,2,2,good,,,深圳市水务局开放平台·积涝点水位
2026-08-20T18:00:00+08:00,Asia/Shanghai,MS1104403120000032,(市)大鹏液化天然气有限公司深圳接收站,0.0,0.0,13,13,good,,,深圳市水务局开放平台·积涝点水位
2026-08-20T19:00:00+08:00,Asia/Shanghai,9281192001,(市)平湖火车隧道口,0.0,0.0,13,13,good,,,深圳市水务局开放平台·积涝点水位
2026-08-20T19:00:00+08:00,Asia/Shanghai,9281192002,(市)新木路广深铁路桥底,0.0,0.0,13,13,good,22.6674177472887,114.13210195018992,深圳市水务局开放平台·积涝点水位
2026-08-20T19:00:00+08:00,Asia/Shanghai,9281192003,(市)新木路新围仔村路口,0.0,0.0,13,13,good,22.6674177472887,114.13210195018992,深圳市水务局开放平台·积涝点水位
2026-08-20T19:00:00+08:00,Asia/Shanghai,9281192004,(市)布李路富民城段,0.0,0.0,13,13,good,22.618912574166664,114.11654044833332,深圳市水务局开放平台·积涝点水位
2026-08-20T19:00:00+08:00,Asia/Shanghai,9281192005,(市)龙博路,0.01,0.01,60,60,good,22.62797037826087,114.10927237391306,深圳市水务局开放平台·积涝点水位
2026-08-20T19:00:00+08:00,Asia/Shanghai,9281192006,(市)五和大道四季花城,0.01,0.01,62,62,good,22.65976725256875,114.05975735653944,深圳市水务局开放平台·积涝点水位
2026-08-20T19:00:00+08:00,Asia/Shanghai,9281192007,(市)沙西小学至南岭万家乐段,0.0129,0.03,7,7,good,,,深圳市水务局开放平台·积涝点水位
2026-08-20T19:00:00+08:00,Asia/Shanghai,9281192008,(市)南联第六工业区桥洞,0.0034,0.01,29,29,good,,,深圳市水务局开放平台·积涝点水位
2026-08-20T19:00:00+08:00,Asia/Shanghai,9281192009,(市)新坡塘村新坡塘积水点,0.0,0.0,13,13,good,,,深圳市水务局开放平台·积涝点水位
2026-08-20T19:00:00+08:00,Asia/Shanghai,9281192010,(市)安良六村安业路与安居路交汇处,0.0,0.0,13,13,good,,,深圳市水务局开放平台·积涝点水位
2026-08-20T19:00:00+08:00,Asia/Shanghai,9281192011,(市)松元头,0.01,0.01,63,63,good,,,深圳市水务局开放平台·积涝点水位
2026-08-20T19:00:00+08:00,Asia/Shanghai,9281192012,(市)湖南立交,0.0,0.0,13,13,good,,,深圳市水务局开放平台·积涝点水位
2026-08-20T19:00:00+08:00,Asia/Shanghai,9281192013,(市)高背路惠盐高速桥洞积水点,0.0,0.0,13,13,good,,,深圳市水务局开放平台·积涝点水位
2026-08-20T19:00:00+08:00,Asia/Shanghai,9281192014,(市)鹤坑桥洞,0.0,0.0,13,13,good,,,深圳市水务局开放平台·积涝点水位
2026-08-20T19:00:00+08:00,Asia/Shanghai,9281192015,(市)安良社区沿河一路疏港铁路桥洞,0.01,0.01,61,61,good,22.73162335,114.107919,深圳市水务局开放平台·积涝点水位
2026-08-20T19:00:00+08:00,Asia/Shanghai,9281192016,(市)宝荷路中新加油站对面,0.0,0.0,13,13,good,22.694796752516076,114.25970116268519,深圳市水务局开放平台·积涝点水位
2026-08-20T19:00:00+08:00,Asia/Shanghai,9281192017,(市)环观南路与观平路交汇处,0.0,0.0,13,13,good,22.705673908780923,114.07279441765539,深圳市水务局开放平台·积涝点水位
2026-08-20T19:00:00+08:00,Asia/Shanghai,9281192018,(市)龙华大道库坑天桥段,0.0,0.0,13,13,good,22.669745856798677,114.03752701836405,深圳市水务局开放平台·积涝点水位
2026-08-20T19:00:00+08:00,Asia/Shanghai,9281192019,(市)福龙路高铁桥下简上段,0.0,0.0,13,13,good,22.61964472178257,114.00080097044238,深圳市水务局开放平台·积涝点水位
2026-08-20T19:00:00+08:00,Asia/Shanghai,9281192020,(市)工业路壹成中心段,0.01,0.01,64,64,good,22.648754971805,114.02570221318598,深圳市水务局开放平台·积涝点水位
2026-08-20T19:00:00+08:00,Asia/Shanghai,9281192021,(市)东环一路和平路交汇处,0.0,0.0,13,13,good,22.65040479515617,114.03284713758192,深圳市水务局开放平台·积涝点水位
2026-08-20T19:00:00+08:00,Asia/Shanghai,9281192022,(市)龙田社区大水湾,0.0,0.0,13,13,good,,,深圳市水务局开放平台·积涝点水位
2026-08-20T19:00:00+08:00,Asia/Shanghai,9281292001,(市)滨河皇岗立交桥洞,0.0,0.0,13,13,good,,,深圳市水务局开放平台·积涝点水位
2026-08-20T19:00:00+08:00,Asia/Shanghai,9281292002,(市)广深高速桥下滨海大道北侧辅道,0.01,0.01,62,62,good,22.579823080041088,114.10123773351275,深圳市水务局开放平台·积涝点水位
2026-08-20T19:00:00+08:00,Asia/Shanghai,9281292003,(市)福田区竹子林立交下穿通道,0.0,0.0,13,13,good,,,深圳市水务局开放平台·积涝点水位
2026-08-20T19:00:00+08:00,Asia/Shanghai,9281292004,(市)滨河益田立交桥洞,0.0,0.0,12,12,good,,,深圳市水务局开放平台·积涝点水位
2026-08-20T19:00:00+08:00,Asia/Shanghai,9281292005,(市)深南新洲一号立交桥洞,0.0,0.0,13,13,good,,,深圳市水务局开放平台·积涝点水位
2026-08-20T19:00:00+08:00,Asia/Shanghai,9281292006,(市)北环新洲立交东南角辅道,0.0,0.0,13,13,good,,,深圳市水务局开放平台·积涝点水位
2026-08-20T19:00:00+08:00,Asia/Shanghai,9281292007,(市)107国道新安段(裕安加油站),0.0,0.0,13,13,good,22.55254164883845,113.90816500450731,深圳市水务局开放平台·积涝点水位
2026-08-20T19:00:00+08:00,Asia/Shanghai,9281292008,洲石路鹤洲桥底（市）,0.0097,0.01,62,62,good,22.651019027149744,113.88061107664711,深圳市水务局开放平台·积涝点水位
2026-08-20T19:00:00+08:00,Asia/Shanghai,9281292009,(市)帝堂路（锦程路以西段）,0.01,0.01,60,60,good,22.70987723506993,113.7784856087664,深圳市水务局开放平台·积涝点水位
2026-08-20T19:00:00+08:00,Asia/Shanghai,9281292010,(市)上星南路与中心路丽沙花都,0.0,0.0,13,13,good,22.502209013854387,113.93734688972145,深圳市水务局开放平台·积涝点水位
2026-08-20T19:00:00+08:00,Asia/Shanghai,9281292011,(市)外环路广深高速新桥立交,0.0,0.0,24,24,good,22.736379220337216,113.84591188570887,深圳市水务局开放平台·积涝点水位
2026-08-20T19:00:00+08:00,Asia/Shanghai,9281292012,(市)固戍海滨新村文昌阁,0.0,0.0,13,13,good,,,深圳市水务局开放平台·积涝点水位
2026-08-20T19:00:00+08:00,Asia/Shanghai,9281292013,(市)宝安大道固戍地铁站,0.0096,0.01,55,55,good,22.64678387472509,113.8417801892837,深圳市水务局开放平台·积涝点水位
2026-08-20T19:00:00+08:00,Asia/Shanghai,9281292014,(市)G107国道南行固戍大门,0.0085,0.01,54,54,good,22.55254164883845,113.90816500450731,深圳市水务局开放平台·积涝点水位
2026-08-20T19:00:00+08:00,Asia/Shanghai,9281292015,(市)东环大道松宝大道段,0.0,0.0,12,12,good,,,深圳市水务局开放平台·积涝点水位
2026-08-20T19:00:00+08:00,Asia/Shanghai,9281292016,(市)长凤路龙大高速桥底,0.0,0.0,13,13,good,22.775734215738417,113.91156092305157,深圳市水务局开放平台·积涝点水位
2026-08-20T19:00:00+08:00,Asia/Shanghai,9281292017,(市)圳美同富裕工业区,0.0,0.0,12,12,good,,,深圳市水务局开放平台·积涝点水位
2026-08-20T19:00:00+08:00,Asia/Shanghai,9281292018,(市)根玉路东方大道交汇处,0.0,0.0,13,13,good,22.763216165633853,113.85149341983029,深圳市水务局开放平台·积涝点水位
2026-08-20T19:00:00+08:00,Asia/Shanghai,9281292019,(市)上村社区龙大桥底,0.0,0.0,12,12,good,,,深圳市水务局开放平台·积涝点水位
2026-08-20T19:00:00+08:00,Asia/Shanghai,9281292020,(市)马山头社区上石家路通兴路交汇处,0.0,0.0,13,13,good,22.763999933333334,113.8915635138889,深圳市水务局开放平台·积涝点水位
2026-08-20T19:00:00+08:00,Asia/Shanghai,9281292021,(市)临海大道海关保税区,0.0,0.0,13,13,good,22.53399911521491,113.88871009435005,深圳市水务局开放平台·积涝点水位
2026-08-20T19:00:00+08:00,Asia/Shanghai,9281292022,(市)南山大道南行亿利达村段,0.01,0.01,61,61,good,22.540721694789013,113.9181638130031,深圳市水务局开放平台·积涝点水位
2026-08-20T19:00:00+08:00,Asia/Shanghai,9281292023,(市)东滨路南行华联城市山林花园段,0.0,0.0,13,13,good,22.51106546682151,113.92212734316605,深圳市水务局开放平台·积涝点水位
2026-08-20T19:00:00+08:00,Asia/Shanghai,9281292024,(市)深圳湾东滨路与中心路交叉口,0.0,0.0,11,11,good,22.51106546682151,113.92212734316605,深圳市水务局开放平台·积涝点水位
2026-08-20T19:00:00+08:00,Asia/Shanghai,MS1104403030000228,(市)红岗公园,0.0,0.0,2,2,good,,,深圳市水务局开放平台·积涝点水位
2026-08-20T19:00:00+08:00,Asia/Shanghai,MS1104403030000232,(市)沿河南路文锦路社区,0.0,0.0,14,14,good,22.550252268776845,114.11444108979862,深圳市水务局开放平台·积涝点水位
2026-08-20T19:00:00+08:00,Asia/Shanghai,MS1104403030000247,(市)深南东路黄贝岭,0.0,0.0,13,13,good,22.54661746874732,114.11811396992493,深圳市水务局开放平台·积涝点水位
2026-08-20T19:00:00+08:00,Asia/Shanghai,MS1104403030000251,(市)滨河上步立交桥,0.0,0.0,2,2,good,,,深圳市水务局开放平台·积涝点水位
2026-08-20T19:00:00+08:00,Asia/Shanghai,MS1104403030000266,(市)罗湖火车站,0.0,0.0,13,13,good,,,深圳市水务局开放平台·积涝点水位
2026-08-20T19:00:00+08:00,Asia/Shanghai,MS1104403030000270,(市)罗湖区委,0.0,0.0,2,2,good,,,深圳市水务局开放平台·积涝点水位
2026-08-20T19:00:00+08:00,Asia/Shanghai,MS1104403030000285,(市)万象城,0.0,0.0,13,13,good,,,深圳市水务局开放平台·积涝点水位
2026-08-20T19:00:00+08:00,Asia/Shanghai,MS110440303000029X,(市)洪湖地铁站D出入口,0.0,0.0,2,2,good,,,深圳市水务局开放平台·积涝点水位
2026-08-20T19:00:00+08:00,Asia/Shanghai,MS1104403030000304,(市)东湖路,0.0,0.0,5,5,good,22.582822583699635,114.1345991945055,深圳市水务局开放平台·积涝点水位
2026-08-20T19:00:00+08:00,Asia/Shanghai,MS1104403030000319,(市)桂园片区,0.0,0.0,12,12,good,,,深圳市水务局开放平台·积涝点水位
2026-08-20T19:00:00+08:00,Asia/Shanghai,MS1104403030000323,(市)晒布路与东门中路交汇处,0.0086,0.01,35,35,good,22.551568716163253,114.1183832504732,深圳市水务局开放平台·积涝点水位
2026-08-20T19:00:00+08:00,Asia/Shanghai,MS1104403030000338,(市)东湖公园爱国路与太宁路路口,0.0,0.0,13,13,good,22.563633808974675,114.13329390192719,深圳市水务局开放平台·积涝点水位
2026-08-20T19:00:00+08:00,Asia/Shanghai,MS1104403030000342,(市)文锦渡口岸,0.0,0.0,2,2,good,,,深圳市水务局开放平台·积涝点水位
2026-08-20T19:00:00+08:00,Asia/Shanghai,MS1104403040000543,(市)香梅莲花路口,0.0,0.0,2,2,good,22.559401296538805,114.04793087126708,深圳市水务局开放平台·积涝点水位
2026-08-20T19:00:00+08:00,Asia/Shanghai,MS1104403040000558,(市)信托花园,0.0,0.0,13,13,good,,,深圳市水务局开放平台·积涝点水位
2026-08-20T19:00:00+08:00,Asia/Shanghai,MS1104403040000562,(市)上步红荔路口,0.0,0.0,2,2,good,22.550171284097686,114.05891535550717,深圳市水务局开放平台·积涝点水位
2026-08-20T19:00:00+08:00,Asia/Shanghai,MS1104403040000577,(市)深南皇岗立交桥与皇岗路交汇处,0.0,0.0,13,13,good,22.552167188223326,114.06774281249497,深圳市水务局开放平台·积涝点水位
2026-08-20T19:00:00+08:00,Asia/Shanghai,MS1104403040000581,(市)北环大道与梅林路交汇处,0.0,0.0,2,2,good,22.55966775704351,113.99344633894496,深圳市水务局开放平台·积涝点水位
2026-08-20T19:00:00+08:00,Asia/Shanghai,MS1104403040000596,(市)侨香路香梅社区,0.0,0.0,2,2,good,22.55158384619422,114.00624803762132,深圳市水务局开放平台·积涝点水位
2026-08-20T19:00:00+08:00,Asia/Shanghai,MS1104403040000600,(市)侨香路香安社区,0.0,0.0,2,2,good,22.55158384619422,114.00624803762132,深圳市水务局开放平台·积涝点水位
2026-08-20T19:00:00+08:00,Asia/Shanghai,MS1104403040000615,(市)市民中心,0.0,0.0,2,2,good,,,深圳市水务局开放平台·积涝点水位
2026-08-20T19:00:00+08:00,Asia/Shanghai,MS110440304000062X,(市)民田路深圳证券交易所,0.0,0.0,13,13,good,22.53903429826115,114.04781278730138,深圳市水务局开放平台·积涝点水位
2026-08-20T19:00:00+08:00,Asia/Shanghai,MS1104403040000634,(市)燃气集团股份有限公司梅林 LNG安全应急气化站,0.0,0.0,13,13,good,,,深圳市水务局开放平台·积涝点水位
2026-08-20T19:00:00+08:00,Asia/Shanghai,MS1104403040000649,(市)深南大道车公庙交通枢纽段,0.0,0.0,13,13,good,22.5420797706313,113.9753640727562,深圳市水务局开放平台·积涝点水位
2026-08-20T19:00:00+08:00,Asia/Shanghai,MS1104403050000118,(市)月亮湾大道与前湾三路交叉口,0.0,0.0,2,2,good,22.511993391395155,113.8903078293519,深圳市水务局开放平台·积涝点水位
2026-08-20T19:00:00+08:00,Asia/Shanghai,MS1104403050000122,(市)南山大道深意工业大厦段,0.01,0.01,66,66,good,22.540721694789013,113.9181638130031,深圳市水务局开放平台·积涝点水位
2026-08-20T19:00:00+08:00,Asia/Shanghai,MS1104403050000137,(市)南山大道与登良路交叉口,0.0,0.0,2,2,good,22.540721694789013,113.9181638130031,深圳市水务局开放平台·积涝点水位
2026-08-20T19:00:00+08:00,Asia/Shanghai,MS1104403050000141,(市)南新路北头豪苑,0.0,0.0,2,2,good,22.535707366852186,113.92452459612443,深圳市水务局开放平台·积涝点水位
2026-08-20T19:00:00+08:00,Asia/Shanghai,MS1104403050000156,(市)滨海大道与南山大道交叉口,0.0091,0.01,43,43,good,22.579823080041088,114.10123773351275,深圳市水务局开放平台·积涝点水位
2026-08-20T19:00:00+08:00,Asia/Shanghai,MS1104403050000160,(市)桃园路与南新路交叉口,0.0,0.0,2,2,good,22.535395972003414,113.91852837514443,深圳市水务局开放平台·积涝点水位
2026-08-20T19:00:00+08:00,Asia/Shanghai,MS1104403050000175,(市)后海大道与登良路交叉口,0.0,0.0,18,18,good,22.51179221810604,113.92884393579894,深圳市水务局开放平台·积涝点水位
2026-08-20T19:00:00+08:00,Asia/Shanghai,MS110440305000018X,(市)后海大道港湾创业大厦,0.0,0.0,13,13,good,22.51179221810604,113.92884393579894,深圳市水务局开放平台·积涝点水位
2026-08-20T19:00:00+08:00,Asia/Shanghai,MS1104403050000194,(市)深南大道高新园地铁 AD 口,0.0,0.0,13,13,good,22.5420797706313,113.9753640727562,深圳市水务局开放平台·积涝点水位
2026-08-20T19:00:00+08:00,Asia/Shanghai,MS1104403050000209,(市)深圳湾口岸,0.0,0.0,2,2,good,,,深圳市水务局开放平台·积涝点水位
2026-08-20T19:00:00+08:00,Asia/Shanghai,MS1104403050000213,(市)前湾公园地铁站 A 出入口,0.0,0.0,13,13,good,,,深圳市水务局开放平台·积涝点水位
2026-08-20T19:00:00+08:00,Asia/Shanghai,MS1104403050000228,(市)粤海门地铁站 D2 出入口,0.0,0.0,11,11,good,,,深圳市水务局开放平台·积涝点水位
2026-08-20T19:00:00+08:00,Asia/Shanghai,MS1104403050000232,(市)桂庙路地下道路,0.0,0.0,13,13,good,22.52643977555155,113.91686609460196,深圳市水务局开放平台·积涝点水位
2026-08-20T19:00:00+08:00,Asia/Shanghai,MS1104403050000247,(市)国家超级计算深圳中心,0.0,0.0,15,15,good,,,深圳市水务局开放平台·积涝点水位
2026-08-20T19:00:00+08:00,Asia/Shanghai,MS110440306000029X,(市)辛养旧村辛居路,0.0,0.0,2,2,good,,,深圳市水务局开放平台·积涝点水位
2026-08-20T19:00:00+08:00,Asia/Shanghai,MS1104403060000304,(市)山门第三工业区,0.0,0.0,2,2,good,,,深圳市水务局开放平台·积涝点水位
2026-08-20T19:00:00+08:00,Asia/Shanghai,MS1104403060000319,(市)前进一路上川路口,0.0,0.0,13,13,good,22.57118007860348,113.90008995469552,深圳市水务局开放平台·积涝点水位
2026-08-20T19:00:00+08:00,Asia/Shanghai,MS1104403060000323,(市)洪浪北地铁站,0.0,0.0,13,13,good,,,深圳市水务局开放平台·积涝点水位
2026-08-20T19:00:00+08:00,Asia/Shanghai,MS1104403060000338,(市)东风幼儿园,0.0,0.0,2,2,good,,,深圳市水务局开放平台·积涝点水位
2026-08-20T19:00:00+08:00,Asia/Shanghai,MS1104403060000342,(市)海乐41区,0.0,0.0,2,2,good,,,深圳市水务局开放平台·积涝点水位
2026-08-20T19:00:00+08:00,Asia/Shanghai,MS1104403060000357,(市)前进二路,0.0,0.0,2,2,good,22.597482662679273,113.87435005513986,深圳市水务局开放平台·积涝点水位
2026-08-20T19:00:00+08:00,Asia/Shanghai,MS1104403060000361,(市)园岭商场,0.0,0.0,18,18,good,,,深圳市水务局开放平台·积涝点水位
2026-08-20T19:00:00+08:00,Asia/Shanghai,MS1104403060000376,(市)新圳西路万佳商场段,0.0089,0.01,35,35,good,22.56349644,113.89998969999999,深圳市水务局开放平台·积涝点水位
2026-08-20T19:00:00+08:00,Asia/Shanghai,MS1104403060000380,(市)北环路与爱群路路口,0.0,0.0,12,12,good,22.79634568700108,114.39897783430258,深圳市水务局开放平台·积涝点水位
2026-08-20T19:00:00+08:00,Asia/Shanghai,MS1104403060000395,(市)宝安区幸福路与恒珠一路,0.0,0.0,2,2,good,,,深圳市水务局开放平台·积涝点水位
2026-08-20T19:00:00+08:00,Asia/Shanghai,MS110440306000040X,(市)宝安区勋业街,0.0,0.0,2,2,good,,,深圳市水务局开放平台·积涝点水位
2026-08-20T19:00:00+08:00,Asia/Shanghai,MS1104403060000414,(市)宝安区福和路西六巷,0.0,0.0,13,13,good,22.75496986065163,113.7975587837876,深圳市水务局开放平台·积涝点水位
2026-08-20T19:00:00+08:00,Asia/Shanghai,MS1104403060000429,(市)民福路与创新路交叉口,0.01,0.01,61,61,good,22.77931941488889,113.82386091368804,深圳市水务局开放平台·积涝点水位
2026-08-20T19:00:00+08:00,Asia/Shanghai,MS1104403060000433,(市)金沙二路与民福路交叉口,0.0,0.0,2,2,good,22.731531574999998,113.800096525,深圳市水务局开放平台·积涝点水位
2026-08-20T19:00:00+08:00,Asia/Shanghai,MS1104403060000448,(市)宝安区沙井西环路正科时代,0.0,0.0,2,2,good,22.658437552805964,113.96411546099013,深圳市水务局开放平台·积涝点水位
2026-08-20T19:00:00+08:00,Asia/Shanghai,MS1104403060000452,(市)宝源路固戍海滨公园,0.0,0.0,12,12,good,22.58668431255461,113.84584894450396,深圳市水务局开放平台·积涝点水位
2026-08-20T19:00:00+08:00,Asia/Shanghai,MS1104403060000467,(市)海雅缤纷城,0.01,0.01,62,62,good,,,深圳市水务局开放平台·积涝点水位
2026-08-20T19:00:00+08:00,Asia/Shanghai,MS1104403060000471,(市)万达广场,0.0,0.0,2,2,good,,,深圳市水务局开放平台·积涝点水位
2026-08-20T19:00:00+08:00,Asia/Shanghai,MS1104403060000486,(市)固戍地铁站 A/F 出入口,0.0,0.0,13,13,good,,,深圳市水务局开放平台·积涝点水位
2026-08-20T19:00:00+08:00,Asia/Shanghai,MS1104403060000490,(市)碧海湾地铁站 B 出入口,0.0052,0.01,25,25,good,,,深圳市水务局开放平台·积涝点水位
2026-08-20T19:00:00+08:00,Asia/Shanghai,MS1104403060000505,(市)海天路地下隧道,0.0,0.0,13,13,good,22.549962987088094,113.87889692546018,深圳市水务局开放平台·积涝点水位
2026-08-20T19:00:00+08:00,Asia/Shanghai,MS1104403070000175,(市)龙平西路新秀社区公园,0.0,0.0,2,2,good,22.731009781031894,114.22605984524496,深圳市水务局开放平台·积涝点水位
2026-08-20T19:00:00+08:00,Asia/Shanghai,MS110440307000018X,(市)如意路广发银行奥林支行,0.0,0.0,13,13,good,22.697841456213258,114.19931100734046,深圳市水务局开放平台·积涝点水位
2026-08-20T19:00:00+08:00,Asia/Shanghai,MS1104403070000194,(市)龙翔大道与龙城大道交汇处,0.0,0.0,12,12,good,22.708452173199664,114.22855732448205,深圳市水务局开放平台·积涝点水位
2026-08-20T19:00:00+08:00,Asia/Shanghai,MS1104403070000209,(市)龙城大道与龙平东路交汇处,0.0,0.0,13,13,good,22.734070392016967,114.26268655089929,深圳市水务局开放平台·积涝点水位
2026-08-20T19:00:00+08:00,Asia/Shanghai,MS1104403070000213,(市)龙西中路与盐龙大道交汇处,0.0,0.0,13,13,good,22.75103177856142,114.25588661241065,深圳市水务局开放平台·积涝点水位
2026-08-20T19:00:00+08:00,Asia/Shanghai,MS1104403070000228,(市)爱南路与深汕公路交汇处,0.0,0.0,13,13,good,22.709133830928806,114.31382413715897,深圳市水务局开放平台·积涝点水位
2026-08-20T19:00:00+08:00,Asia/Shanghai,MS1104403070000232,(市)园新路与乐园路交汇处,0.0,0.0,12,12,good,22.714932425,114.3001758,深圳市水务局开放平台·积涝点水位
2026-08-20T19:00:00+08:00,Asia/Shanghai,MS1104403070000247,(市)长深高速四方埔社区,0.0,0.0,2,2,good,22.785453209312927,114.3238491191703,深圳市水务局开放平台·积涝点水位
2026-08-20T19:00:00+08:00,Asia/Shanghai,MS1104403070000251,(市)龙岗区政府,0.0,0.0,13,13,good,,,深圳市水务局开放平台·积涝点水位
2026-08-20T19:00:00+08:00,Asia/Shanghai,MS1104403070000266,(市)五和地铁站H出入口,0.0,0.0,13,13,good,,,深圳市水务局开放平台·积涝点水位
2026-08-20T19:00:00+08:00,Asia/Shanghai,MS1104403070000270,(市)长龙地铁站C2出入口,0.0,0.0,2,2,good,,,深圳市水务局开放平台·积涝点水位
2026-08-20T19:00:00+08:00,Asia/Shanghai,MS1104403070000285,(市)育贤学校、童星幼儿园,0.0,0.0,15,15,good,,,深圳市水务局开放平台·积涝点水位
2026-08-20T19:00:00+08:00,Asia/Shanghai,MS110440307000029X,(市)深圳远东妇产医院,0.0,0.0,12,12,good,,,深圳市水务局开放平台·积涝点水位
2026-08-20T19:00:00+08:00,Asia/Shanghai,MS1104403070000304,(市)英才学校,0.0,0.0,13,13,good,,,深圳市水务局开放平台·积涝点水位
2026-08-20T19:00:00+08:00,Asia/Shanghai,MS1104403070000319,(市)吉榕路桥洞,0.0,0.0,13,13,good,,,深圳市水务局开放平台·积涝点水位
2026-08-20T19:00:00+08:00,Asia/Shanghai,MS1104403070000323,(市)京南路,0.0,0.0,2,2,good,22.602818284523806,114.12130894517196,深圳市水务局开放平台·积涝点水位
2026-08-20T19:00:00+08:00,Asia/Shanghai,MS1104403070000338,(市)布澜路国芬路口,0.0,0.0,2,2,good,22.635311170786817,114.12784150313183,深圳市水务局开放平台·积涝点水位
2026-08-20T19:00:00+08:00,Asia/Shanghai,MS1104403070000342,(市)布吉站（深圳东站）,0.0,0.0,2,2,good,,,深圳市水务局开放平台·积涝点水位
2026-08-20T19:00:00+08:00,Asia/Shanghai,MS1104403080000012,(市)金融路海涛路口片区,0.0,0.0,13,13,good,22.553642038690473,114.22939035281746,深圳市水务局开放平台·积涝点水位
2026-08-20T19:00:00+08:00,Asia/Shanghai,MS1104403080000027,(市)沙头角口岸小区,0.0,0.0,13,13,good,,,深圳市水务局开放平台·积涝点水位
2026-08-20T19:00:00+08:00,Asia/Shanghai,MS1104403080000031,(市)桥东街小区,0.0,0.0,13,13,good,,,深圳市水务局开放平台·积涝点水位
2026-08-20T19:00:00+08:00,Asia/Shanghai,MS1104403090000065,(市)泗黎路凹背社区富坑社区,0.0,0.0,2,2,good,22.753687171367037,114.03385655648283,深圳市水务局开放平台·积涝点水位
2026-08-20T19:00:00+08:00,Asia/Shanghai,MS110440309000007X,(市)银星科技园,0.0,0.0,3,3,good,,,深圳市水务局开放平台·积涝点水位
2026-08-20T19:00:00+08:00,Asia/Shanghai,MS1104403090000084,(市)观光路与福前路交汇处,0.0,0.0,2,2,good,22.733179257314486,114.01274963079653,深圳市水务局开放平台·积涝点水位
2026-08-20T19:00:00+08:00,Asia/Shanghai,MS1104403090000099,(市)三联社区,0.0,0.0,13,13,good,,,深圳市水务局开放平台·积涝点水位
2026-08-20T19:00:00+08:00,Asia/Shanghai,MS1104403090000103,(市)布龙路与五和大道交汇处,0.0,0.0,13,13,good,22.646750702555874,114.02665721385576,深圳市水务局开放平台·积涝点水位
2026-08-20T19:00:00+08:00,Asia/Shanghai,MS1104403090000118,(市)新区大道深圳北站,0.0,0.0,13,13,good,22.624351465560785,114.01682556681699,深圳市水务局开放平台·积涝点水位
2026-08-20T19:00:00+08:00,Asia/Shanghai,MS1104403090000122,(市)龙华壹方成,0.0,0.0,14,14,good,,,深圳市水务局开放平台·积涝点水位
2026-08-20T19:00:00+08:00,Asia/Shanghai,MS1104403090000137,(市)昌茂二路,0.0,0.0,13,13,good,,,深圳市水务局开放平台·积涝点水位
2026-08-20T19:00:00+08:00,Asia/Shanghai,MS1104403090000141,(市)大浪新围街大船坑市场段,0.0,0.0,12,12,good,22.692058934615382,113.9964102346154,深圳市水务局开放平台·积涝点水位
2026-08-20T19:00:00+08:00,Asia/Shanghai,MS1104403100000028,(市)坪山法院门口,0.0,0.0,2,2,good,,,深圳市水务局开放平台·积涝点水位
2026-08-20T19:00:00+08:00,Asia/Shanghai,MS1104403100000032,(市)秀沙路比亚迪厂门前,0.0,0.0,13,13,good,22.767995359829058,114.39900074224022,深圳市水务局开放平台·积涝点水位
2026-08-20T19:00:00+08:00,Asia/Shanghai,MS1104403100000047,(市)群代路金泰航科技,0.01,0.01,60,60,good,,,深圳市水务局开放平台·积涝点水位
2026-08-20T19:00:00+08:00,Asia/Shanghai,MS1104403100000051,(市)三洋湖路三洋湖新区小区,0.0,0.0,13,13,good,,,深圳市水务局开放平台·积涝点水位
2026-08-20T19:00:00+08:00,Asia/Shanghai,MS1104403100000066,(市)文化中心地铁站,0.0,0.0,13,13,good,,,深圳市水务局开放平台·积涝点水位
2026-08-20T19:00:00+08:00,Asia/Shanghai,MS1104403110000597,(市)东长路外环高速长圳入口,0.0,0.0,12,12,good,22.747509018088216,113.91221411091422,深圳市水务局开放平台·积涝点水位
2026-08-20T19:00:00+08:00,Asia/Shanghai,MS1104403110000601,(市)光侨雅苑,0.0,0.0,2,2,good,,,深圳市水务局开放平台·积涝点水位
2026-08-20T19:00:00+08:00,Asia/Shanghai,MS1104403110000616,(市)同观路与汇融路交叉口,0.0,0.0,2,2,good,22.734039598507852,113.91441943299901,深圳市水务局开放平台·积涝点水位
2026-08-20T19:00:00+08:00,Asia/Shanghai,MS1104403110000620,(市)松白路松茂御城段,0.0,0.0,2,2,good,22.731110627923336,113.894856941127,深圳市水务局开放平台·积涝点水位
2026-08-20T19:00:00+08:00,Asia/Shanghai,MS1104403110000635,(市)公常路与环村路交叉口,0.0,0.0,13,13,good,22.826648407959507,113.95688701032125,深圳市水务局开放平台·积涝点水位
2026-08-20T19:00:00+08:00,Asia/Shanghai,MS110440311000064X,(市)光明区高级中学,0.0,0.0,2,2,good,,,深圳市水务局开放平台·积涝点水位
2026-08-20T19:00:00+08:00,Asia/Shanghai,MS1104403120000032,(市)大鹏液化天然气有限公司深圳接收站,0.0,0.0,13,13,good,,,深圳市水务局开放平台·积涝点水位
2026-08-20T20:00:00+08:00,Asia/Shanghai,9281192001,(市)平湖火车隧道口,0.0,0.0,13,13,good,,,深圳市水务局开放平台·积涝点水位
2026-08-20T20:00:00+08:00,Asia/Shanghai,9281192002,(市)新木路广深铁路桥底,0.0014,0.01,14,14,good,22.6674177472887,114.13210195018992,深圳市水务局开放平台·积涝点水位
2026-08-20T20:00:00+08:00,Asia/Shanghai,9281192003,(市)新木路新围仔村路口,0.0,0.0,13,13,good,22.6674177472887,114.13210195018992,深圳市水务局开放平台·积涝点水位
2026-08-20T20:00:00+08:00,Asia/Shanghai,9281192004,(市)布李路富民城段,0.0,0.0,13,13,good,22.618912574166664,114.11654044833332,深圳市水务局开放平台·积涝点水位
2026-08-20T20:00:00+08:00,Asia/Shanghai,9281192005,(市)龙博路,0.01,0.01,59,59,good,22.62797037826087,114.10927237391306,深圳市水务局开放平台·积涝点水位
2026-08-20T20:00:00+08:00,Asia/Shanghai,9281192006,(市)五和大道四季花城,0.005,0.01,16,16,good,22.65976725256875,114.05975735653944,深圳市水务局开放平台·积涝点水位
2026-08-20T20:00:00+08:00,Asia/Shanghai,9281192007,(市)沙西小学至南岭万家乐段,0.0173,0.05,15,15,good,,,深圳市水务局开放平台·积涝点水位
2026-08-20T20:00:00+08:00,Asia/Shanghai,9281192008,(市)南联第六工业区桥洞,0.0,0.0,9,9,good,,,深圳市水务局开放平台·积涝点水位
2026-08-20T20:00:00+08:00,Asia/Shanghai,9281192009,(市)新坡塘村新坡塘积水点,0.0,0.0,13,13,good,,,深圳市水务局开放平台·积涝点水位
2026-08-20T20:00:00+08:00,Asia/Shanghai,9281192010,(市)安良六村安业路与安居路交汇处,0.0,0.0,13,13,good,,,深圳市水务局开放平台·积涝点水位
2026-08-20T20:00:00+08:00,Asia/Shanghai,9281192011,(市)松元头,0.01,0.01,61,61,good,,,深圳市水务局开放平台·积涝点水位
2026-08-20T20:00:00+08:00,Asia/Shanghai,9281192012,(市)湖南立交,0.0,0.0,13,13,good,,,深圳市水务局开放平台·积涝点水位
2026-08-20T20:00:00+08:00,Asia/Shanghai,9281192013,(市)高背路惠盐高速桥洞积水点,0.0,0.0,13,13,good,,,深圳市水务局开放平台·积涝点水位
2026-08-20T20:00:00+08:00,Asia/Shanghai,9281192014,(市)鹤坑桥洞,0.0,0.0,13,13,good,,,深圳市水务局开放平台·积涝点水位
2026-08-20T20:00:00+08:00,Asia/Shanghai,9281192015,(市)安良社区沿河一路疏港铁路桥洞,0.01,0.01,60,60,good,22.73162335,114.107919,深圳市水务局开放平台·积涝点水位
2026-08-20T20:00:00+08:00,Asia/Shanghai,9281192016,(市)宝荷路中新加油站对面,0.0,0.0,13,13,good,22.694796752516076,114.25970116268519,深圳市水务局开放平台·积涝点水位
2026-08-20T20:00:00+08:00,Asia/Shanghai,9281192017,(市)环观南路与观平路交汇处,0.0,0.0,13,13,good,22.705673908780923,114.07279441765539,深圳市水务局开放平台·积涝点水位
2026-08-20T20:00:00+08:00,Asia/Shanghai,9281192018,(市)龙华大道库坑天桥段,0.0,0.0,13,13,good,22.669745856798677,114.03752701836405,深圳市水务局开放平台·积涝点水位
2026-08-20T20:00:00+08:00,Asia/Shanghai,9281192019,(市)福龙路高铁桥下简上段,0.0,0.0,13,13,good,22.61964472178257,114.00080097044238,深圳市水务局开放平台·积涝点水位
2026-08-20T20:00:00+08:00,Asia/Shanghai,9281192020,(市)工业路壹成中心段,0.01,0.01,57,57,good,22.648754971805,114.02570221318598,深圳市水务局开放平台·积涝点水位
2026-08-20T20:00:00+08:00,Asia/Shanghai,9281192021,(市)东环一路和平路交汇处,0.0,0.0,13,13,good,22.65040479515617,114.03284713758192,深圳市水务局开放平台·积涝点水位
2026-08-20T20:00:00+08:00,Asia/Shanghai,9281192022,(市)龙田社区大水湾,0.0,0.0,13,13,good,,,深圳市水务局开放平台·积涝点水位
2026-08-20T20:00:00+08:00,Asia/Shanghai,9281292001,(市)滨河皇岗立交桥洞,0.0,0.0,13,13,good,,,深圳市水务局开放平台·积涝点水位
2026-08-20T20:00:00+08:00,Asia/Shanghai,9281292002,(市)广深高速桥下滨海大道北侧辅道,0.01,0.01,59,59,good,22.579823080041088,114.10123773351275,深圳市水务局开放平台·积涝点水位
2026-08-20T20:00:00+08:00,Asia/Shanghai,9281292003,(市)福田区竹子林立交下穿通道,0.0,0.0,13,13,good,,,深圳市水务局开放平台·积涝点水位
2026-08-20T20:00:00+08:00,Asia/Shanghai,9281292004,(市)滨河益田立交桥洞,0.0,0.0,12,12,good,,,深圳市水务局开放平台·积涝点水位
2026-08-20T20:00:00+08:00,Asia/Shanghai,9281292005,(市)深南新洲一号立交桥洞,0.0,0.0,13,13,good,,,深圳市水务局开放平台·积涝点水位
2026-08-20T20:00:00+08:00,Asia/Shanghai,9281292006,(市)北环新洲立交东南角辅道,0.0,0.0,10,10,good,,,深圳市水务局开放平台·积涝点水位
2026-08-20T20:00:00+08:00,Asia/Shanghai,9281292007,(市)107国道新安段(裕安加油站),0.0,0.0,13,13,good,22.55254164883845,113.90816500450731,深圳市水务局开放平台·积涝点水位
2026-08-20T20:00:00+08:00,Asia/Shanghai,9281292008,洲石路鹤洲桥底（市）,0.0072,0.01,36,36,good,22.651019027149744,113.88061107664711,深圳市水务局开放平台·积涝点水位
2026-08-20T20:00:00+08:00,Asia/Shanghai,9281292009,(市)帝堂路（锦程路以西段）,0.01,0.01,59,59,good,22.70987723506993,113.7784856087664,深圳市水务局开放平台·积涝点水位
2026-08-20T20:00:00+08:00,Asia/Shanghai,9281292010,(市)上星南路与中心路丽沙花都,0.0,0.0,13,13,good,22.502209013854387,113.93734688972145,深圳市水务局开放平台·积涝点水位
2026-08-20T20:00:00+08:00,Asia/Shanghai,9281292011,(市)外环路广深高速新桥立交,0.0,0.0,25,25,good,22.736379220337216,113.84591188570887,深圳市水务局开放平台·积涝点水位
2026-08-20T20:00:00+08:00,Asia/Shanghai,9281292012,(市)固戍海滨新村文昌阁,0.0,0.0,13,13,good,,,深圳市水务局开放平台·积涝点水位
2026-08-20T20:00:00+08:00,Asia/Shanghai,9281292013,(市)宝安大道固戍地铁站,0.01,0.01,61,61,good,22.64678387472509,113.8417801892837,深圳市水务局开放平台·积涝点水位
2026-08-20T20:00:00+08:00,Asia/Shanghai,9281292014,(市)G107国道南行固戍大门,0.01,0.01,60,60,good,22.55254164883845,113.90816500450731,深圳市水务局开放平台·积涝点水位
2026-08-20T20:00:00+08:00,Asia/Shanghai,9281292015,(市)东环大道松宝大道段,0.0,0.0,12,12,good,,,深圳市水务局开放平台·积涝点水位
2026-08-20T20:00:00+08:00,Asia/Shanghai,9281292016,(市)长凤路龙大高速桥底,0.0,0.0,13,13,good,22.775734215738417,113.91156092305157,深圳市水务局开放平台·积涝点水位
2026-08-20T20:00:00+08:00,Asia/Shanghai,9281292017,(市)圳美同富裕工业区,0.0,0.0,12,12,good,,,深圳市水务局开放平台·积涝点水位
2026-08-20T20:00:00+08:00,Asia/Shanghai,9281292018,(市)根玉路东方大道交汇处,0.0,0.0,11,11,good,22.763216165633853,113.85149341983029,深圳市水务局开放平台·积涝点水位
2026-08-20T20:00:00+08:00,Asia/Shanghai,9281292019,(市)上村社区龙大桥底,0.0,0.0,12,12,good,,,深圳市水务局开放平台·积涝点水位
2026-08-20T20:00:00+08:00,Asia/Shanghai,9281292020,(市)马山头社区上石家路通兴路交汇处,0.0,0.0,13,13,good,22.763999933333334,113.8915635138889,深圳市水务局开放平台·积涝点水位
2026-08-20T20:00:00+08:00,Asia/Shanghai,9281292021,(市)临海大道海关保税区,0.0,0.0,13,13,good,22.53399911521491,113.88871009435005,深圳市水务局开放平台·积涝点水位
2026-08-20T20:00:00+08:00,Asia/Shanghai,9281292022,(市)南山大道南行亿利达村段,0.0097,0.01,59,59,good,22.540721694789013,113.9181638130031,深圳市水务局开放平台·积涝点水位
2026-08-20T20:00:00+08:00,Asia/Shanghai,9281292023,(市)东滨路南行华联城市山林花园段,0.0,0.0,13,13,good,22.51106546682151,113.92212734316605,深圳市水务局开放平台·积涝点水位
2026-08-20T20:00:00+08:00,Asia/Shanghai,9281292024,(市)深圳湾东滨路与中心路交叉口,0.0,0.0,12,12,good,22.51106546682151,113.92212734316605,深圳市水务局开放平台·积涝点水位
2026-08-20T20:00:00+08:00,Asia/Shanghai,MS1104403030000228,(市)红岗公园,0.0,0.0,1,1,good,,,深圳市水务局开放平台·积涝点水位
2026-08-20T20:00:00+08:00,Asia/Shanghai,MS1104403030000232,(市)沿河南路文锦路社区,0.0,0.0,13,13,good,22.550252268776845,114.11444108979862,深圳市水务局开放平台·积涝点水位
2026-08-20T20:00:00+08:00,Asia/Shanghai,MS1104403030000247,(市)深南东路黄贝岭,0.0,0.0,12,12,good,22.54661746874732,114.11811396992493,深圳市水务局开放平台·积涝点水位
2026-08-20T20:00:00+08:00,Asia/Shanghai,MS1104403030000251,(市)滨河上步立交桥,0.0,0.0,1,1,good,,,深圳市水务局开放平台·积涝点水位
2026-08-20T20:00:00+08:00,Asia/Shanghai,MS1104403030000266,(市)罗湖火车站,0.0,0.0,13,13,good,,,深圳市水务局开放平台·积涝点水位
2026-08-20T20:00:00+08:00,Asia/Shanghai,MS1104403030000270,(市)罗湖区委,0.0,0.0,1,1,good,,,深圳市水务局开放平台·积涝点水位
2026-08-20T20:00:00+08:00,Asia/Shanghai,MS1104403030000285,(市)万象城,0.0,0.0,13,13,good,,,深圳市水务局开放平台·积涝点水位
2026-08-20T20:00:00+08:00,Asia/Shanghai,MS110440303000029X,(市)洪湖地铁站D出入口,0.0,0.0,2,2,good,,,深圳市水务局开放平台·积涝点水位
2026-08-20T20:00:00+08:00,Asia/Shanghai,MS1104403030000304,(市)东湖路,0.0,0.0,4,4,good,22.582822583699635,114.1345991945055,深圳市水务局开放平台·积涝点水位
2026-08-20T20:00:00+08:00,Asia/Shanghai,MS1104403030000319,(市)桂园片区,0.0,0.0,13,13,good,,,深圳市水务局开放平台·积涝点水位
2026-08-20T20:00:00+08:00,Asia/Shanghai,MS1104403030000323,(市)晒布路与东门中路交汇处,0.0,0.0,12,12,good,22.551568716163253,114.1183832504732,深圳市水务局开放平台·积涝点水位
2026-08-20T20:00:00+08:00,Asia/Shanghai,MS1104403030000338,(市)东湖公园爱国路与太宁路路口,0.0,0.0,13,13,good,22.563633808974675,114.13329390192719,深圳市水务局开放平台·积涝点水位
2026-08-20T20:00:00+08:00,Asia/Shanghai,MS1104403030000342,(市)文锦渡口岸,0.0,0.0,2,2,good,,,深圳市水务局开放平台·积涝点水位
2026-08-20T20:00:00+08:00,Asia/Shanghai,MS1104403040000543,(市)香梅莲花路口,0.0,0.0,1,1,good,22.559401296538805,114.04793087126708,深圳市水务局开放平台·积涝点水位
2026-08-20T20:00:00+08:00,Asia/Shanghai,MS1104403040000558,(市)信托花园,0.0,0.0,13,13,good,,,深圳市水务局开放平台·积涝点水位
2026-08-20T20:00:00+08:00,Asia/Shanghai,MS1104403040000562,(市)上步红荔路口,0.0,0.0,1,1,good,22.550171284097686,114.05891535550717,深圳市水务局开放平台·积涝点水位
2026-08-20T20:00:00+08:00,Asia/Shanghai,MS1104403040000577,(市)深南皇岗立交桥与皇岗路交汇处,0.0,0.0,13,13,good,22.552167188223326,114.06774281249497,深圳市水务局开放平台·积涝点水位
2026-08-20T20:00:00+08:00,Asia/Shanghai,MS1104403040000581,(市)北环大道与梅林路交汇处,0.0,0.0,1,1,good,22.55966775704351,113.99344633894496,深圳市水务局开放平台·积涝点水位
2026-08-20T20:00:00+08:00,Asia/Shanghai,MS1104403040000596,(市)侨香路香梅社区,0.0,0.0,1,1,good,22.55158384619422,114.00624803762132,深圳市水务局开放平台·积涝点水位
2026-08-20T20:00:00+08:00,Asia/Shanghai,MS1104403040000600,(市)侨香路香安社区,0.0,0.0,1,1,good,22.55158384619422,114.00624803762132,深圳市水务局开放平台·积涝点水位
2026-08-20T20:00:00+08:00,Asia/Shanghai,MS1104403040000615,(市)市民中心,0.0,0.0,1,1,good,,,深圳市水务局开放平台·积涝点水位
2026-08-20T20:00:00+08:00,Asia/Shanghai,MS110440304000062X,(市)民田路深圳证券交易所,0.0,0.0,13,13,good,22.53903429826115,114.04781278730138,深圳市水务局开放平台·积涝点水位
2026-08-20T20:00:00+08:00,Asia/Shanghai,MS1104403040000634,(市)燃气集团股份有限公司梅林 LNG安全应急气化站,0.0,0.0,13,13,good,,,深圳市水务局开放平台·积涝点水位
2026-08-20T20:00:00+08:00,Asia/Shanghai,MS1104403040000649,(市)深南大道车公庙交通枢纽段,0.0,0.0,13,13,good,22.5420797706313,113.9753640727562,深圳市水务局开放平台·积涝点水位
2026-08-20T20:00:00+08:00,Asia/Shanghai,MS1104403050000118,(市)月亮湾大道与前湾三路交叉口,0.0,0.0,1,1,good,22.511993391395155,113.8903078293519,深圳市水务局开放平台·积涝点水位
2026-08-20T20:00:00+08:00,Asia/Shanghai,MS1104403050000122,(市)南山大道深意工业大厦段,0.0095,0.01,58,58,good,22.540721694789013,113.9181638130031,深圳市水务局开放平台·积涝点水位
2026-08-20T20:00:00+08:00,Asia/Shanghai,MS1104403050000137,(市)南山大道与登良路交叉口,0.0,0.0,1,1,good,22.540721694789013,113.9181638130031,深圳市水务局开放平台·积涝点水位
2026-08-20T20:00:00+08:00,Asia/Shanghai,MS1104403050000141,(市)南新路北头豪苑,0.0,0.0,1,1,good,22.535707366852186,113.92452459612443,深圳市水务局开放平台·积涝点水位
2026-08-20T20:00:00+08:00,Asia/Shanghai,MS1104403050000156,(市)滨海大道与南山大道交叉口,0.0,0.0,1,1,good,22.579823080041088,114.10123773351275,深圳市水务局开放平台·积涝点水位
2026-08-20T20:00:00+08:00,Asia/Shanghai,MS1104403050000160,(市)桃园路与南新路交叉口,0.0,0.0,2,2,good,22.535395972003414,113.91852837514443,深圳市水务局开放平台·积涝点水位
2026-08-20T20:00:00+08:00,Asia/Shanghai,MS1104403050000175,(市)后海大道与登良路交叉口,0.0,0.0,13,13,good,22.51179221810604,113.92884393579894,深圳市水务局开放平台·积涝点水位
2026-08-20T20:00:00+08:00,Asia/Shanghai,MS110440305000018X,(市)后海大道港湾创业大厦,0.0,0.0,13,13,good,22.51179221810604,113.92884393579894,深圳市水务局开放平台·积涝点水位
2026-08-20T20:00:00+08:00,Asia/Shanghai,MS1104403050000194,(市)深南大道高新园地铁 AD 口,0.0,0.0,13,13,good,22.5420797706313,113.9753640727562,深圳市水务局开放平台·积涝点水位
2026-08-20T20:00:00+08:00,Asia/Shanghai,MS1104403050000209,(市)深圳湾口岸,0.0,0.0,1,1,good,,,深圳市水务局开放平台·积涝点水位
2026-08-20T20:00:00+08:00,Asia/Shanghai,MS1104403050000213,(市)前湾公园地铁站 A 出入口,0.0,0.0,13,13,good,,,深圳市水务局开放平台·积涝点水位
2026-08-20T20:00:00+08:00,Asia/Shanghai,MS1104403050000228,(市)粤海门地铁站 D2 出入口,0.0,0.0,13,13,good,,,深圳市水务局开放平台·积涝点水位
2026-08-20T20:00:00+08:00,Asia/Shanghai,MS1104403050000232,(市)桂庙路地下道路,0.0,0.0,13,13,good,22.52643977555155,113.91686609460196,深圳市水务局开放平台·积涝点水位
2026-08-20T20:00:00+08:00,Asia/Shanghai,MS1104403050000247,(市)国家超级计算深圳中心,0.0,0.0,12,12,good,,,深圳市水务局开放平台·积涝点水位
2026-08-20T20:00:00+08:00,Asia/Shanghai,MS110440306000029X,(市)辛养旧村辛居路,0.0,0.0,2,2,good,,,深圳市水务局开放平台·积涝点水位
2026-08-20T20:00:00+08:00,Asia/Shanghai,MS1104403060000304,(市)山门第三工业区,0.0,0.0,1,1,good,,,深圳市水务局开放平台·积涝点水位
2026-08-20T20:00:00+08:00,Asia/Shanghai,MS1104403060000319,(市)前进一路上川路口,0.0,0.0,13,13,good,22.57118007860348,113.90008995469552,深圳市水务局开放平台·积涝点水位
2026-08-20T20:00:00+08:00,Asia/Shanghai,MS1104403060000323,(市)洪浪北地铁站,0.0,0.0,13,13,good,,,深圳市水务局开放平台·积涝点水位
2026-08-20T20:00:00+08:00,Asia/Shanghai,MS1104403060000338,(市)东风幼儿园,0.0,0.0,1,1,good,,,深圳市水务局开放平台·积涝点水位
2026-08-20T20:00:00+08:00,Asia/Shanghai,MS1104403060000342,(市)海乐41区,0.0,0.0,2,2,good,,,深圳市水务局开放平台·积涝点水位
2026-08-20T20:00:00+08:00,Asia/Shanghai,MS1104403060000357,(市)前进二路,0.0,0.0,2,2,good,22.597482662679273,113.87435005513986,深圳市水务局开放平台·积涝点水位
2026-08-20T20:00:00+08:00,Asia/Shanghai,MS1104403060000361,(市)园岭商场,0.0,0.0,13,13,good,,,深圳市水务局开放平台·积涝点水位
2026-08-20T20:00:00+08:00,Asia/Shanghai,MS1104403060000376,(市)新圳西路万佳商场段,0.0,0.0,3,3,good,22.56349644,113.89998969999999,深圳市水务局开放平台·积涝点水位
2026-08-20T20:00:00+08:00,Asia/Shanghai,MS1104403060000380,(市)北环路与爱群路路口,0.0,0.0,13,13,good,22.79634568700108,114.39897783430258,深圳市水务局开放平台·积涝点水位
2026-08-20T20:00:00+08:00,Asia/Shanghai,MS1104403060000395,(市)宝安区幸福路与恒珠一路,0.0,0.0,2,2,good,,,深圳市水务局开放平台·积涝点水位
2026-08-20T20:00:00+08:00,Asia/Shanghai,MS110440306000040X,(市)宝安区勋业街,0.0,0.0,2,2,good,,,深圳市水务局开放平台·积涝点水位
2026-08-20T20:00:00+08:00,Asia/Shanghai,MS1104403060000414,(市)宝安区福和路西六巷,0.0,0.0,12,12,good,22.75496986065163,113.7975587837876,深圳市水务局开放平台·积涝点水位
2026-08-20T20:00:00+08:00,Asia/Shanghai,MS1104403060000429,(市)民福路与创新路交叉口,0.01,0.01,61,61,good,22.77931941488889,113.82386091368804,深圳市水务局开放平台·积涝点水位
2026-08-20T20:00:00+08:00,Asia/Shanghai,MS1104403060000433,(市)金沙二路与民福路交叉口,0.0,0.0,1,1,good,22.731531574999998,113.800096525,深圳市水务局开放平台·积涝点水位
2026-08-20T20:00:00+08:00,Asia/Shanghai,MS1104403060000448,(市)宝安区沙井西环路正科时代,0.0,0.0,1,1,good,22.658437552805964,113.96411546099013,深圳市水务局开放平台·积涝点水位
2026-08-20T20:00:00+08:00,Asia/Shanghai,MS1104403060000452,(市)宝源路固戍海滨公园,0.0,0.0,13,13,good,22.58668431255461,113.84584894450396,深圳市水务局开放平台·积涝点水位
2026-08-20T20:00:00+08:00,Asia/Shanghai,MS1104403060000467,(市)海雅缤纷城,0.01,0.01,61,61,good,,,深圳市水务局开放平台·积涝点水位
2026-08-20T20:00:00+08:00,Asia/Shanghai,MS1104403060000471,(市)万达广场,0.0,0.0,1,1,good,,,深圳市水务局开放平台·积涝点水位
2026-08-20T20:00:00+08:00,Asia/Shanghai,MS1104403060000486,(市)固戍地铁站 A/F 出入口,0.0,0.0,13,13,good,,,深圳市水务局开放平台·积涝点水位
2026-08-20T20:00:00+08:00,Asia/Shanghai,MS1104403060000490,(市)碧海湾地铁站 B 出入口,0.0,0.0,14,14,good,,,深圳市水务局开放平台·积涝点水位
2026-08-20T20:00:00+08:00,Asia/Shanghai,MS1104403060000505,(市)海天路地下隧道,0.0,0.0,13,13,good,22.549962987088094,113.87889692546018,深圳市水务局开放平台·积涝点水位
2026-08-20T20:00:00+08:00,Asia/Shanghai,MS1104403070000175,(市)龙平西路新秀社区公园,0.0,0.0,2,2,good,22.731009781031894,114.22605984524496,深圳市水务局开放平台·积涝点水位
2026-08-20T20:00:00+08:00,Asia/Shanghai,MS110440307000018X,(市)如意路广发银行奥林支行,0.0,0.0,13,13,good,22.697841456213258,114.19931100734046,深圳市水务局开放平台·积涝点水位
2026-08-20T20:00:00+08:00,Asia/Shanghai,MS1104403070000194,(市)龙翔大道与龙城大道交汇处,0.0,0.0,13,13,good,22.708452173199664,114.22855732448205,深圳市水务局开放平台·积涝点水位
2026-08-20T20:00:00+08:00,Asia/Shanghai,MS1104403070000209,(市)龙城大道与龙平东路交汇处,0.0,0.0,13,13,good,22.734070392016967,114.26268655089929,深圳市水务局开放平台·积涝点水位
2026-08-20T20:00:00+08:00,Asia/Shanghai,MS1104403070000213,(市)龙西中路与盐龙大道交汇处,0.0,0.0,13,13,good,22.75103177856142,114.25588661241065,深圳市水务局开放平台·积涝点水位
2026-08-20T20:00:00+08:00,Asia/Shanghai,MS1104403070000228,(市)爱南路与深汕公路交汇处,0.0,0.0,13,13,good,22.709133830928806,114.31382413715897,深圳市水务局开放平台·积涝点水位
2026-08-20T20:00:00+08:00,Asia/Shanghai,MS1104403070000232,(市)园新路与乐园路交汇处,0.0,0.0,13,13,good,22.714932425,114.3001758,深圳市水务局开放平台·积涝点水位
2026-08-20T20:00:00+08:00,Asia/Shanghai,MS1104403070000247,(市)长深高速四方埔社区,0.0,0.0,1,1,good,22.785453209312927,114.3238491191703,深圳市水务局开放平台·积涝点水位
2026-08-20T20:00:00+08:00,Asia/Shanghai,MS1104403070000251,(市)龙岗区政府,0.0,0.0,13,13,good,,,深圳市水务局开放平台·积涝点水位
2026-08-20T20:00:00+08:00,Asia/Shanghai,MS1104403070000266,(市)五和地铁站H出入口,0.0,0.0,13,13,good,,,深圳市水务局开放平台·积涝点水位
2026-08-20T20:00:00+08:00,Asia/Shanghai,MS1104403070000270,(市)长龙地铁站C2出入口,0.0,0.0,1,1,good,,,深圳市水务局开放平台·积涝点水位
2026-08-20T20:00:00+08:00,Asia/Shanghai,MS1104403070000285,(市)育贤学校、童星幼儿园,0.0,0.0,14,14,good,,,深圳市水务局开放平台·积涝点水位
2026-08-20T20:00:00+08:00,Asia/Shanghai,MS110440307000029X,(市)深圳远东妇产医院,0.0,0.0,12,12,good,,,深圳市水务局开放平台·积涝点水位
2026-08-20T20:00:00+08:00,Asia/Shanghai,MS1104403070000304,(市)英才学校,0.0,0.0,12,12,good,,,深圳市水务局开放平台·积涝点水位
2026-08-20T20:00:00+08:00,Asia/Shanghai,MS1104403070000319,(市)吉榕路桥洞,0.0,0.0,13,13,good,,,深圳市水务局开放平台·积涝点水位
2026-08-20T20:00:00+08:00,Asia/Shanghai,MS1104403070000323,(市)京南路,0.0,0.0,1,1,good,22.602818284523806,114.12130894517196,深圳市水务局开放平台·积涝点水位
2026-08-20T20:00:00+08:00,Asia/Shanghai,MS1104403070000338,(市)布澜路国芬路口,0.0,0.0,2,2,good,22.635311170786817,114.12784150313183,深圳市水务局开放平台·积涝点水位
2026-08-20T20:00:00+08:00,Asia/Shanghai,MS1104403070000342,(市)布吉站（深圳东站）,0.0,0.0,2,2,good,,,深圳市水务局开放平台·积涝点水位
2026-08-20T20:00:00+08:00,Asia/Shanghai,MS1104403080000012,(市)金融路海涛路口片区,0.0,0.0,13,13,good,22.553642038690473,114.22939035281746,深圳市水务局开放平台·积涝点水位
2026-08-20T20:00:00+08:00,Asia/Shanghai,MS1104403080000027,(市)沙头角口岸小区,0.0,0.0,13,13,good,,,深圳市水务局开放平台·积涝点水位
2026-08-20T20:00:00+08:00,Asia/Shanghai,MS1104403080000031,(市)桥东街小区,0.0,0.0,13,13,good,,,深圳市水务局开放平台·积涝点水位
2026-08-20T20:00:00+08:00,Asia/Shanghai,MS1104403090000065,(市)泗黎路凹背社区富坑社区,0.0,0.0,1,1,good,22.753687171367037,114.03385655648283,深圳市水务局开放平台·积涝点水位
2026-08-20T20:00:00+08:00,Asia/Shanghai,MS110440309000007X,(市)银星科技园,0.0,0.0,3,3,good,,,深圳市水务局开放平台·积涝点水位
2026-08-20T20:00:00+08:00,Asia/Shanghai,MS1104403090000084,(市)观光路与福前路交汇处,0.0,0.0,2,2,good,22.733179257314486,114.01274963079653,深圳市水务局开放平台·积涝点水位
2026-08-20T20:00:00+08:00,Asia/Shanghai,MS1104403090000099,(市)三联社区,0.0,0.0,13,13,good,,,深圳市水务局开放平台·积涝点水位
2026-08-20T20:00:00+08:00,Asia/Shanghai,MS1104403090000103,(市)布龙路与五和大道交汇处,0.0,0.0,13,13,good,22.646750702555874,114.02665721385576,深圳市水务局开放平台·积涝点水位
2026-08-20T20:00:00+08:00,Asia/Shanghai,MS1104403090000118,(市)新区大道深圳北站,0.0,0.0,13,13,good,22.624351465560785,114.01682556681699,深圳市水务局开放平台·积涝点水位
2026-08-20T20:00:00+08:00,Asia/Shanghai,MS1104403090000122,(市)龙华壹方成,0.0,0.0,13,13,good,,,深圳市水务局开放平台·积涝点水位
2026-08-20T20:00:00+08:00,Asia/Shanghai,MS1104403090000137,(市)昌茂二路,0.0,0.0,13,13,good,,,深圳市水务局开放平台·积涝点水位
2026-08-20T20:00:00+08:00,Asia/Shanghai,MS1104403090000141,(市)大浪新围街大船坑市场段,0.0,0.0,13,13,good,22.692058934615382,113.9964102346154,深圳市水务局开放平台·积涝点水位
2026-08-20T20:00:00+08:00,Asia/Shanghai,MS1104403100000028,(市)坪山法院门口,0.0,0.0,1,1,good,,,深圳市水务局开放平台·积涝点水位
2026-08-20T20:00:00+08:00,Asia/Shanghai,MS1104403100000032,(市)秀沙路比亚迪厂门前,0.0,0.0,13,13,good,22.767995359829058,114.39900074224022,深圳市水务局开放平台·积涝点水位
2026-08-20T20:00:00+08:00,Asia/Shanghai,MS1104403100000047,(市)群代路金泰航科技,0.01,0.01,61,61,good,,,深圳市水务局开放平台·积涝点水位
2026-08-20T20:00:00+08:00,Asia/Shanghai,MS1104403100000051,(市)三洋湖路三洋湖新区小区,0.0,0.0,13,13,good,,,深圳市水务局开放平台·积涝点水位
2026-08-20T20:00:00+08:00,Asia/Shanghai,MS1104403100000066,(市)文化中心地铁站,0.0,0.0,13,13,good,,,深圳市水务局开放平台·积涝点水位
2026-08-20T20:00:00+08:00,Asia/Shanghai,MS1104403110000597,(市)东长路外环高速长圳入口,0.0,0.0,13,13,good,22.747509018088216,113.91221411091422,深圳市水务局开放平台·积涝点水位
2026-08-20T20:00:00+08:00,Asia/Shanghai,MS1104403110000601,(市)光侨雅苑,0.0,0.0,1,1,good,,,深圳市水务局开放平台·积涝点水位
2026-08-20T20:00:00+08:00,Asia/Shanghai,MS1104403110000616,(市)同观路与汇融路交叉口,0.0,0.0,2,2,good,22.734039598507852,113.91441943299901,深圳市水务局开放平台·积涝点水位
2026-08-20T20:00:00+08:00,Asia/Shanghai,MS1104403110000620,(市)松白路松茂御城段,0.0,0.0,1,1,good,22.731110627923336,113.894856941127,深圳市水务局开放平台·积涝点水位
2026-08-20T20:00:00+08:00,Asia/Shanghai,MS1104403110000635,(市)公常路与环村路交叉口,0.0,0.0,12,12,good,22.826648407959507,113.95688701032125,深圳市水务局开放平台·积涝点水位
2026-08-20T20:00:00+08:00,Asia/Shanghai,MS110440311000064X,(市)光明区高级中学,0.0,0.0,1,1,good,,,深圳市水务局开放平台·积涝点水位
2026-08-20T20:00:00+08:00,Asia/Shanghai,MS1104403120000032,(市)大鹏液化天然气有限公司深圳接收站,0.0,0.0,13,13,good,,,深圳市水务局开放平台·积涝点水位
